episode,reset_seed,task_return,train_return,variation,length,success,crash,out_of_bounds,discounted_task_return,discounted_variation,discounted_train_return,min_distance_to_pad,mean_distance_to_pad,final_distance_to_pad,mean_speed,final_speed,min_abs_x,final_abs_x,final_y,near_pad_fraction_0p2,near_pad_fraction_0p1,final_m_power,mean_m_power,last50_mean_m_power,final_main_cmd,positive_main_fraction,final_theta_abs,mean_theta_abs,final_theta_variation,mean_theta_variation,final_both_legs_contact,both_legs_contact_fraction,ever_both_legs_contact,low_velocity_fraction,final_lander_awake,landing_candidate
0,1511897467,71.57461509192356,-608.6923637922819,1.3205339577684108,1000,False,False,False,32.06080226578793,0.16975792584791882,-54.81807431567679,0.05229050084895425,0.4469363915662678,0.05229050084895425,0.16722049091725,0.016759756198240792,1.430511474609375e-05,0.05228891223669052,0.0004075980104971677,0.471,0.313,0.0,0.5524627825589851,0.515457711815834,-0.06435643136501312,0.966,0.00880370316163741,0.031752527130398375,0.000885904827841226,0.0013205339577684115,1.0,0.01,1.0,0.189,1.0,1.0
1,1156069968,197.53401232827463,-305.8842956979579,0.9796366160524653,680,True,False,False,69.17110667849035,0.18120433102829922,-23.42890624068482,0.07019075795232585,0.32627581051025023,0.07019189830496425,0.10910969055848337,0.0,0.005137252621352673,0.0701836571097374,0.0010755753610283136,0.538235294117647,0.1411764705882353,0.0,0.5681192944511114,0.3143128176778555,-0.049694888293743134,0.9647058823529412,0.013112191960823097,0.018743601630650062,0.0,0.0014406420824300966,1.0,0.03676470588235294,1.0,0.4176470588235294,0.0,1.0
2,747316575,160.78847626093767,-312.15453600415555,0.9179660245301853,698,True,False,False,24.053791460638305,0.1281513948355697,-42.0201095870176,0.05747796866934084,0.3961238224651017,0.057478350242983846,0.11277099624561383,0.0,0.0024792670737951994,0.057462118566036224,0.001365897711366415,0.39255014326647564,0.2335243553008596,0.0,0.5455004051567874,0.2993399232625961,-0.050082918256521225,0.9441260744985673,0.012257371866515954,0.018061827601788278,0.0,0.0013151375709601514,1.0,0.03581661891117478,1.0,0.25787965616045844,0.0,1.0
3,329122178,186.78835333728347,-372.648118442211,1.08683294355899,801,True,False,False,36.94540114682737,0.18513650667271675,-57.622214189252375,0.038118957894052445,0.397768310823968,0.04140770312080207,0.16002838124060187,0.0,0.011553764343261719,0.04139280319213867,0.0011107302270829678,0.5006242197253433,0.4419475655430712,0.0,0.5404486305397336,0.2843920849263668,-0.05042712017893791,0.951310861423221,0.011201342669772218,0.03663290419079249,0.0,0.0013568451230449297,1.0,0.033707865168539325,1.0,0.299625468164794,0.0,1.0
4,646131025,198.1563877221197,-399.56631443175525,1.1621254043077518,833,True,False,False,56.90359502554316,0.20200780510606967,-46.099844989835276,0.01792157457409391,0.3538126858153618,0.017927315657053508,0.15031548115722668,0.0,0.014252757653594017,0.017885494977235794,0.0012238121125847101,0.48619447779111646,0.30612244897959184,0.0,0.556944684871212,0.31345305517315863,-0.051780082285404205,0.9711884753901561,0.007313031250756206,0.029962150552496365,2.6007432527008767e-09,0.0013951085285807338,1.0,0.030012004801920768,1.0,0.28331332533013204,0.0,1.0
5,386281797,39.12850178331116,-854.2393554160964,1.7467357143988145,1000,False,False,False,27.783912901806055,0.1530973861651178,-50.764693838258246,0.26784842419331617,0.6300348162592547,0.26862791236437783,0.1694076848609375,0.021964549624599403,0.015694808214902878,0.2683102488517761,0.013060078956186771,0.0,0.0,0.5573275834321976,0.5419406195133925,0.5468061963841319,0.11465516686439514,0.976,0.02244623478529969,0.028392717707376933,0.0016511858832816487,0.0017467357143988167,0.0,0.0,0.0,0.401,1.0,0.0
6,469159189,215.62781005613508,-220.6422569799127,0.8491401340720953,585,True,False,False,49.02745088787854,0.1989592843306083,-52.446598612047985,0.04562895038810037,0.40920914159714333,0.04565622244988723,0.15218544745512055,0.0,0.009241866879165173,0.04564867168664932,0.0008303141803480685,0.37606837606837606,0.1794871794871795,0.0,0.5475007812118429,0.15358349218964576,-0.052216269075870514,0.9367521367521368,0.005546195516543265,0.0284266923028556,1.3003716260034937e-08,0.0014515215967044366,1.0,0.06495726495726496,1.0,0.14017094017094017,0.0,1.0
7,1241291005,8.888882407173647,-1319.4379917913377,2.6166537483970185,1000,False,False,False,25.709115991567987,0.17375914121349514,-63.17036827268469,0.3897904250885121,0.6281509953637406,0.3897904250885121,0.13514606205320556,0.049129873887219566,0.012916183099150658,0.3891697824001312,-0.021987631916999817,0.0,0.0,0.5384099036455154,0.5400248948447406,0.522343885526061,0.07681980729103088,0.974,0.0175919800146754,0.03535470358176415,0.00411544342981722,0.0026166537483970193,0.0,0.023,1.0,0.474,1.0,0.0
8,825866776,-20.33724491502508,-220.84555702242207,0.38481662421479434,405,False,True,False,24.142847529732133,0.15970503370896444,-57.675527729640564,0.7534655359034684,0.9662271800151545,0.7614255084799412,0.26295032635743704,0.04626846926621861,0.014034176245331764,0.7478440999984741,0.1431712508201599,0.0,0.0,0.5066501768305898,0.506251812285462,0.3726957462512655,0.013300353661179543,0.8814814814814815,0.02918651605300585,0.06609387266480378,0.0004271434709702364,0.000950164504234059,0.0,0.0,0.0,0.2271604938271605,1.0,0.0
9,401355324,38.74738401335784,-707.7879700972109,1.4530707082211383,1000,False,False,False,26.381029850799276,0.1581371902387306,-54.68747892607128,0.18679120413985315,0.5650810380452438,0.18689640465158006,0.15981740026467747,0.011427014123682378,0.013640212826430798,0.18688516318798065,-0.002049841918051243,0.052,0.0,0.546821340918541,0.5538686468150117,0.5543873327225447,0.09364268183708191,0.984,0.0008481500818711775,0.029116080278488988,0.001757462736805849,0.0014530707082211372,0.0,0.0,0.0,0.232,1.0,0.0
10,847717680,182.64102311441678,-200.28571710552214,0.7430134804398784,571,True,False,False,24.25544525199298,0.1314351286032467,-43.455681418167465,0.10130112444219698,0.47342095375374016,0.10132896653912556,0.13927665624316346,0.0,0.005251693539321423,0.10131587833166122,0.0016285753808915615,0.38704028021015763,0.0,0.0,0.5446085762672922,0.23788483627140522,-0.0489811971783638,0.9334500875656743,0.01517010027906004,0.01910659689870265,5.201486505401753e-09,0.0013012495279157233,1.0,0.05253940455341506,1.0,0.21015761821366025,0.0,0.0
11,1843468895,183.6997034283354,-297.3611671020401,0.9354417410607508,667,True,False,False,25.38494498764614,0.13697003336287764,-45.097618652876335,0.04150426798494939,0.4469284384615945,0.041534126378354366,0.1411691367708533,0.0,0.006466102786362171,0.04153098911046982,0.0005104875308461487,0.41829085457271364,0.2158920539730135,0.0,0.5357669951279704,0.192651007398963,-0.05029290169477463,0.9310344827586207,0.011232073052038211,0.022791756743786428,5.20148650366703e-09,0.0014024613809006754,1.0,0.050974512743628186,1.0,0.1409295352323838,0.0,1.0
12,2089784483,188.4464209310244,-131.4713317383918,0.6221555053388326,442,True,False,False,13.307521066109658,0.14173399698345787,-59.53593853408084,0.039003749909087435,0.494894458469156,0.03904466704886333,0.15181192663055293,0.0,0.0006971359252929688,0.03904466703534126,-1.0275840622853138e-06,0.32805429864253394,0.19457013574660634,0.0,0.5433800477667278,0.2653435731679201,-0.050241272896528244,0.9140271493212669,0.011086513353336942,0.01799829296452257,5.201486505401753e-09,0.0014075916410380832,1.0,0.06561085972850679,1.0,0.083710407239819,0.0,1.0
13,2027634781,65.21501545244831,-630.809494676183,1.3520490202572644,1000,False,False,False,26.879585983495062,0.14066099957998696,-45.45082746400352,0.05832323172380441,0.5332468875595678,0.0583311582723949,0.16177816367336853,0.0008135077546022028,0.011813545599579811,0.05833082273602486,0.00019784928008448333,0.264,0.053,0.0,0.5406999014439061,0.3973477463424206,-0.060888659209012985,0.962,0.011791938953017696,0.0276091760913769,0.00012855473894786765,0.0013520490202572626,1.0,0.015,1.0,0.169,1.0,1.0
14,1649752016,15.08753364561122,-802.2658008907977,1.5947066690728153,1000,False,False,False,32.020603920315466,0.1350478005931363,-37.50321003375783,0.13204898469403067,0.4239150200624426,0.156607367894104,0.11850342674142368,0.007274703181295026,0.00799570046365261,0.15230350196361542,0.036462459713220596,0.536,0.0,0.5550503432750702,0.5499449040731416,0.5400206457078457,0.11010068655014038,0.975,0.0165562665238449,0.019765211961777714,0.00015946977398475712,0.0015947066690728167,0.0,0.002,1.0,0.376,1.0,0.0
15,2013698973,219.99836866185078,-83.74511377079385,0.5910869648652889,410,True,False,False,42.27677187564494,0.18029904626380322,-49.84028293901983,0.03670959843459388,0.44873389376062306,0.036838028430361706,0.16052073821267593,0.0,0.004063892178237438,0.036837100982666016,0.00026139974943362176,0.4195121951219512,0.25853658536585367,0.0,0.567683139134471,0.30457683935761454,-0.0519246943295002,0.9390243902439024,0.006136139013232483,0.019690001421044025,2.600743251833515e-09,0.0014416755240616802,1.0,0.06341463414634146,1.0,0.18048780487804877,0.0,1.0
16,123927870,173.13900541383788,-276.3489768094389,0.8730559644465533,648,True,False,False,28.110315045429836,0.14194300463992976,-44.85821809748629,0.07352852299852358,0.42330460910009926,0.0781011503732902,0.10738006750711995,0.0,0.0003673553583212197,0.07809734344482422,0.0007711267680861056,0.41358024691358025,0.19290123456790123,0.0,0.5353437149925963,0.27340402334928515,-0.04942430928349495,0.9290123456790124,0.01364795807445764,0.01603060318748073,0.0,0.0013473085871088786,1.0,0.044753086419753084,1.0,0.2962962962962963,0.0,1.0
17,1821182807,220.49000733755526,-145.27470683489526,0.7130894283449004,461,True,False,False,48.574604883291876,0.19919435553614112,-53.00312579114972,0.0502510682605402,0.46166486403648965,0.05253676646033591,0.14573329913506597,0.0,0.0053195953369140625,0.0525355339050293,-0.000359871395630762,0.34490238611713664,0.2017353579175705,0.0,0.5491734314103836,0.2486331171169877,-0.05205767601728439,0.9349240780911063,0.005165325769884779,0.018616573849120265,2.600743251833515e-09,0.0015468317317676806,1.0,0.06724511930585683,1.0,0.07592190889370933,0.0,1.0
18,771268235,-60.45103870875898,-719.7549795625556,1.2848078817075934,845,False,True,False,33.590928933207294,0.182770696089739,-59.794009125281335,0.35244776105256004,0.5695314290965862,0.3699117054884148,0.12987471339993098,0.01103425367563744,0.01292638760060072,0.36440497636795044,0.06358996033668518,0.0,0.0,0.5212194677442312,0.5207458354357751,0.4823810412862804,0.04243893548846245,0.9573964497041421,0.07742810575012377,0.06185848118784379,0.0014927434028814551,0.001520482700245672,0.0,0.0,0.0,0.5171597633136095,1.0,0.0
19,829040292,223.95034984796075,-177.8151027708339,0.781130905237589,560,True,False,False,36.332950689743306,0.15516774782705667,-43.24373305690418,0.024637496494040578,0.5082457500962291,0.024664923388346444,0.1677445664601227,0.0,0.006768608000129461,0.02463560178875923,0.0012023187009617686,0.3535714285714286,0.1982142857142857,0.0,0.5308535323700718,0.2606745262444019,-0.05190953612327576,0.9053571428571429,0.006877555648592275,0.029437305907573208,2.600743251833515e-09,0.0013948766164956945,1.0,0.05178571428571429,1.0,0.1125,0.0,1.0
20,500441914,219.20395763167764,-125.07155163678881,0.6689510185369332,490,True,False,False,33.74141862063823,0.18011189262235244,-58.29999736486276,0.047312533012112426,0.5003289526370983,0.04734017780691566,0.17272349058025127,0.0,0.008350181393325329,0.0473233237862587,0.001263115438632667,0.32040816326530613,0.17755102040816326,0.0,0.5390340968696828,0.20440187856554984,-0.052346765995025635,0.9122448979591836,0.005418730814110905,0.030539143728374282,2.600743251833515e-09,0.001365206160279455,1.0,0.06938775510204082,1.0,0.06938775510204082,0.0,1.0
21,1954303186,207.31078136600553,-204.93277449159655,0.8022471117152039,556,True,False,False,46.52085368779538,0.1606346673926102,-35.78899489842612,0.03075789369429568,0.4141379168920778,0.030785355194212664,0.13538103524344652,0.0,0.005030250642448664,0.030767345800995827,0.0010528659913688898,0.3471223021582734,0.22482014388489208,0.0,0.5469074701997552,0.15717943968251347,-0.05066993832588196,0.935251798561151,0.010501790848726175,0.02189649128464557,7.802229756367907e-09,0.0014428904886964107,1.0,0.06474820143884892,1.0,0.1223021582733813,0.0,1.0
22,1166692149,146.42337879554833,-408.5299991062915,1.0748667558036815,876,True,False,False,26.06554451065419,0.1361844772894952,-44.02639389968513,0.0403868292268972,0.3542483000971606,0.06258016061065964,0.11390006762978151,0.0,0.006487560458481312,0.06256647408008575,0.0013087487313896418,0.567351598173516,0.4372146118721461,0.0,0.5432443863945613,0.2708397687971592,-0.04994071274995804,0.954337899543379,0.012598328006485526,0.017970953622466607,1.040297300733406e-08,0.0012270168445247512,1.0,0.0319634703196347,1.0,0.3744292237442922,0.0,1.0
23,970311284,41.27259768024078,-1218.980771462273,2.480506738285026,1000,False,False,False,51.586426844852085,0.1947591552204971,-47.79306442290157,0.13471914357899287,0.35995809980601307,0.14261293361017208,0.10420214290554358,0.03828542015631237,0.010211562737822533,0.14261141419410706,-0.0006583118229173124,0.465,0.0,0.5448446311056614,0.525705275900662,0.4503251168131828,0.08968926221132278,0.919,0.005196122146010792,0.022899164934858437,0.0013088997882315682,0.002480506738285027,0.0,0.08,1.0,0.467,1.0,0.0
24,994047248,-14.143948456153199,-1241.9355209392975,2.415583144966288,1000,False,False,False,38.1243126015421,0.189230256246194,-58.490729179059855,0.32130986844129966,0.6537887881139978,0.6898950953402881,0.1424934653343371,0.007742921940297082,0.010773563757538795,0.6494632959365845,-0.23270726203918457,0.0,0.0,0.5032710905652493,0.5451558840953803,0.4434114515251713,0.006542181130498648,0.967,0.0061339381342554525,0.03598837785623674,0.004112103912935159,0.002415583144966292,1.0,0.041,1.0,0.242,1.0,0.0
25,1292724342,225.19955077464692,-106.87505359384518,0.6413092087369843,571,True,False,False,26.73489969950277,0.13892879539930444,-44.72306036868645,0.3380824396692429,0.8903663122110093,0.3381340889596025,0.2739959791008368,0.0,0.013582229614257812,0.3378085196018219,0.014834628440439701,0.0,0.0,0.0,0.49402848140119643,0.04163855406455696,-0.044520627707242966,0.8739054290718039,0.030546460303952114,0.04748133411407145,5.2014865019323064e-09,0.0011231334653887643,1.0,0.07530647985989491,1.0,0.06129597197898424,0.0,0.0
26,1550610129,219.26773776929184,-221.50729414287758,0.8594700638243384,552,True,False,False,34.79505409960533,0.15212264862639038,-43.25847806162833,0.014963742053316827,0.5255796429579369,0.014991635364678567,0.17844759978475747,0.0,0.007767581846565008,0.014910221099853516,0.0015602684579789639,0.25905797101449274,0.161231884057971,0.0,0.5124293813430574,0.0,-0.05115097016096115,0.9003623188405797,0.009438506228495088,0.028918910907134367,1.3003716263504383e-09,0.0015570109851890204,1.0,0.09057971014492754,1.0,0.059782608695652176,0.0,1.0
27,33180180,27.04827360315244,-940.4774085774867,1.8950513643612803,1000,False,False,False,38.09715881693445,0.12207451826660484,-24.94001397387315,0.12549928748196973,0.4241119168809051,0.14948443128890176,0.10937438591844292,0.025135207002446654,0.0060860635712742805,0.1494656503200531,0.002369508845731616,0.456,0.0,0.5404225885868073,0.5186338788932189,0.5074447329714894,0.0808451771736145,0.912,0.00796434318559196,0.018692708800015785,0.0016099224908449321,0.0018950513643612799,0.0,0.06,1.0,0.388,1.0,0.0
28,1549741238,228.95421647814794,-275.3700046536568,0.986488442263609,554,True,False,False,53.08712258931336,0.19767509755306445,-47.742789099081236,0.03315982739196264,0.4705667848924208,0.03318691339567806,0.17495441514901794,0.0,0.00933008175343275,0.033182717859745026,0.000527689466252923,0.24729241877256317,0.16787003610108303,0.0,0.5322662042636703,0.11037275517359375,-0.050497133284807205,0.9205776173285198,0.010680661517185264,0.03602714390854513,5.20148650366703e-09,0.001780665058237562,1.0,0.07220216606498195,1.0,0.08483754512635379,0.0,1.0
29,2119324410,196.9059602776542,-402.5380525532866,1.1646480256618816,856,True,False,False,74.13098630927638,0.2243549514015596,-40.0461223150127,0.0123506174902557,0.3051284652963664,0.01236299421913647,0.11805890153288286,0.0,0.012020111083984375,0.012362003326416016,-0.00015652418369427323,0.6179906542056075,0.2091121495327103,0.0,0.5575192654091935,0.26060222774744035,-0.05082488805055618,0.9672897196261683,0.009340112959226831,0.023216088579250407,2.6007432527008767e-09,0.0013605701234367777,1.0,0.03387850467289719,1.0,0.39135514018691586,0.0,1.0
30,47573630,201.20250767283142,-177.13820932795423,0.7370814340015713,490,True,False,False,34.633320821131605,0.17424269770417705,-54.473497705281446,0.06281200670616076,0.4109993245669371,0.0670020065826993,0.13979410908172346,0.0,0.004217243287712336,0.06700191646814346,-0.00010988950816681609,0.4530612244897959,0.32040816326530613,0.0,0.5576953843464049,0.23734814332798124,-0.0523516982793808,0.9387755102040817,0.004239609089434379,0.023168856924637472,5.20148650366703e-09,0.001504247824493003,1.0,0.05918367346938776,1.0,0.2571428571428571,0.0,1.0
31,1402766798,226.2663176822112,-293.1905678691676,1.0109537711027572,699,True,False,False,31.505377447310288,0.16950445366098052,-55.24507097675225,0.06827709616520322,0.5660827659650726,0.0683045585845138,0.20910147743604154,0.0,0.013342952355742455,0.0683019608259201,0.000595710298512131,0.18168812589413447,0.09728183118741059,0.0,0.4654876955932708,0.15979819981381296,-0.04964155703783035,0.8254649499284692,0.01300248610859432,0.0401589021930635,2.6007432509661532e-09,0.0014462857955690371,1.0,0.09155937052932761,1.0,0.055793991416309016,0.0,1.0
32,1736985230,184.64148691575983,-289.56871570101345,0.922780405233546,641,True,False,False,35.234342057979696,0.1505030895865126,-42.01401714635238,0.05907611400126984,0.4072885767063683,0.05929922215012748,0.1133636716110751,0.0,0.0002601623418740928,0.059287168085575104,0.0011955952504649758,0.5288611544461779,0.17004680187207488,0.0,0.5414566927547342,0.29851387783885003,-0.050000034272670746,0.9282371294851794,0.012384254327552765,0.014442644973829993,2.6007432509661532e-09,0.00143959501596497,1.0,0.0405616224648986,1.0,0.39469578783151327,0.0,1.0
33,996707623,198.05589947104454,-370.09035685462715,1.106692512651345,740,True,False,False,33.22243334151639,0.1793299723268259,-58.44137501525799,0.10996012771833905,0.5374788554517149,0.10996041847847587,0.17269456320286422,0.0,0.012945270165801048,0.10995884239673615,0.0005887365550734103,0.22297297297297297,0.0,0.0,0.5255506582356788,0.14898263648152352,-0.04853222891688347,0.9243243243243243,0.015773518226538028,0.03194059996269779,0.0,0.0014955304225018151,1.0,0.07297297297297298,1.0,0.07972972972972973,0.0,0.0
34,327017008,179.17498982716344,-215.49097646500178,0.7660919325843301,581,True,False,False,32.28460285446097,0.14248555207440153,-40.95235110423935,0.08744650953666704,0.4426996917572506,0.08747618543090618,0.1137908618994607,0.0,1.4019012269272935e-05,0.08746824413537979,0.001178679522126913,0.2633390705679862,0.09466437177280551,0.0,0.5498580137450447,0.2978026942908764,-0.049261897802352905,0.9569707401032702,0.01425949814311172,0.014464357040860819,1.8205202763701966e-08,0.0013185747548783656,1.0,0.04475043029259897,1.0,0.25645438898450945,0.0,1.0
35,481078878,205.98766074840088,-278.800749421881,0.9442168203405644,634,True,False,False,33.465771088540116,0.18367659963782945,-60.36911095614762,0.026978700367831857,0.45381501266247654,0.027006931868043125,0.15953490607184015,0.0,0.00018005371384788305,0.027002334594726562,0.0004982924438081682,0.3753943217665615,0.19873817034700317,0.0,0.5389222920408997,0.2805848081409931,-0.050636325031518936,0.9337539432176656,0.010274783673601066,0.030630207776138948,6.501858130017468e-09,0.0014893009784551492,1.0,0.04416403785488959,1.0,0.1529968454258675,0.0,1.0
36,1768913085,180.21037391326382,-240.07701453647013,0.8153347768994684,631,True,False,False,25.706543293319076,0.1273814891438277,-39.98067888577856,0.03656792017722749,0.42636965238661784,0.03658648583471728,0.13028546437180516,0.0,0.005330276675522327,0.03657131269574165,0.0010535812471061945,0.4421553090332805,0.27258320126782887,0.0,0.544126105389267,0.2965517529845238,-0.05053145810961723,0.9477020602218701,0.01088475744463161,0.018355141180118426,2.6007432527008767e-09,0.0012921311836758607,1.0,0.04120443740095087,1.0,0.17115689381933438,0.0,1.0
37,1404684865,187.02731337379674,-394.4407675347229,1.131256161817039,792,True,False,False,60.17760216158024,0.2071945614870616,-45.418980182133595,0.015999551330278722,0.31473712100373685,0.06403220365664351,0.13018235245047896,0.0,7.42912307032384e-05,0.06402063369750977,0.0012171959970146418,0.5088383838383839,0.37626262626262624,0.0,0.5588344606556789,0.23586341127753258,-0.04988391697406769,0.9621212121212122,0.012697942974896426,0.029749447790177772,2.6007432509661532e-09,0.0014283537396679773,1.0,0.039141414141414144,1.0,0.16666666666666666,0.0,1.0
38,132668911,244.20552631318571,-46.7158374500204,0.5668827275264117,374,True,False,False,67.10259929035534,0.20508557944924546,-37.39356823297195,0.09484001126723796,0.4437185874882523,0.0948676619630947,0.1827247948567331,0.0,0.007348537445068359,0.09485683590173721,0.0014331674901768565,0.3877005347593583,0.11497326203208556,0.0,0.5694173962515305,0.2455737568438053,-0.05311652272939682,0.9224598930481284,0.002422384442352707,0.028479195091000716,2.600743251833515e-09,0.0015157292179850592,1.0,0.08021390374331551,1.0,0.12834224598930483,0.0,1.0
39,918262559,211.18219943020364,-129.4950197266948,0.6634744383137983,447,True,False,False,35.04959182954484,0.17667013652493346,-55.263091181283166,0.014557275082091226,0.4536747334820603,0.014942085584410698,0.1472552931263323,0.0,0.0037381171714514494,0.014876460656523705,0.0013988709542900324,0.34675615212527966,0.21029082774049218,0.0,0.5564885032809885,0.2811919206380844,-0.051758941262960434,0.9373601789709173,0.00750039009500411,0.01668637822806351,2.600743251833515e-09,0.0014842828597624097,1.0,0.06263982102908278,1.0,0.08277404921700224,0.0,1.0
40,793198720,6.372927945945378,-537.3723711148675,1.0635705981216272,598,False,True,False,52.635318659746424,0.20047604960731258,-49.59779846246639,0.18823838127303738,0.46337768879725194,0.2117815327358959,0.1634676603720707,0.03539813349889876,0.012012672610580921,0.20755739510059357,-0.04208735376596451,0.1956521739130435,0.0,0.0,0.5355700824898746,0.3552302668988705,-0.034576840698719025,0.931438127090301,0.00605009472311068,0.04004843448840223,0.01393508273022506,0.0017785461507050615,1.0,0.013377926421404682,1.0,0.26588628762541805,1.0,0.0
41,855731955,72.47673301622282,-1130.3897063728607,2.365732878778166,1000,False,False,False,74.3599516984038,0.22918560139862917,-42.23276265841618,0.12655265665427506,0.3340921916913731,0.14405340146191864,0.10662571850149516,0.0031865692357264984,0.013287926092743874,0.14405298233032227,-0.0003474974655546248,0.497,0.0,0.5508100911974907,0.5331857465133071,0.28857075929641723,0.10162018239498138,0.92,0.00115091316935951,0.02418514070580251,0.0024479837207288966,0.0023657328787781663,1.0,0.08,1.0,0.437,1.0,0.0
42,1196246040,147.95387040048087,-525.2012929405284,1.3073503266820208,974,True,False,False,33.14175573648696,0.18224623841237006,-59.98125134287079,0.0010845315975248938,0.3149150283137793,0.001100546503347064,0.11611757056473476,0.0,5.054474058852065e-06,0.0010858535533770919,-0.00017923355335369706,0.5574948665297741,0.45071868583162217,0.0,0.5509636024868886,0.2849382982775569,-0.05111260339617729,0.9661190965092402,0.008463927759104258,0.027318411459485017,3.901114879051315e-09,0.0013422487953614174,1.0,0.027720739219712527,1.0,0.3131416837782341,0.0,1.0
43,987027273,17.5829662215429,-760.7922320587188,1.5167503965605225,1000,False,False,False,33.76989591736127,0.12290281257995113,-29.68142403011932,0.13684416686337741,0.40798899987269305,0.18158060978518772,0.1094982682869005,0.01888621416787803,0.0074255941435694695,0.18156595528125763,0.002306888112798333,0.48,0.0,0.5491773150861263,0.5554266281486488,0.576166865453124,0.09835463017225266,0.978,0.003105983141744342,0.02101202014649175,0.010462143818220597,0.0015167503965605228,0.0,0.0,0.0,0.455,1.0,0.0
44,335812333,173.20483663063507,-224.74948514773294,0.7718686435567365,601,True,False,False,23.44164563692352,0.11418343230310782,-35.64530859623368,0.06174582462997304,0.4416575206220488,0.061773197118432786,0.11269185508734235,0.0,0.0015273094177246094,0.061768341809511185,0.0007744884351268411,0.39933444259567386,0.14309484193011648,0.0,0.5388163791662594,0.20330568850040437,-0.04984680190682411,0.940099833610649,0.012562940993426773,0.010469468230591172,5.201486505401753e-09,0.0012843072272158667,1.0,0.056572379367720464,1.0,0.2612312811980033,0.0,1.0
45,61636833,176.03596271993595,-249.80637586952963,0.8284846771789306,580,True,False,False,21.606307002456802,0.16684951904147313,-63.812571630905396,0.06557013175730787,0.44175230548878086,0.06559759176952176,0.11856649098653026,0.0,6.30378708592616e-05,0.06558790057897568,0.001127538736909628,0.4413793103448276,0.1,0.0,0.5417533488382168,0.3012739636003971,-0.0498245507478714,0.9344827586206896,0.012805025977555529,0.015195104016605478,0.0,0.0014284218572050526,1.0,0.04655172413793104,1.0,0.28448275862068967,0.0,1.0
46,1783168689,23.066163317699104,-1532.585699553969,3.07130372574334,1000,False,False,False,21.39603727839767,0.1722572718646488,-66.7325123114318,0.4618941598316287,0.7428664979110288,0.4934087798941738,0.1724351431650759,0.0655459279166569,0.015665244311094284,0.47370681166648865,-0.13803651928901672,0.0,0.0,0.5953224748373032,0.46227171177222043,0.4791223601438105,0.19064494967460632,0.82,0.027049077006121813,0.04444605320020567,0.0016830423873757695,0.003071303725743339,0.0,0.176,1.0,0.32,1.0,0.0
47,330139630,210.1931075737811,-233.55658816311802,0.8602593914737976,681,True,False,False,26.55669069921807,0.17305729727341956,-61.969826868467116,0.0644872559814469,0.5763668412716305,0.06448754140707358,0.2082829806215483,0.0,0.01260528527200222,0.0644872635602951,0.00018930196529254317,0.2555066079295154,0.12041116005873716,0.0,0.5224209888284361,0.056519729383289814,-0.04965262860059738,0.922173274596182,0.012762548038020115,0.04393708027994194,2.6007432527008767e-09,0.0012632296497412595,1.0,0.06607929515418502,1.0,0.06020558002936858,0.0,1.0
48,655584412,152.15495490612955,-517.2710989825595,1.3050521077773762,845,True,False,False,28.756154233190273,0.12095360058710156,-33.72023607397941,0.05096807404781773,0.3632896879516654,0.05097704138278986,0.10284081458247613,0.0,0.003036594484001398,0.0509769432246685,0.0001000380507321097,0.5822485207100592,0.1514792899408284,0.0,0.526414167732789,0.22162408657371999,-0.049972373992204666,0.9171597633136095,0.011870879312946577,0.01725031113577572,5.20148650366703e-09,0.0015444403642335804,1.0,0.054437869822485205,1.0,0.42011834319526625,0.0,1.0
49,840914785,153.21084766675762,-463.8263252521491,1.1974743458378156,915,True,False,False,42.288662061415266,0.1084367536891481,-13.929511906047457,0.12896495326101454,0.4357481951996968,0.12897429991131462,0.09557729189876717,0.0,0.0014630317455157638,0.12896499037742615,0.0015496111009269953,0.37158469945355194,0.0,0.0,0.5257406884316124,0.15889815187081693,-0.04819900169968605,0.9300546448087431,0.017015986904790073,0.01646385116576539,2.6007432527008767e-09,0.0013087151320631863,1.0,0.04262295081967213,1.0,0.37814207650273224,0.0,0.0
50,1692559281,194.08204958875433,-239.77398497200141,0.841232069121512,662,True,False,False,27.230558038451445,0.15740246195061602,-53.468093476728036,0.09927280993075388,0.514625642988824,0.09929792985026395,0.1637938897654879,0.0,0.00944595318287611,0.09929685294628143,0.00046245811972767115,0.29003021148036257,0.054380664652567974,0.0,0.5295918848359566,0.12962639950215815,-0.04879603162407875,0.9229607250755287,0.015067330609084427,0.027819507048677163,0.0,0.0012707433068300778,1.0,0.06042296072507553,1.0,0.13746223564954682,0.0,1.0
51,1056046841,219.16569573394943,-101.62211040660085,0.6243356122810998,431,True,False,False,46.78715431469964,0.172862325079228,-41.617717723613396,0.028430375068100703,0.42650529584041347,0.02845525553012337,0.14732362774481592,0.0,0.002116584684699774,0.028454113751649857,-0.0002549076161812991,0.37819025522041766,0.2737819025522042,0.0,0.5627495649156189,0.2808821704983711,-0.051648158580064774,0.9373549883990719,0.00669757706350782,0.015646791472086453,5.201486504534392e-09,0.001448574506452671,1.0,0.06496519721577726,1.0,0.2088167053364269,0.0,1.0
52,1580024342,92.12245155458075,-2583.512587353145,5.311270077815453,1000,False,False,False,30.466660918828246,0.1742074312741712,-58.636968375762535,0.1757206954932905,0.4470215392491474,0.22902445888777664,0.12810230848031412,0.025869719605854193,0.011764240451157093,0.2261093556880951,-0.03642474487423897,0.234,0.0,0.0,0.3367832700052386,0.07072338042315096,-0.02002129703760147,0.592,0.011488218954559069,0.02868080352289607,0.01222042465132566,0.005311270077815457,0.0,0.246,1.0,0.487,1.0,0.0
53,1139378284,209.98875280609337,-250.3001243650991,0.8968177543423854,594,True,False,False,63.427435897397395,0.20882731246584135,-42.98111133924141,0.09422172013150187,0.3436437448672641,0.1068134714276999,0.12855041687177307,0.0,0.007965278811752796,0.10680971294641495,0.0008960461709648371,0.563973063973064,0.05387205387205387,0.0,0.5600551833078792,0.2527546626888216,-0.05313417315483093,0.9528619528619529,0.001715413025901527,0.025150568986276208,1.0402973008201422e-08,0.0015097941992296042,1.0,0.04713804713804714,1.0,0.38047138047138046,0.0,0.0
54,1933401080,176.3328409484239,-325.65866156675565,0.9759030050303577,702,True,False,False,31.53196062240054,0.1405365635619035,-40.734595572572886,0.0033141166215556405,0.36056363419979287,0.0049321978806464275,0.10326898970223282,0.0,4.692077709478326e-05,0.004782581236213446,0.0012056088307872415,0.5868945868945868,0.29772079772079774,0.0,0.5376543435826964,0.20864087535068393,-0.05150444433093071,0.9273504273504274,0.008164888448313474,0.01295282432342033,0.0,0.001390175220840966,1.0,0.045584045584045586,1.0,0.46438746438746437,0.0,1.0
55,756121258,103.83797948583666,-2102.850656486983,4.373377271945636,1000,False,False,False,27.96868616313303,0.1762136263261264,-62.13804065743538,0.12425508113458822,0.4352706092890248,0.17068606937152456,0.13890751692266254,0.016546036710266117,0.012811565771698952,0.1699196845293045,-0.016156580299139023,0.497,0.0,0.0,0.34498618705323314,0.09066641908837482,-0.043668895959854126,0.604,0.0094295245616742,0.03018469475827679,0.012754175595306018,0.004373377271945637,1.0,0.27,1.0,0.428,1.0,0.0
56,777896714,221.2569079312961,-228.37223186018792,0.8754182795829692,596,True,False,False,34.390368543191265,0.18113938336127647,-58.174315810191246,0.06095784768653496,0.537371048615238,0.06100513005847866,0.18344825828718617,0.0,0.01110143680125475,0.06098966673016548,0.001373479375615716,0.3238255033557047,0.16610738255033558,0.0,0.5392926518497488,0.30516035288572313,-0.05260508880019188,0.9295302013422819,0.0045450777626370896,0.035233803376492505,2.600743251833515e-09,0.0014688226167499478,1.0,0.04194630872483222,1.0,0.12080536912751678,0.0,1.0
57,1259840859,240.44473273083563,-232.0556387080099,0.9210807428776911,598,True,False,False,72.68854139577878,0.21970204127957277,-39.157571562564094,0.09178120047896489,0.39167809824542155,0.09180780509894156,0.18858569999344107,0.0,0.014842510223388672,0.09180603176355362,-0.0005706215160898864,0.3712374581939799,0.10702341137123746,0.0,0.5626493788458232,0.23137404896318914,-0.05259772390127182,0.9498327759197325,0.0027170429636818997,0.031495192672441615,7.802229755934226e-09,0.0015402688007988149,1.0,0.05016722408026756,1.0,0.16555183946488294,0.0,1.0
58,1967394020,206.07082224953916,-172.10720571131498,0.7349160559217095,536,True,False,False,29.841841725685093,0.16815424320353037,-56.22612833360062,0.016045158911034443,0.4462462882456235,0.01607280661418094,0.14981261646804217,0.0,0.006837653927505016,0.01601095125079155,0.0014087414601817727,0.4253731343283582,0.2593283582089552,0.0,0.5427313295102665,0.22655407845973968,-0.05178435891866684,0.9253731343283582,0.007426359938335061,0.030135296227021793,0.0,0.0013711120446300523,1.0,0.05970149253731343,1.0,0.16044776119402984,0.0,1.0
59,1449267987,210.2398824923671,-157.90054725469906,0.7158808594941332,510,True,False,False,41.39852223121894,0.18580572867018766,-53.49245764969937,0.15546447301660102,0.5009695105067333,0.15548821588605613,0.17219995075776412,0.0,0.00971002597361803,0.1554758995771408,0.0019570207223296165,0.24901960784313726,0.0,0.0,0.5588500264465955,0.23366147316992283,-0.04752730205655098,0.9392156862745098,0.01877163424153278,0.030766831287996524,0.0,0.001403687959792418,1.0,0.060784313725490195,1.0,0.14705882352941177,0.0,0.0
60,865829840,214.7564299380873,-258.7517854623195,0.9198564308008138,679,True,False,False,34.55827214240872,0.16312978819609544,-49.00444761728094,0.03043622058576988,0.4933775854525415,0.03124561761022966,0.1711097737794788,0.0,0.009634876623749733,0.03124561347067356,-1.6083717127912678e-05,0.374079528718704,0.19145802650957292,0.0,0.5317231222818467,0.2668225181847811,-0.051756177097558975,0.9234167893961709,0.00650739771320309,0.031277055000680974,1.0402973008201422e-08,0.0013547222839481795,1.0,0.042709867452135494,1.0,0.19882179675994108,0.0,1.0
61,1212887003,250.05456625338408,-184.62409930092826,0.8452773311086256,602,True,False,False,29.824427068883043,0.14210076956847884,-43.221243416143395,0.028084043227028187,0.6750547428899084,0.028084043227028187,0.26816674670823903,0.0,0.012192344292998314,0.02808380126953125,-0.00011657714640023187,0.23255813953488372,0.1611295681063123,0.0,0.46020104975553316,0.10288140204269439,-0.05047539249062538,0.8222591362126246,0.010369236816842497,0.04890594850456718,6.501858131752192e-10,0.0014041151679545264,1.0,0.07475083056478406,1.0,0.06478405315614617,0.0,1.0
62,1478030336,251.34805896029007,-90.48190699810473,0.6635399319167886,503,True,False,False,35.3324269747313,0.16388244790932233,-48.596046313678535,0.06635797308306912,0.6450834440961049,0.06638572297720712,0.26207461393269776,0.0,0.012441921047866344,0.0663721114397049,0.0013442612253129482,0.19483101391650098,0.11928429423459244,0.0,0.4736262823124768,0.0,-0.04985056445002556,0.8170974155069582,0.012850124165917364,0.046347159253504716,5.20148650366703e-09,0.0013191648745860623,1.0,0.11332007952286283,1.0,0.06560636182902585,0.0,1.0
63,1692503548,89.24851799290765,-2875.45704606821,5.889411128122233,1000,False,False,False,28.191604551262476,0.16863010878818827,-58.1233635003371,0.1959348623604082,0.44273312910251184,0.1959348623604082,0.10624342917424442,0.00829240400250805,0.010079765692353249,0.19578981399536133,0.0075378394685685635,0.099,0.0,0.0,0.33038920719486486,0.030472967019304634,-0.03230535611510277,0.585,0.03293748222088213,0.03654699004266003,0.012053982040862533,0.005889411128122234,1.0,0.318,1.0,0.518,1.0,0.0
64,430828717,174.4778588952902,-310.74742676127835,0.941010571313137,736,True,False,False,33.34381371096606,0.11235310557210428,-24.83151295440031,0.035838417689301114,0.4092227130722402,0.06434789519594442,0.11669237343773338,0.0,0.005034446716308594,0.06434430927038193,0.0006793236825615168,0.47690217391304346,0.34103260869565216,0.0,0.5359485167999715,0.2943585640192032,-0.049760784953832626,0.938858695652174,0.0127370399482042,0.01423513048649991,1.040297300733406e-08,0.0012785469718928494,1.0,0.035326086956521736,1.0,0.2758152173913043,0.0,1.0
65,57315423,213.63103772597378,-126.55787022236971,0.660217815896687,504,True,False,False,37.38024374096753,0.12485349488673173,-27.03388054280972,0.12010869522143806,0.5780092148214484,0.12013454396736509,0.1591141496164989,0.0,0.003940677735954523,0.12013206630945206,0.0007715558749623597,0.3055555555555556,0.0,0.0,0.5244825692747587,0.2331920549273491,-0.04828935116529465,0.8928571428571429,0.0164460496255671,0.016923207144126522,0.0,0.0013099559839219986,1.0,0.061507936507936505,1.0,0.13293650793650794,0.0,0.0
66,1085470789,223.78894344975706,-174.47382278243114,0.7737655324643754,569,True,False,False,36.80081744753757,0.17257161282979697,-51.478420625902984,0.12858605465032616,0.5580518702154106,0.12860274705627328,0.1827139736326248,0.0,0.010127449408173561,0.1285795271396637,0.0024437166284769773,0.22144112478031636,0.0,0.0,0.524819277617704,0.11417961299419403,-0.053736209869384766,0.8910369068541301,0.00030576930286799995,0.03093287941778767,5.201486504046501e-09,0.001359869125596443,1.0,0.07205623901581722,1.0,0.07205623901581722,0.0,0.0
67,1303337958,-33.55941214108742,-1552.414816494271,3.0086308087063696,727,False,True,False,31.087924219183662,0.18812334718006302,-64.97240717321648,0.1222840715386292,0.36769460206392485,0.19735868446737398,0.11134506183058787,0.038178082740011915,0.006267643067985773,0.1927737295627594,-0.0422934927046299,0.5419532324621733,0.0,0.5106101874262094,0.42048153106194547,0.1321647096297238,0.0212203748524189,0.7276478679504814,0.018747387512194097,0.022033008366673497,0.007623431258257672,0.004138419269197206,1.0,0.1746905089408528,1.0,0.4346629986244842,1.0,0.0
68,1124770563,105.71963125745094,-2030.1481739663561,4.231735610447615,1000,False,False,False,25.915636749732588,0.18582155396464708,-68.99505389009644,0.3471002948386286,0.6173620491402703,0.3870299620604653,0.15894053413354817,0.005750102245364474,0.01548547763377428,0.38516849279403687,-0.03791337087750435,0.0,0.0,0.0,0.3261190666662442,0.030199800357222556,-0.03353360295295715,0.566,0.004098974223173736,0.0328647298539918,0.008503393062675101,0.004231735610447614,1.0,0.236,1.0,0.425,1.0,0.0
69,1223071738,158.06843808556147,-885.3498291659251,2.054756534502977,802,True,False,False,34.29064196117503,0.17715248408605377,-56.28496846157619,0.06576192590202022,0.30653463304429124,0.11155657141027794,0.09673023718594399,0.0,0.005503463558852673,0.11155538260936737,-0.000515010382514447,0.6234413965087282,0.3054862842892768,0.0,0.5123021555699782,0.10226479620090685,-0.05284791812300682,0.8877805486284289,0.0015024687197259603,0.022137374900097193,2.6007432520503554e-09,0.0025620405667119393,1.0,0.0399002493765586,1.0,0.46508728179551123,0.0,0.0
70,1942128127,33.714124969951804,-977.7788570899727,1.982985964119845,1000,False,False,False,66.7566540845054,0.2053236187190268,-37.90506893251306,0.09541883343728629,0.31671900794143537,0.09541883343728629,0.09661951229082535,0.031260850454107675,0.009125327691435814,0.09209156036376953,0.02497795596718788,0.517,0.018,0.5774666890501976,0.5468424437697977,0.5702647617459298,0.1549333781003952,0.952,0.012443720322010443,0.019646023960766052,0.001455529367688141,0.0019829859641198448,0.0,0.047,1.0,0.493,1.0,0.0
71,996607899,2.944144143955562,-725.7444494497829,1.4173771871874778,1000,False,False,False,40.98647249163794,0.12413664603980207,-23.08176418576818,0.07682169992342315,0.3792842082366207,0.07682169992342315,0.09652415418817724,0.12873266636253855,0.00035648344783112407,0.07532835006713867,0.015073594637215137,0.606,0.094,0.547118041664362,0.5466034097992815,0.4679495457420126,0.09423608332872391,0.968,0.04394778599470482,0.019009777614935403,0.0017415253008841794,0.0014173771871874776,0.0,0.004,1.0,0.371,1.0,0.0
72,1737866112,202.56166852359308,-305.9279133188851,0.9926591636849572,608,True,False,False,35.5474896849463,0.16786801771896748,-50.38208075541014,0.05023460974803797,0.44482171074227717,0.050259983082477956,0.15299966954645106,0.0,0.007437705993652344,0.0502588264644146,0.00034097195020876825,0.3684210526315789,0.1825657894736842,0.0,0.5240102654287943,0.1751724129356444,-0.05004221200942993,0.90625,0.011815054359041743,0.028770622983475366,5.20148650366703e-09,0.001632663098166048,1.0,0.07072368421052631,1.0,0.12171052631578948,0.0,1.0
73,757340419,139.63434701394294,-514.5785327366692,1.272225759501225,905,True,False,False,43.38479774450614,0.17930625879797377,-48.2681073277092,0.03162396746787021,0.260625150466185,0.048960030690853834,0.08859913764373666,0.0,1.1730194273695815e-05,0.04894838482141495,0.0010678148828446865,0.605524861878453,0.5591160220994476,0.0,0.5534619808917381,0.176087576597929,-0.050231993198394775,0.9613259668508287,0.011702949321162968,0.013842872576291064,0.0,0.0014057743198908545,1.0,0.03867403314917127,1.0,0.4585635359116022,0.0,1.0
74,753481078,140.94677733276043,-413.76970269427443,1.0794729600540693,749,True,False,False,14.100174485310587,0.14803511804693784,-61.916308591479805,0.0036063090680729807,0.2993816775513485,0.005333976528070356,0.09636537963390765,0.0,3.814697265625e-05,0.005325985141098499,0.0002918696263805032,0.6435246995994659,0.4552736982643525,0.0,0.5509136728420158,0.21349938925355672,-0.05130885913968086,0.9506008010680908,0.008168324680335218,0.011225974570618842,2.6007432527008767e-09,0.0014412189052791322,1.0,0.04138851802403204,1.0,0.46461949265687585,0.0,1.0
75,267036560,12.845986405294445,-1139.6077978181602,2.264907568446905,1000,False,False,False,32.54566514111137,0.16859751942726853,-53.75300823002815,0.11702804911083552,0.34835343601836033,0.1401271159259354,0.10352691097119705,0.028168211460269703,0.008753394708037376,0.14010611176490784,0.002426121151074767,0.616,0.0,0.564728818833828,0.5229001107504592,0.5566143674403429,0.12945763766765594,0.92,0.004242031356680739,0.018638936681395015,0.001148974233991894,0.0022649075684469068,0.0,0.076,1.0,0.534,1.0,0.0
76,545894397,16.375788931268907,-761.8058156494823,1.5163632091615014,1000,False,False,False,29.246661983352713,0.11976066189139387,-32.63358261984927,0.12983189208275195,0.43109447965281605,0.13005353837632802,0.120754625225512,0.01135004417448341,0.007753467652946711,0.1265708953142166,0.029895339161157608,0.43,0.0,0.5582689940929413,0.5538078522542491,0.5461649579554796,0.11653798818588257,0.977,0.007262630146903481,0.020899659029059887,0.0018417650978613783,0.001516363209161502,0.0,0.0,0.0,0.465,1.0,0.0
77,1135396990,90.69225367361938,-2364.6223105899326,4.8706291285271,1000,False,False,False,34.71834136321035,0.18635656389777652,-60.45985424318302,0.24532687533314557,0.45426786936360275,0.29271774610504825,0.10871064024626888,0.011543925344091705,0.011655807495117188,0.28865957260131836,-0.04857293516397476,0.0,0.0,0.0,0.33970667334216703,0.08087238908745348,-0.018837999552488327,0.602,0.009261653736799574,0.025861109521888026,0.01306319590851228,0.0048706291285271,1.0,0.235,1.0,0.574,1.0,0.0
78,298179044,201.99588387914702,-98.32715367135606,0.5831260751010061,438,True,False,False,19.42221827622205,0.13341338562855626,-49.259970072814376,0.008500812636335153,0.5275606851442313,0.02674922192722638,0.1608251711034051,0.0,0.0002804756222758442,0.0267333984375,0.0009199357009492815,0.3082191780821918,0.23972602739726026,0.0,0.5096315072227979,0.030689641814678908,-0.05188552662730217,0.865296803652968,0.006755008626556597,0.013650384174418554,7.802229756367907e-09,0.0013313380710068632,1.0,0.10730593607305935,1.0,0.0821917808219178,0.0,1.0
79,125123540,207.66673045097846,-276.3014860499537,0.9408564330018653,677,True,False,False,38.352204606492435,0.1265430288055731,-26.91709131006007,0.008881897692345004,0.4801076536033537,0.008909089572246225,0.14476142403460066,0.0,0.005547046661376953,0.008878231048583984,0.0007408714154735208,0.35745937961595275,0.21565731166912852,0.0,0.5230278170590552,0.20606038436293603,-0.05110310763120651,0.914327917282127,0.009076051044432605,0.01788784177917695,0.0,0.0013897436233410107,1.0,0.04579025110782865,1.0,0.13146233382570163,0.0,1.0
80,591410935,191.62730648070584,-371.79143615989165,1.096797485281195,751,True,False,False,67.78382355893008,0.2049920885846558,-36.71116619805823,0.01713802771355568,0.267356899512421,0.03279702174406831,0.10673714984538013,0.0,0.00039424895658157766,0.03277988359332085,0.0010601258836686611,0.6418109187749668,0.5472703062583223,0.0,0.5510136649587977,0.10430272720754147,-0.05062372609972954,0.9454061251664447,0.010634239550508146,0.017775783264019525,5.20148650366703e-09,0.0014604493811999943,1.0,0.0559254327563249,1.0,0.3848202396804261,0.0,1.0
81,1481583176,105.48878252097201,-294.0223706679056,0.7590223063777651,1000,False,False,False,30.68127978779953,0.16383596276884022,-53.23661525412578,0.22476898281168894,0.44116142875897973,0.22477099203288278,0.09110300688741828,9.851671963446799e-09,0.00964498519897461,0.22476597130298615,0.0015023327432572842,0.0,0.0,0.0,0.2657176792757964,0.0,-0.04546591639518738,0.46,0.02333079697943705,0.02842769364546388,0.0,0.0007590223063777684,1.0,0.532,1.0,0.527,1.0,0.0
82,1667192397,216.5909053526819,-213.46630599583676,0.8363144226970378,595,True,False,False,52.788204450515174,0.20102379018158703,-49.7186327339592,0.0662725267841244,0.4092821062135398,0.06630201338418591,0.14907402997046967,0.0,0.011275863274931908,0.06629820168018341,0.0007109379512257874,0.43529411764705883,0.21008403361344538,0.0,0.5605392126350843,0.28388387471437454,-0.05253429338335991,0.957983193277311,0.004242835961624336,0.025991933582108627,2.600743251833515e-09,0.0014055704583143477,1.0,0.043697478991596636,1.0,0.20168067226890757,0.0,1.0
83,609237933,6.87723991083911,-1194.7770270206806,2.3633085338630395,1000,False,False,False,29.251806759498184,0.17765026868650552,-61.57324124125961,0.33590694766148643,0.5719395992192379,0.408812341695196,0.13776581046427078,0.013566699119942552,0.013481711968779564,0.40197181701660156,-0.07447274029254913,0.0,0.0,0.5386131554841995,0.5638829017742537,0.5734023410081863,0.07722631096839905,0.995,0.008505994781205851,0.03706700964698988,0.007360692471592918,0.0023633085338630407,0.0,0.0,0.0,0.435,1.0,0.0
84,1201714534,239.1367496240882,-119.43498199628019,0.6989434632407375,455,True,False,False,75.08959862791868,0.20032279123275573,-27.05114111627619,0.13868318248080108,0.4289511705420413,0.13873238153699058,0.152333627781646,0.0,0.008185768499970436,0.13873139023780823,-0.0005244517233222723,0.34505494505494505,0.0,0.0,0.5584957599721767,0.2571392288804054,-0.053101662546396255,0.9384615384615385,0.00013423995353765327,0.029986721796969137,7.802229756096856e-09,0.0015361394796499718,1.0,0.06153846153846154,1.0,0.2153846153846154,0.0,0.0
85,1063402990,111.43933261726052,-347.5807961923321,0.8780402576191871,1000,False,False,False,29.57604720357803,0.17858116334773083,-61.71444812779263,0.4093548229001907,0.5845234931885559,0.4093577580432727,0.10645034617226017,4.0590936886674766e-08,0.012785911560058594,0.4057925343513489,0.053909119218587875,0.0,0.0,0.0,0.23417265053279698,0.0,-0.0483504980802536,0.403,0.03535689645189457,0.04244180223686055,1.0402973010803507e-08,0.0008780402576191968,1.0,0.588,1.0,0.572,1.0,0.0
86,282464540,217.77448927373632,-172.35901606378906,0.7589470106750504,533,True,False,False,62.22382744974293,0.16217839366328113,-20.855937709310872,0.012514043718891334,0.3553778769511053,0.012557133143867702,0.1220507221871264,0.0,1.3065337952866685e-05,0.012557124719023705,-1.454591711080866e-05,0.5272045028142589,0.3789868667917448,0.0,0.5633626818302215,0.28793143020011486,-0.05085230991244316,0.9512195121951219,0.009347153171210078,0.011906026909546476,2.6007432509661532e-09,0.0014239155922608831,1.0,0.05065666041275797,1.0,0.3714821763602251,0.0,1.0
87,235932419,212.7015641785228,-261.8320090623955,0.9227471464818381,658,True,False,False,45.15142631404897,0.19828699720492604,-55.98938701791354,0.0759624408248493,0.4737826539721023,0.07597643796763871,0.17178729603472778,0.0,0.012895012274384499,0.07597589492797852,0.00028725623269565403,0.3495440729483283,0.1458966565349544,0.0,0.5422412715781492,0.13737773556262256,-0.049377791583538055,0.9407294832826748,0.013521818125619284,0.035480886800113194,2.6007432527008767e-09,0.0014023512864465594,1.0,0.057750759878419454,1.0,0.1276595744680851,0.0,1.0
88,599786137,-25.462998735744648,-514.5170070458223,0.9501080166201558,700,False,True,False,30.68011829652959,0.18169696545565894,-62.16660380893639,0.1998969742917105,0.5315558780584352,0.22021931331719877,0.16799130039190605,0.030256261804552244,0.012311363592743874,0.21597962081432343,-0.04300406202673912,0.007142857142857143,0.0,0.5094212889671326,0.5290438944661374,0.38596101840026675,0.018842577934265137,0.9385714285714286,0.02278391528914333,0.03793675324586402,0.00013511121268623694,0.0013572971666002216,0.0,0.0,0.0,0.25,1.0,0.0
89,767575573,-7.934535011535642,-898.6051939138705,1.7413413178046724,1000,False,False,False,28.972484811193606,0.17040662330984016,-58.23074050123158,0.5287081407540896,0.7294775544536215,0.7091764404605735,0.12910750572948518,0.054160466674751974,0.01295614242553711,0.7090638875961304,0.012634358368813992,0.0,0.0,0.511138872243464,0.4973309166725667,0.4383480482903542,0.022277744486927986,0.917,0.027521247145014457,0.040800645194411185,0.0002696476611137727,0.0017413413178046725,0.0,0.0,0.0,0.506,1.0,0.0
90,279323583,198.6583237474786,-324.52740633503265,1.0189714601650224,685,True,False,False,69.79830355755458,0.1733105840279491,-18.854941360018028,0.0010356060796282843,0.274744771387775,0.0010398590191240625,0.11124004531844832,0.0,3.4046173823298886e-05,0.0009083747863769531,0.0005061245174147189,0.581021897810219,0.39854014598540144,0.0,0.5645544303567522,0.25952631456777453,-0.05126360431313515,0.9605839416058394,0.008446766104569922,0.01681112462730747,1.3003716246157149e-09,0.0014875495768832438,1.0,0.040875912408759124,1.0,0.3678832116788321,0.0,1.0
91,1715869078,204.6508995881887,-289.63568874850375,0.961413176673385,679,True,False,False,38.6769478520859,0.19239833345099783,-59.52004453505506,0.0009079011405491153,0.41698793393005673,0.004397659093525609,0.15786522337841147,0.0,2.136230432370212e-05,0.004232883453369141,0.00119251967407763,0.35346097201767307,0.18262150220913106,0.0,0.5407728529159755,0.10104117661714554,-0.05130697786808014,0.9293078055964654,0.008753760438782855,0.034534461643607385,1.3003716263504383e-09,0.0014159251497398906,1.0,0.061855670103092786,1.0,0.054491899852724596,0.0,1.0
92,1335238929,20.293942244720512,-509.4908473224747,1.0434495791343903,403,False,True,False,58.009390135317254,0.22252777178255487,-55.21966094817586,0.5477187066358727,0.7230948543327246,0.6362840133380018,0.2543083478649456,0.11567552909849205,0.015684032812714577,0.6362736225128174,0.0036363338585942984,0.0,0.0,0.0,0.42870510673049605,0.030048928799224085,-0.038018595427274704,0.7121588089330024,0.03399884294129253,0.057894161320121755,0.005263514230621942,0.0025892049110034492,0.0,0.13895781637717122,1.0,0.05459057071960298,1.0,0.0
93,1852856207,15.315992624499163,-750.327648815952,1.4912872828808998,1000,False,False,False,33.33292831528307,0.1581525322048025,-47.74325144462322,0.07849478614664437,0.36816371020836053,0.07865183676061577,0.11371550397963012,0.018177689963529028,0.009989738464355469,0.07736482471227646,0.014170226640999317,0.514,0.089,0.574586495757103,0.5575794719625264,0.5718806737288833,0.14917299151420593,0.977,0.010636388414620135,0.02306197645095572,0.0007028066512259588,0.0014912872828809012,0.0,0.011,1.0,0.357,1.0,0.0
94,1995117280,220.60254372870853,-245.38136674465804,0.9097278209467332,556,True,False,False,34.35377296472058,0.17498196759096551,-55.12972572067856,0.13368271795848424,0.5491457020363588,0.13369340995712886,0.18467734106505979,0.0,0.00977315939962864,0.13363981246948242,0.0037852858658879995,0.18884892086330934,0.0,0.0,0.46752674177754044,0.0,-0.04851154237985611,0.8057553956834532,0.01727803649449304,0.03376877210603797,1.040297300733406e-08,0.0016362011168106704,1.0,0.1474820143884892,1.0,0.08093525179856115,0.0,0.0
95,1132105043,4.521791014168412,-1074.965578921755,2.118974739871848,1000,False,False,False,22.344037594584123,0.16336032104940787,-61.336036587625046,0.3663803793519715,0.6440151593155711,0.3706464645342074,0.16162979627271634,0.0723394636500717,0.014607524499297142,0.3703967034816742,-0.013604547828435898,0.0,0.0,0.5476483330130577,0.5536791816251353,0.545642122104764,0.09529666602611542,0.988,0.01540462230181189,0.036430281009130795,0.0005679568132365524,0.0021189747398718518,0.0,0.0,0.0,0.378,1.0,0.0
96,1226917952,190.54539694450807,-305.1385725090001,0.9640879389070173,682,True,False,False,61.04076961552983,0.18274423670442558,-32.32923897834842,0.06307071483014642,0.3295735523498623,0.06308256725377273,0.1018211195343039,0.0,0.0002096176176564768,0.06307773292064667,0.000780961534474045,0.5381231671554252,0.25219941348973607,0.0,0.5536671740732148,0.2148316904902458,-0.04981482774019241,0.9530791788856305,0.012649625066388576,0.014494056087795557,0.0,0.0014136186787492913,1.0,0.04838709677419355,1.0,0.4281524926686217,0.0,1.0
97,1188830806,207.48461372945454,-249.40913632186118,0.8915075001026312,557,True,False,False,30.103921445829418,0.18214725534390463,-62.962295967140015,0.07816715809027786,0.47600089799139644,0.07819489645448492,0.1746447654735632,0.0,0.008857536129653454,0.07818107306957245,0.0014702534535899758,0.34111310592459604,0.09694793536804308,0.0,0.5392639180361101,0.13646342366933822,-0.05289500579237938,0.9174147217235189,0.003458162789218053,0.03189855428677413,7.802229755934226e-09,0.001600552064816215,1.0,0.07001795332136446,1.0,0.10233393177737882,0.0,1.0
98,560171774,221.613423536811,-129.92271505343592,0.6833522771804951,493,True,False,False,39.754405270245094,0.12252266354994715,-23.49282774425599,0.016071403619052557,0.5177653176064999,0.016094014461543845,0.15024812610096863,0.0,0.00015630721463821828,0.01609220542013645,0.0002413010661257431,0.34279918864097364,0.2535496957403651,0.0,0.5267383428517177,0.2698564678430557,-0.0515192486345768,0.896551724137931,0.00747234107903096,0.015230630235587383,7.802229755500545e-09,0.0013861100957007998,1.0,0.056795131845841784,1.0,0.07910750507099391,0.0,1.0
99,1425889133,199.83988285828377,-141.79119416555835,0.6632221540476843,501,True,False,False,26.14297910556994,0.13440123518358088,-43.044628929796495,0.035741998647078436,0.49794774066101766,0.03575545584648312,0.1338595331034284,0.0,0.00011301040649414062,0.03575534746050835,-8.80384468473494e-05,0.3852295409181637,0.18363273453093812,0.0,0.5262693593728388,0.18405728101730345,-0.050300922244787216,0.8982035928143712,0.010872942918223449,0.017281609094391297,1.3003716260034937e-08,0.001323796714666037,1.0,0.0718562874251497,1.0,0.19560878243512975,0.0,1.0
100,2122019934,38.147671508335094,-1307.698102815064,2.6516915486467987,1000,False,False,False,60.333787854836665,0.20519560674649326,-44.263929175914896,0.1101431955385774,0.29120442202150015,0.1101431955385774,0.09160768748211214,0.04664190903969898,0.007999420166015625,0.1101316437125206,0.0015951729146763682,0.602,0.0,0.5318364538252354,0.492572568894946,0.5589391876012086,0.06367290765047073,0.849,0.016370020797708867,0.020356199804180186,0.0016381145476969446,0.0026516915486467997,0.0,0.151,1.0,0.552,1.0,0.0
101,2067582123,181.84004607163368,-283.51254692519905,0.9053451859936651,634,True,False,False,31.311972160976275,0.15268462300167193,-47.026921565632485,0.09098241474734373,0.4447870839807248,0.09350850058188033,0.11552535386743898,0.0,4.444122168933973e-05,0.09349851310253143,0.0013666487066075206,0.41798107255520506,0.15772870662460567,0.0,0.5332092173362286,0.23643106520175933,-0.04913923889398575,0.9211356466876972,0.014655984052627023,0.020616553852998508,2.6007432527008767e-09,0.001427989252355939,1.0,0.04889589905362776,1.0,0.3264984227129338,0.0,1.0
102,1591649070,189.0369819155603,-352.9145825603093,1.0516231289517377,807,True,False,False,36.22569023035493,0.1861034561975528,-58.82543720382384,0.018447599905304216,0.3966579949256778,0.022065071035084795,0.15601476176927617,0.0,0.0056434632278978825,0.022050190716981888,0.0008102154824882746,0.43866171003717475,0.2874845105328377,0.0,0.542621469363392,0.200860869087046,-0.05176857113838196,0.9491945477075588,0.007062080332881278,0.02947299753647716,2.600743251833515e-09,0.0013031265538435426,1.0,0.042131350681536554,1.0,0.22924411400247832,0.0,1.0
103,604745017,214.38393909235012,-155.88991425651272,0.7207077066977268,496,True,False,False,33.48158196133026,0.17745062389816177,-57.23004997456287,0.0056726901696862115,0.4541725503325409,0.00567749189084829,0.15395755950483528,0.0,0.00396041851490736,0.005676555447280407,0.00010311364894732833,0.39919354838709675,0.2963709677419355,0.0,0.5486796663800863,0.3137921707332134,-0.05127345770597458,0.9233870967741935,0.008153576515538765,0.023270164498950714,2.6007432527008767e-09,0.0014530397312454146,1.0,0.05040322580645161,1.0,0.19959677419354838,0.0,1.0
104,532366249,175.69602003647032,-299.04063051544983,0.9239133011038408,639,True,False,False,24.28026799799025,0.16615674820789045,-60.794855836672106,0.00026976664075856644,0.37112922431730094,0.0011144384306668639,0.10865166681190659,0.0,7.629394644936838e-07,0.0010833740234375,0.0002612924436107278,0.5226917057902973,0.23943661971830985,0.0,0.5392324325959424,0.23861813351511954,-0.051211994141340256,0.9311424100156495,0.008445664039616873,0.014459185837137416,3.9011148773165916e-09,0.0014458737106476387,1.0,0.050078247261345854,1.0,0.38967136150234744,0.0,1.0
105,320993646,197.1964672578498,-211.16615258356705,0.7943252396828336,560,True,False,False,31.650240410674336,0.1402096478339657,-40.44739333942781,0.048424593566314574,0.4836127911823358,0.048452337670531614,0.1294037598550467,0.0,0.0002635002019815147,0.04843902587890625,0.0011356925824657083,0.28214285714285714,0.15535714285714286,0.0,0.528669897423658,0.22134891495108605,-0.05025937035679817,0.9089285714285714,0.011666854905939663,0.018093448490442098,2.6007432527008767e-09,0.0014184379280050598,1.0,0.055357142857142855,1.0,0.10357142857142858,0.0,1.0
106,108442288,170.89648375514076,-390.30098654066404,1.0890749405916087,833,True,False,False,30.706422907718824,0.17570230078476157,-59.14426494700572,0.09497063663936367,0.40773927926179726,0.0949981062318148,0.13045060320721968,0.0,0.009425163269042969,0.09499569237232208,0.0006772136548534036,0.4789915966386555,0.04561824729891957,0.0,0.5343716452720672,0.17533403724431992,-0.05293729901313782,0.9387755102040817,0.0024539428362515647,0.030617273909155314,7.802229756367907e-09,0.0013074128938674772,1.0,0.04321728691476591,1.0,0.36614645858343337,0.0,1.0
107,1663943033,213.6893690981612,-171.63161746434542,0.7489219731250137,543,True,False,False,38.6899595891267,0.15860724074177188,-42.6051309461342,0.05371658295496499,0.5017147791020404,0.05455971682623471,0.1422589126922157,0.0,6.628036499023438e-05,0.05455951765179634,0.00014742375060450286,0.3370165745856354,0.15837937384898712,0.0,0.5325335127859578,0.29224440902471543,-0.04989369213581085,0.9097605893186004,0.012106273885059485,0.0211214297513873,2.6007432527008767e-09,0.0013792301530847386,1.0,0.049723756906077346,1.0,0.09760589318600368,0.0,1.0
108,1318116718,224.4007812330966,-156.3036917517369,0.738848945969667,564,True,False,False,32.450555293074004,0.15991536884850382,-49.50022228556105,0.11904066486301064,0.6016363600169553,0.11908013864088993,0.19789872560827568,0.0,0.00940084457397461,0.11907748878002167,0.0007944083190523088,0.18971631205673758,0.0,0.0,0.5209232020193499,0.12767625361680984,-0.05324358865618706,0.8900709219858156,0.0009730681690204404,0.03983134456904037,1.3003716260143357e-08,0.001310015861648345,1.0,0.07092198581560284,1.0,0.05851063829787234,0.0,0.0
109,821091633,221.81271329559394,-67.2306651617009,0.5617667569145899,408,True,False,False,39.732144381694894,0.14718868829627993,-35.82907221085183,0.0957671298604266,0.5616971249422993,0.09579440680843994,0.18557520988568565,0.0,0.00655021658167243,0.09579286724328995,0.0005431032041087747,0.25980392156862747,0.09313725490196079,0.0,0.5455590489904816,0.19275089453905822,-0.04890692979097366,0.9142156862745098,0.014831932135856643,0.025656120497194228,5.20148650366703e-09,0.0013768793061632106,1.0,0.0857843137254902,1.0,0.08333333333333333,0.0,1.0
110,1164182530,172.22855392732313,-378.9950264882719,1.0756071608311881,671,True,False,False,25.194971489064265,0.18046702316952995,-67.03618371438422,0.03283421516844291,0.36724764892773065,0.03301645939297279,0.10733591831142777,0.0,0.004687023349106312,0.03301201015710831,-0.0005420112865976989,0.4783904619970194,0.39046199701937406,0.0,0.5401583013383099,0.20446446973830462,-0.051667921245098114,0.9374068554396423,0.0064182799947432,0.017434946275951654,2.6007432527008767e-09,0.0016029912978110133,1.0,0.046199701937406856,1.0,0.4262295081967213,0.0,1.0
111,628265277,175.1705016265623,-325.4541321785179,0.9791292676101591,553,True,False,False,19.74566643391071,0.12414556018271289,-44.31939942700371,0.08314251419358164,0.43775655023487936,0.08831123051988397,0.1284024880435075,0.0,0.002629184629768133,0.08830032497644424,0.0013878202298656106,0.39783001808318263,0.22784810126582278,0.0,0.5389361877994743,0.21613884009420872,-0.04928326606750488,0.9150090415913201,0.014308848546690624,0.015321996653679788,7.802229756367907e-09,0.0017705773374505612,1.0,0.05786618444846293,1.0,0.2694394213381555,0.0,1.0
112,691927298,226.00061618156036,-337.25876334621387,1.1029187590555494,590,True,False,False,34.1368029974055,0.17131259387828518,-53.514175372610666,0.01204306944938975,0.5533806177773937,0.012070595447640211,0.20115249587308118,0.0,0.01045989990234375,0.012018108740448952,0.0011244273046031594,0.21016949152542372,0.1440677966101695,0.0,0.5011546241997552,0.0,-0.05111895874142647,0.8898305084745762,0.009266195284703432,0.0382419528208448,3.901114879051315e-09,0.00186935382890771,1.0,0.09322033898305085,1.0,0.05593220338983051,0.0,1.0
113,2053975493,14.869520663563232,-1063.3210490967003,2.1163811395205268,1000,False,False,False,24.514967570249308,0.1642926130839519,-59.63125262923207,0.3355789459041817,0.6080566510922274,0.37257527621616604,0.15301523843366288,0.029967349056105833,0.013823604211211205,0.3688090443611145,-0.052841510623693466,0.0,0.0,0.5140202362090349,0.5531484524430708,0.5524118369817734,0.02804047241806984,0.989,0.008745049249260178,0.033529574511168656,0.0015094395243736682,0.0021163811395205267,0.0,0.0,0.0,0.347,1.0,0.0
114,1576210418,201.16397176281336,-350.879567139712,1.07388707780505,755,True,False,False,68.47924847938292,0.20482614433731278,-35.93281070683398,0.013035474236519958,0.2923527965280217,0.017110560427076583,0.12683754204905626,0.0,0.0001237869291799143,0.017084598541259766,0.0009422159055247903,0.5986754966887418,0.3456953642384106,0.0,0.5587153030329673,0.2056199361383915,-0.0509636215865612,0.9562913907284768,0.009605804239668454,0.02676750650843501,2.6007432527008767e-09,0.0014223669904702648,1.0,0.045033112582781455,1.0,0.2675496688741722,0.0,1.0
115,1189256947,177.24017681805404,-363.96630689472,1.052972967425548,736,True,False,False,31.305630154106954,0.17051604847931073,-55.95116796486254,0.024326792480627777,0.3523611353783526,0.030657830713646632,0.12851813817160565,0.0,0.00012283325486350805,0.03063220903277397,0.0012531375978142023,0.561141304347826,0.4266304347826087,0.0,0.5484617376363452,0.2751353260874748,-0.05071728304028511,0.9415760869565217,0.010485337896728017,0.025496910731282855,5.20148650366703e-09,0.0014306697926977556,1.0,0.036684782608695655,1.0,0.2907608695652174,0.0,1.0
116,1892270804,198.1045420526526,-199.97971662911422,0.7730485173635332,578,True,False,False,37.142367159930394,0.1409421705818671,-35.32271783779417,0.07315517338027873,0.5023713044733259,0.07318301382973777,0.1359076831512101,0.0,0.006320095155388117,0.07317380607128143,0.0011608696077018976,0.3460207612456747,0.1903114186851211,0.0,0.5434863526796259,0.294730626642704,-0.04963532090187073,0.9567474048442907,0.01330835562135075,0.018541461518997656,5.20148650366703e-09,0.00133745418228985,1.0,0.04498269896193772,1.0,0.15051903114186851,0.0,1.0
117,1513690440,194.9739387787879,-186.9312267195285,0.741730330996632,552,True,False,False,30.534272758799354,0.13235811900619984,-37.63699459233895,0.09254724964265393,0.48917638373533223,0.09256081548924364,0.14801564530030692,0.0,0.005378150846809149,0.09255962073802948,0.00047029019333422184,0.26811594202898553,0.09420289855072464,0.0,0.5367454075645925,0.09215982781723142,-0.048978567123413086,0.9221014492753623,0.014618858442704287,0.026277903791304052,5.20148650366703e-09,0.0013437143677475232,1.0,0.07608695652173914,1.0,0.08876811594202899,0.0,1.0
118,1824683614,193.28910716867543,-215.956462054339,0.7921711384460283,658,True,False,False,26.264777598398474,0.13649528121801174,-43.98017774010677,0.09104618042411948,0.5326931429633079,0.09107364457939517,0.1633035492639761,0.0,0.008061980828642845,0.09107150882482529,0.0006237125489860773,0.2857142857142857,0.08206686930091185,0.0,0.5287779436116234,0.22879402382299305,-0.049050141125917435,0.9270516717325228,0.014515472396577944,0.030807115176905597,2.6007432527008767e-09,0.0012039075052371266,1.0,0.0486322188449848,1.0,0.12006079027355623,0.0,1.0
119,2047160467,172.56731117814763,-388.31561890359654,1.0909258601634886,771,True,False,False,54.806674614801366,0.19525781406620996,-44.82136990653336,0.03963061652107386,0.2721934801828759,0.042945546040985084,0.09739179198935113,0.0,0.0001162529006251134,0.042931556701660156,0.0010960674844682217,0.6705577172503242,0.4708171206225681,0.0,0.5618346829629285,0.28322081588208675,-0.05038640648126602,0.9675745784695201,0.011303633802989457,0.015817106900552783,0.0,0.0014149492349721001,1.0,0.03372243839169909,1.0,0.5317769130998703,0.0,1.0
120,1858857521,11.592016105819415,-1018.413976617847,2.0200119854473324,1000,False,False,False,38.87547480241046,0.13237493005869064,-29.31190388444005,0.10317501265082694,0.3449612062296357,0.1395374080736656,0.08480992688100891,0.04078766809331594,0.00012474060349632055,0.1393352448940277,0.007508513983339071,0.638,0.0,0.5828461870551109,0.5177923587793485,0.5640112478286028,0.16569237411022186,0.903,0.007995318687909458,0.01749691657149316,0.0009426706006174807,0.0020200119854473313,0.0,0.072,1.0,0.561,1.0,0.0
121,1998266415,197.28350180890408,-331.68446826246065,1.0298159401427298,703,True,False,False,69.07145000396845,0.20520402335861376,-35.52885334521987,0.0351124915229829,0.28387057845984914,0.03811427493744764,0.10574125763574309,0.0,3.709793236339465e-05,0.038114260882139206,3.273248512414284e-05,0.6017069701280228,0.4566145092460882,0.0,0.5617460510739858,0.29101857379078866,-0.05027097836136818,0.9630156472261735,0.0110239550751526,0.01744329457961512,5.20148650366703e-09,0.001464887539321094,1.0,0.03840682788051209,1.0,0.39544807965860596,0.0,1.0
122,855061123,25.047073671163304,-655.6234188489417,1.3213409850402102,1000,False,False,False,39.780111485774405,0.18259644069491504,-53.518022519188065,0.14274511685137006,0.444543700766135,0.1497806196667869,0.13352010687078159,0.023346596511665162,0.012740707024931908,0.11155090481042862,0.09995313733816147,0.418,0.0,0.5734984949231148,0.5607788584333612,0.5479137804359198,0.14699698984622955,0.999,0.012211836753287778,0.02572415884162693,0.001062784627340883,0.0013213409850402096,0.0,0.0,0.0,0.31,1.0,0.0
123,666881269,217.0526656108908,-162.74636716546345,0.7374780655527097,553,True,False,False,41.50722717766375,0.12058118907264236,-20.775653128215502,0.03966675056673955,0.5012676593172947,0.039672185748912896,0.14868643422026684,0.0,0.002228641416877508,0.039672184735536575,-8.966922905528918e-06,0.38698010849909587,0.17721518987341772,0.0,0.522932492396971,0.17426351634785534,-0.05022450163960457,0.8896925858951176,0.011128201967295364,0.01731461111906082,1.040297300733406e-08,0.0013335950552490214,1.0,0.06690777576853527,1.0,0.1410488245931284,0.0,1.0
124,1841569995,204.19131626086312,-135.80330767240687,0.6591492478665401,521,True,False,False,26.732802394789946,0.12094037653024449,-35.726745263878044,0.004482454225487774,0.4746977863608074,0.00448321609778144,0.1407668189950901,0.0,0.002807521726936102,0.004475307650864124,-0.0002661728940438479,0.33589251439539347,0.2072936660268714,0.0,0.5039882620889514,0.0,-0.0509735606610775,0.8656429942418427,0.00882967288338056,0.01310962189051188,1.3003716263504383e-09,0.0012651617041584255,1.0,0.10748560460652591,1.0,0.10748560460652591,0.0,1.0
125,790141216,-10.391559116184354,-302.4194764263264,0.566295834620284,444,False,True,False,26.691531932045006,0.1589554031596726,-54.76309918019445,0.3656450464136391,0.7378003846633429,0.3656450464136391,0.21598592725823715,0.03031345127212961,0.01005849801003933,0.3475041389465332,0.11374169588088989,0.0,0.0,0.5100114699453115,0.5249422894436672,0.4063078755210154,0.020022939890623093,0.9166666666666666,0.06858125625793518,0.05469563631250669,0.0017821020971023477,0.001275441068964604,0.0,0.0,0.0,0.19594594594594594,1.0,0.0
126,1554612623,167.37232318124722,-227.44439266260397,0.7655934316877039,601,True,False,False,14.780016929666077,0.1488932652663247,-61.66185378509956,0.012358785254417757,0.3717341828203143,0.012773915207927459,0.1137189703266903,0.0,4.2629242670955136e-05,0.012764548882842064,-0.000489082362037152,0.4925124792013311,0.37603993344425957,0.0,0.5409390932861746,0.18450095593929292,-0.051285337656736374,0.9317803660565723,0.007719489710271419,0.011555424284722364,5.20148650366703e-09,0.0012738659429079927,1.0,0.06156405990016639,1.0,0.30449251247920134,0.0,1.0
127,722591304,158.4358275395818,-459.1498609741069,1.2034513770273783,793,True,False,False,43.798698223824104,0.18463462286861984,-50.51792179466695,0.03247145583868695,0.269079866584972,0.049670942235606946,0.0937021833384957,0.0,0.003292656037956476,0.049668408930301666,0.0005016541690565646,0.639344262295082,0.47793190416141235,0.0,0.5551492138712903,0.2283919437788427,-0.0522100068628788,0.9621689785624212,0.005305864408645097,0.01734687628977645,5.201486504534392e-09,0.0015175931614468821,1.0,0.03783102143757881,1.0,0.4968474148802018,0.0,1.0
128,522677125,205.21673258570956,-233.58669688926568,0.8510068589499495,665,True,False,False,42.051612908945444,0.11452341366749799,-17.207591077220428,0.02154427867152688,0.475269245728918,0.021547614448829716,0.1250960545071523,0.0,0.0032189369667321444,0.021523188799619675,0.0010256862733513117,0.45263157894736844,0.12180451127819548,0.0,0.5235804814131076,0.305626614689827,-0.050880394876003265,0.9218045112781955,0.009894120035845303,0.010812337087859773,7.802229754633183e-09,0.001279709562330751,1.0,0.039097744360902256,1.0,0.281203007518797,0.0,1.0
129,1278831500,34.819988464214745,-789.9376088869205,1.609515194702272,1000,False,False,False,62.07876891110058,0.2098119067167934,-44.82709810480122,0.11125674804117319,0.37338115897956514,0.11374238867391058,0.1169130172231004,0.027399687216985262,0.012881088070571423,0.1030040755867958,0.04824408143758774,0.27,0.0,0.5321460030972958,0.5697000718947965,0.5586612257361412,0.06429200619459152,1.0,0.003865399521151437,0.025074316183128935,0.001071124560764333,0.0016095151947022699,0.0,0.0,0.0,0.388,1.0,0.0
130,1144861349,239.42652379665526,-96.96531027428271,0.6551436681418757,441,True,False,False,70.12518771711183,0.18848073038600796,-26.09140081777244,0.07505956014599857,0.4249492425511581,0.07506794974999491,0.16198906056551546,0.0,0.006026935763657093,0.07506704330444336,0.0003689026925712824,0.30385487528344673,0.16780045351473924,0.0,0.5643343214249733,0.22191896300762892,-0.049418602138757706,0.9297052154195011,0.01345892435155543,0.02470682549221715,0.0,0.001485586549074548,1.0,0.07256235827664399,1.0,0.10204081632653061,0.0,1.0
131,1491593176,181.04841297362725,-213.1612232117945,0.7665392723708436,547,True,False,False,18.648898159389425,0.13823632583891307,-52.46107103399974,0.0030149361884462514,0.4118427323746157,0.003040140946780025,0.12181199614457142,0.0,0.0012272835010662675,0.002764797303825617,0.0012642598012462258,0.44972577696526506,0.17184643510054845,0.0,0.5413050033653359,0.2549002407491207,-0.05135522782802582,0.926873857404022,0.00865482296398911,0.009377403920383472,6.501858130017468e-09,0.00140135150342019,1.0,0.054844606946983544,1.0,0.30347349177330896,0.0,1.0
132,557018988,198.43174939742292,-249.9060035487036,0.8697155058922533,674,True,False,False,36.131093896763765,0.18116199230542968,-56.44761586151603,0.026113462051649324,0.4293093999101408,0.026140247357720765,0.15739788551692926,0.0,0.009930610656738281,0.026137351989746094,-0.0003890538355335593,0.3353115727002967,0.15875370919881307,0.0,0.5474783425932358,0.28128989949822425,-0.05157287418842316,0.9540059347181009,0.006852528046092172,0.03540165287016518,7.802229756367907e-09,0.0012903790888609088,1.0,0.04154302670623145,1.0,0.1142433234421365,0.0,1.0
133,640140407,189.52523787235845,-227.9972724383831,0.810245020621483,620,True,False,False,31.481563642023254,0.12958303347886194,-35.30601894983925,0.07459477803381842,0.4524335631974243,0.074596591573446,0.12800509495622855,0.0,0.0031585693359375,0.07459602504968643,0.00029072523466311395,0.432258064516129,0.12258064516129032,0.0,0.5235148766874186,0.12365939676761627,-0.049414314329624176,0.9032258064516129,0.013430086010005289,0.016570820700952178,0.0,0.0013068468074540049,1.0,0.06612903225806452,1.0,0.31290322580645163,0.0,1.0
134,1968042066,252.54037682283686,-95.68519620222432,0.6801711460501224,407,True,False,False,76.65593044934027,0.22483455420558415,-37.727884476084895,0.1592756200625921,0.5093087964443951,0.1592929061571813,0.18858738276360448,0.0,0.010921383276581764,0.15922442078590393,0.004670522175729275,0.18181818181818182,0.0,0.0,0.5531560648873411,0.14140877828001977,-0.047942958772182465,0.9066339066339066,0.018971708119539858,0.03522277611766971,1.040297300733406e-08,0.0016711821770273264,1.0,0.09582309582309582,1.0,0.09336609336609336,0.0,0.0
135,165207007,157.31990348699054,-537.0763080334618,1.3506724230409088,953,True,False,False,30.047445981803218,0.11982541760300383,-31.86512434499419,0.07395937693626164,0.44876107881965016,0.07398531032631941,0.12952177006309118,0.0,0.007548809051513672,0.07398233562707901,0.0006634449819102883,0.4060860440713536,0.0912906610703043,0.0,0.5289158678712794,0.15800396036356687,-0.049509014934301376,0.9328436516264428,0.013377688835706631,0.023662724690418715,1.040297300733406e-08,0.001417284809067059,1.0,0.04197271773347324,1.0,0.28226652675760755,0.0,1.0
136,690747577,1.1041096743196162,-995.3788996653858,1.9529660186794133,1000,False,False,False,32.022020487051485,0.16156974594796678,-50.762766144436846,0.1726910587584236,0.4176198297683703,0.1726910587584236,0.1042911135026032,0.08905233210283033,0.009588909335434437,0.1726878136396408,-0.0010586762800812721,0.028,0.0,0.5309469737112522,0.5652933091931045,0.552060789167881,0.061893947422504425,0.991,0.028732735769648316,0.02623625152835044,8.686222387456824e-05,0.0019529660186794137,0.0,0.0,0.0,0.479,1.0,0.0
137,209569456,2.735310930618988,-674.4446333293793,1.3143598885199923,1000,False,False,False,34.75244165071694,0.17311778225349586,-53.80636313353622,0.015297652641516757,0.2774286686066508,0.015297652641516757,0.0871576124538414,0.040982946168101574,4.482269105210435e-06,0.013089751824736595,0.00791685376316309,0.637,0.487,0.5846221819519997,0.564862742759753,0.6025233116745948,0.16924436390399933,0.998,0.0008239334236263486,0.015960872096285387,0.001229246418285496,0.0013143598885199943,0.0,0.0,0.0,0.563,1.0,0.0
138,1589154634,202.9823862802238,-230.67140834257327,0.8430675892455931,606,True,False,False,49.94686398152893,0.18830485968085786,-46.20103732188633,0.006421174134466496,0.3507916692513327,0.00644800520103245,0.11684010431802454,0.0,7.81059279688634e-05,0.006312847137451172,0.0013132905587553978,0.44884488448844884,0.32673267326732675,0.0,0.5544154994103676,0.2265957374125719,-0.05128839239478111,0.9504950495049505,0.008884825545154745,0.017601860472453316,2.6007432527008767e-09,0.001391200642319462,1.0,0.04950495049504951,1.0,0.3564356435643564,0.0,1.0
139,155525746,234.29613539576528,-120.38949622333321,0.6903312632381974,476,True,False,False,54.28462811481545,0.19856564751429695,-46.98147000698414,0.05263142838312681,0.4645492808371996,0.05279195795308423,0.17515976886947282,0.0,0.009487438015639782,0.052774619311094284,0.0013529157731682062,0.3172268907563025,0.19117647058823528,0.0,0.5579458734317988,0.28818991497159,-0.05246257036924362,0.9453781512605042,0.005067233861740851,0.03241172042238017,2.600743251833515e-09,0.0014502757631054564,1.0,0.05672268907563025,1.0,0.11974789915966387,0.0,1.0
140,640181559,3.0481656768155148,-258.0509006162651,0.5050781325861611,428,False,True,False,30.595103508035635,0.12244546838665427,-32.60053542774612,0.3711842331606774,0.8393150169454289,0.3711842331606774,0.231518456206884,0.03358129589456376,0.008593273349106312,0.35548487305641174,0.10680936276912689,0.0,0.0,0.5162440538406372,0.5162948460205132,0.4064067406416871,0.032488107681274414,0.9018691588785047,0.0699485814182307,0.04659382843612951,0.0001694020124642509,0.00118008909482748,0.0,0.0,0.0,0.0514018691588785,1.0,0.0
141,643961845,201.95742519011537,-149.78083618022237,0.6799565227406753,588,True,False,False,26.494781896808345,0.18343149659021432,-67.21553984067585,0.4104424010324816,0.8092191452232483,0.4323046916714951,0.2591387527016754,0.0,0.015605258755385876,0.4200388789176941,-0.1022481620311737,0.0,0.0,0.0,0.5325154270112081,0.15195520000823307,-0.02667619287967682,0.9183673469387755,0.00770410436337822,0.05289557240098091,2.600743251833515e-09,0.0011563886441167954,1.0,0.05782312925170068,1.0,0.07482993197278912,0.0,0.0
142,292682900,183.73603553976864,-243.0097014927598,0.830411474065057,577,True,False,False,36.93743938988952,0.13224210295138875,-31.177551183573517,0.08990082730314364,0.3890393862155666,0.08990102471558592,0.121321137608981,0.0,0.0020931244362145662,0.08990011364221573,0.00040473698754794896,0.49220103986135183,0.09532062391681109,0.0,0.5462704321766592,0.09077080469578505,-0.049035873264074326,0.9272097053726169,0.014443810216639869,0.014429344401899387,0.0,0.0014391879966465448,1.0,0.07279029462738301,1.0,0.2755632582322357,0.0,1.0
143,1182809439,9.547329181551959,-800.2986572049414,1.5796919727729877,1000,False,False,False,21.29845856750805,0.14903368092729163,-55.21829555364294,0.14693991883494972,0.47763338664584637,0.15319040809559184,0.13638359380417936,0.01949599013876739,0.01051111239939928,0.15291205048561096,0.009230706840753555,0.249,0.0,0.5707489997148514,0.5565780377582705,0.5525789432600141,0.14149799942970276,0.99,0.0074141084870605585,0.026970496090041405,0.0009667281258845762,0.0015796919727729879,0.0,0.0,0.0,0.38,1.0,0.0
144,228694801,220.34745390275498,-157.0828103606591,0.734060528526828,520,True,False,False,43.909035663072466,0.17895705220511707,-47.558742352158625,0.017583232901081405,0.4073307822785416,0.017583709371615786,0.15537063085771827,0.0,0.008148002438247204,0.01758289337158203,-0.0001693987869657576,0.4403846153846154,0.25384615384615383,0.0,0.5354972752330538,0.045509808585047724,-0.05070490017533302,0.9096153846153846,0.009682305102426932,0.024103634043232156,0.0,0.0014116548625515923,1.0,0.08846153846153847,1.0,0.225,0.0,1.0
145,1978272775,227.96201801258147,-166.8951034501346,0.7683942429254321,533,True,False,False,65.17288012451759,0.2000137706669248,-36.824573536357995,0.07494743852039411,0.37762967792024094,0.07651078614954335,0.1603952801543562,0.0,0.00911025982350111,0.07650699466466904,0.0007616853690706193,0.4521575984990619,0.1801125703564728,0.0,0.562368324955167,0.279495290806517,-0.05270212143659592,0.949343339587242,0.003599254411012334,0.03209738171289166,5.201486504100711e-09,0.0014416402306293287,1.0,0.0525328330206379,1.0,0.17636022514071295,0.0,1.0
146,397925997,216.21718260152278,-123.15419512823404,0.6601027554595137,466,True,False,False,32.887255856225615,0.1328655140559129,-35.52700717919031,0.012541926082282617,0.5199833699025922,0.012569061247220657,0.15858582540660937,0.0,0.0023662566673010588,0.012543201446533203,0.0008058524108491838,0.34120171673819744,0.20815450643776823,0.0,0.5222581114136322,0.17730320330709218,-0.051035892218351364,0.8841201716738197,0.009313386421197339,0.013431347265054058,6.501858130017468e-09,0.0014165295181534632,1.0,0.07725321888412018,1.0,0.07081545064377683,0.0,1.0
147,1411496010,240.6562421170992,-145.3117041623138,0.7526958925588263,481,True,False,False,64.02843420597263,0.2072089322627979,-41.56012601263111,0.04740388787931448,0.44287608339135554,0.04740989966166592,0.17315561938043195,0.0,0.009044170379638672,0.047409821301698685,8.619785512564704e-05,0.3180873180873181,0.1787941787941788,0.0,0.548980355119476,0.15195212084800006,-0.05005721002817154,0.9230769230769231,0.011635577067219119,0.032760311146671085,5.201486505401753e-09,0.0015648563254861254,1.0,0.07692307692307693,1.0,0.07692307692307693,0.0,1.0
148,2040253396,158.89450706746442,-452.2517664976772,1.1883325471302866,849,True,False,False,31.299319325955974,0.1570296028670693,-49.21508827629674,0.0073240990297490614,0.3268576372337053,0.007335110225410694,0.10512775846785215,0.0,0.0001697540283203125,0.007291984744369984,0.0007942295051179826,0.6219081272084805,0.3321554770318021,0.0,0.5450115696504028,0.31001535326242446,-0.05115017667412758,0.9493521790341578,0.008970087011557687,0.01920440205028703,1.3003716263504383e-09,0.0013996849789520425,1.0,0.02944640753828033,1.0,0.36395759717314485,0.0,1.0
149,1288742939,233.95490919649592,-135.9792452078794,0.7201883088087511,492,True,False,False,61.995273380563354,0.2065417356715915,-43.26135328303785,0.08704105029605451,0.4389619744896737,0.08706851840290852,0.16091035550590196,0.0,0.009438800625503063,0.08706159889698029,0.0010976768098771572,0.34146341463414637,0.10365853658536585,0.0,0.5533487307952671,0.20045683443546294,-0.052932385355234146,0.9329268292682927,0.002923500040908183,0.031293370467279924,2.600743251833515e-09,0.0014637973756275414,1.0,0.06910569105691057,1.0,0.0975609756097561,0.0,1.0
150,655244913,40.396346536837505,-826.9822372834294,1.6947571676405295,1000,False,False,False,60.615005453278435,0.20881572876409166,-45.792772586272584,0.13512842330515476,0.37251419821788256,0.1449286569814731,0.11460785141454678,0.013591677449872172,0.012048053555190563,0.14490298926830292,-0.0027275108732283115,0.338,0.0,0.5340622700750828,0.5695208757203072,0.5442741856724024,0.06812454015016556,1.0,0.0077808002818806,0.024641047635691343,0.000769206227193551,0.0016947571676405326,0.0,0.0,0.0,0.352,1.0,0.0
151,882362124,193.10323361838238,-169.51393966387698,0.7038743465645186,534,True,False,False,28.07941867080446,0.16397227423981456,-55.897381093241854,0.027904549941163925,0.42088140013182546,0.028225074623125006,0.12948893155050456,0.0,0.0037287711165845394,0.028186608105897903,0.0014730787370353937,0.4250936329588015,0.2602996254681648,0.0,0.5544992880599245,0.3009720131754875,-0.052041180431842804,0.951310861423221,0.0066362164275910384,0.022629266399789183,1.040297300733406e-08,0.0013181167538661388,1.0,0.04681647940074907,1.0,0.21348314606741572,0.0,1.0
152,58072078,146.83345486251616,-568.9645374203504,1.3916759845657347,998,True,False,False,30.78077552511062,0.16769611124647263,-55.067192002528756,0.03777399339479181,0.3426007971621884,0.03780098315395432,0.1175445402489384,0.0,9.16481003514491e-05,0.03780097886919975,1.799821802705992e-05,0.6002004008016032,0.43687374749499,0.0,0.5378412300028385,0.14665585469454526,-0.050275251269340515,0.9448897795591182,0.011003855230929283,0.027763234511589754,5.201486505401753e-09,0.0013944649143945232,1.0,0.03707414829659319,1.0,0.34468937875751504,0.0,1.0
153,1413155358,153.6390712316032,-513.7607841905387,1.2978797108442843,923,True,False,False,39.6493412094916,0.19009089000951548,-57.395916591487975,0.019955790211010085,0.2908441007955768,0.02924283473313416,0.11047153341931758,0.0,0.009530830197036266,0.02922954596579075,0.0008814907050691545,0.6489707475622969,0.27302275189599134,0.0,0.5530046538240705,0.24439482133835555,-0.05192485824227333,0.9631635969664138,0.0065959686253942405,0.02162385698865274,0.0,0.0014061535328757154,1.0,0.032502708559046585,1.0,0.4322860238353196,0.0,1.0
154,1597085888,178.40783061448025,-341.3958241945536,1.0112473096180672,709,True,False,False,32.9395039404687,0.16130344010958278,-49.71060775542778,0.041709456055809016,0.36161683732400324,0.05859596787394634,0.1145812366060808,0.0,0.0044876099564135075,0.058589935302734375,0.00084079266525805,0.5232722143864598,0.4231311706629055,0.0,0.5357722787968735,0.18302838039584457,-0.052440378814935684,0.92524682651622,0.004723220548078517,0.019305841394171953,5.201486504534392e-09,0.001426300859828023,1.0,0.047954866008462625,1.0,0.34978843441466856,0.0,1.0
155,1660791654,163.73955631512212,-539.9962991165952,1.375751710863433,793,True,False,False,27.06000337395006,0.15033516871398242,-50.106889567222474,0.10125114275670309,0.4039560790301781,0.10126221678762462,0.12506154639602246,0.0,0.007843208499252796,0.10126085579395294,0.0005250072572380304,0.5800756620428752,0.0,0.0,0.5269065470385399,0.04614294415339828,-0.04875583574175835,0.9167717528373266,0.015196305368067499,0.020849859168899587,2.6007432509661532e-09,0.001734869748882011,1.0,0.07313997477931904,1.0,0.42118537200504413,0.0,0.0
156,547013947,23.59657198553332,-1192.8333360056647,2.392859815982401,1000,False,False,False,48.5612327083782,0.19944019584771402,-53.158778872984,0.1439886178821233,0.40741286100881957,0.1693261339041374,0.12898306430519005,0.08082127816984645,0.013013171963393688,0.16907672584056854,0.009186969138681889,0.391,0.0,0.5320032872259617,0.5453319261350552,0.5514306144788861,0.06400657445192337,0.961,0.02914477152306751,0.02834636907603135,0.001040869464327649,0.0023928598159823986,0.0,0.039,1.0,0.412,1.0,0.0
157,601119905,187.85532388924628,-208.73783422638823,0.7701063162312679,577,True,False,False,22.77529768214436,0.11433808204194384,-36.38768243659609,0.0033953647836646506,0.4502137498225789,0.015478630349300974,0.13904213162698248,0.0,0.0003836631658487022,0.015466404147446156,0.0006150936824269593,0.3379549393414211,0.23743500866551126,0.0,0.5239297496453509,0.06542869339697063,-0.05159197375178337,0.9133448873483535,0.007496480527710495,0.022322994290055763,1.0402973008201422e-08,0.001334672991735301,1.0,0.07625649913344887,1.0,0.07625649913344887,0.0,1.0
158,183930468,224.2195772608335,-221.6522287174773,0.8680636119566205,592,True,False,False,32.71956315925793,0.1586658798299416,-48.60816402611222,0.04883514315125998,0.5302391338507755,0.04883533314084896,0.19626063000730007,0.0,0.010430621914565563,0.04883527755737305,7.368087972281501e-05,0.24662162162162163,0.15878378378378377,0.0,0.4882746535064094,0.12650536707602442,-0.05001955106854439,0.8462837837837838,0.011730210311930752,0.03263576154711052,5.20148650366703e-09,0.0014663236688456432,1.0,0.10304054054054054,1.0,0.06925675675675676,0.0,1.0
159,76580041,29.435709827160526,-662.0049498050645,1.3428813192644484,1000,False,False,False,36.83552126938323,0.19037430408735712,-60.35154443180042,0.0378629897526662,0.35892242810719266,0.06402455651977022,0.12692017080735316,0.012524910292604278,9.35554489842616e-05,0.00950632058084011,0.06331487745046616,0.528,0.368,0.5509176217019558,0.5613841919335537,0.542621781565249,0.10183524340391159,0.991,0.0045467328106241,0.025707076541011332,0.000987625423007548,0.001342881319264448,0.0,0.0,0.0,0.331,1.0,0.0
160,1210587287,147.22137809507538,-507.86226214001806,1.2726872804701865,937,True,False,False,64.10092714251181,0.15680809041068497,-16.3029554303322,0.05001473822287569,0.23757761910154795,0.05004287666070526,0.08763203252310298,0.0,1.9931792849092744e-05,0.050035763531923294,0.0008437252254225314,0.7257203842049093,0.3820704375667022,0.0,0.5587407449099335,0.2456705942004919,-0.050156522542238235,0.9690501600853789,0.011782797340486808,0.01353445697515038,2.6007432509661532e-09,0.0013582575031698893,1.0,0.030949839914621132,1.0,0.4535752401280683,0.0,1.0
161,1017570162,24.458171557867995,-1180.8414082771556,2.3705991596700464,1000,False,False,False,29.686091649912886,0.1575346079496673,-51.081125982425846,0.28360640696107225,0.539914624749535,0.2847405155719439,0.13918325560400194,0.023733556373197105,0.012420272454619408,0.2847404479980469,0.00019616841746028513,0.0,0.0,0.5224268510937691,0.5545584179577417,0.5337612435780466,0.04485370218753815,0.98,0.007138447907548089,0.029782467104802417,0.0010505669857286577,0.0023705991596700447,0.0,0.0,0.0,0.476,1.0,0.0
162,34616325,188.72274274798104,-311.5762265075625,0.973637938511087,674,True,False,False,27.226033954888834,0.16353232619961725,-56.53784275048435,0.12611073624679434,0.47220674750090796,0.12611875426212374,0.13888989526952067,0.0,0.008081245236098766,0.12608709931373596,0.0028255200013518333,0.33086053412462907,0.0,0.0,0.513062818115439,0.0571339339017868,-0.05380535125732422,0.8916913946587537,0.0004349012442713654,0.030896055120045667,2.6007432520503554e-09,0.0014445666743487938,1.0,0.08902077151335312,1.0,0.28486646884273,0.0,0.0
163,680458915,207.39465674436644,-219.69900760005441,0.832067328688842,553,True,False,False,28.171267495073334,0.11740505916013674,-32.523547854553,0.08234735825998393,0.5801625833662546,0.08235365324403121,0.16686115272339555,0.0,0.0060829161666333675,0.08235111087560654,0.000647101376671344,0.22784810126582278,0.1410488245931284,0.0,0.5119391758639911,0.1693839797284454,-0.04928646236658096,0.895117540687161,0.0139345898893788,0.027457189824712194,0.0,0.0015046425473577607,1.0,0.06871609403254973,1.0,0.10488245931283906,0.0,1.0
164,1436385054,190.32366611948225,-280.5729669243998,0.9152332660877633,664,True,False,False,39.217672539476446,0.1346978719109601,-30.128735287131544,0.11076978076691182,0.4449448038422369,0.11219847417940888,0.12785926793384722,0.0,0.004225444979965687,0.11219044029712677,0.0013426518999040127,0.5,0.0,0.0,0.5375348012375433,0.24477992229163648,-0.04862431064248085,0.9186746987951807,0.01590290000184004,0.014537796147671901,0.0,0.0013783633525418133,1.0,0.045180722891566265,1.0,0.3810240963855422,0.0,0.0
165,1854016456,190.28896205304187,-199.77773763622537,0.7583333993785345,545,True,False,False,25.210192881803906,0.1642481230532427,-58.90550855292136,0.027457714357487985,0.4114758908374393,0.02958703458297829,0.13201338987566555,0.0,0.0044235228560864925,0.029557038098573685,0.0013319588033482432,0.41467889908256883,0.27339449541284405,0.0,0.5483595549222936,0.2698399005830288,-0.05203508958220482,0.9376146788990826,0.006554332676486672,0.024004150475924576,0.0,0.0013914374300523567,1.0,0.05137614678899083,1.0,0.1596330275229358,0.0,1.0
166,1424607714,9.305372172186667,-1190.227697821379,2.3590661399871347,1000,False,False,False,21.42576746782766,0.16524297011186828,-63.19563124561185,0.3913502903647692,0.6847747971802839,0.44164785433859,0.17140290670267855,0.004598991666116421,0.01535024680197239,0.4328044056892395,-0.08793846517801285,0.0,0.0,0.5757334157824516,0.550626888495055,0.542192003391683,0.15146683156490326,0.981,0.042031339904175576,0.03689906721548557,0.0007910940824026394,0.002359066139987133,0.0,0.0,0.0,0.409,1.0,0.0
167,1035259758,103.65549985324037,-534.7933666751192,1.2399777330567212,923,True,False,False,14.555367069075196,0.13012085825142095,-52.504874852857405,0.036693124034202475,0.26752066475482367,0.0733477462160882,0.08615345368001721,0.0,1.4209746950655244e-05,0.07333622127771378,0.0013002014020457864,0.7053087757313109,0.5027085590465872,0.0,0.5555296601553045,0.31346549704670906,-0.04966052249073982,0.9664138678223185,0.013314785959041394,0.0107017357981291,5.20148650366703e-09,0.0013434211625749943,1.0,0.027085590465872156,1.0,0.5243770314192849,0.0,1.0
168,1159502999,198.30470443166556,-299.0524097736526,0.9679542284106358,669,True,False,False,31.570965186311124,0.12528297304808236,-33.06811711232796,0.06770054448397429,0.507795514115271,0.06772208967391131,0.14705334658880645,0.0,0.0055939676240086555,0.06772174686193466,0.0002154803223675117,0.3213751868460389,0.22122571001494767,0.0,0.5109399351998203,0.1875793843716383,-0.049575578421354294,0.8938714499252616,0.012976182191343283,0.022013342108417325,5.20148650366703e-09,0.00144686730704131,1.0,0.07025411061285501,1.0,0.1898355754857997,0.0,1.0
169,895761983,210.40697200791917,-196.73616913513928,0.7911262822861167,579,True,False,False,35.973561191696085,0.15166390354425563,-41.85245029015464,0.008511661655347566,0.4855885866428685,0.008533086064284228,0.13144176325504572,0.0,6.952285912120715e-05,0.00850534439086914,0.0006875133258290589,0.37132987910189985,0.2469775474956822,0.0,0.5300652736199566,0.29868669047951696,-0.051465217024087906,0.917098445595855,0.00794483696101592,0.01954205279223376,2.6007432509661532e-09,0.0013663666360727391,1.0,0.044905008635578586,1.0,0.15025906735751296,0.0,1.0
170,800114759,213.2693761820905,-183.95674940613142,0.772732251176444,543,True,False,False,25.020672214098273,0.15111442370327913,-52.52800980191639,0.05275920514564884,0.5601553875338586,0.05278666781290382,0.19263301877671068,0.0,0.008082103915512562,0.05277957767248154,0.0008651470998302102,0.2430939226519337,0.1270718232044199,0.0,0.5039881699826589,0.0633549106027931,-0.05009285360574722,0.8858195211786372,0.011963820774172766,0.03110382060014859,5.20148650366703e-09,0.0014230796522586443,1.0,0.0865561694290976,1.0,0.06077348066298342,0.0,1.0
171,331813085,172.16009047427218,-493.9684786014297,1.295017138151402,931,True,False,False,32.092250521148344,0.17923948895641606,-59.52732121576703,0.021626772065065598,0.392287929180373,0.02236876416725498,0.1524064818968884,0.0,5.7506560551701114e-05,0.022320842370390892,0.0014634227845817804,0.5177228786251342,0.2588614393125671,0.0,0.547242543523557,0.2565605789422989,-0.050959039479494095,0.9516648764769066,0.009929590272688122,0.03162500053659328,6.501858130017468e-09,0.0013909958519349134,1.0,0.031149301825993556,1.0,0.24489795918367346,0.0,1.0
172,1765720776,211.8723538128658,-260.8519788757674,0.9165686653772669,722,True,False,False,26.5750014278649,0.1749943760207179,-62.920775213751206,0.09523522398960882,0.591847111072445,0.09526287983283852,0.2302253873389989,0.0,0.014591598883271217,0.095262810587883,-0.00011486053699627519,0.2742382271468144,0.05817174515235457,0.0,0.5419078261934613,0.25987510800361635,-0.05275117978453636,0.9376731301939059,0.0024795198457636587,0.04468052294431562,2.600743252267196e-09,0.0012694856861180973,1.0,0.04016620498614958,1.0,0.14681440443213298,0.0,1.0
173,1119702354,165.42096241544073,-283.2645938706237,0.8714911125721285,647,True,False,False,20.31338051982337,0.1435491434723139,-53.45819204759738,0.03935736762355144,0.39997404423299115,0.03938519875441327,0.10725720403784574,0.0,0.00015192032151389867,0.0393555648624897,0.0015275455079972744,0.4528593508500773,0.2302936630602782,0.0,0.537385684638178,0.22056638123933225,-0.05056776851415634,0.9304482225656878,0.0110514618361577,0.012819164984303242,2.6007432509661532e-09,0.0013469723532799507,1.0,0.04945904173106646,1.0,0.3029366306027821,0.0,1.0
174,2085610471,104.36083563148574,-1940.9195786283237,4.050560828519617,1000,False,False,False,25.970165784165253,0.18049576137391427,-66.27762856029699,0.3855053877475281,0.6106853793892001,0.40243167812546465,0.13525845301008452,0.01205327039425784,0.014263915829360485,0.4001547694206238,-0.042748287320137024,0.0,0.0,0.0,0.30007234070103733,0.01014953013509512,-0.04880306124687195,0.518,0.010769714867249666,0.029591232231724586,0.0011773772761402256,0.0040505608285196166,1.0,0.329,1.0,0.5,1.0,0.0
175,1933203818,180.03432577503844,-239.89475015269633,0.8165781518554713,582,True,False,False,27.830555340435957,0.15213735595060449,-50.23235877715083,0.03525542837151097,0.4086769675828951,0.03527259660338988,0.11653244893301706,0.0,1.106262243411038e-05,0.035271357744932175,0.0002956247190013528,0.47594501718213056,0.13917525773195877,0.0,0.5514904249225875,0.3203452178835869,-0.05039650574326515,0.9570446735395189,0.010826915614334826,0.013893752315095854,1.040297300733406e-08,0.0014030552437379214,1.0,0.0429553264604811,1.0,0.2422680412371134,0.0,1.0
176,326661076,-20.739209743193342,-690.8315196814375,1.300184619876488,1000,False,False,False,22.212834033296794,0.11969581515813138,-39.63498720327415,0.07017069284753899,0.3142165741208536,0.08509703385047396,0.09067149194117823,0.05319804586108918,0.004200649447739124,0.0728374496102333,0.04400239884853363,0.608,0.178,0.5946417227387428,0.5620365447860677,0.5984135487675667,0.18928344547748566,0.989,0.016663075148090914,0.014035916040798133,0.0003431823761933135,0.0013001846198764904,0.0,0.0,0.0,0.437,1.0,0.0
177,333569769,-124.54103264681326,-910.5428615686566,1.5331236578436849,972,False,False,True,23.564297111368965,0.1777385569809738,-67.30486697566181,0.5635029229471474,0.9033906513535067,1.0095545563660853,0.16659271409707502,0.031232554478480636,0.014013862237334251,1.0001673698425293,-0.13735222816467285,0.0,0.0,0.508680447936058,0.49092912504367986,0.39336362810397985,0.01736089587211609,0.9032921810699589,0.003959812677965368,0.04574807975513748,0.0015500010412252425,0.0015772877138309535,0.0,0.0,0.0,0.2808641975308642,1.0,0.0
178,1104070446,152.04726894244664,-370.9013835397238,1.0172973049643417,715,True,False,False,24.0659840241111,0.15273744027269273,-54.30122187426213,0.0911994746390351,0.3915196808988215,0.09122722541375432,0.09922102326367725,0.0,9.431839134776965e-05,0.09121465682983398,0.001514277420938015,0.4783216783216783,0.13706293706293707,0.0,0.5384220084228384,0.14836373656988144,-0.049231380224227905,0.9454545454545454,0.014499486928179338,0.014025296989133044,0.0,0.001422793433516561,1.0,0.05034965034965035,1.0,0.3132867132867133,0.0,1.0
179,1731446520,221.96257094647734,-178.7970732603156,0.7827592884135854,469,True,False,False,54.580352911062384,0.20419451375351264,-49.498959263225665,0.10730773507070272,0.40958004580156226,0.11018725353747535,0.15270540564349802,0.0,0.00746078509837389,0.11018724739551544,-3.67903703590855e-05,0.47547974413646055,0.0,0.0,0.5615575732603701,0.2256904314085841,-0.05294805392622948,0.9360341151385928,0.001559720343850987,0.027259959313365254,5.201486504100711e-09,0.001668996350562017,1.0,0.06396588486140725,1.0,0.32196162046908317,0.0,0.0
180,30398144,220.80664025642915,-314.2730592642488,1.0397593990413567,760,True,False,False,29.22271304897403,0.1739626504990958,-59.75764886435306,0.08585477496919998,0.6448748426437556,0.08599830957111736,0.2181888636808397,0.0,0.014500236138701439,0.08598680794239044,0.0014064526185393333,0.1723684210526316,0.06578947368421052,0.0,0.5320459599514786,0.20505695030093193,-0.05299120023846626,0.9223684210526316,0.0029742395664765784,0.039525047789328006,5.201486504100711e-09,0.0013681044724228359,1.0,0.04473684210526316,1.0,0.046052631578947366,0.0,1.0
181,601571461,206.58520259070198,-287.51337812818053,0.9611171614377656,677,True,False,False,62.8730644564526,0.19296002227773706,-35.60472819618201,0.06893658208647933,0.3795397538610876,0.06896423852644465,0.13142635164195135,0.0,0.00835638027638197,0.06895999610424042,0.0007649397593922913,0.4017725258493353,0.10487444608567208,0.0,0.5530315316915017,0.13595610577613115,-0.049660537391901016,0.9438700147710487,0.013040792455953477,0.027567388637141223,0.0,0.00141967084407351,1.0,0.056129985228951254,1.0,0.19202363367799113,0.0,1.0
182,1761571900,-13.946153516791014,-479.69463197815077,0.9071369569227195,609,False,True,False,31.959200219580993,0.18876061138903075,-64.41671143999854,0.18726225898263746,0.4993984646153572,0.20850168171555078,0.1787048600698882,0.024540022437827224,0.01127634011209011,0.20416393876075745,-0.042308833450078964,0.21674876847290642,0.0,0.5112285166978836,0.5244860179629693,0.38514861907984593,0.022457033395767212,0.916256157635468,0.025114534944044937,0.04085327041155299,0.0013734108995052778,0.0014895516534034808,0.0,0.0,0.0,0.3054187192118227,1.0,0.0
183,2037228746,200.51968305754272,-186.46931573066666,0.75281799757642,529,True,False,False,31.971808913608733,0.15829482867997605,-49.16578686322832,0.10340811302329064,0.4754934844464772,0.10925667654513734,0.13891840662481117,0.0,0.00428848247975111,0.10925646126270294,-0.0002168917708331719,0.4120982986767486,0.0,0.0,0.5355279871902399,0.26926220341585577,-0.05289425700902939,0.9149338374291115,0.0016263526863396346,0.024641472237342844,2.6007432520503554e-09,0.0014230964037361417,1.0,0.052930056710775046,1.0,0.2665406427221172,0.0,0.0
184,1125891444,173.47573481933796,-301.7583179816434,0.9210281056019629,736,True,False,False,30.48414098215741,0.11489169700233522,-28.960481398324276,0.03137950690375266,0.41686545698798794,0.0314072475391606,0.11405434247744005,0.0,0.004616737365722656,0.03139038011431694,0.0010291910730302334,0.39945652173913043,0.15760869565217392,0.0,0.530502415593456,0.1470768879354,-0.0506499819457531,0.9266304347826086,0.010543733685337484,0.01608468788859697,0.0,0.0012513968826113624,1.0,0.050271739130434784,1.0,0.23777173913043478,0.0,1.0
185,529454605,-16.857980013987927,-238.2830409367873,0.42801012184559895,371,False,True,False,22.45411796574714,0.16413320469317175,-61.564435066868846,0.7595205643867532,1.051660490675923,0.7595205643867532,0.3158449275187083,0.02416867764458879,0.01495981216430664,0.7406772375106812,0.16813303530216217,0.0,0.0,0.512562639079988,0.5371997856875164,0.44108169435057787,0.025125278159976006,0.9380053908355795,0.08476691946910898,0.07424012129982452,0.00014897057347630638,0.0011536660966188646,0.0,0.0,0.0,0.05390835579514825,1.0,0.0
186,881468436,177.96752630614213,-436.0246301914358,1.1949043129951544,827,True,False,False,27.40933400148569,0.1596321365455628,-54.40624298355395,0.09712983723125002,0.5196831973323707,0.097130597362455,0.15434609989948808,0.0,0.011237049475312233,0.09712934494018555,0.0004932499141432345,0.29383313180169285,0.05562273276904474,0.0,0.5263888884379113,0.12380219112616032,-0.048860806971788406,0.9383313180169287,0.0149222429452834,0.027964382336083032,0.0,0.0014448661583980112,1.0,0.04836759371221282,1.0,0.15840386940749698,0.0,1.0
187,519090013,209.8275221349206,-200.92807540228367,0.7988711950744073,566,True,False,False,35.40301724965772,0.17602394234724172,-54.60218452457407,0.008594080295390105,0.434022101965154,0.020282419727015343,0.1595064062035646,0.0,0.0003300666867289692,0.02025899849832058,0.000974438211414963,0.39045936395759717,0.2579505300353357,0.0,0.540700043889763,0.13044258005917073,-0.050898123532533646,0.9275618374558304,0.009812998302513781,0.032338076821611925,3.9011148773165916e-09,0.0014114332068452442,1.0,0.0706713780918728,1.0,0.08657243816254417,0.0,1.0
188,1945122004,233.27332404068727,-309.39250235533837,1.0597716527920502,639,True,False,False,31.10058798999238,0.18729444364075928,-64.54338356110426,0.13489399978314273,0.6442573545148877,0.13490525997975564,0.2274901555386883,0.0,0.014714622870087624,0.1348477303981781,0.003939387854188681,0.162754303599374,0.0,0.0,0.45393893028816595,0.0,-0.048507463186979294,0.8137715179968701,0.01735554514526168,0.03734437315892877,5.201486505401753e-09,0.001658484589658922,1.0,0.12206572769953052,1.0,0.06885758998435054,0.0,0.0
189,696915611,192.12616556107253,-299.9733312316723,0.9564789935854899,693,True,False,False,33.70239967285991,0.18297419932251852,-59.78281104105536,0.048855681261923876,0.40104211475084206,0.04905129774666434,0.16152260221181738,0.0,0.0002521514834370464,0.04904985427856445,0.00037630557199008763,0.44155844155844154,0.3333333333333333,0.0,0.5486269296305425,0.29649403125047685,-0.05007977411150932,0.948051948051948,0.011733837048395708,0.03158478322714529,5.20148650366703e-09,0.0013802005679444298,1.0,0.04040404040404041,1.0,0.08513708513708514,0.0,1.0
190,1488107244,198.2778498035622,-276.55192344013767,0.9249795464874003,617,True,False,False,39.325226308435454,0.18778378542561688,-56.56261183194863,0.047918905248973756,0.3762855403750914,0.055105711069243654,0.1435521805744513,0.0,0.008431816473603249,0.05510568618774414,5.2366256568348035e-05,0.4505672609400324,0.34521880064829824,0.0,0.5566378910531482,0.25351886232383547,-0.05219748616218567,0.9513776337115073,0.004982451582282096,0.028362294058069386,0.0,0.0014991564772891407,1.0,0.04700162074554295,1.0,0.3079416531604538,0.0,1.0
191,1286599432,192.07136025819938,-250.3907882341126,0.8606042969846229,608,True,False,False,28.50002920309869,0.15382915569883707,-50.41011022719279,0.0010506627785355949,0.41442621788706735,0.0010541581162058949,0.12300874869344,0.0,4.787445141118951e-05,0.000491237617097795,0.0009327030275017023,0.5131578947368421,0.37335526315789475,0.0,0.5405363981446595,0.2948865950107574,-0.05132982134819031,0.9292763157894737,0.008520157778770595,0.019008979619917127,5.201486505401753e-09,0.0014154675937247101,1.0,0.04276315789473684,1.0,0.3536184210526316,0.0,1.0
192,395508860,198.77264602854854,-119.13959314655823,0.6159044783502132,498,True,False,False,30.908817863463028,0.10460822122443073,-23.38188496782712,0.056099265337542004,0.48789047555228454,0.05610594238799478,0.13899087282358022,0.0,0.0032265663612633944,0.05610370635986328,0.0005009031156077981,0.3232931726907631,0.1927710843373494,0.0,0.5419234190151155,0.22148090615868568,-0.04993117228150368,0.9337349397590361,0.012196505371817058,0.01144630014909856,0.0,0.001236755980622919,1.0,0.06626506024096386,1.0,0.142570281124498,0.0,1.0
193,1782068829,-19.858849985878553,-917.0575841357362,1.7543974682997132,1000,False,False,False,25.483772507991635,0.15901837456864445,-56.02532843383585,0.5793697466151545,0.7857473430216548,0.773340434892867,0.14721226655151884,0.08767520718520319,0.012986850924789906,0.7730218768119812,-0.02219473384320736,0.0,0.0,0.5063780685886741,0.5135013627458975,0.41565755088813605,0.012756137177348137,0.943,0.03498745827220038,0.04600343059020418,0.001637807659993204,0.0017543974682997154,0.0,0.0,0.0,0.231,1.0,0.0
194,1405674971,15.806607344991088,-642.5272998790601,1.2766678144481025,1000,False,False,False,27.001708521259598,0.1429965362942271,-46.49647328335914,0.056917455899724426,0.42060796119425364,0.10805863520989886,0.14276959618237026,0.07138629709199433,0.009417342953383923,0.09356613457202911,0.05405596271157265,0.487,0.191,0.5506685487926006,0.5325853630594211,0.5588689935952424,0.10133709758520126,0.955,0.02167108455940362,0.026561406477077932,0.00023953755611338945,0.0012766678144481025,0.0,0.012,1.0,0.235,1.0,0.0
195,1733842020,219.04099771317567,-195.67492160019057,0.8084718386267323,524,True,False,False,60.42672515658669,0.1775819708502412,-30.35393569873219,0.07674528852151238,0.3952999899420857,0.07677149473221004,0.14641229794178,0.0,0.004885578062385321,0.07676734775304794,0.0007979488582350314,0.36450381679389315,0.17748091603053434,0.0,0.5614540521237636,0.1818398168357089,-0.049464788287878036,0.9351145038167938,0.01355865895415592,0.028468351580220798,5.201486505401753e-09,0.001542885188218955,1.0,0.06679389312977099,1.0,0.16030534351145037,0.0,1.0
196,443800521,179.52012276517917,-216.14547773098928,0.7689712009923376,559,True,False,False,28.370652037711263,0.1519068379015953,-49.57550411825744,0.06778014976222385,0.4133626983245303,0.06922718452124839,0.11863745196360359,0.0,5.817413330078125e-05,0.06922388076782227,0.0006763195851817727,0.4257602862254025,0.22003577817531306,0.0,0.5500089532297108,0.23680166602134706,-0.049634940922260284,0.9427549194991055,0.013061139370785737,0.014551274559766347,2.6007432509661532e-09,0.00137561932198987,1.0,0.055456171735241505,1.0,0.20214669051878353,0.0,1.0
197,405230516,197.45898591445274,-301.08299685355877,0.969083965536024,700,True,False,False,36.082597402734926,0.18761694056551628,-59.724112257659776,0.09251793153772445,0.4663880392848934,0.09264471932794874,0.1607138970454732,0.0,0.012075329199433327,0.09263773262500763,0.0011377668706700206,0.31857142857142856,0.06857142857142857,0.0,0.5476551618383798,0.28955654695630073,-0.05301681533455849,0.9514285714285714,0.0025754068112692247,0.03271099741194741,7.639683302640421e-09,0.0013844056650514625,1.0,0.037142857142857144,1.0,0.12714285714285714,0.0,1.0
198,57367581,202.37350258946555,-324.56463509252046,1.026556275363972,683,True,False,False,53.37525192719283,0.20898378756831362,-53.114553196212825,0.06428049040484692,0.35979999643752014,0.06428545265202769,0.14009628681170927,0.0,0.010928058996796608,0.06428537517786026,-9.980439790524542e-05,0.5622254758418741,0.18301610541727673,0.0,0.5593617298650708,0.275424904684769,-0.05231136083602905,0.9604685212298683,0.004410056275593047,0.026472254771782167,5.201486504534392e-09,0.0015030106520702374,1.0,0.040995607613469986,1.0,0.27379209370424595,0.0,1.0
199,2005015799,162.8962780127767,-288.5945309190506,0.8764216178636551,664,True,False,False,28.95802357285811,0.1229888260933104,-34.53386134492512,0.07599853775994701,0.39303281847359167,0.07600228023395374,0.10290706973751326,0.0,0.001308441162109375,0.07598771899938583,0.001487670000642538,0.4006024096385542,0.15060240963855423,0.0,0.554341802570593,0.30196426302194596,-0.04963074252009392,0.9623493975903614,0.01348546233569915,0.013372393017149337,7.802229754633183e-09,0.0013199120750958654,1.0,0.03765060240963856,1.0,0.3825301204819277,0.0,1.0
200,1177321486,154.18611137468815,-488.1638957158598,1.2489000141810964,895,True,False,False,32.74421254316415,0.17492326398290672,-56.717171404041174,0.0697634245814762,0.35114301253762387,0.09772551070816941,0.1348083416360364,0.0,5.397796485340223e-05,0.09771375358104706,0.0015158510068431497,0.6022346368715084,0.16871508379888267,0.0,0.545508177202018,0.22277643725275995,-0.04905605688691139,0.9463687150837988,0.014932868281839573,0.028361491730732134,5.20148650366703e-09,0.001395419010258209,1.0,0.035754189944134075,1.0,0.2245810055865922,0.0,1.0
201,378063510,132.13068042532535,-214.41130100081793,0.6530839628522823,1000,False,False,False,30.574056382143052,0.17633569121104506,-59.59370288088485,0.20790166694105014,0.4965673238923395,0.20793099516315583,0.13586877840378309,1.6409772368659645e-08,0.013885974884033203,0.20792937278747559,-0.0008213901310227811,0.0,0.0,0.0,0.2920812722598203,0.0,-0.05328501760959625,0.502,0.004111852778664884,0.027652986113096027,0.0,0.0006530839628522798,1.0,0.478,1.0,0.473,1.0,0.0
202,363459266,163.78178831022234,-321.8654077408049,0.944934392102055,659,True,False,False,25.625258828281844,0.18345722191598166,-68.1006937119136,0.08754334207663295,0.37815267183081896,0.08769096971293448,0.11265362529528361,0.0,8.859634544933215e-05,0.08767995983362198,0.0013895368902012706,0.47192716236722304,0.21547799696509864,0.0,0.5504338286212209,0.2905813463032246,-0.04930025711655617,0.9514415781487102,0.01426744081300342,0.021112811262797522,5.20148650366703e-09,0.0014338913385463653,1.0,0.03945371775417299,1.0,0.29893778452200304,0.0,1.0
203,1915122341,199.7643653562293,-171.3840839636049,0.7210168986396684,532,True,False,False,42.17050788904444,0.15906138749980714,-39.35065891885223,0.03770355389515839,0.4126096262487731,0.03948842166254206,0.12349802891744342,0.0,0.0001426696835551411,0.03946533054113388,0.0013502335641533136,0.39473684210526316,0.2593984962406015,0.0,0.551172998807344,0.2578107735514641,-0.05052638053894043,0.9454887218045113,0.011065192460156796,0.01361801668459806,0.0,0.0013552949222550156,1.0,0.05639097744360902,1.0,0.18045112781954886,0.0,1.0
204,525847875,15.726646899292229,-713.7645514328218,1.418982396664229,1000,False,False,False,26.085737803305044,0.11765810034990205,-34.74322602915109,0.02669874623722391,0.31081208735401245,0.027251156582432164,0.0843136755456666,3.384622871059132e-08,0.0021354674827307463,0.02721109427511692,0.001477119978517294,0.61,0.202,0.0,0.5448208888401277,0.3286773717403412,-0.0508476123213768,0.958,0.01025125539958576,0.010846985891734185,1.3003716263504383e-09,0.0014189823966642289,1.0,0.028,1.0,0.438,1.0,1.0
205,1595926393,38.993934324197475,-705.7869234918606,1.4495617156321152,1000,False,False,False,32.75110529594967,0.17535600138670784,-56.92680905490916,0.1187493514861821,0.4347932374785105,0.11877624547604539,0.12474296626710549,0.0027519908871551572,0.011220550164580345,0.11877527087926865,0.000481162074720487,0.392,0.0,0.0,0.5571576573755592,0.5566991443932057,-0.056394413113594055,0.985,0.00897381907812435,0.026263460626894483,0.005682943897106655,0.0014495617156321141,1.0,0.014,1.0,0.313,1.0,0.0
206,1118392748,163.67186360862115,-266.1520705262366,0.8345278682697153,628,True,False,False,18.29755016222546,0.15317971062197164,-60.28867493496433,0.09680987098587203,0.4552013387691595,0.09681121224906411,0.10937507388627998,0.0,0.00018186568922828883,0.09681005775928497,0.00047279358841478825,0.27070063694267515,0.06847133757961783,0.0,0.5289346343885134,0.186862054169178,-0.048865143209695816,0.9251592356687898,0.01490156053457163,0.018348611349326853,2.6007432527008767e-09,0.0013288660322766169,1.0,0.05732484076433121,1.0,0.267515923566879,0.0,1.0
207,1471502701,192.3245710673744,-297.8258494608122,0.9528208410563724,687,True,False,False,71.20550155973399,0.18100915625845695,-21.297070210310963,0.05829101204964252,0.2697938320564876,0.05831169581536136,0.1124813514675614,0.0,5.645752025884576e-05,0.0583033561706543,0.0009861683938652277,0.6390101892285298,0.5327510917030568,0.0,0.5663222774654475,0.3113400121033192,-0.04998006671667099,0.9636098981077147,0.012325950865328747,0.013094194373370326,2.6007432509661532e-09,0.001386929899645375,1.0,0.03784570596797671,1.0,0.31149927219796214,0.0,1.0
208,1862173400,188.79605710227028,-175.64076768612472,0.7074336495767912,536,True,False,False,36.54848954521399,0.13154492751709118,-31.214822670852065,0.10804005174510736,0.46711582308455085,0.10804034413123978,0.12229161802404193,0.0,0.0008643150213174522,0.10803861916065216,0.0006105160573497415,0.30597014925373134,0.0,0.0,0.5454066418173876,0.23284363761544227,-0.04858915135264397,0.9421641791044776,0.01564511953218528,0.014267950295054581,0.0,0.0013198388984641625,1.0,0.05970149253731343,1.0,0.125,0.0,0.0
209,1731489190,143.57746550226588,-380.48613571725144,1.0175672024390368,764,True,False,False,19.198143234788123,0.13787954410348385,-51.7407034400237,0.04151334235127407,0.322885600116357,0.041540806850103265,0.10362503072606538,0.0,0.002236270811408758,0.04154004901647568,0.0002509212354198098,0.6112565445026178,0.2774869109947644,0.0,0.5462522803530273,0.14143574375659226,-0.05023602768778801,0.9424083769633508,0.011242059906126008,0.013687997198988519,2.6007432527008767e-09,0.001331894244030151,1.0,0.049738219895287955,1.0,0.41492146596858637,0.0,1.0
210,1210527958,192.4692012117244,-218.25346488908397,0.7972853322016162,604,True,False,False,33.68906033430611,0.12207596008317143,-29.344299222621085,0.0648190262904803,0.493032123391941,0.06484853591288166,0.12119298391684566,0.0,0.0019004822243005037,0.06484289467334747,0.0008553481311537325,0.30132450331125826,0.10430463576158941,0.0,0.5262601447695656,0.3000748312473297,-0.04978560656309128,0.9221854304635762,0.012764394565729057,0.012406818289065886,5.20148650366703e-09,0.001320008828148371,1.0,0.04470198675496689,1.0,0.2119205298013245,0.0,1.0
211,1081300311,-49.39812286905943,-162.25321224543484,0.21843017875275075,182,False,False,True,-0.5756601584352108,0.14090818440257818,-72.70865597750256,1.2259172960881424,1.3520254010667456,1.2259172960881424,0.5957102407783963,0.2564778347118549,0.015740299597382545,1.0013434886932373,0.707237184047699,0.0,0.0,0.5956858620047569,0.5011523015346828,0.598606736510992,0.19137172400951385,0.8626373626373627,0.06742953791471948,0.09851133027968922,0.00037037184652166655,0.0012001658173228069,0.0,0.0,0.0,0.0,1.0,0.0
212,718095887,97.25361333945773,-2110.366917227018,4.375241061132954,1000,False,False,False,22.604974523270858,0.18567920780617042,-72.23454303731955,0.3762190306161,0.6312584991682076,0.3768350806960105,0.15710429175458387,0.010065314998975833,0.014821434393525124,0.3750854432582855,-0.03627103939652443,0.0,0.0,0.0,0.3381515475558117,0.040245061252499,-0.03748975321650505,0.587,0.003939066874136827,0.03290860405059487,0.008471793056884211,0.004375241061132954,1.0,0.282,1.0,0.417,1.0,0.0
213,861582776,209.18996168794115,-198.3938261686892,0.7924875757132608,567,True,False,False,28.88936973433453,0.1569869750665401,-51.59741609354037,0.04725655154816953,0.5054956794015079,0.047266376169965776,0.17891259139837112,0.0,0.008855247870087624,0.0472622886300087,0.0006216025212779641,0.3474426807760141,0.19753086419753085,0.0,0.5333503997478982,0.15939848955720662,-0.05017692968249321,0.9223985890652557,0.011606984495906294,0.030355094609218352,2.6007432527008767e-09,0.001397685318718273,1.0,0.06349206349206349,1.0,0.09347442680776014,0.0,1.0
214,1868788392,196.16798771284505,-291.89453799910183,0.9490050514238945,678,True,False,False,61.2465983656069,0.13727052675814289,-9.386468712092958,0.014110551398249235,0.33138598091554683,0.022149869559495577,0.10609764572298316,0.0,2.269744800287299e-05,0.02214984968304634,-2.967357613670174e-05,0.41150442477876104,0.31710914454277284,0.0,0.5455856905387478,0.13761665895581246,-0.051577869802713394,0.943952802359882,0.007093133207310523,0.01280614407237889,0.0,0.0013997124652269826,1.0,0.05309734513274336,1.0,0.3613569321533923,0.0,1.0
215,1767213773,196.7951260815375,-641.6920452413706,1.6384943426458172,962,True,False,False,32.843365873569,0.17132551163736437,-54.819263446082054,0.1502157962882033,0.4497309500310204,0.15022314564003855,0.12576208049592585,0.0,0.011973381042480469,0.1501750946044922,0.0037992692086845636,0.3762993762993763,0.0,0.0,0.4141326782491112,0.022998237013816834,-0.05424131825566292,0.7193347193347194,0.0010647981715305422,0.025171474437709482,1.0402973008201422e-08,0.0017032165723968975,1.0,0.2588357588357588,1.0,0.3596673596673597,0.0,0.0
216,555081244,172.3992583410815,-375.8176751386976,1.0661938669595568,756,True,False,False,32.44451801485539,0.18733835432472606,-63.22365629489234,0.022470849160835075,0.3491425640622641,0.022504722820149693,0.11792201765101817,0.0,0.00016870498075149953,0.022480297833681107,0.0010482168290764093,0.5145502645502645,0.37433862433862436,0.0,0.5488002522523323,0.293409441113472,-0.05086322873830795,0.955026455026455,0.009956182222254322,0.021604832872246734,2.6007432527008767e-09,0.0014103093478301022,1.0,0.03439153439153439,1.0,0.2552910052910053,0.0,1.0
217,1644187044,191.71391990748236,-123.54812304707058,0.611764085909106,469,True,False,False,19.392379867509824,0.1276529722731223,-46.41616156658332,0.02698146544858025,0.46705813120007755,0.027009123161646848,0.14447842279464956,0.0,0.002017116639763117,0.027004336938261986,0.0005084490985609591,0.3582089552238806,0.18976545842217485,0.0,0.5416248752556837,0.22777015071362258,-0.050638508051633835,0.9147121535181236,0.010274543104850254,0.01259748400545005,2.6007432527008767e-09,0.0013044010360535319,1.0,0.06823027718550106,1.0,0.11940298507462686,0.0,1.0
218,1329619353,22.530999487603566,-171.3335287258937,0.37508905642699425,316,False,True,False,28.198246210758803,0.16961317706458331,-58.52482982081593,0.616900011631922,1.0617611281070953,0.616900011631922,0.35425647316830094,0.10214359026264326,0.014958667568862438,0.5807462930679321,0.20808500051498413,0.0,0.0,0.0,0.5441942363981116,0.5798967888951302,-0.05150141566991806,0.9208860759493671,0.019899391937167513,0.07485585640165142,0.006662630876430289,0.0011869906848955523,0.0,0.0031645569620253164,1.0,0.0,1.0,0.0
219,498403083,206.73101858166052,-313.30464727560025,1.013231331714521,671,True,False,False,70.21245897273944,0.2067348842988211,-35.152626795354706,0.08108670146811629,0.3561109534285375,0.0810905158449128,0.11597421993626875,0.0,0.007927894592285156,0.08108873665332794,0.0005371666047722101,0.43815201192250375,0.19672131147540983,0.0,0.5594050651381484,0.22094460257329046,-0.049296628683805466,0.9538002980625931,0.013853960346707725,0.02130598254458283,5.20148650366703e-09,0.001510031790930731,1.0,0.04769001490312966,1.0,0.35171385991058124,0.0,1.0
220,503935537,192.06437486349603,-248.4151579758385,0.8567190656786688,606,True,False,False,30.0413059844929,0.16030852427062822,-52.10842761380758,0.08001488520892534,0.4859149435902033,0.08002195122863595,0.14539396462155837,0.0,0.007475090213119984,0.08002052456140518,0.00047783611807972193,0.2871287128712871,0.11221122112211221,0.0,0.5381609035568257,0.1953865428455174,-0.049312200397253036,0.9372937293729373,0.01378474286542656,0.025354546894731485,0.0,0.0014137278311529189,1.0,0.056105610561056105,1.0,0.0891089108910891,0.0,1.0
221,1671847364,245.93480109227818,-209.81437812145748,0.890978358427472,513,True,False,False,52.8977971784417,0.21015620492940829,-54.16877381226057,0.10481920452529153,0.5571978290117475,0.10484686097473102,0.23224148562566096,0.0,0.01476430892944336,0.10484294593334198,0.0009060597512871027,0.23586744639376217,0.0,0.0,0.5454582328986209,0.21192310333251954,-0.04873669520020485,0.9376218323586745,0.0154246168159335,0.043281077195466505,7.802229756367907e-09,0.0017367999189619328,1.0,0.06042884990253411,1.0,0.06042884990253411,0.0,0.0
222,166999091,184.87131536537788,-314.48202313216285,0.9695066769950825,730,True,False,False,40.74219506601731,0.1766471561725011,-49.58008068721363,0.05596278512022545,0.3907733553652982,0.055989963332619644,0.11878591126675382,0.0,0.008655453100800514,0.05598487704992294,0.0007546758861280978,0.4301369863013699,0.2356164383561644,0.0,0.5428949626915361,0.1782601235806942,-0.052376821637153625,0.952054794520548,0.004892488947358203,0.026705890068204244,2.6007432527008767e-09,0.0013280913383494268,1.0,0.049315068493150684,1.0,0.29863013698630136,0.0,1.0
223,355439929,181.7250418622862,-432.76959356507814,1.1916692708547292,933,True,False,False,28.655322001249807,0.1725732973959705,-59.631157392994204,0.01181382267516666,0.4612059137689241,0.011839493577348483,0.16831433512806784,0.0,6.198883056640625e-05,0.011833762750029564,0.00036833048216067255,0.39764201500535906,0.27867095391211144,0.0,0.5430610335923857,0.2542803379893303,-0.0509539470076561,0.9464094319399786,0.009284473308278703,0.03443998191888276,5.20148650366703e-09,0.0012772446632955286,1.0,0.03215434083601286,1.0,0.14683815648445875,0.0,1.0
224,1825701294,220.3992395580746,-99.65831462302786,0.6229151083622052,430,True,False,False,33.5031854751726,0.17642703176647354,-56.68377434614405,0.10782180789989992,0.5426261171148279,0.10785080284671468,0.18746839488287714,0.0,0.0072990418411791325,0.10784912109375,0.0006022906163707376,0.27209302325581397,0.0,0.0,0.5434088225043271,0.2857708965241909,-0.05307548865675926,0.9069767441860465,0.0016677373384304767,0.033520071183912106,2.6007432520503554e-09,0.0014486397868888486,1.0,0.06279069767441861,1.0,0.09302325581395349,0.0,0.0
225,1070062479,102.03266599974594,-251.68668891217544,0.6674387098238395,1000,False,False,False,30.12646425321956,0.15690929794266145,-50.328098375616364,0.10737154104458572,0.31109191445594125,0.10739718162893208,0.08017724716014248,4.1181237055187296e-08,0.0070053101517260075,0.10739030689001083,0.0012151575647294521,0.639,0.0,0.0,0.2754540545674972,0.0,-0.04873032495379448,0.47,0.015586190591209147,0.01857462210593194,0.0,0.0006674387098238398,1.0,0.526,1.0,0.54,1.0,0.0
226,1921061091,41.65716368649156,-926.4365253208971,1.8961873780147758,1000,False,False,False,53.551219146953564,0.204974832180605,-50.93611060085424,0.1254629117130834,0.41285054781626923,0.1254629117130834,0.1339439646731363,0.0312143039151324,0.014809608459472656,0.12546224892139435,0.0004078125930391252,0.459,0.0,0.5210962854325771,0.5584682843852788,0.4924029645323753,0.042192570865154266,0.989,0.009418195724068356,0.028190604349958934,0.0017003802422654313,0.0018961873780147772,0.0,0.011,1.0,0.338,1.0,0.0
227,665337882,240.36987584996965,-134.36602043816814,0.729911792576275,489,True,False,False,65.22350522780246,0.21044242506418448,-41.98303020764801,0.05811786084419034,0.45624942476769187,0.05920085214063328,0.1697858989700022,0.0,0.009946632198989391,0.05918588489294052,0.0013311362126842141,0.3824130879345603,0.2719836400817996,0.0,0.5587788581246308,0.28446887016296385,-0.05003168806433678,0.9468302658486708,0.012372981405926839,0.028021764776178987,5.201486505401753e-09,0.0014926621525077205,1.0,0.05521472392638037,1.0,0.18813905930470348,0.0,1.0
228,425038141,192.7175216511823,-343.1042251993754,1.0438034937011138,696,True,False,False,65.79581724581817,0.17049098839775306,-21.447844109339357,0.023884587785657694,0.2955209945608542,0.02391192534285994,0.0987025265346,0.0,0.0004210472106933594,0.023880671709775925,0.0012221670476719737,0.6005747126436781,0.2514367816091954,0.0,0.5554556116614298,0.2059434636309743,-0.050869230180978775,0.9540229885057471,0.010041599733252384,0.008042816006177315,2.6007432527008767e-09,0.0014997176633636702,1.0,0.04741379310344827,1.0,0.49712643678160917,0.0,1.0
229,1206333416,205.9892154399305,-276.75018505627384,0.9388388009924082,666,True,False,False,56.08576179579977,0.19743926313539784,-44.63139195279173,0.016982860988326767,0.358917912545778,0.017012842053118128,0.1346294727146191,0.0,0.009040546603500843,0.017006684094667435,0.00045770168071612716,0.4804804804804805,0.21771771771771772,0.0,0.5593306377765026,0.2718979158997536,-0.05158717930316925,0.9594594594594594,0.007403684057920607,0.028276743636160347,2.6007432527008767e-09,0.0014096678693579705,1.0,0.042042042042042045,1.0,0.16366366366366367,0.0,1.0
230,1493229266,240.56488781375802,-114.39797164149464,0.6934057189105048,413,True,False,False,69.28996563851031,0.1899367698666222,-27.646915319053903,0.04271752417761097,0.4338862911503306,0.04673997201370962,0.16412588752655816,0.0,0.00014400482177734375,0.046739768236875534,0.00013801813474856317,0.33171912832929784,0.23728813559322035,0.0,0.5574114555177294,0.22263023702427745,-0.05207405239343643,0.9249394673123487,0.005509661575710366,0.01852788764881782,2.600743251833515e-09,0.0016789484719382697,1.0,0.0774818401937046,1.0,0.09443099273607748,0.0,1.0
231,259402439,242.10563798848597,-240.69172296182862,0.9423947219006291,580,True,False,False,26.90888782889149,0.17965461350252068,-64.91253803499484,0.06198960068425505,0.6987067765152152,0.062019830595822674,0.28158312502315586,0.0,0.014546394348144531,0.06201601028442383,0.0006883716559968889,0.20517241379310344,0.11551724137931034,0.0,0.48790648088008687,0.045093326959759,-0.04982202500104904,0.8775862068965518,0.01258224501021497,0.05688911528290878,5.20148650366703e-09,0.0016248184860355665,1.0,0.07586206896551724,1.0,0.06379310344827586,0.0,1.0
232,1260069654,197.65089123836944,-234.25280731448157,0.839967397105703,596,True,False,False,39.367828118692586,0.16043242710359698,-42.84337810585018,0.08685065590107566,0.440960888455793,0.08691007206152336,0.13230346881648217,0.0,0.007870769128203392,0.08690929412841797,0.0003677225031424314,0.3624161073825503,0.09060402684563758,0.0,0.5411307394042402,0.1433339373767376,-0.04910757392644882,0.9345637583892618,0.014246006787491812,0.018319130909168726,6.501858130017468e-09,0.001409341270311582,1.0,0.06208053691275168,1.0,0.2684563758389262,0.0,1.0
233,1118662154,-16.506953639748147,-641.2829837441193,1.221952060208743,690,False,True,False,33.141807373041686,0.1829580653164335,-60.33527851686539,0.18047339024480402,0.5188554261626328,0.2052833793720597,0.16834615358698912,0.03203980281405462,0.012828255072236061,0.20089372992515564,-0.04222529008984566,0.22753623188405797,0.0,0.5094904946163297,0.5188787675535844,0.28413771634543084,0.01898098923265934,0.9144927536231884,0.019630655836563576,0.039001394386202204,0.007786158463165596,0.0017709450147952797,1.0,0.021739130434782608,1.0,0.3333333333333333,1.0,0.0
234,947303217,176.50739004174244,-245.49411232689712,0.8218030047372794,555,True,False,False,20.203615283262927,0.17174250149031697,-67.66007474463923,0.042654992703020964,0.4006740393761151,0.0426652983715949,0.12612041561401469,0.0,8.37326078908518e-05,0.042650699615478516,0.0011160230496898293,0.44324324324324327,0.34774774774774775,0.0,0.5547414068250103,0.30420451834797857,-0.0503976084291935,0.9441441441441442,0.01128432978620126,0.019166360203469502,5.20148650366703e-09,0.001480726134661764,1.0,0.04504504504504504,1.0,0.3063063063063063,0.0,1.0
235,958743842,188.6265877463854,-214.27160242149296,0.7827963803357558,575,True,False,False,26.85078534954079,0.15006952639896928,-50.17779388684666,0.0023353559023785693,0.42685028381855145,0.0023386620313181764,0.12222379248278759,0.0,8.859634544933215e-05,0.0018025398021563888,0.0014900303212925792,0.3356521739130435,0.16869565217391305,0.0,0.5397588764535992,0.2939273339509964,-0.05142713710665703,0.928695652173913,0.00858255871198819,0.018230366522531113,0.0,0.0013613850092795764,1.0,0.04521739130434783,1.0,0.3026086956521739,0.0,1.0
236,1043039138,209.8316427264363,-295.09865813530155,0.9832606017234758,665,True,False,False,50.247442302396614,0.20362092204346952,-53.560515871754866,0.018400004996561976,0.37432670912739324,0.018427323455742557,0.15258638215004383,0.0,0.01091547030955553,0.018386458978056908,0.0012265300611034036,0.46015037593984964,0.23759398496240602,0.0,0.5567973258632019,0.2631432764232159,-0.05179084092378616,0.9578947368421052,0.007280460842639402,0.028959816341035588,5.201486504534392e-09,0.0014785873710127452,1.0,0.04360902255639098,1.0,0.16390977443609023,0.0,1.0
237,899532012,-20.934655470185803,-969.6489357591595,1.8574285605779495,1000,False,False,False,28.742906838989033,0.17404592975450608,-60.279971695769035,0.34721248061552507,0.6231431579568479,0.6361407639400871,0.17665005315382323,0.06361870142654624,0.013523387722671032,0.6122920513153076,-0.1725500375032425,0.0,0.0,0.5520536601543427,0.53867404077627,0.5343997019832023,0.1041073203086853,0.957,0.04564475016070871,0.040120937423152,0.0004008265500029459,0.0018574285605779484,0.0,0.0,0.0,0.072,1.0,0.0
238,526938441,228.72545694112785,-90.50223173497679,0.6216553773522085,420,True,False,False,48.37736140639821,0.18860021140614075,-47.89338053255746,0.0167279987607361,0.46656319110458566,0.01779794074707375,0.1625122576122669,0.0,0.00023908614821266383,0.017755985260009766,0.0012213444570079446,0.36428571428571427,0.25476190476190474,0.0,0.5598043052923112,0.26655379131436346,-0.051010485738515854,0.9333333333333333,0.009638875941047087,0.02795191514536843,1.3003716263504383e-09,0.0014801318508385925,1.0,0.06904761904761905,1.0,0.12380952380952381,0.0,1.0
239,987523132,183.93805779218667,-339.950436655998,1.0184169888963692,734,True,False,False,38.13529268309849,0.18652274636117908,-57.124829481588755,0.008035475422591653,0.36986184562307123,0.008494346243726626,0.12250282452935608,0.0,8.716583397472277e-05,0.008330726996064186,0.0016591883031651378,0.49182561307901906,0.2847411444141689,0.0,0.5498542550149341,0.26933103173971173,-0.05132131278514862,0.9604904632152589,0.009002829718914938,0.024582418776305414,1.3003716263504383e-09,0.0013874890856898768,1.0,0.03814713896457766,1.0,0.21798365122615804,0.0,1.0
240,2135997726,16.99678327008158,-872.2043672797454,1.7384023010996568,1000,False,False,False,26.64311009591264,0.1662766536086304,-58.49513036590777,0.2135745754214997,0.5225513006658021,0.21688736129232683,0.15016177645763923,0.0374897494235754,0.013859748840332031,0.21648140251636505,0.013263855129480362,0.0,0.0,0.5440108552575111,0.5582878779913298,0.5411242385581135,0.08802171051502228,0.99,0.01990091337196995,0.030833989693896426,0.0007704389794950112,0.0017384023010996554,0.0,0.0,0.0,0.403,1.0,0.0
241,78310008,201.05865777924208,-281.6205393030048,0.9405583941644934,620,True,False,False,42.30188182134472,0.19315120937341498,-56.26978871779382,0.040336163708442126,0.38518274428414123,0.04140921034410952,0.13619202396575306,0.0,0.008819294162094593,0.041408441960811615,-0.00025226117577403784,0.535483870967742,0.25,0.0,0.5548220211996757,0.26199810810387136,-0.05188870057463646,0.9548387096774194,0.005867954270197975,0.024895484354115174,0.0,0.001517029668007247,1.0,0.043548387096774194,1.0,0.2645161290322581,0.0,1.0
242,1854171446,-2.278204096069288,-897.4823432138321,1.7504082782355224,1000,False,False,False,24.967348348546825,0.14958557569635902,-51.8253531571377,0.5639400062397787,0.8389286112539426,0.617245075213662,0.17518510024509698,0.06764610341689296,0.015688706189393997,0.600726306438446,-0.1418428272008896,0.0,0.0,0.56751748919487,0.545733509503174,0.5582619146257639,0.13503497838974,0.971,0.033303817713876645,0.04447031136920816,0.001542849322375063,0.0017504082782355246,0.0,0.0,0.0,0.359,1.0,0.0
243,1861226083,199.84554391680297,-149.65176379233435,0.6792346154182748,494,True,False,False,25.680725938005725,0.11639737875691532,-34.50400566758422,0.07405339433663968,0.5266790285876308,0.0740809602963414,0.15608723312990241,0.0,0.0048048971220850945,0.07407541573047638,0.0009063458419404924,0.27125506072874495,0.13765182186234817,0.0,0.5335041446524563,0.22165958154946566,-0.04955795779824257,0.9129554655870445,0.013376281833607282,0.020046641825539366,2.6007432527008767e-09,0.0013749688571220136,1.0,0.06275303643724696,1.0,0.06680161943319839,0.0,1.0
244,891323740,-97.25208044233595,-560.1379881997846,0.8874118155148989,959,False,True,False,24.47484137156791,0.14821091652090249,-51.63048651769795,0.6586060320138133,0.9283506576977208,0.9279823748797201,0.17446648886109037,0.06906979041047713,0.01454992312937975,0.9230228662490845,-0.09581271559000015,0.0,0.0,0.5021460154093802,0.46235681857996097,0.3221798856218811,0.004292030818760395,0.8571428571428571,0.024897318266892097,0.04465995983912437,0.0006645237105560725,0.0009253512153440011,0.0,0.0020855057351407717,1.0,0.18248175182481752,1.0,0.0
245,706394901,207.89561195005666,-207.4108876616983,0.80685299922351,594,True,False,False,38.603074491120005,0.14382371208516087,-35.30367255517878,0.06255993735658014,0.49452101641876983,0.0750974002659406,0.129031427369557,0.0,0.0031997680198401213,0.07509060204029083,0.0010104513494297862,0.3939393939393939,0.25757575757575757,0.0,0.5169164281038987,0.18519600006751716,-0.05274011194705963,0.9006734006734006,0.003675268284596869,0.018125815055083722,5.201486504100711e-09,0.0013583383825311614,1.0,0.058922558922558925,1.0,0.1632996632996633,0.0,1.0
246,1139894538,6.558713873778601,-229.11704716268247,0.45683152207292216,363,False,True,False,35.02988544429828,0.18357417300501783,-58.705128893222835,0.38695358094893356,0.7938644998071304,0.38695358094893356,0.2755656686513347,0.10401699323067731,0.013755321502685547,0.3760593831539154,0.09117244184017181,0.0,0.0,0.6186246126890182,0.573648959963349,0.617743329256773,0.2372492253780365,0.9834710743801653,0.004736371531425315,0.06162089882892279,0.004934522139479212,0.0012584890415232013,0.0,0.0,0.0,0.0,1.0,0.0
247,1835732848,170.4715930648148,-481.3251372255114,1.2704334605806527,829,True,False,False,67.9929040009321,0.2137408057424754,-40.877017359190305,0.036150796630565085,0.2292580618302617,0.03617884165198497,0.09126742627525067,0.0,0.00021162032498978078,0.03616819530725479,0.0008776283357292414,0.7261761158021713,0.6441495778045838,0.0,0.5666737344803511,0.2789319805800915,-0.05050261691212654,0.9686369119420989,0.010864608186286503,0.013780195071248771,5.20148650366703e-09,0.001532489095995962,1.0,0.032569360675512665,1.0,0.5886610373944512,0.0,1.0
248,1888787672,-25.867616833769716,-484.7973798357969,0.8926595260040556,630,False,True,False,33.764762061154684,0.18249655422578387,-59.47995707919557,0.24708330346207133,0.524209867066652,0.26785615866648543,0.1565260960133544,0.0318131996704133,0.01089468039572239,0.2635309100151062,-0.047941435128450394,0.0,0.0,0.5149971535429358,0.5291347921748335,0.3843370911531383,0.029994307085871696,0.9301587301587302,0.026911848788428425,0.04022904202483706,0.0003570482388415147,0.0014169198825461195,0.0,0.0,0.0,0.29365079365079366,1.0,0.0
249,2018239246,22.96952829156069,-903.5815691953812,1.8131021949738855,1000,False,False,False,29.895026757349275,0.14353561363899803,-43.87269371965468,0.13814667958778948,0.49624689416042445,0.13814667958778948,0.13679427224513288,0.08226908184769437,0.010404777713119984,0.1380925178527832,-0.0038680220022797585,0.087,0.0,0.5379709340631962,0.5552647396791727,0.5568799157813191,0.07594186812639236,0.98,0.024471178682817143,0.029404999082285117,0.0012077071439454065,0.001813102194973883,0.0,0.0,0.0,0.289,1.0,0.0
250,2073379549,183.81637136256313,-313.63790831403924,0.9660685593532046,721,True,False,False,30.878598705578952,0.14317432851083786,-42.70713992484698,0.014108366810828377,0.3984503538516858,0.015980027895321207,0.12677787410667676,0.0,3.43322744811303e-06,0.015950392931699753,0.0009727573487907648,0.49791955617198336,0.3065187239944521,0.0,0.5372069208571447,0.2634159471094608,-0.05099624767899513,0.9320388349514563,0.009530134314379001,0.025622815581213747,0.0,0.0013399009144982046,1.0,0.04022191400832178,1.0,0.2260748959778086,0.0,1.0
251,567737517,52.506732543320766,-2166.8156359329446,4.398644736952531,1000,False,False,False,43.787910281242226,0.1983596645012705,-57.39183562689805,0.5170971783632778,0.6733545675844709,0.5800719557266492,0.10899558038554147,0.01421417126173086,0.013809585943818092,0.5708988904953003,0.10275179147720337,0.0,0.0,0.0,0.40931691620081256,0.18423681194428354,-0.0749979168176651,0.751,0.03848805608869019,0.041775790811519956,0.009121859885888053,0.004398644736952531,1.0,0.214,1.0,0.619,1.0,0.0
252,622946395,196.74984795930777,-374.4060096689598,1.1121117152565339,755,True,False,False,75.96978179406312,0.2108448410488849,-31.451625747939556,0.04094289966885239,0.25145686833439246,0.061279143505125776,0.11939898247321033,0.0,1.8978118532686494e-05,0.06127748638391495,0.0004506564000621438,0.6410596026490066,0.46225165562913906,0.0,0.559276351028597,0.20830335925333202,-0.05239266902208328,0.9576158940397351,0.004572487320863145,0.026151433898430717,2.600743251833515e-09,0.0014729956493464034,1.0,0.04370860927152318,1.0,0.3033112582781457,0.0,1.0
253,10045030,237.26813073246728,-95.9649347377838,0.6477061309405026,469,True,False,False,45.18640731482375,0.19459692673645748,-54.09411135093684,0.2196329186637577,0.6623098632809038,0.2196595323732402,0.2275590343218789,0.0,0.014745998196303844,0.21965117752552032,0.0019158220384269953,0.0,0.0,0.0,0.5425651956236422,0.21989044412970543,-0.05394570529460907,0.9253731343283582,0.00493547338164195,0.046470423657200555,5.201486504534392e-09,0.0013810365265255918,1.0,0.06823027718550106,1.0,0.08955223880597014,0.0,0.0
254,2059325906,26.065570158371617,-991.3054630596264,1.9947420664359965,1000,False,False,False,33.53082994459185,0.1690800414626347,-53.009104444230616,0.06964338631356758,0.4140959190132098,0.06964338631356758,0.1252453675688656,0.053002434248310616,0.011211586184799671,0.061096955090761185,0.03342698514461517,0.488,0.064,0.5460527166724205,0.5372817729492672,0.5431689105182886,0.092105433344841,0.956,0.013374141421910861,0.02542579720484938,0.0010223209634541673,0.001994742066435996,0.0,0.042,1.0,0.357,1.0,0.0
255,54597384,218.62422238835143,-175.59945267100176,0.7671273501187055,533,True,False,False,43.231880181542635,0.14115590965309743,-29.33664297241923,0.051132349070431966,0.48143626491708885,0.06990566334261422,0.1452895723885657,0.0,0.0001180648832814768,0.06990537792444229,-0.0001997613871935755,0.4371482176360225,0.3395872420262664,0.0,0.5269306246374732,0.2170141077041626,-0.052375297993421555,0.8930581613508443,0.004061764089095309,0.017826852304467917,2.600743251833515e-09,0.001439263321048229,1.0,0.058161350844277676,1.0,0.13133208255159476,0.0,1.0
256,123792145,200.90555952452127,-177.25084790021327,0.7356728148494697,516,True,False,False,37.15734832361865,0.16423015511667388,-46.946540257025696,0.11040203054277672,0.4687264804941371,0.11042978343424163,0.15048554243385717,0.0,0.006717967800796032,0.11042022705078125,0.0014527654275298119,0.32945736434108525,0.0,0.0,0.5532141127082151,0.20993437573313714,-0.04869547858834267,0.9341085271317829,0.015782061668120947,0.026651759068682324,7.80222975810263e-09,0.0014257225093981963,1.0,0.06201550387596899,1.0,0.1569767441860465,0.0,0.0
257,1843121429,193.99400257961827,-376.1403058515683,1.1074686168623724,820,True,False,False,53.726690198971035,0.20582396891013785,-51.1847671602856,0.09311215464645038,0.42993853852094294,0.09313981001494742,0.14586553042711825,0.0,0.013894843868911266,0.09313078224658966,0.0012967681977897882,0.44634146341463415,0.04878048780487805,0.0,0.5456752030871718,0.15064455514773725,-0.049134645611047745,0.9548780487804878,0.014633423905287284,0.029532456650824965,1.040297300733406e-08,0.001350571483978504,1.0,0.045121951219512194,1.0,0.23658536585365852,0.0,1.0
258,186855761,183.16707731615747,-198.47866404238187,0.7409714827170798,558,True,False,False,20.519228873317676,0.11708174761240042,-40.014308776489585,0.07024715306857704,0.4979963882233332,0.07027461315924788,0.1313663075649866,0.0,0.003289890242740512,0.07026758044958115,0.0009941792814061046,0.2831541218637993,0.1111111111111111,0.0,0.5223487112036903,0.10389507735148072,-0.04967543110251427,0.9068100358422939,0.013120367397235854,0.014713536688168462,0.0,0.001327905883005519,1.0,0.07526881720430108,1.0,0.10752688172043011,0.0,1.0
259,416940264,224.7830067186615,-110.48975219419575,0.650945517825715,490,True,False,False,42.15630966816925,0.130226025272312,-24.942172642311434,0.05180180567059615,0.5536158238689805,0.05182917641087174,0.1525358268180276,0.0,0.00016794205293990672,0.05182905122637749,0.00011391401494620368,0.2612244897959184,0.12857142857142856,0.0,0.5194566878946308,0.21247268764302135,-0.04995429888367653,0.8795918367346939,0.011926777087662469,0.01926063275327808,1.040297300733406e-08,0.0013284602404606426,1.0,0.06938775510204082,1.0,0.08979591836734693,0.0,1.0
260,1682078888,7.169742624135847,-729.9492412098301,1.4342379676679333,1000,False,False,False,66.40839805114794,0.20714827734744493,-39.1656542800797,0.034429152610870185,0.21611992243337633,0.11610766583886001,0.08335723451771983,0.03326889123922483,0.00011777877807617188,0.0244916919618845,0.11349514126777649,0.738,0.58,0.5513427741825581,0.572217696374748,0.5391494186874479,0.10268554836511612,1.0,0.005060408211075898,0.01325496608547244,0.0026436477134592533,0.001434237967667932,0.0,0.0,0.0,0.52,1.0,0.0
261,224953861,235.76986840032035,-163.81616800071163,0.7790520728020635,503,True,False,False,68.72561658591259,0.20975113581241936,-38.1372006540459,0.0028670796417336057,0.35323278056524027,0.0028837029159344716,0.1515313072744897,0.0,8.554458327125758e-05,0.0025937079917639494,0.00126032589469105,0.48906560636182905,0.3320079522862823,0.0,0.570235293284503,0.30523520812392235,-0.05135807394981384,0.952286282306163,0.008643821169847207,0.02623458916297327,7.802229756367907e-09,0.0015488112779365095,1.0,0.04970178926441352,1.0,0.1550695825049702,0.0,1.0
262,1426919372,222.20952674015433,-194.7804411861816,0.813139935852672,521,True,False,False,35.478784838760056,0.18414911810180834,-58.5851336056899,0.10753126382897596,0.5238862339695406,0.10756025506748358,0.18404279799609669,0.0,0.009009838104248047,0.1075601577758789,0.00014467000437434763,0.32437619961612285,0.0,0.0,0.5396786473696826,0.2710223480965942,-0.05296200141310692,0.9097888675623801,0.0017102871234982281,0.030090398370830277,5.201486504100711e-09,0.0015607292434792158,1.0,0.053742802303262956,1.0,0.1785028790786948,0.0,0.0
263,1341884941,166.96375219537885,-421.0648652907869,1.1448972349723296,779,True,False,False,41.637544167320165,0.18663515408959216,-53.67923699931618,0.01851270460610725,0.34266205629010077,0.018539310271393637,0.09666563189792339,0.0,1.7452239262638614e-05,0.018538475036621094,-0.00017597913392819464,0.43774069319640563,0.31450577663671375,0.0,0.5477312729426149,0.26845324363093825,-0.050681840628385544,0.9653401797175867,0.009745131907352045,0.0164085065137881,0.0,0.00146970120022122,1.0,0.03594351732991014,1.0,0.36585365853658536,0.0,1.0
264,441544513,109.52117950206437,-3069.783435511539,6.318609230027214,1000,False,False,False,67.85305863614337,0.2177446124165704,-43.01916122964701,0.23904859951206944,0.3687816146101737,0.28892339514593457,0.0898319438031199,0.013002169769566302,0.010410499759018421,0.28606972098350525,-0.04050732031464577,0.0,0.0,0.0,0.27807933070641594,0.0806443745130673,-0.05248891934752464,0.481,0.0032924759384893197,0.023668736727623388,0.006441346961924178,0.006318609230027208,0.0,0.328,1.0,0.666,1.0,0.0
265,1089976364,234.3719899673015,-103.29697144512363,0.65801792282485,433,True,False,False,48.765606806505076,0.19618067757112048,-51.298964658730085,0.08664943523246074,0.5094125786633955,0.08680977940196362,0.1848893708992179,0.0,0.00951528549194336,0.08680639415979385,-0.0007666373276151717,0.2840646651270208,0.11316397228637413,0.0,0.5524507442416137,0.22197757564485074,-0.05248459428548813,0.9260969976905312,0.0030367253489427697,0.031111148289807065,1.040297300776774e-08,0.0015196718771936497,1.0,0.07852193995381063,1.0,0.08775981524249422,0.0,1.0
266,338926726,193.36977254748322,-285.3998310489188,0.931539207192804,650,True,False,False,59.5894131269464,0.16267756878850972,-23.746461176882924,0.021489778521428533,0.30107218055433405,0.027336270802670072,0.10752451326717359,0.0,0.00029840468778274953,0.02733154222369194,-0.0005084300064481795,0.5615384615384615,0.25384615384615383,0.0,0.5551550614833832,0.1947555733472109,-0.051568396389484406,0.9492307692307692,0.006781183156830846,0.010984621722213072,0.0,0.0014331372418350838,1.0,0.05076923076923077,1.0,0.40615384615384614,0.0,1.0
267,933695220,187.95848700901252,-563.5488378546381,1.471534649727303,787,True,False,False,62.654327713063346,0.21490915796923812,-46.79951687920628,0.005514771925666749,0.2736712261821879,0.0603515363072508,0.12666335679334373,0.0,0.00039691926212981343,0.060332298278808594,0.0015237188199535012,0.6543837357052097,0.4078780177890724,0.0,0.5363398980752541,0.08661895719356835,-0.050043780356645584,0.9161372299872935,0.012442733339946298,0.02781016394456802,0.0,0.0018698026044819598,1.0,0.08005082592121983,1.0,0.19949174078780177,0.0,1.0
268,1493096170,219.12460136141908,-315.26296790803616,1.0405751385389095,705,True,False,False,47.93265052772971,0.20032506863571473,-54.22820945577851,0.03677679281097306,0.45794199522999424,0.040749199362006,0.1862913303340415,0.0,0.0001010894775390625,0.040746498852968216,-0.000469126709504053,0.36879432624113473,0.31347517730496455,0.0,0.5240143805377537,0.22874710220843553,-0.05182643234729767,0.926241134751773,0.005920391105831227,0.03838046073404812,2.600743251833515e-09,0.0014759931043105106,1.0,0.05390070921985816,1.0,0.1475177304964539,0.0,1.0
269,776974686,247.3359833728523,-22.698943525230504,0.5257498537961653,358,True,False,False,66.12295573037504,0.14387155237008079,-7.758064713537079,0.00411332493046799,0.4287579193933515,0.007768614838077984,0.18599837025478777,0.0,0.00011329651169944555,0.007727908901870251,0.0007942295051179826,0.34916201117318435,0.24581005586592178,0.0,0.5631782835318223,0.17724453464150428,-0.05147317796945572,0.9022346368715084,0.007990804447809747,0.018018428282581052,2.6007432509661532e-09,0.0014685750106038144,1.0,0.1005586592178771,1.0,0.09497206703910614,0.0,1.0
270,375303292,193.43697560837612,-177.1814867038879,0.7203169246245272,523,True,False,False,19.466935815551725,0.11723445540393422,-41.13986302802957,0.0005946426215754891,0.49215803105740585,0.0009366810513107297,0.14252157655957226,0.0,6.542205665027723e-05,0.0008540153503417969,0.00038474559551104903,0.3575525812619503,0.25239005736137665,0.0,0.5296432743380763,0.23338905175798572,-0.051235001534223557,0.9177820267686424,0.008455398621609224,0.01870428422179924,1.3003716263504383e-09,0.0013772790145784477,1.0,0.05927342256214149,1.0,0.10707456978967496,0.0,1.0
271,87231768,33.29081118782924,-617.4200251739276,1.2614216727235161,1000,False,False,False,29.828047705268567,0.13427496306911638,-39.309347486795026,0.105083565687959,0.5616635162230573,0.105083565687959,0.15163742083827447,0.1949400063151186,0.010944557376205921,0.10508356243371964,2.6152134523727e-05,0.048,0.0,0.5105018522590399,0.48692440785697544,0.2734693464031443,0.021003704518079758,0.897,0.05217326590911829,0.04888614248566652,0.006918372363375454,0.0012614216727235158,0.0,0.01,1.0,0.348,1.0,0.0
272,250319891,195.24151639453777,-253.49663035213712,0.87051629349335,674,True,False,False,37.22813256388114,0.1161901973527001,-22.86467971803377,0.07157764170769547,0.47884877339039605,0.07812708793748092,0.13618663898084868,0.0,0.0050909994170069695,0.07811518013477325,0.0013640022370964289,0.3916913946587537,0.24183976261127596,0.0,0.5323106514126147,0.28075178250670435,-0.04954871907830238,0.9243323442136498,0.013630941411359605,0.0160088624920008,2.6007432527008767e-09,0.001291567201028709,1.0,0.040059347181008904,1.0,0.23590504451038577,0.0,1.0
273,697129427,223.26387731023152,-178.16867070429427,0.7806650960290518,555,True,False,False,54.22345396738859,0.2006100747316458,-48.07402268117817,0.0617722489619702,0.42749224525402785,0.061799903762528696,0.15724432506774325,0.0,0.010490989312529564,0.06179036945104599,0.0010855174623429775,0.40540540540540543,0.13873873873873874,0.0,0.5568543774117758,0.26214137732982634,-0.05255039408802986,0.9495495495495495,0.004508668332387382,0.028716833371365137,5.20148650366703e-09,0.0014066037766289215,1.0,0.05225225225225225,1.0,0.14954954954954955,0.0,1.0
274,731000721,145.33613968137635,-485.1712381593311,1.223654755681415,934,True,False,False,44.07680485281995,0.1472688792597629,-31.55746716635753,0.011030060861435842,0.30037980341106796,0.05376418269040095,0.09528699176928826,0.0,0.00013589859008789062,0.053754616528749466,0.001014170702546835,0.556745182012848,0.43897216274089934,0.0,0.5443744196454801,0.16181774416938424,-0.052399951964616776,0.961456102783726,0.00502138958515859,0.017225594069269694,2.600743251833515e-09,0.0013101228647552628,1.0,0.03961456102783726,1.0,0.3501070663811563,0.0,1.0
275,2074768177,27.37943850466981,-856.4043387987067,1.7275675546067517,1000,False,False,False,37.27107271920215,0.1825664803200663,-56.012081098336466,0.11910830661121972,0.42364542462011673,0.14058590260963272,0.130559373434649,0.035710690257374555,0.014205073937773705,0.1394207924604416,0.018062077462673187,0.397,0.0,0.5655398890376091,0.5488433135049418,0.5250305088609457,0.1310797780752182,0.971,0.03029145482734727,0.02336439873502663,0.001500311565744858,0.0017275675546067522,0.0,0.023,1.0,0.43,1.0,0.0
276,95137055,-23.41580044063759,-714.581708382001,1.342331815882728,1000,False,False,False,22.12837976578354,0.15334640394203475,-56.54473586273905,0.047025967711977396,0.2946212756578276,0.08823010204528671,0.08103440388723772,0.04809545007713983,9.74655122263357e-05,0.059317491948604584,0.06531451642513275,0.622,0.34,0.5656443908810616,0.5567920314879157,0.5557448480278253,0.1312887817621231,0.985,0.017822567112886926,0.013257410406909824,0.0012869569923212795,0.0013423318158827281,0.0,0.0,0.0,0.523,1.0,0.0
277,91816320,204.91149422176233,-455.27803714488215,1.2922990627332895,702,True,False,False,42.0870872883216,0.18252378221432602,-51.17307823286307,0.13822302476921544,0.511508310031735,0.13823209755634605,0.1429306504869255,0.0,0.01118688564747572,0.13815459609031677,0.004628214985132217,0.15954415954415954,0.0,0.0,0.47759530680096396,0.010086395740509034,-0.048548635095357895,0.8418803418803419,0.01756213648585835,0.033316705587134836,7.802229754633183e-09,0.0018408818557454248,1.0,0.11538461538461539,1.0,0.19658119658119658,0.0,0.0
278,203351094,38.430685721058495,-723.1481161802877,1.4831576038026915,1000,False,False,False,22.131285522118482,0.16256313629729524,-61.15019628403429,0.1489212995391777,0.523892890563621,0.1489212995391777,0.15718157285915776,0.005030706955247175,0.013484668917953968,0.14890623092651367,0.0021184540819376707,0.225,0.0,0.5423553436994553,0.5541315691927448,0.5663216508924961,0.08471068739891052,0.988,0.005718192420587237,0.029234312181079764,0.0020057091255183445,0.0014831576038026911,0.0,0.0,0.0,0.377,1.0,0.0
279,708172857,221.318672304065,-104.46947432316725,0.632296293254464,482,True,False,False,38.89207409524742,0.1348232513574035,-30.5038047297872,0.003037178050119683,0.4901746482874767,0.0030618841679465624,0.14474006900639913,0.0,0.0001543045073049143,0.002697467803955078,0.0014487243024632335,0.34854771784232363,0.23029045643153526,0.0,0.5339660708511372,0.27039084196090696,-0.05139831081032753,0.8962655601659751,0.008642793226076842,0.013703297752333723,5.20148650366703e-09,0.0013118180357976448,1.0,0.058091286307053944,1.0,0.14937759336099585,0.0,1.0
280,1205478087,71.41249133096427,-397.80977654152707,0.898444535744992,1000,False,False,False,19.21997397127223,0.1650157461931459,-65.2878127828059,0.7075006174180267,0.9350987443980049,0.8221351174607634,0.15363896334168256,8.856596591711602e-08,0.013751983642578125,0.8217588067054749,-0.02487197145819664,0.0,0.0,0.0,0.30220916585967644,0.0,-0.026227692142128944,0.532,0.02659688577689127,0.047353964314967426,5.2014865019323064e-09,0.0008984445357449946,1.0,0.426,1.0,0.462,1.0,0.0
281,119173112,131.23442898943324,-266.7378820535142,0.7559446220859005,1000,False,False,False,36.99052725759956,0.19115060480825163,-60.58468880403142,0.12983835952237613,0.39184996299195224,0.1299031659668375,0.1339116227628013,2.5566041003640523e-08,0.014822197146713734,0.129900261759758,-0.0008686328073963523,0.552,0.0,0.0,0.30522916281374635,0.0,-0.0529441311955452,0.524,0.0004132657017943369,0.025273785410883237,2.6007432520503554e-09,0.0007559446220858955,1.0,0.469,1.0,0.471,1.0,0.0
282,1282681837,185.0485832648351,-371.65003422099664,1.0815972349716616,795,True,False,False,35.35380307394768,0.16568627031735159,-49.488654428084175,0.04662344076287906,0.40279836090967913,0.04665100129415311,0.1335937200217427,0.0,0.009072589688003063,0.04664945602416992,0.0003797030367422849,0.4880503144654088,0.3660377358490566,0.0,0.5389364460658914,0.2846620379574597,-0.052128866314888,0.9408805031446541,0.005503842412683949,0.02662277906470451,1.0402973008201422e-08,0.0013604996666310223,1.0,0.033962264150943396,1.0,0.3270440251572327,0.0,1.0
283,40365026,8.566962092701559,-2930.1660138992534,5.842425951983904,876,False,True,False,26.926394182995598,0.14654870119175947,-48.34765617847572,0.37872082626395287,0.698675429234108,0.37872082626395287,0.16189651041035247,0.021932150953005786,0.012713050469756126,0.37421053647994995,0.058274682611227036,0.0,0.0,0.0,0.3269087892931649,0.09254858575761318,-0.031662218272686005,0.5856164383561644,0.04751015406417361,0.0484575782450219,0.017582922926300204,0.006669436018246474,1.0,0.2636986301369863,1.0,0.430365296803653,1.0,0.0
284,930897256,198.5623404716141,-190.74170628631458,0.758008093515859,515,True,False,False,35.28105653157202,0.1796639338224693,-56.5396083819933,0.11287219585524066,0.4411705023003036,0.1128975619613184,0.14177491085967417,0.0,0.005962085910141468,0.11289644241333008,-0.0005027794977650046,0.47184466019417476,0.0,0.0,0.551468403378809,0.22839957050979137,-0.05286545306444168,0.9378640776699029,0.0014201800654065422,0.02709064489698722,7.802229755934226e-09,0.0014718603757589484,1.0,0.06019417475728155,1.0,0.2504854368932039,0.0,0.0
285,916093942,65.06239141369305,-994.2450136688713,2.0786148101651274,1000,False,False,False,24.10906056671085,0.15578553290911767,-55.78361954535326,0.137483797671881,0.5416581383100276,0.13951101681004616,0.18785879462600577,0.008924454637721053,0.014400768093764782,0.13951072096824646,-0.0002873087069019675,0.447,0.0,0.0,0.5129580874792591,0.3251428899914026,-0.055484872311353683,0.917,0.014360037675748715,0.03565642072401102,0.002888570108475973,0.002078614810165128,0.0,0.043,1.0,0.427,1.0,0.0
286,1334586113,129.47610740768715,-519.5538854969178,1.2591799858092083,972,True,False,False,34.39291321022807,0.14633103093404523,-40.77248785333828,0.005447797819638651,0.28830366658773854,0.04109358335890996,0.09265934002965397,0.0,0.000613307929597795,0.04107017442584038,0.001386854681186378,0.5699588477366255,0.4537037037037037,0.0,0.5521711423363606,0.22965148270130156,-0.05049525946378708,0.9691358024691358,0.011170018017673138,0.015652589642726127,2.6007432509661532e-09,0.0012954526602975416,1.0,0.03189300411522634,1.0,0.38477366255144035,0.0,1.0
287,1382261388,168.52339369319395,-456.6191223467413,1.213685032079869,915,True,False,False,33.80258030538726,0.1803315970829302,-58.36301535896629,0.03940829172608755,0.3749131657970173,0.04369300359042957,0.1427068437567769,0.0,0.012108040042221546,0.04368562623858452,0.0008028841111809015,0.4830601092896175,0.3081967213114754,0.0,0.5488878744669625,0.25664228254929183,-0.052174851298332214,0.9551912568306011,0.005672803599166988,0.02577729592982559,5.20148650366703e-09,0.0013264317290490385,1.0,0.030601092896174863,1.0,0.26557377049180325,0.0,1.0
288,1034182229,78.7132712885097,-1741.1305776849017,3.5996876979468224,1000,False,False,False,22.70374390058723,0.17668773734488644,-67.64003842936107,0.34362697976089546,0.6766621587257824,0.39913304686149426,0.1812687528622062,0.022079164530585164,0.015394210815429688,0.3967837691307068,-0.04324152693152428,0.0,0.0,0.0,0.3801577404193231,0.0,-0.02473415434360504,0.667,0.0036830776663969032,0.03632721273111061,0.011979911572673078,0.0035996876979468235,0.0,0.181,1.0,0.333,1.0,0.0
289,845918869,203.42307112838614,-134.09698663977338,0.6581601155363194,422,True,False,False,27.71553873175878,0.17662848171892173,-62.56992270249323,0.05558719443432663,0.5263290130456089,0.058591916549271615,0.15550946245777716,0.0,2.2220610844669864e-05,0.05858154222369194,0.0011025405256077647,0.2796208530805687,0.1848341232227488,0.0,0.5505704410342164,0.26433044217526913,-0.04999798536300659,0.9312796208530806,0.012340522829769872,0.0173624782945261,2.6007432509661532e-09,0.0015596211268633152,1.0,0.06872037914691943,1.0,0.08293838862559241,0.0,1.0
290,1616531344,215.59914415627713,-298.95289934391576,1.0011040870003869,700,True,False,False,60.61230264093501,0.20975727106006054,-46.26457226673204,0.02838734860534671,0.3906261098194465,0.028401585962864854,0.15426854171147103,0.0,0.0003321647527627647,0.02838163450360298,0.0010643815621733665,0.39,0.19,0.0,0.5560891143126148,0.3092254365980625,-0.05072890594601631,0.9657142857142857,0.010344064222906095,0.030554383860804595,3.9011148773165916e-09,0.0014301486957148382,1.0,0.03571428571428571,1.0,0.07285714285714286,0.0,1.0
291,521090321,183.69038813762597,-341.47144713080763,1.0202836705368667,751,True,False,False,36.25652079012187,0.18662298005537997,-59.05391470222861,0.025577231073937366,0.36990414089076096,0.025605038963706476,0.14376598741038954,0.0,0.01014165859669447,0.025569533929228783,0.0013479447225108743,0.41278295605858856,0.2569906790945406,0.0,0.5560843681821416,0.30460667848587036,-0.05196141451597214,0.9573901464713716,0.006810679486423749,0.028018207884155006,5.20148650366703e-09,0.001358566804975855,1.0,0.03462050599201065,1.0,0.16511318242343542,0.0,1.0
292,1192931531,92.60800864901394,-1029.595282432994,2.204406582164014,1000,False,False,False,31.054805708594763,0.14144801008746652,-41.66911299264353,0.28085694609878986,0.521266065739634,0.28085733415678704,0.12338520706054623,4.358096215118172e-08,0.010514927096664906,0.2808460295200348,0.0025198913644999266,0.0,0.0,0.0,0.34905184657685456,0.010980709418654443,-0.04409896209836006,0.605,0.026912259705862245,0.033934054641116596,5.201486505401753e-09,0.002204406582164015,1.0,0.372,1.0,0.49,1.0,0.0
293,1308769600,120.05590155572716,-2821.317890277708,5.842747583666873,1000,False,False,False,32.919520326073915,0.19888948946285878,-68.5251380628607,0.43139526510836,0.5843951932895664,0.4364483993403036,0.11543693473198102,0.005922330934917236,0.014311885461211205,0.43641743063926697,-0.005199184641242027,0.0,0.0,0.0,0.23006560951964639,0.0,-0.027669541537761688,0.395,0.00010541332549130047,0.02847957549231105,0.012036722208270434,0.005842747583666875,1.0,0.351,1.0,0.619,1.0,0.0
294,1807250352,31.36219949817758,-774.4300398544348,1.5715844787052224,1000,False,False,False,25.39736842245959,0.16378357782158254,-58.494334145836845,0.11267113905135329,0.4679691291150344,0.11267113905135329,0.14611416817152365,0.013602508101150702,0.0121307373046875,0.1092824935913086,0.027424845844507217,0.398,0.0,0.5635987594723701,0.5365510822900105,0.5724837021529674,0.1271975189447403,0.954,0.0045587788031816925,0.026499124350485296,0.0028114668485617455,0.0015715844787052222,0.0,0.031,1.0,0.273,1.0,0.0
295,1493381989,206.42732553658425,-217.37642704665046,0.8235275051664697,602,True,False,False,40.09644158090601,0.14776358789990174,-35.78063806983201,0.07290288899555111,0.47873300901679605,0.07291172121877071,0.13776507478244526,0.0,6.933211989235133e-05,0.07290496677160263,0.0009924268815666437,0.4053156146179402,0.15282392026578073,0.0,0.5343792984950352,0.3055852423608303,-0.04960663244128227,0.9169435215946844,0.013295749818808157,0.0229956184235938,2.0805946016402843e-08,0.0013679858889808463,1.0,0.04152823920265781,1.0,0.17109634551495018,0.0,1.0
296,370827654,12.863538044737668,-835.8476901226973,1.6574224563348683,1000,False,False,False,26.62482664545948,0.16706292710357215,-58.90655056383179,0.21637988965157953,0.5423734072459186,0.21637988965157953,0.13797188971380328,0.029051808334655486,0.012794876471161842,0.21280011534690857,0.039196524769067764,0.0,0.0,0.5575987659394741,0.5584235087432898,0.5398761665821076,0.11519753187894821,0.993,0.006901087173536647,0.03047403862181011,0.0020934308950377083,0.0016574224563348694,0.0,0.0,0.0,0.362,1.0,0.0
297,784475336,205.88658144934448,-213.54445585230076,0.8147020746032898,604,True,False,False,34.83893403252869,0.1239659008007766,-29.139395883201097,0.08830242656856756,0.5443231853820903,0.08831272351691095,0.15414496600563676,0.0,0.005595302674919367,0.08831100165843964,0.0005514717195183039,0.2682119205298013,0.09768211920529801,0.0,0.5220460574367564,0.21123625714331865,-0.04910868778824806,0.9072847682119205,0.014333861194917029,0.02418386566105783,0.0,0.0013488444943763089,1.0,0.052980132450331126,1.0,0.07781456953642384,0.0,1.0
298,691761627,225.34592694304877,-187.26360721062176,0.8022990683073414,573,True,False,False,36.73905827702916,0.17942420518588778,-54.96673479331811,0.07733840724825795,0.5250178608619982,0.07736615517977888,0.1951757345771835,0.0,0.010642146691679955,0.07735700905323029,0.0011895871721208096,0.2617801047120419,0.1343804537521815,0.0,0.5374898589289313,0.24939756080508232,-0.052816201001405716,0.912739965095986,0.003524134542920685,0.03264537223406499,5.201486504100711e-09,0.0014001728940791296,1.0,0.05235602094240838,1.0,0.09598603839441536,0.0,1.0
299,157069139,200.06074782345254,-295.8470378974887,0.9652155714418827,665,True,False,False,66.04342749615066,0.16830040151057865,-20.104270411555536,0.028110138188004712,0.32785179557530425,0.02813804788065043,0.1050799361262006,0.0,4.5299530029296875e-05,0.028109263628721237,0.001272413763217628,0.524812030075188,0.15338345864661654,0.0,0.5544353632832557,0.24698387176991674,-0.05078122392296791,0.956390977443609,0.010318236241670178,0.012120341139463451,6.501858130017468e-09,0.0014514519871306503,1.0,0.045112781954887216,1.0,0.4120300751879699,0.0,1.0
300,567179518,41.831609431840405,-790.8744469943608,1.6254121128524008,1000,False,False,False,24.87999204717685,0.14718342863309414,-50.71163592687536,0.15536232075886366,0.5621296085831923,0.15544628281897993,0.1484443204924607,0.0036827034624867857,0.011723709292709827,0.15543603897094727,-0.0017845535185188055,0.164,0.0,0.5372596085071564,0.5436251586545259,0.5058171053975821,0.07451921701431274,0.972,0.001661274653995634,0.026241778737638676,0.0031312893488653184,0.001625412112852402,0.0,0.007,1.0,0.258,1.0,0.0
301,855903052,120.29826445991051,-390.64119562807025,0.9818789201759747,1000,False,False,False,36.07008337321191,0.18599070418656136,-58.9251823775739,0.2225996706046225,0.45839989318946717,0.22261828957298027,0.12180465405344781,5.556515199968341e-08,0.013965797610580921,0.2225237786769867,0.006486198864877224,0.0,0.0,0.0,0.29133393302181504,0.0,-0.04641343653202057,0.507,0.02314686721516695,0.03429754242463544,5.201486505401753e-09,0.0009818789201759721,1.0,0.479,1.0,0.471,1.0,0.0
302,784824579,105.66939650510038,-2938.567013388943,6.048472819788084,1000,False,False,False,62.7468756979531,0.21046315221251777,-44.484614065810945,0.12786774295515066,0.2855618992172393,0.1990501709503715,0.09400502641123822,0.019436835660095887,0.009349155239760876,0.19717340171337128,-0.027269400656223297,0.686,0.0,0.0,0.2925712232280348,0.10098383479751646,-0.047220297157764435,0.497,0.0008634345686901341,0.02112621222022077,0.006452326162109078,0.006048472819788086,0.0,0.333,1.0,0.606,1.0,0.0
303,1462490656,172.04391423194897,-257.5144965751998,0.8349968216142973,603,True,False,False,19.76062724248189,0.15833982019604548,-61.40461569932006,0.028241875099368333,0.4087307078912125,0.028270867658353762,0.11496224971471881,0.0,5.064010474598035e-05,0.028252696618437767,0.0010134554468095303,0.4129353233830846,0.24875621890547264,0.0,0.5444057563199719,0.2951092876493931,-0.05072066932916641,0.9436152570480929,0.010337510349910976,0.016541665207267978,6.501858130017468e-09,0.0013847376809524015,1.0,0.04311774461028192,1.0,0.2470978441127695,0.0,1.0
304,577808039,172.54393006305912,-477.73149551489576,1.262390851155909,954,True,False,False,30.646904932385606,0.13020421642074656,-36.45506618803005,0.0492248982796184,0.47974046689470246,0.04922537501993958,0.14792631864050806,0.0,0.009638595394790173,0.0492253303527832,6.631374708376825e-05,0.4056603773584906,0.11425576519916142,0.0,0.5279415391532721,0.1622903413674794,-0.05000828579068184,0.9350104821802935,0.01175626585820122,0.0246262266898842,5.20148650366703e-09,0.0013232608502682494,1.0,0.039832285115303984,1.0,0.2180293501048218,0.0,1.0
305,1212847275,204.73922380148446,-212.3870813674249,0.808932610337819,633,True,False,False,38.03476565263288,0.14366727311393598,-35.795418607135865,0.01082551605471039,0.42419547333975,0.010853184991118566,0.12832103775619602,0.0,6.380081322276965e-05,0.010777568444609642,0.001278922543860972,0.45813586097946285,0.3175355450236967,0.0,0.5341263362927448,0.24073455564677715,-0.05118129774928093,0.9162717219589257,0.009178655567211712,0.021792827436883492,1.3003716263504383e-09,0.0012779346134878654,1.0,0.04739336492890995,1.0,0.23854660347551343,0.0,1.0
306,2028284104,211.53741847904172,-190.3680403675714,0.7812909176932262,563,True,False,False,32.72732121663356,0.1630798813314812,-50.805642837372886,0.032670921041520244,0.49284198629291637,0.033266624067417414,0.1546384724525395,0.0,0.006899738218635321,0.03326530382037163,0.0002963757433462888,0.30728241563055064,0.14742451154529307,0.0,0.5334503365857163,0.28402603149414063,-0.051866356283426285,0.9200710479573713,0.006363441372716697,0.026024980552324082,1.0402973008201422e-08,0.001387728095369851,1.0,0.0497335701598579,1.0,0.10479573712255773,0.0,1.0
307,714405881,209.01844007018946,-237.08043323346723,0.8671977466073129,625,True,False,False,62.09000312991767,0.18409304730005943,-31.952779184919496,0.005306439993586922,0.298564644106607,0.005308237070668254,0.13192813126417052,0.0,7.64846772653982e-05,0.00525245675817132,0.0007675146916881204,0.56,0.4768,0.0,0.5673099934130907,0.30336915880441667,-0.051189031451940536,0.96,0.008837879528712341,0.02225447987168718,3.9011148773165916e-09,0.001387516394571702,1.0,0.0416,1.0,0.2576,0.0,1.0
308,1761756941,170.62022662553937,-217.52584778055842,0.7536121488121954,567,True,False,False,23.670238791293123,0.14069082543070205,-48.66847221866277,0.09985367281301255,0.43377378167041136,0.09985500965948318,0.11715150712193664,0.0,0.000620937324129045,0.09985389560461044,0.0004716849362011999,0.36155202821869487,0.0564373897707231,0.0,0.5505068297719672,0.24861317485570908,-0.048782940953969955,0.9435626102292769,0.015104103818296513,0.015641021411740508,0.0,0.0013291219555770653,1.0,0.05291005291005291,1.0,0.2874779541446208,0.0,1.0
309,1081362068,169.67420160919437,-367.69011550837917,1.0445686342351452,754,True,False,False,36.30274999316712,0.1216098326145768,-26.501143099535717,0.11155531880946172,0.42668071202596786,0.1115829756248773,0.10676944905900244,0.0,0.0013420104514807463,0.11157941818237305,0.0008910035830922425,0.5026525198938993,0.0,0.0,0.5213475854430022,0.06699669901281595,-0.048549287021160126,0.9111405835543767,0.015873671548802096,0.013008328984108605,2.6007432527008767e-09,0.0013853695414259232,1.0,0.05968169761273209,1.0,0.3050397877984085,0.0,0.0
310,1210001589,15.10601122123198,-757.2489020449143,1.504709826532292,1000,False,False,False,28.54561421541614,0.15139715372039633,-49.152876302287126,0.16417475927198627,0.49065207635908803,0.21484643319267951,0.14795317236027447,0.036693872998454564,0.011530017480254173,0.2137928009033203,0.02125154435634613,0.192,0.0,0.5495008863508701,0.5545523363039829,0.5535439019650221,0.09900177270174026,0.98,0.02721911620068282,0.03148318871014287,0.0008096581877356339,0.0015047098265322924,0.0,0.0,0.0,0.332,1.0,0.0
311,109654569,235.9537269081163,-262.0282879172413,0.972324029650716,591,True,False,False,34.47815052645991,0.15194549831881127,-43.48933324951049,0.06828498294513219,0.612131656646645,0.0682887081991484,0.22206266357052856,0.0,0.01121301669627428,0.06828804314136505,0.0003013825335074216,0.23519458544839256,0.12521150592216582,0.0,0.4848000905294304,0.1267185828462243,-0.049579355865716934,0.8510998307952623,0.013011008744231223,0.0399555276376878,2.6007432509661532e-09,0.0016452183242820903,1.0,0.06598984771573604,1.0,0.07106598984771574,0.0,1.0
312,713413783,224.65604422015605,-239.88515471080115,0.9012823978619152,695,True,False,False,29.551542466518228,0.16193211485490977,-53.41266360364465,0.06249049427212929,0.6390526180114403,0.06250987557306092,0.2186345240731303,0.0,0.012700366787612438,0.06250743567943573,0.0005522942519746721,0.2158273381294964,0.11223021582733812,0.0,0.4954648453591512,0.11546719532459974,-0.049780432134866714,0.8848920863309353,0.012619322506387544,0.04200183997575742,2.6007432509661532e-09,0.0012968092055567115,1.0,0.05755395683453238,1.0,0.05755395683453238,0.0,1.0
313,2072021362,38.67310463744226,-651.059472316123,1.3394651539071316,1000,False,False,False,32.78050115048071,0.1834263406783107,-60.932582846179926,0.046104601598292085,0.436040522734553,0.04866675714896423,0.16386989914545297,0.02796522172317105,0.0001701354922261089,0.04743184894323349,0.010893711820244789,0.357,0.171,0.5769949406385422,0.5624867300405167,0.5844201052188873,0.15398988127708435,0.987,0.006637108482526485,0.032193598664926465,0.0004854215759475516,0.0013394651539071314,0.0,0.0,0.0,0.074,1.0,0.0
314,1827985142,100.67751094942359,-2552.81590425112,5.266986830401094,1000,False,False,False,55.97319871877737,0.20641221233162632,-49.23282110454118,0.22719105646233378,0.38678208076130327,0.2784531906982851,0.09891294784542748,0.015273703939017464,0.012414169497787952,0.27516278624534607,-0.042680446058511734,0.0,0.0,0.0,0.3341377712208341,0.07071419430430978,-0.026332329958677292,0.585,0.004869092010877123,0.025824112594394634,0.013061916993018095,0.005266986830401088,1.0,0.259,1.0,0.556,1.0,0.0
315,1414100907,221.27308081327942,-130.77023054790232,0.6848066227223633,482,True,False,False,33.11983228215666,0.17979328007239662,-58.761060900374304,0.3599022232791255,0.7527705215613089,0.35993968585630315,0.25454534129825973,0.0,0.014785575680434704,0.3592020869255066,0.023031244054436684,0.0,0.0,0.0,0.5201287620007234,0.06579090610146522,-0.04517989978194237,0.8941908713692946,0.031966141026654266,0.048969042588642445,0.0,0.0014207606280546962,1.0,0.08713692946058091,1.0,0.07053941908713693,0.0,0.0
316,1725152872,224.39883798590162,-117.31518927921938,0.6649880545302418,461,True,False,False,51.78684291909831,0.1374840496798614,-18.935734827203653,0.009707814849925486,0.43495161551214756,0.016040284753864785,0.15347603261061932,0.0,0.00039348602876998484,0.016002941876649857,0.001093885861337185,0.37310195227765725,0.2668112798264642,0.0,0.5449514331120832,0.14726877192268148,-0.051712244749069214,0.9197396963123644,0.007440704337741635,0.016363118385406925,2.600743251833515e-09,0.0014424903568985726,1.0,0.0824295010845987,1.0,0.0737527114967462,0.0,1.0
317,957739242,96.72384050856058,-2195.066831845982,4.5435813447090885,1000,False,False,False,33.364838351750734,0.1965482128020432,-66.90918170677635,0.3785226723342719,0.5688999810872383,0.37860930268815485,0.1276429015029905,0.0179253402440008,0.014808082953095436,0.3782811164855957,0.015760742127895355,0.0,0.0,0.0,0.3209521046158334,0.1277081410959363,-0.06248169764876366,0.566,0.030816617710743285,0.03797659303600553,0.0018084320217859155,0.004543581344709086,1.0,0.427,1.0,0.584,1.0,0.0
318,1221443584,186.930101937987,-408.92378864858534,1.1587877811731448,823,True,False,False,43.69893456627727,0.19580244614711395,-56.20177706674019,0.056171083866982996,0.37280624105291615,0.05619882547002038,0.14396236600888987,0.0,0.012971210293471813,0.056180477142333984,0.0014359569177031517,0.44349939246658565,0.32077764277035237,0.0,0.5467345848032257,0.1615186731517315,-0.052539948374032974,0.9526123936816525,0.004846792588048401,0.028043495049523026,2.600743251833515e-09,0.0014080045943780613,1.0,0.04495747266099635,1.0,0.32320777642770354,0.0,1.0
319,267845655,241.73248925749226,-153.6773248148507,0.7729396281446864,447,True,False,False,71.5805766218803,0.22811956952756968,-44.456822890266196,0.004614139557368214,0.38261103868815066,0.0046802535147157645,0.15304741282105921,0.0,4.38690176451928e-06,0.00468025216832757,3.5500527246767888e-06,0.34451901565995524,0.19910514541387025,0.0,0.5646045262689892,0.25050317093729974,-0.051230013370513916,0.9351230425055929,0.008222515067106152,0.018129692317085763,0.0,0.0017291714276167467,1.0,0.06711409395973154,1.0,0.10514541387024609,0.0,1.0
320,1794051217,229.64200279572404,-238.13975767147167,0.9134035209343905,554,True,False,False,31.957017061452582,0.1472900643583895,-43.680378029604626,0.016511000828999665,0.5725492528628239,0.01653835675165265,0.20777527565729528,0.0,0.008678436279296875,0.016524791717529297,0.0006697034696117043,0.24729241877256317,0.17689530685920576,0.0,0.5070677576883946,0.15221987543161958,-0.050915639847517014,0.8916967509025271,0.009579843620526685,0.03196068012802209,1.3003716263504383e-09,0.0016487428175711032,1.0,0.0631768953068592,1.0,0.061371841155234655,0.0,1.0
321,1386520342,186.69952368605004,-172.67278505074304,0.6991446174735867,490,True,False,False,18.325867056176577,0.1583950983785575,-62.857151807426895,0.04024224015470054,0.44766697015565593,0.04024691139644944,0.13479691707160063,0.0,5.3882598876953125e-05,0.0402468666434288,6.0019494412699714e-05,0.463265306122449,0.2,0.0,0.5452172431905341,0.285197032308206,-0.05194024741649628,0.926530612244898,0.005927447572459799,0.015027530709444795,5.20148650366703e-09,0.0014268257499460953,1.0,0.05510204081632653,1.0,0.22448979591836735,0.0,1.0
322,1126324268,17.578639439234493,-353.15186975246087,0.7222210183833901,481,False,True,False,67.07175395410935,0.20566613552248023,-37.745407894335614,0.23516958417669298,0.4808367379947801,0.2571311497686364,0.1819333021595698,0.04100005267774051,0.010710048489272594,0.25339245796203613,-0.043688561767339706,0.0,0.0,0.5071088019758463,0.539007954898892,0.394776108940132,0.014217603951692581,0.920997920997921,0.017128664106184296,0.04317207720806168,0.0007457644278913711,0.0015014989987180672,0.0,0.0,0.0,0.3076923076923077,1.0,0.0
323,241523200,146.29147320073082,-546.823527413642,1.3468700012287464,984,True,False,False,37.41914954026864,0.1825166617454965,-55.8390799269867,0.0022344741080584023,0.29476636673491496,0.007605704118887848,0.1094438689898833,0.0,1.316070574830519e-05,0.0076043130829930305,0.00014545679732691497,0.5630081300813008,0.4186991869918699,0.0,0.5452344223641131,0.15340910013765097,-0.051323309540748596,0.9583333333333334,0.008026580271984678,0.024122908626744384,2.6007432527008767e-09,0.0013687703264519764,1.0,0.03861788617886179,1.0,0.35264227642276424,0.0,1.0
324,863387912,187.5793633885682,-282.2886139542494,0.9146959546856346,626,True,False,False,43.619817758403975,0.15573538441680163,-36.244170528156275,0.018252271618308655,0.33743222117310084,0.018279872198640978,0.11531937084369819,0.0,4.873275611316785e-05,0.018242930993437767,0.0011615491239354014,0.5638977635782748,0.4217252396166134,0.0,0.5542848740165798,0.21788634814321994,-0.05098598450422287,0.950479233226837,0.009673216154946897,0.014547622892482891,0.0,0.0014611756464626758,1.0,0.051118210862619806,1.0,0.26198083067092653,0.0,1.0
325,216581036,41.39980860895017,-916.9161320112082,1.8766318812403173,1000,False,False,False,28.744260923256924,0.15996536008213127,-53.23833277531393,0.2573057166274159,0.5946800507342058,0.2573057166274159,0.15729254206856563,0.017441690991183645,0.014972877688705921,0.2572982907295227,0.0019548393320292234,0.0,0.0,0.5492229647934437,0.5505011758424807,0.5439218709617853,0.09844592958688736,0.976,0.006139071351249147,0.03177836197600149,0.00678480079069442,0.0018766318812403187,0.0,0.004,1.0,0.363,1.0,0.0
326,1840851141,240.37151020255106,-205.83809843403543,0.8692192172731733,580,True,False,False,30.71287818112998,0.16739128695764413,-54.976884410317815,0.008869237245311565,0.6033631670903575,0.0458263155275765,0.2531394153713253,0.0,0.0005373001331463456,0.045806884765625,0.0013343548635020852,0.2706896551724138,0.20862068965517241,0.0,0.4752605006220682,0.04269175975583494,-0.05233652889728546,0.8517241379310345,0.005512108224924714,0.04338615909203977,2.600743251833515e-09,0.001498653822884781,1.0,0.09137931034482759,1.0,0.05862068965517241,0.0,1.0
327,1662776305,44.584994219616135,-1234.420321263715,2.5180106309666637,1000,False,False,False,56.37061477274236,0.2046729016231442,-47.96574969633523,0.15477307982388958,0.40562892545595103,0.15938158406602776,0.12681815896461943,0.030477735972169375,0.013676834292709827,0.15936431288719177,0.0023462986573576927,0.325,0.0,0.5538270398974419,0.5305437059439718,0.5615193722397089,0.10765407979488373,0.93,0.016560536944264733,0.02804390264702575,0.014908198281536623,0.0025180106309666624,0.0,0.07,1.0,0.445,1.0,0.0
328,200706954,215.74435896901417,-110.82420353589507,0.633897125009819,481,True,False,False,32.01358872721745,0.15681737590879483,-48.37919331438486,0.07062256694850756,0.5354244237785418,0.07065002401276199,0.1576540244891053,0.0,0.005528354551643133,0.07064104080200195,0.0011266088113188744,0.29313929313929316,0.1288981288981289,0.0,0.5241908422359527,0.19933531999588014,-0.05270010977983475,0.893970893970894,0.003948675320081454,0.02742280652684722,7.802229756367907e-09,0.0013178734407688537,1.0,0.07276507276507277,1.0,0.07276507276507277,0.0,1.0
329,546315261,177.5484216165496,-170.44649901078736,0.6755898412546745,510,True,False,False,12.79601976505906,0.13676529952487249,-57.57474554320163,0.06115821270107171,0.5017529207582146,0.061345317534788245,0.13367927139527583,0.0,0.0005389213329181075,0.06133899837732315,0.0008804893586784601,0.29215686274509806,0.14901960784313725,0.0,0.5384814583710121,0.2868003882467747,-0.049880411475896835,0.9274509803921569,0.012530944049197043,0.014025874456938859,2.6007432527008767e-09,0.0013246859632444587,1.0,0.052941176470588235,1.0,0.09411764705882353,0.0,1.0
330,759939275,186.40817790660074,-190.7977540914438,0.7302118639960895,605,True,False,False,24.55931275977111,0.1148081959380295,-34.840210929431784,0.06958601881719265,0.49228364259474333,0.06961347382911286,0.1343684255267816,0.0,0.00517616281285882,0.06959915161132812,0.0014120317064225674,0.3685950413223141,0.10743801652892562,0.0,0.5230350990579579,0.10440026961266995,-0.049781519919633865,0.912396694214876,0.013062593186263622,0.016962753990396002,5.20148650366703e-09,0.001206961758671222,1.0,0.06942148760330578,1.0,0.1537190082644628,0.0,1.0
331,1967397134,146.2091141777113,-427.3198041909808,1.1126578367373856,860,True,False,False,29.68647377745138,0.15329373732767493,-48.96004227417381,0.03195735955243387,0.30363861891582394,0.03376119888157366,0.09116167385913596,0.0,6.790160841774195e-05,0.033757589757442474,0.0004936432815156877,0.6395348837209303,0.5244186046511627,0.0,0.5430690924030577,0.23025339007377624,-0.050475988537073135,0.9441860465116279,0.010719791649969501,0.013863544884856938,0.0,0.001293788182252773,1.0,0.037209302325581395,1.0,0.5023255813953489,0.0,1.0
332,1558142637,25.17511846538542,-656.3668019163631,1.3230838407634957,1000,False,False,False,45.138143185029634,0.19343353660953708,-53.578538777244034,0.33633095323913914,0.5015099903869916,0.34581819126585694,0.10020651738188963,0.01523363169356395,0.01235275249928236,0.33898240327835083,0.0684189423918724,0.0,0.0,0.5179153401404619,0.5056875450771331,0.47906565992045214,0.03583068028092384,0.936,0.0741529325564902,0.06471484190632658,0.00014711884428086908,0.0013230838407634956,0.0,0.0,0.0,0.629,1.0,0.0
