episode,reset_seed,task_return,train_return,variation,length,success,crash,out_of_bounds,discounted_task_return,discounted_variation,discounted_train_return,min_distance_to_pad,mean_distance_to_pad,final_distance_to_pad,mean_speed,final_speed,min_abs_x,final_abs_x,final_y,near_pad_fraction_0p2,near_pad_fraction_0p1,final_m_power,mean_m_power,last50_mean_m_power,final_main_cmd,positive_main_fraction,final_theta_abs,mean_theta_abs,final_theta_variation,mean_theta_variation,final_both_legs_contact,both_legs_contact_fraction,ever_both_legs_contact,low_velocity_fraction,final_lander_awake,landing_candidate
0,464507548,155.28527090619318,85.46265481243631,1.123252321875137,683,True,False,False,6.299558476634849,0.14581214566065168,-2.9889601456467148,0.013916367510532917,0.4664966850610812,0.013944565188591192,0.10804206258302057,0.0,0.013887596316635609,0.013915824703872204,0.0008948302129283547,0.35724743777452417,0.21961932650073207,0.0,0.5436805739724738,0.28915019690990446,-0.07429824769496918,0.9502196193265008,0.0007855102866405298,0.013811537887602702,5.201486504100711e-09,0.001644586122804007,1.0,0.03953147877013177,1.0,0.20644216691068815,0.0,1.0
1,172674724,195.09296178789802,122.6666559422987,1.1749261169119867,684,True,False,False,66.94796577589557,0.20616500021853915,54.64178353911223,0.10991461441821819,0.36856519349431627,0.10994197898063145,0.10456918406843059,0.0,0.10990724712610245,0.10993461310863495,0.001272628316655755,0.4678362573099415,0.0,0.0,0.5569913582508698,0.25535874992609026,-0.07393433153629303,0.9590643274853801,0.00754562352201505,0.011183888437577906,5.201486504534392e-09,0.0017177282410993956,1.0,0.04239766081871345,1.0,0.42105263157894735,0.0,0.0
2,163903425,223.9049215566614,161.94466522771046,1.0240051265790202,538,True,False,False,26.9813462712573,0.19394873157203077,15.29287911943983,0.10368988253163916,0.5753147521489288,0.10371763777454662,0.20003339612007787,0.0,0.0020300864707678556,0.10371675342321396,0.0004283046582713723,0.3215613382899628,0.0,0.0,0.48237953028745184,0.2632910945266485,-0.07379458099603653,0.8215613382899628,0.007227531166159889,0.03352157392457185,0.0,0.00190335525386435,1.0,0.12639405204460966,1.0,0.15427509293680297,0.0,0.0
3,1019325551,-108.16612070626579,-117.59839531508067,0.1690454921762977,49,False,False,True,-71.54426817219286,0.16099234145011124,-80.3716507656327,1.5775919685733775,1.6874065723583311,1.735574213112672,0.7071881429788203,0.5739555807330401,0.6701470017433167,1.0023627281188965,1.4168580770492554,0.0,0.0,0.5964256748557091,0.3870875481991287,0.3870875481991287,0.19285134971141815,0.6938775510204082,0.12264336396870566,0.12511103408846083,0.0004919149816620672,0.0034499080035979117,0.0,0.0,0.0,0.0,1.0,0.0
4,1629015762,219.26111436383798,159.19025736659646,0.9686171399448327,582,True,False,False,37.32611994705926,0.1766718377819157,26.49829191567895,0.0028455630202759243,0.5406677438945098,0.0028732851418978595,0.1388274435727737,0.0,0.002796173095703125,0.0028243064880371094,0.0005282616475597024,0.27319587628865977,0.13917525773195877,0.0,0.5333366576739014,0.2819945088028908,-0.07421120256185532,0.9123711340206185,0.0013968868335626375,0.020479890656969257,0.0,0.0016642906184619118,1.0,0.048109965635738834,1.0,0.0859106529209622,0.0,1.0
5,1449951718,196.67722406079997,126.67302902904383,1.1128839006351225,718,True,False,False,47.65126547078447,0.14444711959226764,38.43037875476205,0.07612171652544762,0.4855840579660309,0.07614917308492111,0.13574971934806418,0.0,0.07610960304737091,0.07613706588745117,0.0013578510843217373,0.3328690807799443,0.08913649025069638,0.0,0.5514024917936486,0.1324295523762703,-0.07424027472734451,0.947075208913649,0.002517055885480855,0.010512337903883928,5.201486504100711e-09,0.0015499775774862443,1.0,0.054317548746518104,1.0,0.19220055710306408,0.0,1.0
6,1892108963,-65.91512353271246,-75.77595629317783,0.1668166552093075,76,False,False,True,-22.99769023216541,0.14705608694546768,-31.418733029099222,1.4036291507347742,1.4787965594886732,1.4036291507347742,0.36669548848739997,0.24566178985297463,0.7975175976753235,1.0008819103240967,0.9840783476829529,0.0,0.0,0.5658590421080589,0.617456119801653,0.5921086154878139,0.13171808421611786,1.0,0.06770998646255894,0.08152127442995284,0.0017277933765134507,0.0021949559895961513,0.0,0.0,0.0,0.0,1.0,0.0
7,1353470719,232.85728576406848,171.88937824132367,0.987358150454891,580,True,False,False,48.661522762651714,0.2059136188004657,36.371722710002594,0.10887890977973941,0.5438087617702109,0.10894875351860796,0.18323851923086112,0.0,0.00039567946805618703,0.10893955081701279,0.0014160370919853449,0.253448275862069,0.0,0.0,0.5548522649011736,0.27488223306834697,-0.07397204637527466,0.95,0.007485846738738755,0.03671873403410195,2.600743251833515e-09,0.0017023416387153291,1.0,0.04655172413793104,1.0,0.1,0.0,0.0
8,676069518,198.7515383676363,143.02802910157664,0.8952701853211932,548,True,False,False,27.0381110190515,0.14727590512159874,17.682427551778165,0.04765128896050366,0.5386266180004461,0.047678445833023976,0.139168315382555,0.0,0.03693952411413193,0.04767408221960068,-0.0006450438522733748,0.2591240875912409,0.17153284671532848,0.0,0.5317396949655372,0.28315558390691875,-0.07384005188941956,0.9215328467153284,0.004182272128421395,0.015362305848470061,5.20148650366703e-09,0.0016337047177394034,1.0,0.04927007299270073,1.0,0.10036496350364964,0.0,1.0
9,1315085260,160.63429966382697,76.00685327526531,1.3529489277712297,849,True,False,False,29.497110245686997,0.20448444856761966,17.273281648587893,0.0016294808505708275,0.4036966543975982,0.00163703242297566,0.11010924786680389,0.0,0.00012531279935501516,0.0008184433099813759,0.0014177537523210049,0.45936395759717313,0.3297997644287397,0.0,0.5575629748246064,0.30531556993722914,-0.07441838830709457,0.9717314487632509,0.0015534904259372011,0.019802969387320814,5.20148650388387e-09,0.0015935794202252404,1.0,0.02944640753828033,1.0,0.28975265017667845,0.0,1.0
10,1377954153,189.83358263387345,148.45330831721458,0.651205486333177,441,True,False,False,16.96768819411895,0.13693534449519543,8.14469762747873,0.17919620658013663,0.6429481924109165,0.17922395304312375,0.16627537830658332,0.0,0.1791960746049881,0.17922382056713104,0.00021791219478473067,0.12244897959183673,0.0,0.0,0.5362852450931136,0.2345931650046259,-0.07315482944250107,0.9206349206349206,0.011425864834720013,0.008286759628389175,5.201486505401753e-09,0.0014766564315945054,1.0,0.07256235827664399,1.0,0.07256235827664399,0.0,0.0
11,681462722,215.41249637731522,157.2334544798883,0.946780837948538,542,True,False,False,25.025267811282426,0.1829619446360391,13.885786575061246,0.007262585281968476,0.5740441548726237,0.007289810499854641,0.18368816997692686,0.0,0.0072460174560546875,0.007273292634636164,0.0004904603702016175,0.23431734317343172,0.17712177121771217,0.0,0.4956779984305282,0.11841424934566021,-0.0741947814822197,0.8745387453874539,0.0019422917893285668,0.03160476329647106,5.201486504100711e-09,0.001746828114296197,1.0,0.07195571955719557,1.0,0.06088560885608856,0.0,1.0
12,1906037396,-80.94220116003416,-90.62223215999005,0.16600061999911783,69,False,False,True,-40.52545831771674,0.15022353574385738,-49.03696104511121,1.473204533420683,1.5143832751909763,1.473204533420683,0.5106456324973953,0.3468192414896838,0.6877511739730835,1.0017404556274414,1.0802072286605835,0.0,0.0,0.5897314250469208,0.5962491145667931,0.5998071950674057,0.17946285009384155,1.0,0.08524280867085203,0.10584372867355571,0.0009324288736909936,0.0024058060869437377,0.0,0.0,0.0,0.0,1.0,0.0
13,1887175263,220.81897468194356,142.8837078326152,1.2547053369865708,760,True,False,False,65.73764488736064,0.21963327603952376,52.75694442160548,0.0056203712987748684,0.3388995394740525,0.005625733064870899,0.16121878964091685,0.0,0.0007225990411825478,0.005604553036391735,0.0004877066530752927,0.45394736842105265,0.23289473684210527,0.0,0.5557209851612386,0.313341191187501,-0.07420248538255692,0.968421052631579,0.0012493747894113596,0.035158101034117935,2.6007432520503554e-09,0.0016509280749823292,1.0,0.03289473684210526,1.0,0.15526315789473685,0.0,1.0
14,297761393,-109.95830286657437,-118.06015734077242,0.13883708948396078,58,False,False,True,-66.01658274038093,0.12565908734292072,-73.18300483043123,1.5621870928158876,1.6651651972377008,1.6935919859919677,0.67319542433159,0.594553165729162,0.6311996579170227,1.0030654668807983,1.3645927906036377,0.0,0.0,0.5684298053383827,0.36145451107736803,0.41928723284974695,0.13685961067676544,0.6724137931034483,0.10933721247726101,0.10200753579708578,0.00045760597668127734,0.002393742922137255,0.0,0.0,0.0,0.0,1.0,0.0
15,241769223,55.95521658295768,-59.356538647616965,1.9062351046114943,1000,False,False,False,44.76415196517242,0.1811076324524141,33.70885668504658,0.14414059677691174,0.45782008423260484,0.14414059677691174,0.14363670229766898,0.03693279489727674,0.0020015717018395662,0.14404621720314026,0.00521526113152504,0.515,0.0,0.5864885449409485,0.5487197011830285,0.5773717676848173,0.17297708988189697,0.975,0.00788697432477312,0.026042802357212163,2.484359991502226e-05,0.0019062351046114918,0.0,0.0,0.0,0.46,1.0,0.0
16,233261862,208.1297483978268,135.9009457399248,1.1953760531580417,623,True,False,False,28.66641924816921,0.1379870319467958,19.770884950281218,0.1309011724146578,0.6258633785685873,0.13091052171721568,0.1452350953284971,0.0,0.130852609872818,0.13086195290088654,0.0035656667314469814,0.18619582664526485,0.0,0.0,0.4330007806393231,0.0,-0.07426214218139648,0.7592295345104334,0.008643510381028589,0.01790008296282624,5.20148650366703e-09,0.0019187416583596186,1.0,0.15248796147672553,1.0,0.08025682182985554,0.0,0.0
17,1516995425,175.39109736395199,96.22109752536231,1.2625999967717922,802,True,False,False,25.523695943917893,0.17572476729361966,14.738089199512665,0.10030180841406293,0.5305532339418638,0.1003294605138219,0.12862908450058883,0.0,0.10028781741857529,0.10031547397375107,0.0016752099618315697,0.33790523690773067,0.0,0.0,0.5395483542182175,0.22398066714406015,-0.0741664245724678,0.9376558603491272,0.0037783617471073582,0.024026594104111045,7.802229755934226e-09,0.0015743142104386423,1.0,0.03865336658354115,1.0,0.2855361596009975,0.0,0.0
18,956231059,36.18125216537172,-68.87372209196297,1.7010994851466887,1000,False,False,False,41.09851848857137,0.13438656917634725,32.37927637224894,0.04594455218195696,0.3271432202040809,0.04640328112208074,0.10173413992711201,1.833920364196904e-07,0.0002023696870310232,0.046402834355831146,-0.00020362377108540386,0.534,0.311,0.0,0.5627661143285222,0.4075447542499751,-0.07394424825906754,0.985,0.0040960282312549985,0.01422030674897697,1.6644756813035538e-07,0.0017010994851466886,1.0,0.016,1.0,0.423,1.0,1.0
19,1399996587,216.89071445148426,142.06713899916292,1.2068715090464288,724,True,False,False,40.505892143174286,0.22214537733638268,27.40000655886029,0.10298595509365431,0.5055588558930386,0.10301342339507125,0.18297203256475228,0.0,0.0006013870006427169,0.10300741344690323,0.0011127329198643565,0.30248618784530384,0.0,0.0,0.5372001461926539,0.1914173972606659,-0.07400637865066528,0.9185082872928176,0.0038853615259823973,0.03534506996389722,7.802229756367907e-09,0.0016669495981304278,1.0,0.04834254143646409,1.0,0.1505524861878453,0.0,0.0
20,908945483,160.73243809342398,68.15809706120656,1.473886820644346,944,True,False,False,26.96997767568959,0.20316975340765325,14.811641589423038,0.0829424912807763,0.45086088670854224,0.08297014488233005,0.13685149396033808,0.0,0.08292989432811737,0.08295755088329315,0.0014455771306529641,0.3908898305084746,0.07521186440677965,0.0,0.5446395867077981,0.22414618715643883,-0.07422403991222382,0.948093220338983,0.002874511790827123,0.02994191112772356,0.0,0.001561320784580874,1.0,0.03389830508474576,1.0,0.3633474576271186,0.0,1.0
21,988018957,220.33728785330902,171.08632433694572,0.7818192703272664,508,True,False,False,42.28512953666387,0.19320228997084468,30.637140794856,0.05747216827396196,0.46461612777403477,0.05749963075548157,0.15433079469071112,0.0,0.051035307347774506,0.05749330669641495,0.0008527731988579035,0.33858267716535434,0.15748031496062992,0.0,0.5390140769483456,0.2509803478419781,-0.07414030283689499,0.9232283464566929,0.004662474337755027,0.027852934936415424,0.0,0.0015390143116678463,1.0,0.05905511811023622,1.0,0.14960629921259844,0.0,1.0
22,1811609170,196.91093196459104,144.76859187760897,0.8276468017396423,538,True,False,False,25.476512095986806,0.1774227322954055,14.614344908000593,0.17184291299887394,0.5908358727940081,0.1718690512841058,0.1613920031118576,0.0,0.0011075973743572831,0.17186450958251953,0.0012494539842009544,0.13011152416356878,0.0,0.0,0.5376240672633661,0.19874732196331024,-0.07342757284641266,0.9200743494423792,0.010993313118157176,0.02645063050078896,5.20148650366703e-09,0.0015383769549063991,1.0,0.06505576208178439,1.0,0.13940520446096655,0.0,0.0
23,1520953939,191.19651361363944,113.38609897970323,1.2510082926787225,763,True,False,False,37.05367450984639,0.12681682154431206,28.71376815680269,0.048456634295232434,0.4865464750416542,0.04848324640977977,0.12805401576823264,0.0,0.0001430511474609375,0.04848203808069229,0.00034229515586048365,0.3748361730013106,0.15465268676277852,0.0,0.532867197246995,0.2418164863716811,-0.07406091690063477,0.9357798165137615,0.00418809714312013,0.01836526756939535,0.0,0.0016395914714006869,1.0,0.03800786369593709,1.0,0.20314547837483618,0.0,1.0
24,1762306363,202.70695670990685,126.65130182065016,1.2351130977851335,715,True,False,False,31.45470004872459,0.18535826355477258,20.188301108958946,0.009807291298850966,0.5548914340073117,0.009834777607565742,0.1536958328013354,0.0,0.009776401333510876,0.009803962893784046,0.0007779216975905001,0.1888111888111888,0.13986013986013987,0.0,0.486502739259203,0.17448005952872336,-0.07425893098115921,0.8727272727272727,0.0020664730534052387,0.03359597896517542,0.0,0.0017274309059931948,1.0,0.06433566433566433,1.0,0.05174825174825175,0.0,1.0
25,1960256931,212.21929422058162,131.26301314119232,1.312325621587785,767,True,False,False,56.79553640801861,0.20647825318449173,44.472521641103896,0.045588728128195886,0.4227441499066414,0.04561590411397245,0.1366308902377873,0.0,0.00019502639770507812,0.04560232162475586,0.0011130905477330089,0.38852672750977835,0.2242503259452412,0.0,0.5508484164546723,0.2484021270275116,-0.07424641400575638,0.9621903520208605,0.004000453192393223,0.02247917247555163,0.0,0.0017109851650427452,1.0,0.03911342894393742,1.0,0.26727509778357234,0.0,1.0
26,261608047,-81.3614503763616,-90.44343029829685,0.15443959843870475,68,False,False,True,-40.146077265483335,0.13835369005650275,-48.05398999073433,1.4741938658554645,1.5207882505575239,1.4741938658554645,0.42622746941292355,0.28098299431162643,0.7537431716918945,1.0006805658340454,1.0825368165969849,0.0,0.0,0.569959782063961,0.5961054462720367,0.5893687586486339,0.13991956412792206,1.0,0.07508730158464721,0.09248136136620555,0.0005117222422695161,0.0022711705652750705,0.0,0.0,0.0,0.0,1.0,0.0
27,628052497,37.48218370475804,-91.59919901267446,2.1816276543486506,1000,False,False,False,25.592232060836313,0.2081204201025968,13.186297398201285,0.12583554940742975,0.4421886598711491,0.1619131194597444,0.1380297013675528,0.02891088253975302,0.00020418167696334422,0.16188040375709534,0.0032547092996537685,0.522,0.0,0.5593404211103916,0.5254599117902108,0.5394763580709696,0.11868084222078323,0.94,0.0223689484980791,0.02652723890218129,0.012319950950646313,0.0021816276543486514,0.0,0.054,1.0,0.407,1.0,0.0
28,2107186230,187.253754426539,121.4994169507671,1.065486749515436,624,True,False,False,28.451684130541345,0.1750515212483928,17.702887194578963,0.022301895356773734,0.3817867509312219,0.02773464248266985,0.12043249758400516,0.0,0.00035772324190475047,0.027732182294130325,0.0003694033657666296,0.5128205128205128,0.421474358974359,0.0,0.5359988523265108,0.21688736153766514,-0.0741606131196022,0.9278846153846154,7.328764447059364e-05,0.021676554438886268,0.0,0.001707510816531148,1.0,0.049679487179487176,1.0,0.33653846153846156,0.0,1.0
29,1280894744,-13.390041871741474,-46.06480470842569,0.5178952567336861,339,False,True,False,43.10158576626786,0.18851840142384024,31.74194240850754,0.4234965281299684,0.8416815671532093,0.4234965281299684,0.21499261730752445,0.12042530894836188,0.4141685366630554,0.4141685366630554,0.08839531987905502,0.0,0.0,0.5641477778553963,0.6011820176292134,0.5577535289525986,0.12829555571079254,1.0,0.006799575613109205,0.03683996039005634,0.0019088480191184398,0.0015277146216332923,0.0,0.0,0.0,0.0,1.0,0.0
30,1308163710,199.30804864709356,132.99627558669442,1.045035461207982,703,True,False,False,14.028212426187205,0.12751274566840248,5.654283472885653,0.06471805194917635,0.665258096314071,0.06474599497350644,0.16894736919448988,0.0,0.06471643596887589,0.06474437564611435,0.00045791626325808465,0.16927453769559034,0.09815078236130868,0.0,0.44458452400103177,0.19333763301372528,-0.07401943951845169,0.8093883357041252,0.005075561116540947,0.022685799604433135,1.0402973008201422e-08,0.0014865369291720944,1.0,0.10241820768136557,1.0,0.04694167852062589,0.0,1.0
31,12673048,200.4803981883451,0.046905266118727695,3.6726698584445305,840,True,False,False,30.435284924585904,0.1859661795316958,19.13740706332254,0.14046017985552547,0.3753830298375897,0.14047115649481656,0.09463198160465465,0.0,0.14038267731666565,0.14039364457130432,0.004665873013436794,0.5595238095238095,0.0,0.0,0.32454483467154205,0.010166167058050632,-0.0744110494852066,0.5571428571428572,0.009146791260887834,0.017362784573500753,2.6007432509661532e-09,0.004372226021957773,1.0,0.3380952380952381,1.0,0.5107142857142857,0.0,0.0
32,889932132,234.606664371128,175.5051398410732,0.9512304906010998,577,True,False,False,55.39214764986155,0.21234955598354785,42.78073075291553,0.04217087631564707,0.5256415632567087,0.0421983406711936,0.16391907003868594,0.0,0.042166709899902344,0.0421941764652729,0.0005928134778514504,0.2270363951473137,0.15077989601386482,0.0,0.47992570933480233,0.1979566380754113,-0.07413995265960693,0.82842287694974,0.003834523497263331,0.0299987139333627,2.600743251833515e-09,0.0016485797064143828,1.0,0.11785095320623917,1.0,0.06932409012131716,0.0,1.0
33,1075134211,225.72247922942037,178.31365966700122,0.7517763912483818,491,True,False,False,39.216622301698756,0.15885320673181946,29.288346987526356,0.045199115560556,0.576340427841876,0.045225826068419975,0.1513480278882945,0.0,0.04518919065594673,0.04521589353680611,0.0009477949352003634,0.2729124236252546,0.19144602851323828,0.0,0.5290047464903649,0.28657281257212164,-0.0742102712392807,0.90020366598778,0.0039857609435766895,0.018449448638822755,7.802229755500545e-09,0.001531112813133161,1.0,0.05295315682281059,1.0,0.12219959266802444,0.0,1.0
34,865824620,213.34516276898069,151.1732691327407,1.0002378727247991,608,True,False,False,18.02362474661465,0.14290235287086073,8.882945522198815,0.001233571567689404,0.6302574558247114,0.02943108562557311,0.20247978787995694,0.0,0.00035924912663176656,0.02940196916460991,0.0013088202103972435,0.23519736842105263,0.18585526315789475,0.0,0.4555102743828157,0.1268180365022272,-0.07438317686319351,0.8141447368421053,5.9841801857595925e-05,0.042355345870199276,7.80222975609008e-09,0.001645128080139472,1.0,0.07072368421052631,1.0,0.054276315789473686,0.0,1.0
35,1400560478,176.96720025074922,100.42004612717726,1.2181430824714359,782,True,False,False,26.62695597686964,0.12824550573796195,18.215452929754232,0.017835353882395384,0.46567768179386626,0.017862974188659092,0.1241432969746773,0.0,0.017757320776581764,0.017785072326660156,0.0016664480790495872,0.4219948849104859,0.1649616368286445,0.0,0.5410817965415254,0.24671963594853877,-0.07448003441095352,0.9462915601023018,0.0005429944325008167,0.015781209091486448,2.6007432520503554e-09,0.0015577277269455704,1.0,0.0370843989769821,1.0,0.22250639386189258,0.0,1.0
36,1099137468,-108.33203261019662,-115.686000321003,0.13027935421612738,42,False,False,True,-75.08148157068085,0.12101185849062936,-81.82075605406402,1.5998443105332618,1.7039905351314866,1.747166803942725,0.7140034743250103,0.626909197845127,0.7181223034858704,1.0025336742401123,1.430915117263794,0.0,0.0,0.5337438397109509,0.2749075753658655,0.2749075753658655,0.0674876794219017,0.5238095238095238,0.10652102365423229,0.1005463272645086,0.0002369277102599876,0.003101889386098271,0.0,0.0,0.0,0.0,1.0,0.0
37,308651950,154.718261943024,68.21840956748235,1.4083970475108374,804,True,False,False,16.770231259532583,0.1516348265224728,7.189108984441166,0.12176077832972362,0.5025405813654711,0.12179882664842696,0.12172301646859776,0.0,0.12176036834716797,0.12179841846227646,0.000315330020384863,0.38930348258706465,0.0,0.0,0.5216357156998346,0.13693356961011888,-0.07364576309919357,0.9340796019900498,0.008233433637463988,0.017875328176079102,0.0,0.0017517376212821349,1.0,0.05845771144278607,1.0,0.3009950248756219,0.0,0.0
38,2135886441,210.07556089740243,140.2305921260199,1.1268993754276515,675,True,False,False,54.67319188884414,0.1519039409463259,45.08025837201861,0.005542129597622987,0.4313907349923805,0.005569410510651566,0.14511698842766724,0.0,4.825591895496473e-05,0.005480003543198109,0.0009939288720488548,0.4474074074074074,0.17333333333333334,0.0,0.5638877664092514,0.24837277725338935,-0.07431459426879883,0.957037037037037,0.0018235634711191364,0.01641240382594881,2.6007432520503554e-09,0.001669480556189113,1.0,0.044444444444444446,1.0,0.14962962962962964,0.0,1.0
39,2123588507,222.98836773801594,148.69184695101876,1.2167304157399417,673,True,False,False,59.90842419177312,0.228054892612108,46.50798905049616,0.02499088248027264,0.42591377859144874,0.03180541503428235,0.1381493712431673,0.0,1.8024444216280244e-05,0.03179740905761719,0.0007135844207368791,0.399702823179792,0.274888558692422,0.0,0.5451944421611472,0.16091413017362355,-0.07423664629459381,0.9465081723625557,0.00015880007243820334,0.023788591778097057,2.6007432520503554e-09,0.0018079203799999148,1.0,0.05349182763744428,1.0,0.2511144130757801,0.0,1.0
40,1731118266,192.0371384379452,115.39388892264786,1.2264649903059512,766,True,False,False,34.24678850152218,0.2029286070167277,22.101265112615007,0.01197437628829155,0.3955188659429057,0.012001950525089162,0.14457163278801213,0.0,0.0006626129033975303,0.0118865966796875,0.001660010777413845,0.4412532637075718,0.18929503916449086,0.0,0.5384914454853275,0.15251617312431334,-0.07448019832372665,0.9281984334203656,0.0008593007685642583,0.031234746165906845,7.802229756042646e-09,0.0016011292301644274,1.0,0.04960835509138381,1.0,0.2245430809399478,0.0,1.0
41,4716089,-116.18780460413545,-125.67808538590307,0.17060561563535273,48,False,False,True,-77.20394751252746,0.16386039269164807,-86.16238686522529,1.580702921349176,1.6625396813708484,1.705048476264241,0.6731509083880135,0.6162031251161312,0.6888719797134399,1.0008467435836792,1.380397081375122,0.0,0.0,0.5964250564575195,0.4283355673542246,0.4283355673542246,0.19285011291503906,0.7708333333333334,0.1282570474722675,0.12604046585766673,0.0003998902824322026,0.003554283659069848,0.0,0.0,0.0,0.0,1.0,0.0
42,954698821,175.39219366977926,88.14730194712055,1.3812978344531726,909,True,False,False,20.156810222310792,0.20273876364699475,8.020087527362893,0.03592200386192255,0.6113656298966176,0.0373697869771004,0.16559698114099333,0.0,0.029239464551210403,0.0373440757393837,0.001385996351018548,0.29812981298129815,0.1419141914191419,0.0,0.5610278315644412,0.2804075054079294,-0.07438793778419495,0.9713971397139713,0.0004850161850931406,0.03209521701864974,2.6007432520503554e-09,0.0015195795758560753,1.0,0.0297029702970297,1.0,0.09570957095709572,0.0,1.0
43,722439037,293.86443070913674,250.21132531959282,0.7098621077908713,408,True,False,False,85.94763918206027,0.20326102120800096,73.81771567725349,0.014451360882443703,0.3657819286162972,0.014462036057471907,0.24948970740751758,0.0,0.00012578963651321828,0.014453697018325329,-0.0004910493153147399,0.5612745098039216,0.41911764705882354,0.0,0.5526632008578756,0.2721483612060547,-0.07396917045116425,0.9338235294117647,0.0008202013570596849,0.04468020437678253,7.802229756042646e-09,0.0017398581073305665,1.0,0.06372549019607843,1.0,0.26715686274509803,0.0,1.0
44,143133740,205.4612485596909,154.64234035093315,0.8123781641751568,510,True,False,False,38.702686689854126,0.15240032356781266,29.09455496563895,0.038282281535037606,0.4951254473311168,0.03830936623201346,0.13111672210506214,0.0,0.03827838972210884,0.03830547258257866,0.0005461788387037814,0.307843137254902,0.15490196078431373,0.0,0.5411161025693896,0.16450264435261489,-0.07414185255765915,0.9294117647058824,0.0036240586746856688,0.010264678379880748,2.600743252267196e-09,0.0015928983611277583,1.0,0.07058823529411765,1.0,0.09803921568627451,0.0,1.0
45,851876933,249.2805239292938,192.73652354273963,0.9116800077310846,548,True,False,False,59.38008364747311,0.13093689966690417,50.84135045293452,0.11497494744206221,0.5192869509829379,0.11499077312126017,0.17740533547536336,0.0,0.11496992409229279,0.11498574912548065,0.0010748958447948098,0.23357664233576642,0.0,0.0,0.42045716439034103,0.0,-0.07385637611150742,0.7226277372262774,0.007832278743625479,0.010903109672924498,0.0,0.0016636496491443148,1.0,0.2116788321167883,1.0,0.09124087591240876,0.0,0.0
46,1892204776,-66.68859409196301,-83.19378563959347,0.25770383095260874,181,False,False,True,0.5888145335226227,0.1752136784277934,-9.84752960784505,1.2406745451326273,1.3887091638263676,1.2406745451326273,0.27252749940764115,0.144668387545368,0.6350803375244141,1.0001285076141357,0.73417729139328,0.0,0.0,0.571256697177887,0.5691022689799001,0.5787447238713503,0.14251339435577393,1.0,0.04957989316346404,0.0690800517716923,0.0005941241914668507,0.0014237780715613743,0.0,0.0,0.0,0.0,1.0,0.0
47,1103841343,-105.40385106168688,-114.13619125374471,0.14264680384115713,80,False,False,True,-51.94995716716349,0.12761332885131538,-59.43557718220163,1.6152636488501995,1.6371475820770809,1.629500234405865,0.2845174188141466,0.21625290102959624,0.7859432697296143,1.0003151893615723,1.2863283157348633,0.0,0.0,0.584051750600338,0.542962842201814,0.5606664818525314,0.16810350120067596,0.9875,0.08134983411918512,0.0894466905049917,0.0006857691821819112,0.0017830850480144642,0.0,0.0,0.0,0.0,1.0,0.0
48,1871136645,-92.883010297874,-102.50228959853642,0.14598558601324882,116,False,False,True,-28.634575916120443,0.11989558195724201,-36.00603285108426,1.5599948968339534,1.6759640752813,1.6717412862391403,0.35962463031245173,0.23194654208391724,0.6165568232536316,1.0018786191940308,1.3382668495178223,0.0,0.0,0.5614438913762569,0.455793358349434,0.5675888466089964,0.12288778275251389,0.8275862068965517,0.0826344764500121,0.09011531240847179,0.0010374520876944848,0.0012584964311486973,0.0,0.0,0.0,0.0,1.0,0.0
49,368689141,45.60137614354019,-49.21349365995999,1.4962973960700034,1000,False,False,False,22.755280366132737,0.2234814137799297,9.581296019631043,0.1787764260755536,0.6392738076189065,0.17888401277725918,0.1654030208479091,0.007983348393412566,0.10272769629955292,0.17450790107250214,0.03932534158229828,0.098,0.0,0.5498215667903423,0.5503627313261386,0.551379951685667,0.09964313358068466,0.977,0.0218787760143959,0.03290065821288613,0.0016943049060286867,0.0014962973960700033,0.0,0.0,0.0,0.281,1.0,0.0
50,711874407,218.41497071748603,172.55904865660017,0.7311184412177176,465,True,False,False,35.600293635217966,0.1400949781888256,26.61422552632273,0.04958624048498554,0.5773882860737621,0.04960777865853625,0.15537554654035707,0.0,0.00029201508732512593,0.049605656415224075,-0.00045886277803219855,0.2731182795698925,0.16559139784946236,0.0,0.5314466528734693,0.17909620720893143,-0.07387541979551315,0.8817204301075269,0.0042805555162872535,0.009858616460419058,0.0,0.0015722977230488541,1.0,0.08172043010752689,1.0,0.07741935483870968,0.0,1.0
51,1949523453,7.640513207104118,-86.42103535138358,1.4812309711697562,1000,False,False,False,26.152513528934005,0.20235674272164167,14.034762735346748,0.11956960180597573,0.5845823043803384,0.11956960180597573,0.12805520235789805,0.10716554693999757,0.05013704299926758,0.05013704299926758,0.1085502952337265,0.099,0.0,0.5642787143588066,0.5594087130970875,0.5682530422508717,0.12855742871761322,0.997,0.03487015694930405,0.031499494358268085,0.0008130625606525416,0.0014812309711697562,0.0,0.0,0.0,0.172,1.0,0.0
52,965219006,-88.43673468297348,-100.39897805896445,0.1972448675198195,105,False,False,True,-32.117869120337055,0.1673294777128272,-41.78815677699353,1.534995355592418,1.6314259704221297,1.6625336017061072,0.4261302585005559,0.22016550147006447,0.5685643553733826,1.0005004405975342,1.3277864456176758,0.0,0.0,0.5538299009203911,0.4672796258348085,0.5541165370494128,0.10765980184078217,0.8571428571428571,0.08321658000616806,0.10222790018240901,0.0012489445289495943,0.0018785225478078055,0.0,0.0,0.0,0.0,1.0,0.0
53,608969183,-89.88381620272995,-96.4941974601521,0.10500762514844326,68,False,False,True,-42.89080620462244,0.0842885638556242,-48.09546261982952,1.6265253063086367,1.7109961832919418,1.683419404635314,0.39793442703187437,0.34378613530385554,0.7694393396377563,1.0021388530731201,1.3526339530944824,0.0,0.0,0.559063084423542,0.35041315875509205,0.4765618959069252,0.11812616884708405,0.6470588235294118,0.06421754717765076,0.054339847460212726,0.0003163023943119486,0.0015442297815947538,0.0,0.0,0.0,0.0,1.0,0.0
54,174629327,197.61581161525106,115.15077717643736,1.3205006887762745,822,True,False,False,44.09208733024337,0.22226973108420472,30.97911738263848,0.08296481068987334,0.4295059398195002,0.08299245973848143,0.15064713355555182,0.0,0.00034332275390625,0.08297796547412872,0.0015510058728978038,0.3381995133819951,0.11557177615571776,0.0,0.5417536479509334,0.28185424774885176,-0.07424996793270111,0.940389294403893,0.002881093946905106,0.030842390871741825,5.201486504100711e-09,0.0016064485264918186,1.0,0.032846715328467155,1.0,0.22019464720194648,0.0,1.0
55,529795964,196.4530293052085,120.3967448756493,1.228325688591187,732,True,False,False,68.56576891529407,0.20980587770288422,56.076751446742236,0.009044223020078361,0.31239801952858354,0.009049615923440307,0.09583733789083816,0.0,0.00011358260962879285,0.008977699093520641,0.0011386252008378506,0.5245901639344263,0.3674863387978142,0.0,0.5610216699370127,0.2665775965899229,-0.07434429228305817,0.9631147540983607,0.0020062055423865762,0.009658903701622503,5.201486504100711e-09,0.001678040558184681,1.0,0.03825136612021858,1.0,0.4412568306010929,0.0,1.0
56,120278483,-18.408211079798598,-123.464918630919,1.7011341510224058,1000,False,False,False,22.68687529514209,0.1451537783647026,13.429272719401746,0.015346070584490938,0.31704227448901323,0.10180526100979345,0.0850304066712961,0.02552594967667137,0.00023155212693382055,0.10020609200000763,0.017973599955439568,0.618,0.492,0.5480482131242752,0.5632616085726768,0.549751043356955,0.09609642624855042,0.987,0.019123669547756,0.010948357880938401,0.002039796742229802,0.0017011341510224077,0.0,0.0,0.0,0.505,1.0,0.0
57,2011373962,194.06863945812225,115.93332154672838,1.2555063582278745,768,True,False,False,40.78391312352396,0.2004518115527958,28.762211459270937,0.03611692300268353,0.40404744305595514,0.036120615760959984,0.12976544837760362,0.0,9.72747802734375e-05,0.036118220537900925,0.00041596649680286646,0.3671875,0.2721354166666667,0.0,0.5351420339261495,0.30774848997592924,-0.07411877810955048,0.9401041666666666,0.003509965693683623,0.028321377233670748,0.0,0.0016347739039425466,1.0,0.033854166666666664,1.0,0.22005208333333334,0.0,1.0
58,1117234558,189.2380283747799,121.97674392967234,1.0788256889021517,666,True,False,False,31.73299658071318,0.13365309405695053,23.05281969697307,0.009006272022634132,0.45179376725904985,0.009033118949698438,0.11641601798482243,0.0,0.00018224716768600047,0.009013461880385876,0.0005956029635854065,0.3918918918918919,0.18618618618618618,0.0,0.536293320750745,0.21591669127345084,-0.07421735674142838,0.9264264264264265,0.0020316399986591684,0.011214661398297802,5.201486504100711e-09,0.0016198583917449731,1.0,0.04954954954954955,1.0,0.2552552552552553,0.0,1.0
59,1707184565,2.9639816318623957,-62.04720004637971,1.0730236335648469,568,False,True,False,64.21592610501652,0.23878206719895037,50.28345743341034,0.22278195704463194,0.49265479752763697,0.23711166810138434,0.15905445111860156,0.026204117197049546,0.06801366806030273,0.2330968827009201,-0.043448664247989655,0.0,0.0,0.5108266919851303,0.56170728944949,0.37523430823697707,0.02165338397026062,0.9595070422535211,0.018140496272103023,0.03684760516894113,0.001217556158640845,0.0018891261154310665,0.0,0.0,0.0,0.18309859154929578,1.0,0.0
60,2024064892,-23.48078333674222,-101.469407271188,1.2737724786889206,715,False,True,False,40.400804816203696,0.22564968986537332,27.119834560908014,0.2583452509393432,0.5409255291196172,0.2784854648501842,0.16466847760877004,0.046018887055642894,0.0019546509720385075,0.27383989095687866,-0.05065440014004707,0.0,0.0,0.0,0.5387561943396882,0.38526294475159373,-0.007154314778745174,0.9440559440559441,0.009595566413856836,0.039074767511617696,0.003196147659363175,0.001781499970194295,0.0,0.0,0.0,0.24615384615384617,1.0,0.0
61,2087047656,157.45379627535726,111.62937335395782,0.7060884584279897,526,True,False,False,10.412910404728764,0.15782200990457834,0.5319290203627335,0.5114995479507606,0.883227990105837,0.5952431958963064,0.18083868478282564,0.0,0.510090708732605,0.595236599445343,0.0028023100458085537,0.0,0.0,0.0,0.5289202504996319,0.2719315033592284,-0.0710005983710289,0.9296577946768061,0.03271712384588084,0.04091215278742409,0.0,0.0013423734951102469,1.0,0.051330798479087454,1.0,0.11596958174904944,0.0,0.0
62,714619600,-42.00373098202978,-74.102140282715,0.48316818601370415,397,False,True,False,12.530456959705633,0.1749123983650666,1.8218370863354638,0.7946821468015224,1.188729612314878,0.7946821468015224,0.2602298425067922,0.23358395475181817,0.3392982482910156,0.7462908029556274,0.2730746269226074,0.0,0.0,0.5022727234754711,0.5039277989974466,0.2716476044943556,0.004545446950942278,0.8992443324937027,0.017218903395171622,0.05460745578797032,0.000192373077237816,0.0012170483274904383,0.0,0.0,0.0,0.0,1.0,0.0
63,1075806674,-85.84546009944752,-97.5834616462957,0.19316003093696388,104,False,False,True,-33.270162283866775,0.1622589573045722,-42.67989173597933,1.46866080263022,1.4849599946152852,1.481994432939974,0.6210181922189412,0.3991692031665999,0.3834267556667328,1.0005428791046143,1.0932618379592896,0.0,0.0,0.5823353826999664,0.5081564353402848,0.5725805107504129,0.16467076539993286,0.9038461538461539,0.0950387317935446,0.11629777094677042,0.0013817748898038024,0.0018573079897784988,0.0,0.0,0.0,0.0,1.0,0.0
64,1380583167,213.6903148856946,151.2963671198046,1.010678955317799,593,True,False,False,62.094104660365474,0.17742037700992255,51.22824641217408,0.054559190240445636,0.42002100025043526,0.05458674670339069,0.1331158971038386,0.0,0.05455160140991211,0.05457916110754013,0.0009099936578422785,0.37268128161888703,0.1467116357504216,0.0,0.5660767492431438,0.2171557380259037,-0.07422492653131485,0.9460370994940978,0.0013701074679358391,0.014598255464527891,5.201486504100711e-09,0.0017043489971632355,1.0,0.05564924114671164,1.0,0.1433389544688027,0.0,1.0
65,1527789836,115.7254746937892,-222.44755516049702,6.363460597085721,1000,False,False,False,54.21161662172046,0.22413661755010608,41.00487208671003,0.12910785574941253,0.2825940247601062,0.16575121488364242,0.08271790096970252,0.016061132074406754,0.000152587890625,0.1654801368713379,-0.00947573408484459,0.698,0.0,0.0,0.2753101814507972,0.0,-0.06533172726631165,0.463,0.0007114128357398351,0.01937447163238889,0.010469644686852358,0.006363460597085723,1.0,0.313,1.0,0.639,1.0,0.0
66,1377783636,209.71788714155565,145.3791916679112,1.0495739094728858,593,True,False,False,58.97639946507578,0.22758325410565208,45.60239736209804,0.08909574569925854,0.38954254131076005,0.08912340025345568,0.12445115042223055,0.0,0.03376045078039169,0.0891135185956955,0.0013271308271214366,0.433389544688027,0.08263069139966273,0.0,0.559389569895565,0.23460480451583862,-0.07415718585252762,0.9494097807757167,0.0031855268741076952,0.024848028563723243,5.201486504100711e-09,0.0017699391390773808,1.0,0.05227655986509275,1.0,0.33895446880269814,0.0,1.0
67,282964358,-46.88152308512942,-82.8922485752599,0.5590145098026092,403,False,True,False,6.116456238048591,0.12361810540356294,-2.029614224345108,0.4152334816047432,0.855157171015799,0.4152334816047432,0.17219966394168126,0.07718782814331583,0.41097384691238403,0.41097384691238403,0.05932403728365898,0.0,0.0,0.5182913485914469,0.5690049163658616,0.5685192114114761,0.03658269718289375,0.9826302729528535,0.0170314886349438,0.021324689306148975,0.0018682114058054637,0.0013871327786665242,0.0,0.0,0.0,0.0,1.0,0.0
68,679598937,-23.587049150571858,-146.5762698911632,2.059784414811831,1000,False,False,False,27.22299364296848,0.188274311516562,15.809364409635188,0.19958776064548528,0.3904162137828397,0.20958321219084225,0.09349134850847254,0.08375494246546002,0.19957295060157776,0.20958232879638672,0.0006085133645683527,0.012,0.0,0.5700210854411125,0.5585282568935072,0.5408331176824868,0.14004217088222504,0.992,0.008679907132654943,0.015410375174615463,0.0008981705832036124,0.0020597844148118323,0.0,0.0,0.0,0.548,1.0,0.0
69,964498172,207.68855681540438,124.1468509139314,1.3364341180294625,836,True,False,False,51.93616889401789,0.197722983002532,40.05046854371658,0.015018432064533961,0.34185522345507713,0.015047003603867154,0.14140376790156697,0.0,0.0009400367853231728,0.015027332119643688,0.0007691598148085177,0.527511961722488,0.30980861244019137,0.0,0.5362628040463178,0.2687615443766117,-0.0742679163813591,0.937799043062201,0.000731823387508544,0.03184437669790899,2.6007432520503554e-09,0.0015986054043414636,1.0,0.03349282296650718,1.0,0.3660287081339713,0.0,1.0
70,538463003,301.73194154920054,268.2188245073592,0.544262340836828,315,True,False,False,97.55645280444948,0.20371077240824786,85.45527024536727,0.08005056872124024,0.42086781815316865,0.08114049940171703,0.3049598651793973,0.0,0.00029077529325149953,0.08114013820886612,-0.00024210453557316214,0.4857142857142857,0.34285714285714286,0.0,0.5578583274125344,0.26059454219415784,-0.07381889969110489,0.9111111111111111,0.0026924556995236563,0.058747180481489227,1.0402973008201422e-08,0.0017278169550375493,1.0,0.08888888888888889,1.0,0.13333333333333333,0.0,1.0
71,569527992,15.232568351691897,-105.3056738412024,2.010764843857879,1000,False,False,False,57.077745684434234,0.1653003731244321,46.81281337070759,0.17855256024341645,0.35108991938388506,0.1836016013018404,0.08906435714130964,0.028231726406777218,0.178540900349617,0.18360118567943573,-0.00039066316094249487,0.439,0.0,0.5367265678942204,0.5661665039318614,0.5324451951123774,0.0734531357884407,1.0,0.005267648762206855,0.01199656448892182,0.0006816385517118698,0.0020107648438578785,0.0,0.0,0.0,0.49,1.0,0.0
72,828003095,258.2909626842477,203.8110592698813,0.8799980682873297,524,True,False,False,53.54235664531976,0.1943689831338915,41.834232058427204,0.028000987781454666,0.4826033295753934,0.0298089416200232,0.19376997280650676,0.0,1.201629675051663e-05,0.02978820726275444,0.0011116242967545986,0.4083969465648855,0.1946564885496183,0.0,0.5262774032636596,0.23749286353588103,-0.07429623603820801,0.8874045801526718,0.0031367772422200096,0.033521253647757224,5.201486504100711e-09,0.001679385626502536,1.0,0.05916030534351145,1.0,0.22137404580152673,0.0,1.0
73,954833235,190.9296596984845,132.47384511849066,0.9387162915998766,576,True,False,False,30.26234673086857,0.13502177793398024,21.517379957635637,0.07286656697624001,0.45641507487846167,0.08298913775646058,0.13132756895778777,0.0,0.05789194256067276,0.08298549801111221,0.0007772421813569963,0.3854166666666667,0.2534722222222222,0.0,0.5478971818641488,0.21894375005736946,-0.07405906915664673,0.9270833333333334,0.0028408968592017222,0.010721391554636646,0.0,0.0016297157840275635,1.0,0.05555555555555555,1.0,0.2309027777777778,0.0,1.0
74,530674831,202.1093216473236,142.14427085557378,0.9593010158349963,600,True,False,False,51.734951466885285,0.22490617722937917,38.49445262399894,0.3210575473993674,0.6592422565422974,0.32109144676462026,0.15143189134981128,0.0,0.3210015892982483,0.3210354745388031,0.005995104089379311,0.0,0.0,0.0,0.564470417999352,0.27436258479952813,-0.0711861178278923,0.9566666666666667,0.014429326677469313,0.029675569145638635,5.201486505401753e-09,0.0015988350263916606,1.0,0.045,1.0,0.19166666666666668,0.0,0.0
75,268805063,169.4123537054751,91.09823859458723,1.2590823022177555,768,True,False,False,28.34460516302407,0.1767895162086154,17.506018265979957,0.04039053401367526,0.40139429814854033,0.04041780666901597,0.11273258890136528,0.0,0.026455115526914597,0.04040861129760742,0.0008621072629466653,0.4791666666666667,0.3528645833333333,0.0,0.538139888813627,0.19758746166713537,-0.07420732080936432,0.9440104166666666,0.0037262750365344107,0.016163648385649435,2.600743252267196e-09,0.0016394300810127042,1.0,0.044270833333333336,1.0,0.3203125,0.0,1.0
76,386459433,215.8945678342133,153.97654278311063,0.9883605010220533,625,True,False,False,46.62627525785837,0.16431250283549617,36.41439145127634,0.05025617970435692,0.4712311757866276,0.05139224045182949,0.15371461566913372,0.0,0.04092264175415039,0.05137672275304794,0.0012628292897716165,0.384,0.1376,0.0,0.5603350557386875,0.279430880099535,-0.07432135939598083,0.9568,0.0012194926558116621,0.016909859785628877,0.0,0.0015813768016352857,1.0,0.0448,1.0,0.0992,0.0,1.0
77,1842675722,188.52617520280168,112.03935414336546,1.228536421188726,753,True,False,False,34.076436816014535,0.21792323899279023,21.181308416461484,0.14248866201123284,0.5833872763723382,0.14251050929597436,0.15427058615837685,0.0,0.1424632966518402,0.1424851417541504,0.0026887988205999136,0.13678618857901725,0.0,0.0,0.5470548696063984,0.09050937570631504,-0.07402877509593964,0.9442231075697212,0.005960642809142903,0.0322385071867242,1.040297300733406e-08,0.001631522471698177,1.0,0.057104913678618856,1.0,0.05312084993359894,0.0,0.0
78,215035549,107.35897776129997,-169.75354238230048,5.1422504028720075,1000,False,False,False,52.19707333780302,0.23762475718664877,38.31592182096533,0.1971440033829147,0.43154519663421465,0.22163554887933984,0.12054308332368649,0.012141926124812312,0.012269115075469017,0.22035732865333557,-0.02376897633075714,0.032,0.0,0.0,0.3418507847308065,0.0,-0.06941292434930801,0.589,0.005783993175421049,0.02671317518687673,0.006373542090594998,0.00514225040287201,0.0,0.23,1.0,0.435,1.0,0.0
79,839465270,200.0019246235491,122.94769504880134,1.2506845914949525,726,True,False,False,50.31650570027062,0.23482088413843152,36.576817248532215,0.00430121318097092,0.3849804000760572,0.008282682055440853,0.13330956232269084,0.0,0.0003105163632426411,0.008193778805434704,0.0012102937325835228,0.4214876033057851,0.1721763085399449,0.0,0.5543200345119825,0.18471479505300523,-0.07436206191778183,0.9517906336088154,0.00196070440136713,0.025116360213669565,2.600743251833515e-09,0.00172270604889112,1.0,0.049586776859504134,1.0,0.16115702479338842,0.0,1.0
80,609512609,8.764054174488512,-118.4450806312242,2.1441826961142523,1000,False,False,False,24.611182427596265,0.21026185221888263,12.098176159146927,0.24933769993658886,0.5535337859440005,0.27299055576675507,0.13042027803183082,0.034495489111172756,0.18967953324317932,0.27264851331710815,0.013661322183907032,0.0,0.0,0.5672193467617035,0.5337906364756636,0.5315728371590376,0.13443869352340698,0.963,0.039942568565766785,0.028817189694421527,0.0009962719190418287,0.002144182696114253,0.0,0.024,1.0,0.434,1.0,0.0
81,1146558410,206.75820260457687,151.56955873684564,0.8889728773546268,537,True,False,False,32.197131031509,0.15220721665986023,22.59583022557061,0.012272894020049835,0.4742158366091434,0.012300154213206986,0.148905207424876,0.0,6.608963303733617e-05,0.01221761666238308,0.0014225458726286888,0.3500931098696462,0.21415270018621974,0.0,0.5649341518472137,0.26663515478372574,-0.07442387193441391,0.9478584729981379,0.0008523541833380848,0.020871398447025447,7.802229756042646e-09,0.0016554429745896217,1.0,0.0521415270018622,1.0,0.1564245810055866,0.0,1.0
82,1891899470,235.68095105523255,177.83936128367446,0.947631795431159,523,True,False,False,44.910877536956264,0.21604204459668472,32.11920416550784,0.09691693455438814,0.5116989039420546,0.09694439536456127,0.1840072087881984,0.0,0.00034313200740143657,0.0969386100769043,0.001059088739566505,0.30401529636711283,0.06883365200764818,0.0,0.5231459544451612,0.14197678431868554,-0.07403792440891266,0.8814531548757171,0.0035726058952804036,0.03741116023848178,2.600743251833515e-09,0.001811915478835868,1.0,0.0745697896749522,1.0,0.0841300191204589,0.0,1.0
83,1915251784,-0.16462294863598703,-123.02444386822143,2.0571964183917077,1000,False,False,False,45.42916687631614,0.2137196124811517,32.743272594753506,0.3381630122838139,0.5552482584369944,0.34240792680551524,0.10769153956430007,0.036243355470128684,0.3357505798339844,0.340979665517807,-0.031241895630955696,0.0,0.0,0.5338763371109962,0.563597627236013,0.5418515449293773,0.06775267422199249,0.997,0.016337057677361006,0.026597775060602707,0.001779903168682765,0.0020571964183917105,0.0,0.0,0.0,0.398,1.0,0.0
84,1313639606,200.2047911239788,137.24741699592767,1.0155474825610231,609,True,False,False,48.63873702470762,0.2069305991298404,36.29660110315157,0.031587814077546884,0.3541935462674241,0.039424694156509135,0.11638179781567365,0.0,0.0001827240048442036,0.039397429674863815,0.0014659619191661477,0.548440065681445,0.35960591133004927,0.0,0.5486386968969859,0.19194301679730416,-0.07440279424190521,0.9441707717569786,0.0005975943144241053,0.020246756050611058,5.201486504100711e-09,0.0016675656528095633,1.0,0.054187192118226604,1.0,0.39408866995073893,0.0,1.0
85,695909292,188.44343679514708,90.08806219095736,1.6823074920837948,712,True,False,False,23.638010786407424,0.2156698331678758,10.856079717041327,0.6210717035812032,0.9355796695002176,0.6210812453390046,0.17631444317917058,0.0,0.3062871992588043,0.6209729909896851,0.011595592834055424,0.0,0.0,0.0,0.41456507752045174,0.030854080710560082,-0.07199421525001526,0.7331460674157303,0.03409328633174676,0.04411188653925767,0.0,0.0023627914214660057,1.0,0.21629213483146068,1.0,0.2443820224719101,0.0,0.0
86,657540159,211.09372680922968,168.17810105774558,0.6843125150296832,435,True,False,False,29.08613241445,0.16033097254264306,19.09483833796844,0.22272127892579036,0.6813688851824035,0.2227442865227437,0.18760932282261647,0.0,0.22268418967723846,0.22270718216896057,0.0040654875338077545,0.0,0.0,0.0,0.521319599935635,0.23401945807039737,-0.07347427308559418,0.8919540229885058,0.01377252457362852,0.015357458160196853,0.0,0.0015731322184590428,1.0,0.0735632183908046,1.0,0.0735632183908046,0.0,0.0
87,1508100295,212.8195459401235,133.0204495557568,1.2959819276873312,750,True,False,False,56.04183976962253,0.22833765323432167,42.626022295118176,0.04694125670271387,0.35440756245996263,0.05057896048608849,0.1535659209826451,0.0,0.00242958078160882,0.05057726055383682,0.0004146790597587824,0.5146666666666667,0.27066666666666667,0.0,0.5466532295917471,0.22169506207108497,-0.07411818206310272,0.944,0.0011355338366850808,0.03316694292980889,1.0402973007984581e-08,0.0017279759035831103,1.0,0.04133333333333333,1.0,0.244,0.0,1.0
88,226019867,-102.08763165436685,-112.19197038160108,0.1812867745446849,52,False,False,True,-65.21835596096946,0.1729235753254538,-74.67860183443912,1.5731168715117043,1.6250905925773722,1.6655209615962354,0.6081109208274798,0.4660542853487782,0.6961547136306763,1.0026099681854248,1.3299373388290405,0.0,0.0,0.5768483653664589,0.5409938405769376,0.5524167612195015,0.15369673073291779,0.9807692307692307,0.11292848520723285,0.12530323131748478,0.0003271110832673979,0.0034862841258593248,0.0,0.0,0.0,0.0,1.0,0.0
89,667780743,-9.99627880897609,-126.22115951006641,1.9244976140218053,1000,False,False,False,21.774015079949613,0.1960670275428832,9.97075004530023,0.15843762203089504,0.4418744938509434,0.15843762203089504,0.10347585539565714,0.07292594199880695,0.15842381119728088,0.15842381119728088,0.002091917907819152,0.262,0.0,0.580443762242794,0.5564623325614957,0.5530423033237457,0.16088752448558807,0.992,0.006853837520319569,0.01903688401893641,0.0017141827117968635,0.0019244976140218044,0.0,0.0,0.0,0.403,1.0,0.0
90,498383730,176.48047029421429,101.33008808902734,1.2086076441037417,736,True,False,False,44.45561684978854,0.1561348668209133,34.650099629428716,0.1011392709914424,0.40972334062674226,0.11286139765266917,0.10654591406987703,0.0,0.09324369579553604,0.11285199970006943,0.0014564490411430597,0.4673913043478261,0.0,0.0,0.5495784178193667,0.17675828422186896,-0.07401227205991745,0.9538043478260869,0.004404269296764373,0.012192973053819169,0.0,0.0016421299512279094,1.0,0.04619565217391304,1.0,0.41032608695652173,0.0,0.0
91,588981715,81.03844876606597,-125.9805837826814,3.7403806509749487,1000,False,False,False,23.548949653277024,0.14962754341941162,14.067658824801205,0.2330781745628401,0.6356029547867734,0.24644856239126786,0.11075093472536363,0.009020905812399803,0.23300042748451233,0.24577546119689941,-0.018202103674411774,0.0,0.0,0.0,0.41125370517309057,0.0,-0.0441296249628067,0.718,0.006606856637018867,0.02018985727443185,0.013745139397370452,0.0037403806509749503,1.0,0.144,1.0,0.315,1.0,0.0
92,742924764,24.503253493597597,-99.68968078611347,2.0838586855942225,1000,False,False,False,29.168969728145104,0.19696085746407346,17.32101319743627,0.22285226613286233,0.5270603754077668,0.22285226613286233,0.13066921412486357,0.0376289479087324,0.0029888153076171875,0.22123603522777557,0.026790842413902283,0.0,0.0,0.5382422842085361,0.5372932576010935,0.5346699803788215,0.0764845684170723,0.967,0.0035091724669917535,0.025430819973366898,0.0008490929325732648,0.002083858685594223,0.0,0.015,1.0,0.412,1.0,0.0
93,2053789632,207.16795539276205,140.56842306715959,1.08639064651205,614,True,False,False,42.726033400311216,0.21156523265665567,30.151950450981392,0.03786933716247028,0.37574722256242654,0.037896894992756794,0.1318122052205844,0.0,0.0005498885875567794,0.037894345819950104,-0.000439550873124972,0.503257328990228,0.36807817589576547,0.0,0.5430388683919622,0.22286651480942965,-0.07394721359014511,0.9315960912052117,0.00042621870356107487,0.023798242513585127,0.0,0.001769365873798126,1.0,0.05211726384364821,1.0,0.36482084690553745,0.0,1.0
94,1243069214,169.11495546749785,84.09051757074538,1.37328875793505,818,True,False,False,39.412205051851515,0.15956493179439532,29.434496260123872,0.029825915765286187,0.3880294054776867,0.029971535234357975,0.10746164071810607,0.0,7.24792471373803e-06,0.0299700740724802,0.00029594660736620426,0.4474327628361858,0.10880195599022005,0.0,0.5507067789005976,0.28808029502630234,-0.07410810887813568,0.9669926650366748,0.003180102048776866,0.014790610382549097,2.600743252267196e-09,0.0016788371123900381,1.0,0.034229828850855744,1.0,0.3643031784841076,0.0,1.0
95,432678313,-87.62119286837988,-99.50508451301141,0.19007783289263097,119,False,False,True,-29.05246712621525,0.15600380224309984,-38.2478483670322,1.5532405164501089,1.592761572772113,1.5891117108438613,0.31554171948307375,0.11488678120333744,0.6432994604110718,1.0003618001937866,1.2347276210784912,0.0,0.0,0.543821420520544,0.527729904220416,0.5570647239685058,0.0876428410410881,0.9663865546218487,0.07146853379701489,0.09408950815042144,0.0009696871215195829,0.001597292713383454,0.0,0.0,0.0,0.0,1.0,0.0
96,634649199,238.87489095990324,179.80906167589643,0.9681165856801348,533,True,False,False,60.86875643455923,0.19256848184967562,49.24976401466241,0.0039644495224746236,0.49495885254392263,0.003992579421269431,0.16969537738955515,0.0,0.003964424133300781,0.003992557525634766,-1.3222694178693928e-05,0.2401500938086304,0.1801125703564728,0.0,0.5104967313938762,0.18431261345744132,-0.07407992333173752,0.8893058161350844,0.0017874739322894285,0.02128582339425508,2.6007432520503554e-09,0.0018163538192873079,1.0,0.06378986866791744,1.0,0.058161350844277676,0.0,1.0
97,37235637,208.2625622517836,133.41345843429494,1.1929820763497752,760,True,False,False,25.576213802433198,0.20278035309006343,13.438159484150846,0.04784899487200773,0.6100116903195907,0.04787635814240127,0.17995205400230546,0.0,0.04783773422241211,0.04786510393023491,0.0010380244348198175,0.275,0.14210526315789473,0.0,0.5407843444400657,0.26194401472806933,-0.07427766919136047,0.9315789473684211,0.001023676925967195,0.03325926787900924,5.201486504100711e-09,0.0015697132583549673,1.0,0.038157894736842106,1.0,0.05,0.0,1.0
98,1305772342,204.98372450833563,140.18241541776004,1.0496261818115091,616,True,False,False,32.12021037343693,0.20278538856241182,19.98503647301759,0.08912979828228071,0.5039978560041576,0.10370779734606085,0.15307165766815806,0.0,0.04702644422650337,0.10370655357837677,0.0005079126567579806,0.40584415584415584,0.15584415584415584,0.0,0.5357408786230144,0.15790148106403648,-0.07385056465864182,0.9107142857142857,0.003888222018466724,0.028132585605534607,0.0,0.0017039386068368658,1.0,0.05844155844155844,1.0,0.24675324675324675,0.0,0.0
99,1165275128,182.5001311156434,126.66313742611914,0.8983398737904839,546,True,False,False,24.765140310957502,0.1538033690266521,15.083248350601954,0.1075671069469894,0.5100302684276231,0.10759784005148315,0.13198173891334938,0.0,0.10756702721118927,0.10759763419628143,0.00021047353220637888,0.2619047619047619,0.0,0.0,0.5487854024591504,0.22856251383200288,-0.07372210919857025,0.9395604395604396,0.007449359611284393,0.017162186013233646,1.0402973008201422e-08,0.0016453111241583951,1.0,0.05860805860805861,1.0,0.08791208791208792,0.0,0.0
100,583811102,16.627333285333652,-82.21914639934508,1.5769295936935726,1000,False,False,False,9.138204528229142,0.17783155135251272,-1.7532866969016616,0.029163639899322507,0.5104635189297465,0.057379753629924195,0.14096812086621402,0.013254838649292978,0.0003044128534384072,0.052579689770936966,0.0229741670191288,0.409,0.267,0.5582271330058575,0.5617737050787546,0.5639446292072534,0.11645426601171494,0.988,0.009002036492223068,0.02707533327859968,0.00010625466593333112,0.0015769295936935732,0.0,0.0,0.0,0.229,1.0,0.0
101,1168068246,-16.38515067016712,-144.8989874382634,2.22267673536193,869,False,True,False,21.929160025142405,0.22069663957236585,8.894650163861725,0.1332092679182268,0.6434690700630618,0.18334787945465575,0.1730560597495055,0.08058311211960882,0.13309355080127716,0.17843838036060333,-0.042144861072301865,0.2646720368239356,0.0,0.0,0.4988320842267403,0.050629067700356245,-0.04117855429649353,0.8699654775604143,0.011886765953101607,0.031081127354002893,0.011675389265239509,0.002557740777171379,0.0,0.05408515535097814,1.0,0.10586881472957423,1.0,0.0
102,555937879,234.64264589054505,188.9087664108053,0.7306775895947942,460,True,False,False,40.66473744121004,0.21647928338585504,27.860416800835395,0.3300052807606891,0.7175202476302911,0.3300446428600389,0.2398938374006445,0.0,0.002853965852409601,0.3299609124660492,0.007433876860886812,0.0,0.0,0.0,0.5288830974321489,0.21528604984283448,-0.07127372920513153,0.8717391304347826,0.014903096273461952,0.050990793880305675,2.6007432527008767e-09,0.001588429542597381,1.0,0.07173913043478261,1.0,0.08260869565217391,0.0,0.0
103,800230316,175.10992392594935,111.67141622765091,1.0075701539659652,653,True,False,False,24.002764475224932,0.12902317464699842,15.554429400704777,0.05472856575225122,0.471832286522398,0.05475593616052351,0.11506268696211198,0.0,0.0002881050168070942,0.05475587770342827,8.001089008757845e-05,0.3460949464012251,0.15160796324655437,0.0,0.5358552733603095,0.202680082032457,-0.07397758960723877,0.9326186830015314,0.004541633728385588,0.012953606112661994,2.6007432527008767e-09,0.0015429864532403774,1.0,0.05206738131699847,1.0,0.24196018376722817,0.0,1.0
104,1458649717,-3.3922530200332943,-35.2146314367061,0.5072475683334553,323,False,True,False,45.94470799575287,0.1877480774661732,34.63514323047946,0.420463406085277,0.8787240635361014,0.420463406085277,0.22810156591649533,0.1394629883467503,0.4151584506034851,0.4151584506034851,0.06658030301332474,0.0,0.0,0.5454639308154583,0.6004249173052171,0.5942914917320014,0.0909278616309166,1.0,0.037087056504767374,0.029840401635436515,0.0026169198750581393,0.0015704259081531131,0.0,0.0,0.0,0.0,1.0,0.0
105,1478023289,148.5449463855562,48.150304327924154,1.6350928411526435,932,True,False,False,31.548216096677944,0.16361818944949913,21.367477638083038,0.09881578823435856,0.43466696090342416,0.09883750714717371,0.09829602311240987,0.0,0.09881296008825302,0.09883642196655273,-0.0004631543124560267,0.4259656652360515,0.03862660944206009,0.0,0.5227088529112648,0.16484682791866362,-0.07363276183605194,0.9356223175965666,0.006986399354433004,0.010177277218780196,2.600743251833515e-09,0.0017543914604642072,1.0,0.043991416309012876,1.0,0.4012875536480687,0.0,1.0
106,952651705,44.86500844527911,-195.9620442563525,4.4165410540326375,1000,False,False,False,14.309790505311387,0.19055073285239887,2.7823402051862702,0.5519579027410335,0.7382333649746253,0.5832719430637479,0.0980739373016509,0.007878027562002036,0.35316142439842224,0.5717029571533203,0.11559363454580307,0.0,0.0,0.5001788111112546,0.3166090676132299,0.1406851202173857,0.00035762222250923514,0.575,0.023740780746430393,0.03222362590217031,0.009152436824302182,0.004416541054032638,0.0,0.274,1.0,0.621,1.0,0.0
107,621463961,-50.613079870492214,-62.79095518608352,0.2075575063118255,90,False,False,True,-5.033089274684436,0.18423948772419696,-15.435599715537624,1.3238883175279184,1.3644132592395313,1.3238883175279184,0.5606660118439967,0.34504976138611293,0.5645039677619934,1.001623511314392,0.8656966090202332,0.0,0.0,0.6057527288794518,0.63718125273784,0.6096138271689415,0.2115054577589035,1.0,0.09639651742759169,0.12024036932793487,0.0006563339700554199,0.0023061945145758395,0.0,0.0,0.0,0.0,1.0,0.0
108,1251300265,24.30533196366156,-87.3840643669028,1.83378792661129,1000,False,False,False,40.77644540390609,0.18725380107728043,29.41384169253696,0.13837100808919672,0.38570904980409715,0.13837100808919672,0.09387362195370491,0.030693605011746054,0.1383567750453949,0.1383567750453949,-0.001984610455110669,0.419,0.0,0.0,0.5627467289952328,0.5187197496369481,-0.09533536434173584,0.996,0.006768336135351627,0.016565028375673422,0.005841042429211777,0.0018337879266112874,1.0,0.003,1.0,0.45,1.0,0.0
109,413166735,-92.18659958208445,-103.69624564813415,0.19419292132099414,90,False,False,True,-42.11863329796733,0.16940323669764326,-51.77933118749284,1.4781267890089314,1.492835446919229,1.4996681772925167,0.6343389437054991,0.42601465247318254,0.45422354340553284,1.0005677938461304,1.1170804500579834,0.0,0.0,0.5817461460828781,0.5497349406152756,0.5720402026176452,0.16349229216575623,0.9888888888888889,0.09985926142604819,0.11953536054070597,0.0004304958290221039,0.0021576991257888237,0.0,0.0,0.0,0.0,1.0,0.0
110,78844491,188.63788407314553,98.69467149890207,1.4388642514848724,900,True,False,False,52.22487469290222,0.23567507422992925,38.44135686901745,0.13693637640678133,0.5729827442707425,0.13695288108456305,0.151590425313209,0.0,0.13689470291137695,0.13691119849681854,0.0033786629792302847,0.15888888888888889,0.0,0.0,0.5541874534823,0.13567460045218468,-0.07426391541957855,0.9577777777777777,0.005722229424300202,0.023840254489414417,1.0402973008201422e-08,0.0015987380572054146,1.0,0.043333333333333335,1.0,0.07888888888888888,0.0,0.0
111,288548080,95.32433908762172,-180.59792815627893,5.118445344878012,1000,False,False,False,53.08746003536522,0.2342927038857045,39.37291118357494,0.12029334774118369,0.37767077518228104,0.1705368300079374,0.10384223345489055,0.01626385409597371,0.12028531730175018,0.16946259140968323,-0.01911126635968685,0.524,0.0,0.0,0.346653994931723,0.0,-0.08156461268663406,0.588,0.007257286269706371,0.016611151814177227,0.005247047137082348,0.005118445344878015,0.0,0.251,1.0,0.457,1.0,0.0
112,1758747646,-35.88036052472903,-95.64373863220756,0.9340675621495713,653,False,True,False,44.05856275266964,0.2148043396407314,31.321169428462824,0.3376613858290008,0.5588392312190167,0.37429342829677265,0.14629392403262356,0.02306972959146595,0.052323244512081146,0.3642053008079529,0.08631378412246704,0.0,0.0,0.5437022745609283,0.5692622434707276,0.5370015182718635,0.08740454912185669,1.0,0.03235015637227608,0.04751081553134523,0.000540762141421694,0.0014304250568906154,0.0,0.0,0.0,0.4012251148545176,1.0,0.0
113,60265409,252.66228123502793,189.28578770400367,1.030729870620492,592,True,False,False,58.961295105976646,0.2245967608008154,45.73666979553662,0.02702651711294033,0.48023951254816916,0.03074365110272164,0.1939429753850356,0.0,0.0002559661807026714,0.03074197843670845,0.0003206944384146482,0.32094594594594594,0.19763513513513514,0.0,0.549710198521073,0.20048880694434046,-0.07414422184228897,0.9442567567567568,8.414054606131695e-05,0.04018664301750959,5.201486504060053e-09,0.0017410977544265048,1.0,0.057432432432432436,1.0,0.07432432432432433,0.0,1.0
114,721080364,-85.40908651920036,-96.15334489830579,0.1724851675821087,106,False,False,True,-30.08676754975138,0.1361086190042613,-38.20297413326941,1.5071957001912357,1.570552300420902,1.5071957001912357,0.5211885552930632,0.3681561445979128,0.49532002210617065,1.0001245737075806,1.1275591850280762,0.0,0.0,0.6108741834759712,0.46228476915121924,0.5952689339220524,0.22174836695194244,0.8113207547169812,0.08444083307868289,0.09182848311281908,0.00046122621128809327,0.001627218562095365,0.0,0.0,0.0,0.0,1.0,0.0
115,229601205,178.27315380689683,122.98161524508342,0.8814307712362693,561,True,False,False,19.267726209861173,0.15462628759866823,9.543530095139706,0.06691659665382335,0.5086194990962434,0.06692202516743442,0.12061866558311836,0.0,4.01496872655116e-05,0.06691722571849823,-0.0008014703053049743,0.3137254901960784,0.12299465240641712,0.0,0.5413960219068709,0.2092425037920475,-0.07372838258743286,0.9358288770053476,0.005241051611154152,0.013365153915586908,0.0,0.0015711778453409422,1.0,0.06060606060606061,1.0,0.16934046345811052,0.0,1.0
116,1515063585,-42.65372268379579,-77.02607880605419,0.5378471224451686,374,False,True,False,4.768050711219875,0.129440688328185,-3.657361503893692,0.3583867394063466,0.7981386817101368,0.3583867394063466,0.17220209187541619,0.012910367582132327,0.34572935104370117,0.34572935104370117,0.09440482407808304,0.0,0.0,0.5100902961567044,0.5540694990650957,0.3877619478999986,0.02018059231340885,0.9518716577540107,0.059404575305037566,0.02615300884554729,0.001911275812944209,0.0014380939102811984,0.0,0.0,0.0,0.08288770053475936,1.0,0.0
117,582664441,173.49500062046587,97.06686008287592,1.236162810751796,731,True,False,False,42.53236833589614,0.20211390660986056,30.427962315092476,0.023646939130280677,0.2978402579754811,0.09034859911566388,0.12371510285722062,0.0,0.00015335083298850805,0.09034700691699982,0.0005363798118196428,0.6183310533515732,0.33515731874145005,0.0,0.5538740050641339,0.2648551747202873,-0.07390139251947403,0.9548563611491108,0.006484190630979408,0.02541010986697763,5.20148650366703e-09,0.0016910571966508863,1.0,0.038303693570451436,1.0,0.3023255813953488,0.0,1.0
118,1930167067,-8.662455707887588,-98.9271971071871,1.568094827985992,593,False,True,False,27.030991274665695,0.23230944825595717,13.42067946417264,0.3727249653238196,0.7445721874932665,0.3767439388224722,0.2002931573155734,0.01470589012478228,0.0774967223405838,0.37673768401145935,0.002170918043702841,0.0,0.0,0.0,0.5068864396550068,0.0,-0.040807053446769714,0.8752107925801011,0.002570498233473924,0.04770287995198309,0.013062280771980473,0.0026443420370758732,1.0,0.05902192242833052,1.0,0.09612141652613827,1.0,0.0
119,1027610996,193.1684273163787,121.65725694591285,1.1826234074093165,619,True,False,False,23.788681708074456,0.14589198267888032,14.498056460563461,0.09993878376395307,0.5437595904371133,0.09996625143089582,0.14372856887117033,0.0,0.09992923587560654,0.0999567061662674,0.0013814186677336693,0.2972536348949919,0.04361873990306947,0.0,0.5045041547943755,0.17751621000934392,-0.07402532547712326,0.8788368336025848,0.006988307649794181,0.019791720494059868,2.600743251833515e-09,0.0019105386226321774,1.0,0.08723747980613894,1.0,0.1147011308562197,0.0,1.0
120,2058213044,84.84164285268638,-125.88896290979291,3.814612115249583,1000,False,False,False,39.94344013339759,0.18974917750385564,28.45606760069967,0.7360123905029357,0.887806974569802,0.750571721561082,0.09208672249110673,0.003026456511617988,0.7331840395927429,0.7460735440254211,-0.08204983919858932,0.0,0.0,0.0,0.26045334340445697,0.0,-0.001974391983821988,0.445,0.021332238922583072,0.03422491762618266,0.002057740570297187,0.0038146121152495853,1.0,0.283,1.0,0.56,1.0,0.0
121,739874895,251.05932282209375,178.55734828765316,1.1696394906888166,701,True,False,False,93.36281633974872,0.20675363385827103,81.02687766297525,0.0007470462089221032,0.263755098390883,0.003632907975462204,0.15561774333085435,0.0,1.1920928955078125e-05,0.0035331726539880037,0.0008454060298390687,0.637660485021398,0.3024251069900143,0.0,0.5454851093033751,0.15587559066712856,-0.07428167015314102,0.9472182596291013,0.0017250213092997004,0.0344320209509339,1.0402973008201422e-08,0.0016685299439212786,1.0,0.05420827389443652,1.0,0.37089871611982883,0.0,1.0
122,594460151,194.88073055443823,94.09132490027037,1.6289881130833552,967,True,False,False,63.584153729227964,0.24961114740678003,49.1037166582087,0.026528020807264012,0.41687873325427177,0.026554620336696283,0.16577453653124766,0.0,0.0003410339413676411,0.02655019797384739,-0.0004846119845751673,0.45191313340227507,0.08583247156153051,0.0,0.5562217679467523,0.21692316636443137,-0.07393654435873032,0.9638055842812823,0.0030264702932071073,0.033838066088844064,0.0,0.0016845792275939568,1.0,0.03516028955532575,1.0,0.10341261633919338,0.0,1.0
123,9883956,20.689055324415705,-106.77802951026858,2.149341696693685,1000,False,False,False,35.42471930998113,0.14596361304597108,26.12662500017734,0.119115590135126,0.381148540100732,0.16847111907418572,0.10236671545643694,0.03639359379786715,0.11911430209875107,0.1684405356645584,0.003209969960153103,0.63,0.0,0.5219203811138868,0.510270767606562,0.5283588371041696,0.043840762227773666,0.911,3.070307446184614e-05,0.01346149398830286,0.00023782750647026167,0.002149341696693684,0.0,0.066,1.0,0.539,1.0,0.0
124,2050880929,3.44451558462751,-33.024419888871904,0.5701787094699886,398,False,True,False,35.85332583232851,0.13615122818903364,27.082394467311186,0.3816778628327954,0.9073575152235978,0.3816778628327954,0.1989309772288655,0.033128356866268874,0.3682764172554016,0.3682764172554016,0.10025203973054886,0.0,0.0,0.5098677985370159,0.5300263557190411,0.493549253292731,0.01973559707403183,0.9195979899497487,0.05875188237553498,0.021316113147802532,0.0019376473495198027,0.0014326098227889156,0.0,0.0,0.0,0.052763819095477386,1.0,0.0
125,749775730,188.95458460692754,137.35972716497375,0.8218971488390764,525,True,False,False,22.880120586005454,0.16341705970920567,12.719488924649106,0.0879990592024005,0.5422796075950616,0.08802585677955092,0.14113762508161223,0.0,0.08799819648265839,0.08802499622106552,-0.0003892326494678855,0.24761904761904763,0.09142857142857143,0.0,0.5350319362289572,0.20488091154024005,-0.07371237874031067,0.9333333333333333,0.006387332450415662,0.013295252253684688,7.802229756367907e-09,0.0015655183787410976,1.0,0.06095238095238095,1.0,0.06095238095238095,0.0,1.0
126,1664184446,242.28435882581402,182.05814033783918,0.9725243697594953,580,True,False,False,53.49068178685505,0.2010653104428443,41.44329715208707,0.049179949403776166,0.46490395662433615,0.04921133247075143,0.16468702360713508,0.0,0.049160100519657135,0.04919147491455078,0.001397869549691677,0.43275862068965515,0.22586206896551725,0.0,0.5280565292526294,0.30121825948357583,-0.07429752498865128,0.9086206896551724,0.004186024675841169,0.024316976759252387,2.600743251833515e-09,0.0016767661547577495,1.0,0.04482758620689655,1.0,0.2810344827586207,0.0,1.0
127,1005736261,170.31486983760257,110.40192497083348,0.9494588973353834,622,True,False,False,16.632164750858482,0.15722412554745205,6.774814331517971,0.03132019900402988,0.47365763460819055,0.031321755998029416,0.11021929469974963,0.0,0.03126821666955948,0.03128862380981445,0.0014402843080461025,0.3183279742765273,0.18971061093247588,0.0,0.5373778503943666,0.31163018703460693,-0.07436776161193848,0.9421221864951769,0.0032051218490472128,0.011075966052373432,0.0,0.0015264612497353414,1.0,0.04019292604501608,1.0,0.17041800643086816,0.0,1.0
128,537036580,198.06103883807083,156.57061986622605,0.6450083794368953,462,True,False,False,19.447358759783413,0.1522670275137465,9.853260006788668,0.3094633014989146,0.790851846969959,0.30948866522065643,0.19505659584782326,0.0,0.30945491790771484,0.3094802796840668,0.002278242027387023,0.0,0.0,0.0,0.5259913224288468,0.1932824631780386,-0.07224342972040176,0.9025974025974026,0.018566748988509442,0.021435113394054576,2.6007432527008767e-09,0.0013961220334131933,1.0,0.07142857142857142,1.0,0.07142857142857142,0.0,0.0
129,828663290,175.85329014512246,77.42348853350626,1.5745960322323251,985,True,False,False,48.512619475673446,0.2208134785290584,35.47204594065833,0.010708730738634991,0.44910798443364564,0.010736240149793389,0.13374725912485616,0.0,0.010653018951416016,0.010680675506591797,0.0010908818803727627,0.349238578680203,0.14517766497461929,0.0,0.5503868659185293,0.1472280264645815,-0.07434544712305069,0.9614213197969543,0.0009498658006439035,0.0263441875772211,5.2014865039922906e-09,0.0015985746520125116,1.0,0.03857868020304569,1.0,0.12284263959390863,0.0,1.0
130,1427199343,286.7631149072432,249.38715395995757,0.5999192189457108,369,True,False,False,76.632672647142,0.1984757946348019,64.75790782507431,0.11038192158222145,0.44718616260345434,0.11039155285828582,0.2911235610304509,0.0,0.0003066062927246094,0.11038865894079208,-0.0007993245380930603,0.4878048780487805,0.0,0.0,0.536074306889687,0.26714353951625525,-0.07347087562084198,0.8970189701897019,0.004156083944245073,0.05831787312287643,0.0,0.0016257973413162884,1.0,0.07859078590785908,1.0,0.2032520325203252,0.0,0.0
131,761445496,175.30636593410765,90.4571661511315,1.3449839956595193,880,True,False,False,18.06806882977391,0.2012887636378597,6.0039190518557355,0.0639716389279112,0.6010248294016877,0.06399947685636079,0.1504178545068461,0.0,0.06395874172449112,0.06398658454418182,0.0012845373712480068,0.2431818181818182,0.09545454545454546,0.0,0.5413524347156371,0.2556191499531269,-0.07427990436553955,0.9477272727272728,0.0018811709094303315,0.027491145969124824,2.6007432520503554e-09,0.0015283909041585437,1.0,0.03409090909090909,1.0,0.06477272727272727,0.0,1.0
132,2057742878,214.70402604453267,161.4793285884483,0.8500939491216862,536,True,False,False,44.011950683906434,0.1567688546139893,34.18265949568636,0.10909555094765551,0.5532774091172552,0.10912263217852222,0.16800114382392806,0.0,0.10909147560596466,0.10911855846643448,0.0009428954217582941,0.23134328358208955,0.0,0.0,0.5669069479136214,0.2058623595535755,-0.07391548156738281,0.9384328358208955,0.004186882596021432,0.013677063491032078,0.0,0.0015859961737344887,1.0,0.06343283582089553,1.0,0.06343283582089553,0.0,0.0
133,1654955899,-92.51001812471077,-102.28949626270524,0.16078956275988954,87,False,False,True,-41.23077631564376,0.1390404390001307,-49.34855650578385,1.5961937456391517,1.6459212863938926,1.6404360121248118,0.3284084708639018,0.17450291030094706,0.7303549647331238,1.000416874885559,1.3000755310058594,0.0,0.0,0.5608555153012276,0.500447015834694,0.5646095472574234,0.12171103060245514,0.9080459770114943,0.07746621184025251,0.09280676974954791,0.0012014445541945196,0.0018481558937918337,0.0,0.0,0.0,0.0,1.0,0.0
134,999665527,1.978829562463319,-142.72741657889844,2.494124922827235,1000,False,False,False,59.482987691123405,0.1832487802838838,48.320635019424024,0.29705872874110784,0.4630297017702439,0.29871828288061975,0.09410954700471336,0.009586833604566539,0.29700928926467896,0.29865893721580505,-0.005954137071967125,0.0,0.0,0.536724828183651,0.5653881162411708,0.5485544406063855,0.07344965636730194,0.994,0.022309024772809063,0.0204391817362409,0.015795674608487888,0.0024941249228272334,0.0,0.0,0.0,0.558,1.0,0.0
135,1601570055,-55.793141119182096,-65.8521441203442,0.17758006002324195,59,False,False,True,-24.146814216210764,0.16440556619671126,-33.26172557172158,1.382754855354447,1.4270690680719826,1.3829574781957095,0.6324480558375544,0.3907007203375041,0.6933735013008118,1.0017149448394775,0.9534875750541687,0.0,0.0,0.5850756391882896,0.6682180212968487,0.6557032181322575,0.17015127837657928,1.0,0.10059439791664014,0.12339043496151843,0.0023586556671584963,0.00300983152581766,0.0,0.0,0.0,0.0,1.0,0.0
136,12271510,243.49799304641795,203.11481775275584,0.64046350587324,418,True,False,False,42.99269436587424,0.16700339908462403,32.672484379110394,0.11637254272157992,0.5901298358685318,0.11641115991576695,0.2195583286224326,0.0,0.116368867456913,0.11640749126672745,0.0009241914958693087,0.24162679425837322,0.0,0.0,0.5160709731191682,0.16079880172386765,-0.0738140270113945,0.8851674641148325,0.007915865331374113,0.030902791636643914,2.6007432527008767e-09,0.0015322093441943545,1.0,0.0861244019138756,1.0,0.08133971291866028,0.0,0.0
137,1787728803,48.67159450564498,-146.41172330416683,3.501666356196238,1000,False,False,False,42.15805275962175,0.1618580342509057,32.06523738957124,0.3547565544966921,0.5216633317881908,0.35503270999351966,0.08575025352846156,0.012441816241756925,0.35451382398605347,0.3548434376716614,0.011591372080147266,0.0,0.0,0.0,0.43659491894928215,0.29168781732674687,-0.06392519921064377,0.788,0.01999232039467744,0.014275400755294588,0.004380910396153353,0.003501666356196237,1.0,0.192,1.0,0.647,1.0,0.0
138,1945554712,196.7497317618107,121.40804174405038,1.2236338003552079,708,True,False,False,41.24476843114535,0.1863886709453675,29.926959488821645,0.04322383712125655,0.5118753374043813,0.049831001723406335,0.13978829051400368,0.0,0.038555242121219635,0.0498199462890625,0.0010496116010472178,0.2768361581920904,0.15112994350282485,0.0,0.546923515568244,0.1880750341503881,-0.07427452504634857,0.9505649717514124,0.0011270867038757123,0.019468493970989435,5.201486504100711e-09,0.0017282963281853231,1.0,0.0480225988700565,1.0,0.14124293785310735,0.0,1.0
139,628675380,-84.09900767644866,-96.94327557773714,0.2040853580257696,132,False,False,True,-22.898639157658444,0.1520469548118068,-31.970254398753376,1.4560517684129248,1.504548922779195,1.4560517684129248,0.4850274299168111,0.30630247292412266,0.4031071662902832,1.0004991292953491,1.0578696727752686,0.0,0.0,0.5745188072323799,0.48703514116421115,0.5761953864246607,0.14903761446475983,0.8787878787878788,0.0796057028735624,0.09376319588640422,0.0014764211382317094,0.0015461011971649216,0.0,0.0,0.0,0.0,1.0,0.0
140,485269103,246.2734137911815,179.2827921409596,1.0754124330044386,661,True,False,False,52.855789608591344,0.18808486155990578,41.45415204587735,0.008550597922968408,0.500113850016551,0.00858165195825212,0.18264685635611685,0.0,0.00010232925706077367,0.00851583480834961,0.0010608052834868431,0.3328290468986384,0.1422087745839637,0.0,0.539446693976831,0.29601711317896845,-0.07432665675878525,0.9409984871406959,0.0019846148220940317,0.03734776927461478,1.3003716260034937e-08,0.0016269477049991505,1.0,0.04084720121028744,1.0,0.14977307110438728,0.0,1.0
141,1372997985,45.14373246789613,-56.58942237902477,1.634663096938418,1000,False,False,False,19.012861691571878,0.20008868935562613,7.008513566285407,0.236689800900872,0.6640868423304253,0.236689800900872,0.15678657322116185,0.018158143120547882,0.17310667037963867,0.2366619110107422,-0.003633418120443821,0.0,0.0,0.5197945050895214,0.5198061802665179,0.5224293398461305,0.039589010179042816,0.952,0.004362406433008064,0.03138985769733029,0.000994986176596607,0.0016346630969384188,0.0,0.0,0.0,0.275,1.0,0.0
142,89323474,253.23746982566053,196.81136087224246,0.9057221790683693,557,True,False,False,58.01062533601847,0.21911409362814277,45.0623309135941,0.11231842031634774,0.45012673512103357,0.11233390962049322,0.203606145645837,0.0,0.0004631042538676411,0.112329863011837,0.0009534811833873391,0.44165170556552963,0.0,0.0,0.5240579957812957,0.14884657233953477,-0.07389127463102341,0.8868940754039497,0.004350252509605513,0.03825617215927198,5.20148650366703e-09,0.0016260721347726547,1.0,0.07001795332136446,1.0,0.3375224416517056,0.0,0.0
143,1586705974,140.0347224776168,44.78073400730141,1.539079769406307,915,True,False,False,35.17743979970949,0.19593691467083352,23.380796943279208,0.06431429381085145,0.3087085728101239,0.11197789728551125,0.09549212539646158,0.0,0.00010366439528297633,0.11197471618652344,0.0008440470555797219,0.6524590163934426,0.4174863387978142,0.0,0.5451769623584801,0.22769257098436355,-0.07382820546627045,0.9475409836065574,0.007672242657797594,0.018824409046316402,5.20148650366703e-09,0.0016820543927937785,1.0,0.034972677595628415,1.0,0.4830601092896175,0.0,0.0
144,391638893,170.62899269994813,86.51414376636681,1.3702969786716255,780,True,False,False,21.894684840399197,0.1980253042360079,9.994207547977089,0.03346696254868345,0.48250319446335144,0.03349469016369323,0.1416691784559186,0.0,0.03343763202428818,0.03346538543701172,0.0014008021680638194,0.26666666666666666,0.1576923076923077,0.0,0.5575303658487825,0.24912334240972997,-0.07439885288476944,0.9576923076923077,0.00028011169063339963,0.03201356604407625,5.201486504046501e-09,0.001756790998296957,1.0,0.03717948717948718,1.0,0.12435897435897436,0.0,1.0
145,1169248461,227.04372848719356,169.62914724534784,0.9470916248369166,503,True,False,False,66.88060080830576,0.22569355427705548,53.60867376070379,0.004979672013855665,0.3608429713147963,0.0050065135099428195,0.13107795443686274,0.0,7.41958647267893e-05,0.004858207888901234,0.0012095427373424172,0.3976143141153082,0.23658051689860835,0.0,0.5710971006756985,0.259387284591794,-0.07437260448932648,0.9443339960238568,0.0012571145200561758,0.015698844594530192,7.802229755934226e-09,0.001882885934069418,1.0,0.05765407554671968,1.0,0.2504970178926441,0.0,1.0
146,1148949906,242.36863337252282,202.1700260664328,0.6563721461218032,369,True,False,False,56.83507905686984,0.1673130696595637,46.51845048356407,0.2712246427380142,0.7034647640643381,0.2712495387350895,0.2240618351542513,0.0,0.27119046449661255,0.2712153494358063,0.00430656410753727,0.0,0.0,0.0,0.5112079931599741,0.0,-0.07299473881721497,0.8509485094850948,0.016461049412273186,0.016084939175069677,1.0402973010803507e-08,0.0017787863038531261,1.0,0.13008130081300814,1.0,0.0921409214092141,0.0,0.0
147,1856387900,214.54589351899915,150.3119010498075,1.029479849383835,638,True,False,False,36.18484642238402,0.15194524037501306,26.59086750391912,0.0072476732914744674,0.5027712346478338,0.007264093000371891,0.1537818449892609,0.0,0.00022392273240257055,0.007209682371467352,0.000887427304405719,0.35893416927899685,0.18808777429467086,0.0,0.5462006972372813,0.3006413123011589,-0.07428769767284393,0.9420062695924765,0.0019215619150524446,0.022822798680615316,2.6007432520503554e-09,0.0016136047795984876,1.0,0.04075235109717868,1.0,0.219435736677116,0.0,1.0
148,1452815149,-89.98308604178018,-99.55236104853736,0.15458550013514366,92,False,False,True,-35.73446617838569,0.12208127459589684,-43.04517429533648,1.543766125073043,1.6287944435686876,1.6013834069298725,0.5014225704156837,0.38416668398439646,0.5773809552192688,1.001386284828186,1.2496616840362549,0.0,0.0,0.5723374262452126,0.4202641686171536,0.5593809393048287,0.1446748524904251,0.7608695652173914,0.0811948350228506,0.08213277557821635,6.725522049751131e-05,0.0016802771753819958,0.0,0.0,0.0,0.0,1.0,0.0
149,118590695,282.82968538142734,242.5753496679593,0.6446867142693616,401,True,False,False,87.55934572924538,0.21412923438556158,74.88842610545194,0.047808189357205856,0.4045941601726632,0.047836024041738825,0.2293947384463991,0.0,0.00106220250017941,0.047818947583436966,0.001278064213693142,0.41895261845386533,0.24937655860349128,0.0,0.5643650367391526,0.2707693126052618,-0.07433591783046722,0.9326683291770573,0.0010330551248607903,0.04731843463152248,2.6007432520503554e-09,0.001607697541818855,1.0,0.06982543640897755,1.0,0.12219451371571072,0.0,1.0
150,816655702,175.16825311132715,115.54978279134664,0.9523694063996089,600,True,False,False,25.33106545805249,0.15158862095291856,15.756444428989155,0.05522434904457681,0.45611388963649896,0.05524281575690792,0.11180267610002526,0.0,0.04079599305987358,0.05524244159460068,0.000203320974833332,0.3383333333333333,0.14166666666666666,0.0,0.5509024451867056,0.28380652676336465,-0.0740034356713295,0.9566666666666667,0.004563593104034107,0.010371965917762831,0.0,0.0015872823439993479,1.0,0.045,1.0,0.19333333333333333,0.0,1.0
151,1777571204,263.07077076956654,200.70315299505893,1.0249523554901452,556,True,False,False,68.83234107618777,0.24125516415415837,54.77706797856354,0.00836412328649682,0.45298490969683003,0.009050756152488532,0.19536697141465864,0.0,0.00019779204740189016,0.008989715948700905,-0.0010493779554963112,0.329136690647482,0.20323741007194246,0.0,0.5597415243094559,0.23029244050383568,-0.07383944094181061,0.9460431654676259,0.0011373178652827472,0.04020935190170946,2.600743251833515e-09,0.0018434394882916273,1.0,0.0539568345323741,1.0,0.06654676258992806,0.0,1.0
152,25063030,188.45651244371544,110.99678394564181,1.2455945699614732,759,True,False,False,29.370896225653734,0.18652508175269492,18.045615204908742,0.09779674683668406,0.5487284112842983,0.09782469055212335,0.14526454007263376,0.0,0.09778480231761932,0.09781274944543839,0.0015284395776689053,0.21739130434782608,0.0461133069828722,0.0,0.5434499396650367,0.2588165020942688,-0.07414813339710236,0.9341238471673254,0.003642498594528378,0.028565611456225246,0.0,0.001641099565166633,1.0,0.03689064558629776,1.0,0.10144927536231885,0.0,1.0
153,1360549999,204.09060157678337,140.3556184711364,1.0366996621129345,595,True,False,False,35.66261958562612,0.18437262276607785,24.44904635364121,0.04234533001346702,0.4650789243076067,0.06601932830371333,0.13318180817870315,0.0,0.0001892089785542339,0.0660180076956749,0.000417575822211802,0.3949579831932773,0.2638655462184874,0.0,0.5219917209797437,0.18010303289163856,-0.0740591287612915,0.9092436974789916,0.0019430382026418996,0.025182628149049036,7.802229755934226e-09,0.0017423523732990507,1.0,0.05714285714285714,1.0,0.13445378151260504,0.0,1.0
154,1128058892,100.35716208349908,-169.78189886626524,5.002781218995291,1000,False,False,False,35.63503238830284,0.20791667198528035,23.23928513153363,0.16591150625255216,0.37988206714752865,0.1659656625469296,0.09583861680877961,0.009895790860658718,0.00018787384033203125,0.16587743163108826,0.0054109906777739525,0.553,0.0,0.0,0.29330607227049765,0.0,-0.07720717042684555,0.495,0.011474832929040868,0.028251871882264246,0.001102949205753618,0.005002781218995289,0.0,0.394,1.0,0.512,1.0,0.0
155,1835097532,198.44232732923706,158.15099089108838,0.6278267287629726,445,True,False,False,26.2224689883257,0.12590279536612034,17.95016898294048,0.48394728994580877,0.9861202724195085,0.48395722077812287,0.1786436635040057,0.0,0.4814123213291168,0.4814222455024719,0.04946931451559067,0.0,0.0,0.0,0.49114960358593235,0.08059308860450982,-0.07720116525888443,0.8584269662921349,0.02823855814135699,0.016620566704955674,5.2014865019323064e-09,0.0014108465814898267,1.0,0.09438202247191012,1.0,0.09887640449438202,0.0,0.0
156,131059846,164.6757005128078,97.95608072309888,1.0667923957941774,669,True,False,False,1.3804406010474835,0.15034356466742502,-8.134333406921687,0.06809117170823611,0.5553178548561152,0.0736576961301995,0.14469421883743414,0.0,0.06307077407836914,0.07365741580724716,0.00020321369811426848,0.27802690582959644,0.18834080717488788,0.0,0.5480765092252059,0.22332671478390695,-0.07396964728832245,0.9506726457399103,0.0023288464356430844,0.016935080284894176,5.201486504100711e-09,0.0015946074675548248,1.0,0.04783258594917788,1.0,0.14947683109118087,0.0,1.0
157,1371903228,185.0302749553697,120.4828051599622,1.0321493959081476,647,True,False,False,28.396665879925262,0.20175956712386459,16.311686692468154,0.14056738431881596,0.5684065796572075,0.1405972290209202,0.14663683944235031,0.0,0.1405647248029709,0.14059457182884216,0.0008643961045891047,0.14064914992272023,0.0,0.0,0.5583625618955682,0.11693323463201523,-0.0735902264714241,0.9381761978361669,0.005762587107899398,0.02410856477542476,0.0,0.0015952850014036278,1.0,0.0633693972179289,1.0,0.07573415765069552,0.0,0.0
158,1386590529,204.2755366166122,152.42557719211345,0.8337991884899764,508,True,False,False,38.109052608083516,0.14907827230519236,28.66726474955841,0.0552065583391765,0.48711452790732807,0.062325430599351715,0.1477315166625544,0.0,3.280639793956652e-05,0.06232452392578125,0.00033617974258959293,0.3188976377952756,0.16141732283464566,0.0,0.5448519959330823,0.18936820229515433,-0.07405533641576767,0.9330708661417323,0.0017464221753348465,0.02159704837967654,2.6007432520503554e-09,0.0016413369852164882,1.0,0.0688976377952756,1.0,0.0688976377952756,0.0,1.0
159,1177456203,1.5584418794925943,-120.50351555114587,2.0412391486127732,1000,False,False,False,20.59458512302472,0.1208904530432685,12.550148813356095,0.4147202013943223,0.7533891765518088,0.451588983397322,0.12382606755982568,0.0667238445159421,0.4111679196357727,0.4474918246269226,-0.060693301260471344,0.0,0.0,0.5204375144094229,0.5312917812594388,0.5306275950558483,0.04087502881884575,0.967,0.026958857222708875,0.024220866600370056,0.000590498755373526,0.00204123914861277,0.0,0.0,0.0,0.38,1.0,0.0
160,882685052,35.904030809637504,-121.37106792529792,2.7455019746987044,1000,False,False,False,46.19477879533092,0.24372992779365524,32.0083687481429,0.3417648360333821,0.5449547229988148,0.3417648360333821,0.11004988729774584,0.03471098827681073,0.00010528564598644152,0.3416571617126465,0.0085782865062356,0.0,0.0,0.5088578052818775,0.5177720482818404,0.5390697276545688,0.017715610563755035,0.938,0.006236681796798544,0.027480306140030598,0.0008433813752988994,0.002745501974698702,0.0,0.052,1.0,0.529,1.0,0.0
161,867409381,223.1946805131651,166.15684555539923,0.9231566991553174,544,True,False,False,24.364599781838063,0.17702957115817247,13.521565761198179,0.012729422080576456,0.5790298798918565,0.012757046724841258,0.20065544482382744,0.0,0.0010933876037597656,0.012688636779785156,0.0013193702325224876,0.23345588235294118,0.17095588235294118,0.0,0.49833465257244614,0.08352085361257196,-0.07438106089830399,0.8694852941176471,0.002199210112595278,0.03330918525041593,2.600743251833515e-09,0.0016969792263884505,1.0,0.07352941176470588,1.0,0.06066176470588235,0.0,1.0
162,241021414,180.35430977782232,123.1861692765697,0.9221628100250517,553,True,False,False,16.36878504262759,0.14501976878907408,7.125510833615846,0.01574720003405463,0.47337590140090846,0.015774282994505923,0.12574620986368737,0.0,0.01574716530740261,0.015774250030517578,-3.224849569960497e-05,0.3399638336347197,0.2115732368896926,0.0,0.5410973390254443,0.2170692334510386,-0.07406158745288849,0.9349005424954792,0.002423940824642594,0.011423663968125023,5.201486504100711e-09,0.001667563851763204,1.0,0.05786618444846293,1.0,0.10307414104882459,0.0,1.0
163,674548240,213.6776708034798,150.5794084403348,1.0155652472629006,616,True,False,False,34.37583073024364,0.2118768932660783,21.78608159464101,0.07662829950425795,0.6547167694695919,0.07760759294868359,0.18702589944913153,0.0,0.07458124309778214,0.077606201171875,0.0004647827008739114,0.16233766233766234,0.09415584415584416,0.0,0.5603130744110987,0.3003984020650387,-0.07401281595230103,0.9577922077922078,0.0025467833561302836,0.03876276816017154,2.600743252267196e-09,0.0016486448819202921,1.0,0.04383116883116883,1.0,0.045454545454545456,0.0,1.0
164,783109940,233.73644219677672,171.83433404154727,0.9960421631045894,605,True,False,False,31.658533594919998,0.17866016739115276,20.73009950517432,0.05770546784108371,0.5911751734508089,0.057733308762639254,0.2021634748531029,0.0,0.0018401145935058594,0.057717420160770416,0.0013543820241466165,0.22644628099173553,0.11735537190082644,0.0,0.4704662637583034,0.051622803594218565,-0.07425225526094437,0.8165289256198347,0.004655851545063731,0.036224619633747644,1.0402973008201422e-08,0.0016463506828175024,1.0,0.11735537190082644,1.0,0.05454545454545454,0.0,1.0
165,2026472473,22.172810902353305,-86.9090396010164,1.7816370100673964,1000,False,False,False,44.39719839593715,0.20205946727562774,32.29431137465069,0.08037597692592778,0.33510872044764006,0.09929649220065212,0.1041887363188728,0.05268849236536168,4.177093433099799e-05,0.09928770363330841,0.0013210868928581476,0.609,0.19,0.0,0.5753196418611333,0.5642227739095688,-0.043095093220472336,0.999,0.0035718494040869694,0.01783962220680227,0.018100806654426694,0.0017816370100673957,1.0,0.001,1.0,0.237,1.0,0.0
166,1224070920,218.6942066619172,155.21028566799617,1.0260784198784212,609,True,False,False,58.42465266830703,0.19727970283528315,46.56506156147878,0.05783432549828787,0.432157584673988,0.05818775810770202,0.13419229185509157,0.0,0.054254721850156784,0.05817403644323349,-0.001263597048819065,0.37438423645320196,0.18555008210180624,0.0,0.5542370815270493,0.1870879290252924,-0.07368288189172745,0.9425287356321839,0.0014495354672244768,0.01579950478198156,0.0,0.0016848578323126777,1.0,0.060755336617405585,1.0,0.25779967159277506,0.0,1.0
167,856913638,94.80464380384353,-60.97456141959851,2.7155841044688467,1000,False,False,False,20.45262573823361,0.23714806673705907,6.595308743875502,0.11626158165472178,0.5120116351062417,0.13939910318655616,0.1475507199455791,0.019324839146580067,0.11626052856445312,0.1393306702375412,-0.004367413464933634,0.425,0.0,0.0,0.4150587998032279,0.0,-0.06660988181829453,0.714,0.0008313923552731721,0.027175084466505624,0.010369977784849646,0.002715584104468844,1.0,0.231,1.0,0.316,1.0,0.0
168,626537496,178.4318728094454,105.3403372633063,1.1626307109227825,748,True,False,False,25.106775846431198,0.1603130223132651,15.092211545594742,0.04501828286094504,0.5243897417601903,0.045484451137188874,0.12151979843242927,0.0,0.03216896206140518,0.04546795040369034,0.0012250638101249933,0.2767379679144385,0.1537433155080214,0.0,0.5346505380015233,0.27199533849954605,-0.07432963699102402,0.9398395721925134,0.0009065221386984696,0.01935495267176822,2.6007432520503554e-09,0.0015543191322497116,1.0,0.0374331550802139,1.0,0.19919786096256684,0.0,1.0
169,154517276,182.11082931365803,108.7435010420964,1.1789465654312328,721,True,False,False,52.36036836063894,0.209333095340503,39.895139218606886,0.027047147035122898,0.3079941747365098,0.053134334741941326,0.10321356859194292,0.0,0.016493607312440872,0.053125668317079544,0.0009596323943696916,0.5603328710124826,0.4105409153952843,0.0,0.5568071676704944,0.2692301269620657,-0.07418263703584671,0.9625520110957004,0.004418690743189789,0.01663046102137521,1.0402973008201422e-08,0.0016351547370752203,1.0,0.03744798890429958,1.0,0.3550624133148405,0.0,1.0
170,916885238,12.793039959832115,-30.37823646866596,0.693825528569961,424,False,True,False,56.11429083370824,0.1607715149685632,46.10392179992721,0.35878277391009605,0.7038548038281188,0.3603770622743697,0.17410752064780546,0.01808783832414233,0.35358619689941406,0.3569106161594391,0.049864206463098526,0.0,0.0,0.0,0.5681049098839482,0.4191095938207582,-0.05048969388008118,0.9764150943396226,0.04436801929085442,0.017554105096607757,0.023440691385551604,0.0016363809636083992,0.0,0.0023584905660377358,1.0,0.12264150943396226,1.0,0.0
171,515494164,29.445276621868796,-73.24574446561304,1.6538204217496384,1000,False,False,False,40.154369071327345,0.22224325962778546,27.04229243243284,0.03603001022562182,0.43078636800314557,0.03603001022562182,0.12294210245408325,0.029592650381950778,0.011749458499252796,0.011749458499252796,0.034060414880514145,0.363,0.168,0.585723951458931,0.568759495801758,0.5557368398830295,0.17144790291786194,1.0,0.005934599616402883,0.025238941004471948,0.00151760163197726,0.0016538204217496388,0.0,0.0,0.0,0.243,1.0,0.0
172,1344467073,9.848870955081551,-126.43154644145413,2.3256083479307192,1000,False,False,False,59.23583387706957,0.20344637726686615,47.06360135622109,0.16938179045894566,0.3321229584183021,0.19155928158043656,0.08306621940385463,0.0216475085863382,0.1693778932094574,0.19155827164649963,0.0006220316863618791,0.448,0.0,0.5368989668786526,0.5521352649987675,0.5354631809145212,0.07379793375730515,0.974,0.011595056186980857,0.011043970360882288,0.011290133426041394,0.002325608347930718,0.0,0.026,1.0,0.638,1.0,0.0
173,743363182,-16.958689961535796,-129.86763283506446,1.9777788574705708,701,False,True,False,22.121107021230877,0.2248353222381268,8.881083925464297,0.32987334508094934,0.7592836457206926,0.38051621650481365,0.17793763936497012,0.07931924739461269,0.3298627734184265,0.3784227967262268,-0.039859477430582047,0.0,0.0,0.0,0.48038159462074603,0.0,-0.040984511375427246,0.8231098430813124,0.022547603955034082,0.03791131491814352,0.00791670537144452,0.0028213678423260648,0.0,0.0884450784593438,1.0,0.06276747503566334,1.0,0.0
174,1926328121,13.100671256612904,-120.56524682842107,2.273318361700681,1000,False,False,False,16.02063939101922,0.16583435608272631,5.729007929377749,0.1878662564548614,0.47581366863159263,0.1878662564548614,0.10001415192806161,0.05111688623196046,0.18777552247047424,0.18777552247047424,0.005838105455040932,0.345,0.0,0.5692635849118233,0.45995214632805437,0.3987924895808101,0.13852716982364655,0.819,0.001921593123971469,0.01946543556104354,0.0019335321609628216,0.0022733183617006823,0.0,0.171,1.0,0.383,1.0,0.0
175,1395484617,-67.53026688694953,-77.26534886909833,0.17550163964297616,48,False,False,True,-37.80995958716355,0.16918593091686954,-47.03467585112244,1.4105453304482343,1.4766203876472357,1.4105453304482343,0.6408605840738933,0.47960731469106116,0.760824978351593,1.00245201587677,0.9923346638679504,0.0,0.0,0.6597839742898941,0.6874915774290761,0.6874915774290761,0.3195679485797882,1.0,0.12354440707283114,0.13454864374610404,0.0014620546325074951,0.00365628415922867,0.0,0.0,0.0,0.0,1.0,0.0
176,126288124,156.7251486528549,73.99892878646618,1.3373243973277746,793,True,False,False,19.709269429529268,0.1949592329304229,7.96199919882696,0.10465658932204416,0.474665834987741,0.10781765814820247,0.12067151941363091,0.0,0.09831371158361435,0.10781564563512802,0.000658760080114007,0.37957124842370743,0.0,0.0,0.5533339909163643,0.2779997423104942,-0.07385538518428802,0.9546027742749055,0.00410527257314434,0.018735861223128952,2.600743251833515e-09,0.0016864115981434717,1.0,0.03530895334174023,1.0,0.25851197982345525,0.0,0.0
177,244472222,269.67310021249597,219.5710821239361,0.8024403617711945,499,True,False,False,75.71197628917635,0.19310385871861876,64.07005705636126,0.037320429389027375,0.3471679766598035,0.07048296958348066,0.22456687868710218,0.0,0.00011548995826160535,0.07046632468700409,0.0015316939679905772,0.5811623246492986,0.374749498997996,0.0,0.5481097137383774,0.2663477773219347,-0.07423119992017746,0.9378757515030061,0.00535138879380736,0.04497588684866746,2.6007432527008767e-09,0.0016080969173771426,1.0,0.056112224448897796,1.0,0.2905811623246493,0.0,1.0
178,624263177,224.7526463606396,163.3516318898198,0.9976202894163909,576,True,False,False,43.46887518254783,0.2066789976762471,31.141047422201495,0.017825520440733822,0.4561856664318976,0.020948322738978332,0.1446494764108085,0.0,2.346038854739163e-05,0.020948123186826706,-9.143591159954667e-05,0.4409722222222222,0.2777777777777778,0.0,0.5319490647412345,0.2152720147371292,-0.07405887544155121,0.9027777777777778,0.00045562266613191843,0.020555096678120607,0.0,0.0017319796691256809,1.0,0.05555555555555555,1.0,0.2760416666666667,0.0,1.0
179,1916746531,192.48832462010924,110.7179530156507,1.3054074320891669,825,True,False,False,47.010793089795,0.22550643377248422,33.73597266404346,0.0885084534130133,0.47560946220832867,0.08853610736495147,0.15729036229297438,0.0,0.03234682232141495,0.08852777630090714,0.00121454952750355,0.16484848484848486,0.06181818181818182,0.0,0.5552909216183153,0.21073749966919422,-0.0741330236196518,0.9612121212121212,0.0031494366850921746,0.0343440107421981,1.0402973008201422e-08,0.0015823120388959637,1.0,0.04,1.0,0.16,0.0,1.0
180,1882517521,197.97152984999107,120.37810112374788,1.2354685745248684,791,True,False,False,40.67737678881129,0.12443326254669461,32.456419115837164,0.01786630319177929,0.43487536803607557,0.027212679006459333,0.14059811188633523,0.0,0.00013990401930641383,0.02720165252685547,0.0007745957118459046,0.47029077117572693,0.36788874841972186,0.0,0.5472672427339214,0.27233223877847196,-0.07422526925802231,0.9443742098609356,0.0030098632471712663,0.019439946306735293,1.0402973008201422e-08,0.0015619071738620302,1.0,0.03413400758533502,1.0,0.22629582806573956,0.0,1.0
181,893071467,-21.406129897508052,-152.6942537881554,2.2257624778129483,1000,False,False,False,19.653689257576033,0.15243417350678917,10.0320669247314,0.29934951486550093,0.5099858728995408,0.3310941126423826,0.0932910928951215,0.05365582250876589,0.29932135343551636,0.3308492600917816,-0.012731006368994713,0.0,0.0,0.5211049541831017,0.5527608682740829,0.5232812876068056,0.04220990836620331,0.996,0.021311031161734387,0.012622228087276966,0.0005894831651336065,0.0022257624778129477,0.0,0.0,0.0,0.528,1.0,0.0
182,171120969,16.716643513720086,-100.19643135437184,1.938261497361837,1000,False,False,False,24.06647772878868,0.20402935265478528,11.865096438544276,0.26931056125552116,0.5678797772909404,0.2774614434831477,0.12391109536324771,0.03069391770095783,0.269308477640152,0.27745962142944336,-0.0010055326856672764,0.0,0.0,0.5083972038701177,0.5371658986757829,0.5233302045986057,0.01679440774023533,0.976,0.0054366886211732685,0.02818715768565503,0.00029999703449334544,0.00193826149736184,0.0,0.001,1.0,0.483,1.0,0.0
183,790228919,-28.00985310857508,-135.30774334982326,1.745957804824966,1000,False,False,False,23.075493154599688,0.2030536010589265,10.922899444148177,0.5356417611406061,0.7765734860766851,0.9089430964010304,0.13504438327843987,0.01663628366241272,0.18021468818187714,0.889919102191925,-0.18499065935611725,0.0,0.0,0.0,0.5076373409690131,0.2249442255985923,-0.07054973393678665,0.918,0.04108148605069598,0.0457691320942336,0.015613317643699456,0.001745957804824967,1.0,0.026,1.0,0.224,1.0,0.0
184,1786810991,162.89064681106242,80.49288916793938,1.3431551528624635,762,True,False,False,22.673315187618858,0.20181655112893954,10.583431797001996,0.05905265890538037,0.4301517471732977,0.059056198553213174,0.11765904355566117,0.0,0.0590452179312706,0.05904874950647354,0.0009379601688124239,0.410761154855643,0.1837270341207349,0.0,0.5564280846590064,0.30679718002676964,-0.07421533763408661,0.9645669291338582,0.0016056419925449962,0.02145218865542552,0.0,0.001762670804281447,1.0,0.03280839895013123,1.0,0.3123359580052493,0.0,1.0
185,52965927,-22.37118606887512,-93.785468278592,1.1458856441943353,706,False,True,False,39.19246245924547,0.21831140970597784,26.27854956495229,0.2790439363486523,0.6892070810984479,0.3022183296895842,0.1745865394770869,0.03549196129982375,0.2788408696651459,0.2959540784358978,-0.06121357902884483,0.0,0.0,0.5058592269197106,0.555310930844519,0.4163633446372114,0.011718453839421272,0.953257790368272,0.013238701215203243,0.033265005343234455,0.0005719658589595569,0.0016230674846945262,0.0,0.0,0.0,0.1643059490084986,1.0,0.0
186,1729187195,224.2283757024009,159.33031468452296,1.047161220357557,627,True,False,False,42.08840085048791,0.1914339324927122,30.520371108474627,0.0025672524661374406,0.5231700097642463,0.002593925921659011,0.15373850853064766,0.0,6.69479341013357e-05,0.0025843619368970394,-0.00022254227951634675,0.27910685805422647,0.14832535885167464,0.0,0.5349265342414252,0.21037936081935185,-0.07403185963630676,0.9425837320574163,0.0017208783252992159,0.022049945093981713,0.0,0.0016701135890870144,1.0,0.05582137161084529,1.0,0.09090909090909091,0.0,1.0
187,1240058640,224.8942097347229,160.70551954033684,1.0397738038877242,610,True,False,False,43.409108953564115,0.20762008016918515,31.032455039691456,0.0687484608120723,0.5008931647695494,0.06877515829748798,0.17154396812504613,0.0,0.00043783188448287547,0.06877317279577255,-0.0005225920467637479,0.3,0.11967213114754098,0.0,0.5473400550237933,0.23123639870435,-0.0737820416688919,0.9442622950819672,0.005332730411531479,0.03207852446200712,7.802229755500545e-09,0.0017045472194880719,1.0,0.05245901639344262,1.0,0.15081967213114755,0.0,1.0
188,821825863,45.541531437361954,-81.08445359210761,2.13251970058939,1000,False,False,False,69.9994807208515,0.24670419963027007,55.66435708183266,0.11992774851239839,0.3452759860429642,0.1556088194361884,0.08104267226257279,0.04536829849233284,0.0012500763405114412,0.1556037962436676,0.0012503123143687844,0.529,0.0,0.5298644080758095,0.5212805783956428,0.5354777665250003,0.05972881615161896,0.925,0.013696350104148172,0.01512041764755743,0.010789156073244408,0.0021325197005893893,0.0,0.074,1.0,0.518,1.0,0.0
189,1952289020,208.8197785388678,142.4563260293285,1.0632690501907864,660,True,False,False,61.495528589091975,0.15195571400775937,51.9003747223215,0.09422478615263763,0.46436773258158354,0.09424737648281088,0.13540747467351924,0.0,0.09122886508703232,0.09423436969518661,0.0015657400945201516,0.2636363636363636,0.09696969696969697,0.0,0.5627558491390311,0.29391915574669836,-0.07418236136436462,0.9621212121212122,0.0034611936303853884,0.007301103866990998,0.0,0.0016110137124102821,1.0,0.03939393939393939,1.0,0.1409090909090909,0.0,1.0
190,457488617,178.87167461334587,99.55045331620161,1.301624425942891,712,True,False,False,36.26599990841941,0.14438913070604129,27.048103962144953,0.11439677846884898,0.47556086136010384,0.11440383266433883,0.10956970309746744,0.0,0.11439657211303711,0.1144036278128624,-0.00021649837435688823,0.3904494382022472,0.0,0.0,0.5245378353204441,0.2911798028275371,-0.07358480244874954,0.9143258426966292,0.007839536117670269,0.01309076860198016,0.0,0.001828124193740015,1.0,0.05337078651685393,1.0,0.28651685393258425,0.0,0.0
191,815712761,93.28877933816965,-115.14801181029503,3.768735822969299,1000,False,False,False,36.52479361559553,0.23734712880866032,22.65752351765743,0.3912584317721884,0.6505366083574173,0.3912880498073347,0.1183624393260029,0.0007746664998450814,0.3219304084777832,0.3912724554538727,0.0034933544229716063,0.0,0.0,0.0,0.3735349302822724,0.0,-0.05669669434428215,0.65,0.010958729734763301,0.03139327770336568,0.010237395794976008,0.003768735822969298,1.0,0.262,1.0,0.431,1.0,0.0
192,134902683,84.72690403247289,-22.951660128610722,1.7535712832216643,1000,False,False,False,47.6397175039511,0.23093835392838363,34.09288615002669,0.009082045297444701,0.35675885563819887,0.011913007864916279,0.15480349375676603,2.5045183572389282e-05,3.2138825190486386e-05,0.011785793118178844,0.0017363285878673196,0.47,0.304,0.0,0.5525184865863993,0.3741855209786445,-0.07450327277183533,0.96,0.0008613396700006235,0.029868923003627475,1.3167481811803797e-05,0.0017535712832216636,1.0,0.017,1.0,0.267,1.0,1.0
193,934119719,210.8876096424238,120.43103126919117,1.4791315674646572,825,True,False,False,80.1680422776904,0.25461172396164783,65.43795734248076,0.10019257917135396,0.37186725096274914,0.10022023150754594,0.1251952017583554,0.0,0.00031957626924850047,0.10020885616540909,0.001509950147010386,0.39636363636363636,0.0,0.0,0.5500160403457245,0.18181740544736386,-0.07405145466327667,0.9563636363636364,0.006998121554455718,0.03061349770589743,5.20148650366703e-09,0.0017928867484420087,1.0,0.041212121212121214,1.0,0.3927272727272727,0.0,0.0
194,22390618,-102.70412772754207,-112.48375368708456,0.17199251919084946,59,False,False,True,-61.388413858758476,0.1600452553658065,-70.28530967272403,1.5855141384435998,1.6468027387176394,1.6704933928339587,0.5073839557901345,0.39054959920878624,0.7145047783851624,1.0030168294906616,1.3358538150787354,0.0,0.0,0.5972112789750099,0.5045153655711625,0.5542700529843568,0.19442255795001984,0.9152542372881356,0.10482164599849052,0.11307739900516156,0.0008459489590744718,0.0029151274439127048,0.0,0.0,0.0,0.0,1.0,0.0
195,590562343,162.98084932393385,88.72046304556754,1.1920077255673276,733,True,False,False,19.569596159897063,0.1466473734096739,10.238491141839887,0.10736062330613685,0.5221617765367427,0.10738703446463223,0.1182550202678938,0.0,0.10735712200403214,0.10738353431224823,-0.0008670234819874167,0.3151432469304229,0.0,0.0,0.5481257269058585,0.2707853941805661,-0.07347926497459412,0.9440654843110505,0.004000336158946881,0.014071129254246523,5.20148650366703e-09,0.0016262042640754829,1.0,0.03819918144611187,1.0,0.2305593451568895,0.0,0.0
196,1269560368,201.30723509206447,113.17060611412398,1.4219325795588071,852,True,False,False,57.401665567533755,0.23218475318628953,43.7928100423181,0.012236053636125965,0.3340850994971409,0.012361049795962172,0.14288954818385224,0.0,9.660721116233617e-05,0.01236104965209961,-1.8858909243135713e-06,0.4859154929577465,0.3967136150234742,0.0,0.5533746175217648,0.288866164535284,-0.07408615201711655,0.9694835680751174,0.000909624825398142,0.03187758059533489,0.0,0.0016689349525338111,1.0,0.03169014084507042,1.0,0.3403755868544601,0.0,1.0
197,1785119941,185.74394692247142,96.26967666899658,1.4806854050694989,772,True,False,False,31.901547340872103,0.1473183024199226,22.536486106528553,0.09821361474373898,0.5106804661486797,0.09823936121934537,0.11158918015614484,0.0,0.09821214526891708,0.09823789447546005,-0.0005368256825022399,0.21502590673575128,0.04404145077720207,0.0,0.4449232876890579,0.22075920245610178,-0.07362043112516403,0.7849740932642487,0.006955715135359734,0.01857719773697804,1.0402973008201422e-08,0.0019179862759967621,1.0,0.133419689119171,1.0,0.19948186528497408,0.0,1.0
198,965189358,195.43912608120593,129.63296966133993,1.0561231283973176,650,True,False,False,35.49950900012587,0.13530627046742194,26.7371055671804,0.0461506880611831,0.5109879476792719,0.04617796577213042,0.11338125270686679,0.0,2.0503997802734375e-05,0.046175576746463776,0.000469717982923612,0.3415384615384615,0.15384615384615385,0.0,0.5236236715574677,0.16890865653753281,-0.07409816980361938,0.9107692307692308,0.0040570196832177925,0.013820083894437533,2.600743251833515e-09,0.0016248048129189506,1.0,0.05384615384615385,1.0,0.21384615384615385,0.0,1.0
199,1798176648,219.2094192421064,160.56907434810685,0.9520068978799915,552,True,False,False,40.6843010631274,0.17894368778559158,29.7449088258094,0.10222826136374887,0.5115023813227442,0.10225562754628166,0.15378787214253492,0.0,0.000209808349609375,0.10225515067577362,0.0003122901835013181,0.3967391304347826,0.0,0.0,0.5171274793826961,0.20201484836637973,-0.07381322234869003,0.8894927536231884,0.00380378368730305,0.031895649938533444,0.0,0.0017246501773188247,1.0,0.06521739130434782,1.0,0.16304347826086957,0.0,0.0
200,69892020,182.9191672494636,109.57677445201169,1.1980478559490348,672,True,False,False,47.39658159639019,0.2206821492204953,34.36480695286882,0.06881911928945122,0.3666415437922921,0.06884620742212906,0.102262008619915,0.0,0.06881074607372284,0.06883783638477325,0.0010735726682469249,0.4642857142857143,0.22321428571428573,0.0,0.5560769887302913,0.2765891583263874,-0.07413725554943085,0.9613095238095238,0.005278262395418391,0.015164227942556447,5.201486504534392e-09,0.0017828093094479694,1.0,0.04017857142857143,1.0,0.375,0.0,1.0
201,1722285593,252.61107439063505,194.06114868913272,0.9429985140300424,570,True,False,False,83.86527396419395,0.22261201978463538,70.74117563300538,0.03634950185201314,0.32842880360156934,0.03637741245294812,0.16864871767436865,0.0,0.0007463454967364669,0.03634462505578995,0.0015441393479704857,0.4368421052631579,0.19824561403508772,0.0,0.5535870605589528,0.14613834515213966,-0.07442799210548401,0.9350877192982456,0.00043969831519973565,0.034530332356007894,1.3003716260143357e-08,0.001654383357947442,1.0,0.06666666666666667,1.0,0.19649122807017544,0.0,1.0
202,1838200024,197.8385234466753,124.03590647794066,1.188052339374697,720,True,False,False,35.64496353713873,0.1716171898065625,25.065544072056102,0.04597291112480426,0.4309451377014922,0.04600055083075277,0.12961864174946558,0.0,0.0459468849003315,0.04597454145550728,0.0015466785989701748,0.20416666666666666,0.1125,0.0,0.48562029749543095,0.07386247030459345,-0.07434364408254623,0.8541666666666666,0.004003872844676736,0.024497870708495472,1.0402973008201422e-08,0.001650072693575968,1.0,0.08888888888888889,1.0,0.30833333333333335,0.0,1.0
203,2126813241,32.09016749523573,-64.9927513558332,1.541658377021377,1000,False,False,False,13.634336372134321,0.21168453187136385,1.0501961210609456,0.11199168724595766,0.6759720828483664,0.11199168724595766,0.16403716972480306,0.03424966790500205,0.11192703247070312,0.11192703247070312,0.0038049197755753994,0.119,0.0,0.5724553912878036,0.5651000325791538,0.5867134277522564,0.1449107825756073,0.987,0.003322862697553138,0.029599346823190202,0.0001124886475084492,0.001541658377021379,0.0,0.0,0.0,0.113,1.0,0.0
204,1376935700,244.5196810726076,188.91482539214297,0.9108971136092915,503,True,False,False,57.61463378012838,0.23151766164293275,44.051501364232905,0.022849339420396332,0.5270124867715781,0.02287686310733973,0.16885888456961806,0.0,0.00023746490478515625,0.02284698560833931,0.001168808899819851,0.2485089463220676,0.1550695825049702,0.0,0.5575276109988007,0.25688248574733735,-0.07432659715414047,0.9423459244532804,0.0027567267296859134,0.02435721866091581,5.20148650366703e-09,0.0018109286552868609,1.0,0.05964214711729622,1.0,0.05964214711729622,0.0,1.0
205,1075994928,-33.1339930489398,-62.35055112423584,0.44473116150592207,349,False,True,False,15.390405314846578,0.1203800932036317,7.4313401262831205,0.4508967012700843,0.9430735196157439,0.4508967012700843,0.20474975880969726,0.19657795713259457,0.4394882321357727,0.4394882321357727,0.10078655183315277,0.0,0.0,0.5013863268541172,0.5407414659138077,0.31780047426058444,0.0027726537082344294,0.9426934097421203,0.0016847354712328415,0.013127819722522081,0.0007974366450085288,0.001274301322366539,0.0,0.0,0.0,0.0,1.0,0.0
206,2130197154,139.50936827193937,62.680794424718904,1.2197714769444106,792,True,False,False,6.670351081316168,0.16245000458302764,-3.451450748018171,0.1121921046242686,0.5041230484672459,0.11221966974567901,0.10396435662609535,0.0,0.11218385398387909,0.11221142113208771,0.0013606047723442316,0.32702020202020204,0.0,0.0,0.5437847205480053,0.23628421626985074,-0.07399383187294006,0.9532828282828283,0.004366582576485012,0.016023559226402192,2.600743251833515e-09,0.001540115501192439,1.0,0.039141414141414144,1.0,0.23106060606060605,0.0,0.0
207,1512169714,184.54617527332167,102.59362725827721,1.330250960300888,772,True,False,False,29.942222504976577,0.1948974079781846,18.198205992719902,0.08069515978941345,0.4954161013491749,0.08072233945871177,0.13548424365055586,0.0,0.08069515228271484,0.08072233200073242,3.469943840173073e-05,0.32642487046632124,0.08937823834196891,0.0,0.5391453120234987,0.2221551577746868,-0.07388952374458313,0.9326424870466321,0.002685387367003997,0.02627310370920496,2.600743251833515e-09,0.0017231230055710976,1.0,0.04015544041450777,1.0,0.15025906735751296,0.0,1.0
208,1813899210,-33.607262285870036,-106.375009997028,1.1641549542231593,728,False,True,False,25.71570814280349,0.20367103192527744,13.53348532219476,0.21641163107510436,0.6677881532714722,0.22967105230570328,0.15971007379149507,0.02216512521790539,0.21601629257202148,0.22557568550109863,-0.043178725987672806,0.0,0.0,0.5106012197211385,0.557775671726791,0.37501964451599634,0.021202439442276955,0.967032967032967,0.02145302264069387,0.02945123304637575,0.0008723374004811942,0.001599113948108736,0.0,0.0,0.0,0.11950549450549451,1.0,0.0
209,1329058962,172.6429244552039,98.57114803941589,1.1890355283157639,731,True,False,False,25.486997768557693,0.12039888227377556,17.468342964558236,0.0347273797760206,0.45819439854731014,0.0347547500410016,0.11238762788104734,0.0,1.33514404296875e-05,0.03475208207964897,0.00043062923941761255,0.4213406292749658,0.32147742818057456,0.0,0.5367829115661918,0.17475674979854375,-0.07412606477737427,0.948016415868673,0.003434970336175165,0.010911767378844557,1.0402973008201422e-08,0.001626587590035245,1.0,0.047879616963064295,1.0,0.25991792065663477,0.0,1.0
210,230627142,301.0041189977899,266.3613447114977,0.5572554857258468,339,True,False,False,84.01560138507017,0.18660900252573098,72.75142797221534,0.00202572770524259,0.45109997312100947,0.0034656491006190364,0.29527651251554465,0.0,4.501342846197076e-05,0.003456020262092352,-0.0002581620356068015,0.4247787610619469,0.2920353982300885,0.0,0.5395281529850753,0.19746620815247298,-0.0740261822938919,0.9026548672566371,0.0013980545672827992,0.05368426940404005,0.0,0.001643821491816657,1.0,0.09734513274336283,1.0,0.09734513274336283,0.0,1.0
211,987606443,166.9913970848545,84.84085108889126,1.327410919919264,789,True,False,False,47.0981286308105,0.16787324846152593,36.70518598567585,0.045753616931636105,0.3565624453501262,0.05452376568470001,0.10110256133384944,0.0,0.000400543212890625,0.0545048713684082,0.0014352775178849697,0.41951837769328265,0.21166032953105196,0.0,0.553053628296812,0.2099736624211073,-0.07428435236215591,0.9594423320659062,0.004476222759946675,0.013894011858443649,1.0402973008201422e-08,0.0016823966031929865,1.0,0.04182509505703422,1.0,0.38276299112801015,0.0,1.0
212,1428704328,184.34552887938918,110.24635699742922,1.200383437639197,704,True,False,False,30.691277698049483,0.20433066661462868,18.476435614135436,0.08619436045699108,0.5345996990608479,0.08879572052150202,0.1382151105159708,0.0,0.08360910415649414,0.08878688514232635,0.0012526011560112238,0.28551136363636365,0.12926136363636365,0.0,0.5611694207235071,0.26704654276371004,-0.07414081692695618,0.9616477272727273,0.0031647589639615123,0.018749415109826282,0.0,0.0017050901102829508,1.0,0.03835227272727273,1.0,0.14914772727272727,0.0,1.0
213,813158061,3.2072439505166006,-167.8043371659513,3.02023162232936,1000,False,False,False,15.138753070092308,0.18255807734061433,4.0109355455564515,0.52011659891361,0.834172952256944,0.7423609306317432,0.12957895760685895,0.015098189409256394,0.5144244432449341,0.7110702395439148,-0.21325774490833282,0.0,0.0,0.5033892497885972,0.47765582074274426,0.2521362535888329,0.006778499577194452,0.867,0.012471686114199527,0.029803173566994766,0.00098398860866249,0.0030202316223293603,1.0,0.083,1.0,0.349,1.0,0.0
214,1749950354,191.06333451833336,109.81072339719034,1.3206522224228616,761,True,False,False,43.088948799622536,0.20668639446989392,30.7555827789864,0.0021479153579634573,0.3497886687014998,0.005867829041438407,0.12226933983409974,0.0,9.441375368623994e-06,0.005867385771125555,-7.212400669232011e-05,0.46386333771353483,0.29697766097240474,0.0,0.5374957778674346,0.17673194970935582,-0.07407038658857346,0.9434954007884363,0.0012604278669592626,0.024895977487293795,5.201486504100711e-09,0.001735416849438716,1.0,0.04730617608409987,1.0,0.3272010512483574,0.0,1.0
215,889174518,48.314147463956004,-68.53932366375014,1.9370694225541252,1000,False,False,False,60.20222915116108,0.24065154218049992,46.16973838463076,0.1357487215525679,0.3712918650723742,0.1442811323622882,0.10197119913337534,0.01908112111927251,0.08977298438549042,0.14422540366649628,-0.004009749740362167,0.528,0.0,0.5300442110747099,0.5634106779379363,0.5211433652602137,0.060088422149419785,0.989,0.0006302699307327766,0.025203475181252974,0.0008316727682233383,0.0019370694225541239,1.0,0.012,1.0,0.48,1.0,0.0
216,1871442016,181.44919065164868,101.96104118517627,1.292962989329447,742,True,False,False,39.4827151963121,0.1950262823025608,27.732555449470627,0.09971187436614627,0.42206232218788386,0.09974660119782659,0.12345547844837185,0.0,8.678436279296875e-05,0.0997404083609581,0.0011114812223240733,0.42857142857142855,0.03638814016172507,0.0,0.5561312209489075,0.2831917804479599,-0.07396814972162247,0.9622641509433962,0.006985104834479305,0.024177582863213205,7.802229756367907e-09,0.0017425377214682592,1.0,0.03504043126684636,1.0,0.35175202156334234,0.0,1.0
217,1938763919,197.5376839085482,149.37670644866495,0.776019549197665,468,True,False,False,21.85714659078162,0.1646485244876818,11.642846328486485,0.5030285499516935,0.9108507576054957,0.5030472609391294,0.21197182565412623,0.0,0.12598972022533417,0.49279993772506714,0.10101865231990814,0.0,0.0,0.0,0.5017743936489121,0.04623168017715216,-0.08419552445411682,0.8611111111111112,0.029665557355570357,0.047488057006621315,0.0,0.0016581614299095403,1.0,0.08974358974358974,1.0,0.07905982905982906,0.0,0.0
218,1242605113,228.8121465774718,169.53747546001472,0.9446934223491413,602,True,False,False,42.0167477825341,0.1264472787120463,33.6990981461446,0.0374697226540598,0.5645483429188303,0.03748192973799153,0.16173347379215292,0.0,0.03733091428875923,0.03745470196008682,0.0014284109929576516,0.31893687707641194,0.1644518272425249,0.0,0.5396392975950868,0.2921395194530487,-0.07439787685871124,0.9219269102990033,0.0004929562542415897,0.016592685698950237,2.6007432520503554e-09,0.0015692581766597038,1.0,0.04318936877076412,1.0,0.14119601328903655,0.0,1.0
219,1828995021,243.91285009606656,176.22071496145827,1.107842702692169,615,True,False,False,70.46256713108478,0.25214078252607,55.85966490144934,0.0251603962125122,0.44685134637134466,0.025187859746649905,0.16017264786743737,0.0,0.0007892608409747481,0.02518024481832981,0.0006193137378431857,0.21300813008130082,0.14308943089430895,0.0,0.5225435236161546,0.10640853818506002,-0.07419420778751373,0.8991869918699187,0.0029064180341359398,0.034909989559888215,7.802229755934226e-09,0.001801370248279949,1.0,0.06829268292682927,1.0,0.1951219512195122,0.0,1.0
220,1937516710,16.619095456995908,-92.42221626469139,1.7808262344337469,1000,False,False,False,26.628400669346494,0.18164002764939635,15.546485629371487,0.1722869301256764,0.49886179202825803,0.20718453197291864,0.13170123983577878,0.02631925920784748,0.00042552949162200093,0.20508451759815216,0.02942398563027382,0.15,0.0,0.5655451267957687,0.5470261235621292,0.546196399629116,0.13109025359153748,0.981,0.025924107307253256,0.024053941899375125,0.002953099750045353,0.0017808262344337486,0.0,0.0,0.0,0.321,1.0,0.0
221,1972458574,217.59999229032547,160.15342419892917,0.9317313618279273,543,True,False,False,50.221731162302575,0.15862521088093745,40.29900045388069,0.011454401619810383,0.4827470725916588,0.012534593222775918,0.13752502523236892,0.0,7.629394644936838e-07,0.012518882751464844,-0.0006273770122788846,0.27255985267034993,0.15653775322283608,0.0,0.55831946931011,0.2727880647778511,-0.07393790781497955,0.9484346224677717,0.0009296945985276081,0.013206264703118305,2.6007432520503554e-09,0.0017158956939740833,1.0,0.053406998158379376,1.0,0.11786372007366483,0.0,1.0
222,1627593572,217.7221502172295,166.7996949231883,0.8164491058808229,505,True,False,False,40.60917203092701,0.19205024774253568,29.019156571793,0.03789085922118083,0.4211197354551772,0.0379158448483658,0.1561943287494021,0.0,0.008514022454619408,0.037900637835264206,0.001073751482181251,0.4396039603960396,0.25742574257425743,0.0,0.5506459422713827,0.3161128430068493,-0.074263796210289,0.9445544554455445,0.003580820993027755,0.030763851605162023,2.600743252267196e-09,0.0016167309027343018,1.0,0.04950495049504951,1.0,0.21584158415841584,0.0,1.0
223,550002066,-105.67333755819126,-114.18351930563391,0.1526036349488529,44,False,False,True,-71.8210055921259,0.14791471321238028,-79.93151804857547,1.5755999917132246,1.602878629418994,1.6283853254160772,0.6980683900979116,0.6026201803476137,0.7101448178291321,1.0040032863616943,1.2820359468460083,0.0,0.0,0.5609567277133465,0.528882007305087,0.528882007305087,0.12191345542669296,0.9772727272727273,0.11514161368498074,0.12154373165632318,0.0001681016408382474,0.0034682644306557463,0.0,0.0,0.0,0.0,1.0,0.0
224,928135450,160.89593599403733,90.9734575921076,1.1248495680385953,684,True,False,False,18.51868523984513,0.16171407085202427,8.435049471387455,0.006672752743028727,0.3867967071213338,0.006693423884188461,0.10343169609052932,0.0,2.4700164431123994e-05,0.006691169925034046,-0.00017369032138958573,0.4853801169590643,0.2997076023391813,0.0,0.5524959760293915,0.2583103158324957,-0.07404650747776031,0.9546783625730995,0.0012208268370999537,0.009977073880512504,0.0,0.0016445169123371296,1.0,0.04239766081871345,1.0,0.358187134502924,0.0,1.0
225,1388859855,262.1290234338494,210.66124163286608,0.8409556360196622,471,True,False,False,75.62394858880715,0.23136823455504474,62.07312446394393,0.08619768228796815,0.5145213683120682,0.08728972657166305,0.1905930794180461,0.0,0.08292742073535919,0.08728637546300888,0.0007648682803846896,0.2929936305732484,0.12738853503184713,0.0,0.5764389721372198,0.30712370917201043,-0.07402978837490082,0.9469214437367304,0.003061795863706531,0.024495172683912235,7.802229756367907e-09,0.0017854684416553327,1.0,0.055201698513800426,1.0,0.07006369426751592,0.0,1.0
226,253571847,-100.85040212236345,-106.36227817077686,0.08983752096826825,51,False,False,True,-60.457415794647524,0.07749081746754716,-65.13404465509257,1.6368556706881947,1.7305165969822192,1.7425694149818622,0.4565500849067452,0.4104614787765181,0.7922477722167969,1.0008490085601807,1.4264814853668213,0.0,0.0,0.5221889913082123,0.2887507487891936,0.29452576376497747,0.04437798261642456,0.5490196078431373,0.07576437908288083,0.05980643804724658,0.0016022190893324184,0.001761520018985652,0.0,0.0,0.0,0.0,1.0,0.0
227,424193372,228.800222050771,156.4527559298716,1.1965493224179875,626,True,False,False,69.97165151890397,0.2274020233750575,56.60525427199192,0.02718119787964222,0.40054382871046423,0.027405131062032538,0.13997885407626065,0.0,0.012589836493134499,0.027404213324189186,0.00022427797375712544,0.42971246006389774,0.33226837060702874,0.0,0.5657308087074242,0.2800932052731514,-0.07412637770175934,0.9584664536741214,9.752917232277e-05,0.018769576956037374,7.802229756083304e-09,0.0019114206428402364,1.0,0.04313099041533546,1.0,0.23482428115015974,0.0,1.0
228,463024751,117.80931601654156,32.69477098439684,1.3354909006428966,917,True,False,False,7.473458850372542,0.12809435371212358,-0.931059995376872,0.11486154968395076,0.4639203788365181,0.120528720279365,0.10198882559776754,0.0,0.11326227337121964,0.12052860110998154,0.00016948938718996942,0.3925845147219193,0.0,0.0,0.5303195142473456,0.10655648529529571,-0.07362398505210876,0.9487459105779716,0.008167322743997374,0.0177088101086236,5.20148650366703e-09,0.0014563695754011947,1.0,0.04580152671755725,1.0,0.31842966194111233,0.0,0.0
229,1373742587,244.12527297535004,191.5206086771756,0.8408932859634841,528,True,False,False,50.265261423133886,0.19847908936909442,38.35122469523592,0.033071267294715934,0.4784571186893175,0.03309910053406134,0.17500536808911038,0.0,0.00040330886258743703,0.033077336847782135,0.001200101338326931,0.32386363636363635,0.19886363636363635,0.0,0.5295248270311718,0.29258801564574244,-0.0743512436747551,0.9071969696969697,0.00024991968253888417,0.03632711301395712,7.802229756096856e-09,0.0015926009203853864,1.0,0.05113636363636364,1.0,0.19696969696969696,0.0,1.0
230,802303837,212.13751946613198,147.19366582384043,1.054477072845829,611,True,False,False,66.27124491113253,0.19920457477661696,54.315322765942355,0.06667485034596539,0.36630091948263604,0.0694475024344318,0.1161899223322817,0.0,0.007768058683723211,0.0694270133972168,0.0016868328675627708,0.5040916530278232,0.36333878887070375,0.0,0.5527910397383469,0.23759510450065136,-0.0742710754275322,0.9509001636661211,0.005288410820680721,0.02136219998901315,2.6007432527008767e-09,0.0017258217231519316,1.0,0.05073649754500818,1.0,0.34206219312602293,0.0,1.0
231,1783498037,6.03043093433664,-119.89560552562409,2.118520729199216,1000,False,False,False,19.01333000825845,0.18499843618259007,7.763494541623815,0.24375366680187285,0.5372084151667056,0.25528744086227245,0.1128363816380525,0.013349589377440104,0.24374942481517792,0.25528067350387573,0.0018588161328807473,0.0,0.0,0.5350394621491432,0.5484207879784808,0.5282299665408209,0.07007892429828644,0.991,0.007945348007064944,0.020012780671773284,0.012981518266310638,0.0021185207291992154,0.0,0.0,0.0,0.4,1.0,0.0
232,1601410155,219.20149780213828,155.37838333203769,1.0524622894020126,560,True,False,False,62.115555709815304,0.23807150641677882,48.219170555857154,0.045330101191596785,0.41325049883081844,0.045353649240079744,0.13798047956536413,0.0,0.04531669616699219,0.04534025117754936,0.0011023259721696377,0.35714285714285715,0.1392857142857143,0.0,0.573363350917186,0.3090263070166111,-0.07430034130811691,0.9553571428571429,0.0008938279921585354,0.018128149753684916,5.201486504100711e-09,0.0018793969453607367,1.0,0.04642857142857143,1.0,0.12678571428571428,0.0,1.0
233,576219794,196.99162467293203,127.98724088024268,1.1368876758537891,608,True,False,False,27.30933368186044,0.16034657979460834,17.296443111257265,0.08584000836545218,0.4583375130734018,0.08586823340523039,0.15010723761124026,0.0,0.08583946526050568,0.08586768805980682,0.0003060316957999021,0.42598684210526316,0.17598684210526316,0.0,0.5036574767710638,0.24965182677609846,-0.07387689501047134,0.881578947368421,0.006244629668176749,0.018147179757564687,2.6007432527008767e-09,0.0018698810458121539,1.0,0.09210526315789473,1.0,0.23684210526315788,0.0,1.0
234,594444028,219.73304568392632,152.86770646642455,1.0809067843500353,641,True,False,False,31.794755138436624,0.14062446816761162,22.766717318980135,0.023221870369548116,0.6254101877214503,0.023484790640860807,0.17662090066336325,0.0,0.022847842425107956,0.023481369018554688,0.0004008746182080358,0.21840873634945399,0.1622464898595944,0.0,0.49261263932617033,0.25652753345668317,-0.07414758205413818,0.8829953198127926,0.002823215706202793,0.027393107726201685,7.802229756367907e-09,0.0016862820348674504,1.0,0.0436817472698908,1.0,0.07020280811232449,0.0,1.0
235,66531776,14.591279871403792,-133.78689095978842,2.5675634166238472,1000,False,False,False,7.820518631777245,0.13663698901310362,-1.011244476383101,0.4988006613359536,0.746615607660985,0.5435449062924813,0.10544327070378172,0.015026774520682613,0.49836379289627075,0.5425353050231934,0.03311356157064438,0.0,0.0,0.0,0.41567258872211094,0.23268932895734906,-0.016582226380705833,0.767,0.016523286498665902,0.026449413354372616,0.001933981601906061,0.002567563416623847,0.0,0.112,1.0,0.529,1.0,0.0
236,67451976,138.29117049457278,-310.40609421226884,8.57394529413683,1000,False,False,False,64.87864558859532,0.17676421289454858,54.040521286362726,0.16679883792361283,0.35166345909389307,0.16679883792361283,0.09002171519520197,0.007351297495144063,0.16667327284812927,0.16667327284812927,0.006470892578363419,0.356,0.0,0.0,0.2362114385206951,0.05060850922483951,-0.05911356210708618,0.402,0.019450494549265666,0.020845498314524286,0.011195818691104906,0.008573945294136827,1.0,0.374,1.0,0.668,1.0,0.0
237,1395986010,-29.060727429643137,-74.2336304922001,0.7014580612511392,505,False,True,False,16.716550713862908,0.172095543069552,6.124270488378052,0.3567608533951602,0.8834720560157849,0.3567608533951602,0.19749682224743784,0.1691719701797031,0.29053211212158203,0.35114678740501404,0.0630415752530098,0.0,0.0,0.5067855655215681,0.5187610983745412,0.3035754750372143,0.01357113104313612,0.9366336633663367,0.002198081390023897,0.031239470338619332,0.0002018583129708802,0.001389025863863642,0.0,0.0,0.0,0.0,1.0,0.0
238,1372420504,18.319429826387413,-96.31072090697339,1.8926030146672088,1000,False,False,False,22.671820935469245,0.2035363588233026,10.495089336798982,0.32818347325631414,0.6825982770110718,0.33077536829740994,0.15366347294540836,0.013564633789928273,0.07750940322875977,0.3301023542881012,-0.021089807152748108,0.0,0.0,0.5472994111478329,0.5489858422291,0.5235381304379553,0.09459882229566574,0.986,0.023908718540443758,0.03230240870610651,0.004258548026888572,0.0018926030146672118,0.0,0.0,0.0,0.314,1.0,0.0
239,651841002,213.03825967703017,184.426243997327,0.4294403135940642,357,True,False,False,49.42258826648925,0.1593798885854374,39.50890266663987,0.5808448934535257,0.9414840593696839,0.5809472520698166,0.18241163689667667,0.0,0.5544179081916809,0.554434597492218,0.1734992414712906,0.0,0.0,0.0,0.5094511976063836,0.0463107356056571,-0.09264291077852249,0.8711484593837535,0.034543641436241376,0.02260166781993712,0.0,0.0012029140436808513,1.0,0.13165266106442577,1.0,0.1092436974789916,0.0,0.0
240,1636612707,170.97752122236426,109.36911204954315,0.9761681834564209,640,True,False,False,13.378960311337218,0.19233643797501998,1.7653561791761945,0.6261249074403138,0.9579207268460603,0.6596296057193154,0.21153543798641755,0.0,0.32884931564331055,0.634921669960022,-0.17884543538093567,0.0,0.0,0.0,0.4979882374740555,0.102333689564839,-0.055578477680683136,0.8671875,0.027992337975457506,0.03996407580442326,1.040297300733406e-08,0.0015252627866506586,1.0,0.096875,1.0,0.24375,0.0,0.0
241,452221964,172.17031575692798,93.75235478133118,1.2615592195119412,767,True,False,False,31.431158500662857,0.16299158612399015,21.28247708677321,0.015445131929853194,0.4026827036585566,0.01646227804518868,0.09674543773846812,0.0,3.8433074223576114e-05,0.01642751693725586,0.0010692453943192959,0.45632333767926986,0.23468057366362452,0.0,0.5359816726726981,0.2638471132516861,-0.07431647926568985,0.9387222946544981,0.0024124513911409364,0.014945466195567811,2.600743251833515e-09,0.0016447968963649794,1.0,0.03650586701434159,1.0,0.363754889178618,0.0,1.0
242,1821731862,77.70147759634999,-87.88012102818666,2.9116319724907345,1000,False,False,False,58.515328580380135,0.16052908772016344,48.488960536866834,0.1912715021598825,0.38706868327050126,0.19367792312459564,0.0883939125190079,0.005974246110902627,0.19127121567726135,0.193677619099617,-0.00034317016252316535,0.151,0.0,0.5441833212971687,0.42278913951851427,0.13983362399041652,0.08836664259433746,0.744,0.005125986277268753,0.008334644350992964,0.00513991390756919,0.0029116319724907342,1.0,0.255,1.0,0.574,1.0,0.0
243,123984911,305.6820737820643,273.43590332079964,0.5225234092252902,306,True,False,False,86.07293959486572,0.19208405735994535,74.56107878342239,0.061667996968309796,0.47646556431516207,0.0748828472792237,0.35163094128662326,0.0,0.0006352424388751388,0.07488279044628143,-9.225845133187249e-05,0.45751633986928103,0.3627450980392157,0.0,0.5354410350390062,0.2293938369269017,-0.07389071583747864,0.8823529411764706,0.0023770543002020815,0.06466530858522895,0.0,0.0017075928406055246,1.0,0.09803921568627451,1.0,0.13071895424836602,0.0,1.0
244,1686778320,37.83646291118352,-168.40789689187446,3.7248871960611587,1000,False,False,False,16.15201109577352,0.13588698258360946,7.357748309087863,0.11951404202651265,0.37318193590017595,0.1363560028007593,0.07570700395706552,0.00021160639216067184,2.3937225705594756e-05,0.1362770050764084,0.00464083906263113,0.546,0.0,0.0,0.4075570807979675,0.0,-0.07459323108196259,0.719,0.008856486546308995,0.015040467759324942,0.0002031199985410223,0.0037248871960611574,1.0,0.201,1.0,0.497,1.0,0.0
245,880264374,-20.008038782558287,-147.24652002971558,2.1447696249431467,1000,False,False,False,15.385262450842927,0.19517852658423054,3.6264224641262444,0.6699767581361222,0.8986552961682692,0.7232075273021285,0.15324979099037736,0.06067558710643328,0.28382205963134766,0.6670259237289429,-0.2794736921787262,0.0,0.0,0.5145344482734799,0.5507656519395823,0.5283789040520788,0.029068896546959877,0.979,0.022433306490593843,0.03958522008932203,0.00011850546702201967,0.002144769624943147,0.0,0.0,0.0,0.316,1.0,0.0
246,1171302208,17.876355658867286,-79.44772432019722,1.5464815995812897,1000,False,False,False,20.06689860428856,0.20013316290020475,8.060326801773092,0.03438322271257978,0.5270685802499882,0.06124738862868192,0.1474807577318708,0.05953870361894073,0.00029659271240234375,0.0265947338193655,0.05517211928963661,0.314,0.174,0.57218436896801,0.5696436547872145,0.5578875311464071,0.1443687379360199,1.0,0.029933995671071936,0.025757671852806297,2.7143957321444645e-05,0.0015464815995812919,0.0,0.0,0.0,0.108,1.0,0.0
247,645818112,221.237607410585,158.48978109380886,0.9949565263355227,650,True,False,False,52.27812836964337,0.19750133088436925,40.40597191585037,0.06744915192929785,0.3668034129866332,0.06747689925205959,0.17832971196553404,0.0,0.0009720802190713584,0.06746015697717667,0.0015030479989945889,0.3553846153846154,0.12461538461538461,0.0,0.5446278526689499,0.21038863241672515,-0.07431823760271072,0.9353846153846154,0.0020734844946662598,0.0393150329865317,5.201486504100711e-09,0.0015307023482084975,1.0,0.05076923076923077,1.0,0.2153846153846154,0.0,1.0
248,1992289477,184.7932627985137,104.84232053686402,1.2882188452329952,777,True,False,False,29.58255143798489,0.12293794286041278,21.436466332674616,0.10825334070669074,0.5876602507876979,0.1082799471241493,0.13222247830306133,0.0,0.1082530990242958,0.10827970504760742,0.00022896290465723723,0.28957528957528955,0.0,0.0,0.5434858013162308,0.2393215636909008,-0.07374460995197296,0.9395109395109396,0.004105405211050194,0.014527071096650563,5.201486504534392e-09,0.001657939311754176,1.0,0.03732303732303732,1.0,0.2471042471042471,0.0,0.0
249,313246075,228.09221351284071,173.27027546006167,0.8848387610555819,529,True,False,False,42.1200920962605,0.2011282600342185,30.07349765770075,0.07341733388758268,0.5346936280272063,0.0734456522753959,0.15909696441376914,0.0,0.0011005401611328125,0.07343415915966034,0.0012992715928703547,0.31379962192816635,0.17013232514177692,0.0,0.5315046912769563,0.2949972526729107,-0.07423974573612213,0.9092627599243857,0.002373798332196993,0.027546467835589856,1.0402973008201422e-08,0.0016726630643772802,1.0,0.04914933837429111,1.0,0.14177693761814744,0.0,1.0
250,1889010639,215.77893957990443,147.68394523812333,1.1130998868356246,622,True,False,False,68.6735658785443,0.18966827684177995,57.19400789448749,0.03442694049253053,0.38489730864049904,0.03592846392834251,0.12615753057370085,0.0,0.00018930435180664062,0.03591785579919815,0.0008730149129405618,0.45016077170418006,0.2170418006430868,0.0,0.5644463657237173,0.2671628156304359,-0.07422401010990143,0.9517684887459807,0.0034806608438126495,0.014361021269914889,1.0402973008201422e-08,0.001789549657292002,1.0,0.04823151125401929,1.0,0.20096463022508038,0.0,1.0
251,2024720233,103.29342777249403,-21.497250200815802,2.0958135594661966,1000,False,False,False,26.564645685316936,0.19131854787513525,14.998804634054997,0.40826055898094216,0.6514062408681548,0.4082625529163724,0.12520300721325567,3.325121563172649e-08,0.014363288879394531,0.40768593549728394,0.02169078402221203,0.0,0.0,0.0,0.3060445743561722,0.0,-0.07422052323818207,0.536,0.02391950902419643,0.03314756303867969,0.0,0.0020958135594661975,1.0,0.445,1.0,0.511,1.0,0.0
252,1804064796,184.9943342272192,127.48751210867658,0.9289364423708526,553,True,False,False,16.934259851780705,0.1808045912403206,5.901744520206622,0.00300701796890706,0.4737995823090791,0.00303460287343954,0.12659912717339084,0.0,0.0002639770391397178,0.0029736519791185856,0.0006051516393199563,0.31645569620253167,0.14466546112115733,0.0,0.5482793443147463,0.290935517847538,-0.07422575354576111,0.9349005424954792,0.0017054642076837908,0.018532227613041883,5.201486504100711e-09,0.0016798127348478357,1.0,0.05063291139240506,1.0,0.16998191681735986,0.0,1.0
253,1786187759,-74.27088899239898,-88.68353433902031,0.23105290693242692,143,False,False,True,-10.45075311366303,0.1821189264311283,-21.081514325642864,1.4018394233013363,1.4778932310972002,1.4018394233013363,0.317276327179349,0.16008980459906222,0.6043411493301392,1.000164270401001,0.9822551608085632,0.0,0.0,0.5963677987456322,0.5761277877784275,0.5861846265196801,0.19273559749126434,1.0,0.07581819366225184,0.09976621410729683,0.0005752844073491498,0.001615754593933055,0.0,0.0,0.0,0.0,1.0,0.0
254,989960034,32.53089359812719,-62.899032691952485,1.6581985258015954,626,False,True,False,56.18513400902529,0.20581328160353327,43.89817385068945,0.12377629659370094,0.4378381316612471,0.17896170556183902,0.1868520790438424,0.08125378072513582,0.0009495735284872353,0.1739887297153473,-0.04189527407288551,0.3354632587859425,0.0,0.0,0.48498457214169644,0.06069687805138528,-0.045806098729372025,0.84185303514377,0.01447519078471887,0.040015667325043115,0.008565877544769666,0.0026488794341878517,0.0,0.05910543130990415,1.0,0.21884984025559107,1.0,0.0
255,1905578091,160.04315934507173,79.37096519682669,1.3042438829648992,773,True,False,False,26.42783394620332,0.14022181455683405,17.417588566147632,0.03923137183416207,0.4103150011135,0.04211116073346451,0.10755830565665778,0.0,0.0001789093075785786,0.042086027562618256,0.0014546966413035989,0.47736093143596375,0.2846054333764554,0.0,0.5489183146528235,0.29061716079711913,-0.07433681190013885,0.9534282018111255,0.0037945156136315323,0.01099313635385713,7.802229755934226e-09,0.0016872495251809845,1.0,0.03234152652005175,1.0,0.34928848641655885,0.0,1.0
256,1958129221,-97.4888977969531,-105.9603928933594,0.14022990192812618,73,False,False,True,-50.40019441348555,0.11977487423198627,-57.42865521194203,1.542882629445922,1.6658499848967545,1.6907980417166202,0.6242452280649056,0.47131638210045607,0.5733838081359863,1.0046136379241943,1.3599814176559448,0.0,0.0,0.5243870336562395,0.37378826724008135,0.5357105826213956,0.04877406731247902,0.6986301369863014,0.0890179175383369,0.09359262260292828,1.5666877350231645e-05,0.001920957560659262,0.0,0.0,0.0,0.0,1.0,0.0
257,1850992617,163.28960694805713,80.55613794620508,1.302669380037042,880,True,False,False,9.482856808711677,0.14631784386917526,0.16725301922766256,0.07563768990607168,0.6334167645854895,0.07566515625303913,0.13676327961463125,0.0,0.05888424068689346,0.07566127926111221,-0.0007659578113816679,0.31363636363636366,0.20909090909090908,0.0,0.5371173913003242,0.2661882374063134,-0.07372123003005981,0.9556818181818182,0.0023825337411412036,0.02224207409552514,0.0,0.0014803061136784569,1.0,0.03295454545454545,1.0,0.19772727272727272,0.0,1.0
258,1474258078,189.29315384700902,110.51585138747319,1.2631460491907167,781,True,False,False,59.18891643368883,0.22958651045529715,45.71037095110864,0.12105394914998785,0.39641740838827616,0.1210578607504629,0.11092977817714773,0.0,0.12103681266307831,0.1210407242178917,0.002036843216046691,0.3892445582586428,0.0,0.0,0.5344253288970714,0.0,-0.07408459484577179,0.9180537772087067,0.00485020801412413,0.017437610369152846,2.600743251833515e-09,0.0016173444932019426,1.0,0.08322663252240717,1.0,0.352112676056338,0.0,0.0
259,292536559,216.53481453288998,163.46733181344587,0.8401496543888795,553,True,False,False,34.16958576240991,0.167984563748581,23.778071805422805,0.2271059674777268,0.7145597677847456,0.22713077386402789,0.17893497415635481,0.0,0.22706851363182068,0.22709330916404724,0.004125211387872696,0.0,0.0,0.0,0.4604838356696415,0.04058446108363569,-0.07343878597021103,0.8028933092224232,0.01401611928921508,0.0227198328146672,0.0,0.0015192579645368516,1.0,0.13743218806509946,1.0,0.06148282097649186,0.0,0.0
260,1081232581,199.750107888691,131.7197009772712,1.0962081382283988,661,True,False,False,49.05240802839947,0.17044125299770696,38.53295089379537,0.022034879052770625,0.41051123564309505,0.02206757468345419,0.12118545541961948,0.0,0.02199268341064453,0.022025395184755325,0.001363751944154501,0.4205748865355522,0.2934947049924357,0.0,0.5591204950104097,0.28739733129739764,-0.07440488785505295,0.9606656580937972,0.0003304750430723571,0.012699419886863591,0.0,0.0016584086811322215,1.0,0.04084720121028744,1.0,0.24659606656580937,0.0,1.0
261,1564819839,-21.242462402462877,-56.45944524918572,0.5643396569344571,350,False,True,False,13.988210106902672,0.18697975271968006,2.698562547820641,0.5954109482342436,1.0216544415120643,0.5954109482342436,0.23529095586239207,0.15353614073220104,0.3019932806491852,0.5614118576049805,0.19832025468349457,0.0,0.0,0.0,0.5336895193928753,0.3299336057138862,-0.09115706384181976,0.9257142857142857,0.003265370667223751,0.049972388803693785,0.013264474905923772,0.0016123990198127348,0.0,0.008571428571428572,1.0,0.0,1.0,0.0
262,286497476,198.82598957378633,120.2720642286632,1.2786785069024655,731,True,False,False,60.85845903780066,0.24239310938353847,46.740092878313064,0.001812805714916302,0.34547142078496673,0.0018314116808971679,0.1217540549219176,0.0,0.0012206077808514237,0.0012480735313147306,0.0013402914628386497,0.46511627906976744,0.3447332421340629,0.0,0.5649518951744659,0.2780149848759174,-0.07440165430307388,0.9630642954856361,0.0014455303226163499,0.02218058896958467,2.6007432520503554e-09,0.0017492182036969442,1.0,0.036935704514363885,1.0,0.17920656634746923,0.0,1.0
263,1605952649,-19.33196998887128,-63.50700178751727,0.6971006359729179,466,False,True,False,34.184577327437296,0.14636376086607894,24.88488327667387,0.32650910075304274,0.6994887385769136,0.3265182043161393,0.15255430084934524,0.01616132530799586,0.32222309708595276,0.3224427103996277,0.051427971571683884,0.0,0.0,0.5184973012655973,0.5282178075931097,0.4072171257762238,0.03699460253119469,0.9377682403433476,0.0626333512390549,0.020577931187597653,0.002332476585583561,0.0014959241115298665,0.0,0.0,0.0,0.22532188841201717,1.0,0.0
264,200068483,244.3048181617634,170.5127615708194,1.2138411318188767,655,True,False,False,85.5309555652735,0.25337300648718963,70.86507270795289,0.025966198124939915,0.3548733501247538,0.05976188941184537,0.1546433024129062,0.0,0.00011167526099598035,0.05974416807293892,0.0014552688226103783,0.5129770992366413,0.4198473282442748,0.0,0.5716933766877605,0.3078084450215101,-0.07426591962575912,0.9633587786259542,0.004763512888003506,0.02950318097116719,2.6007432527008767e-09,0.0018531925676624065,1.0,0.03816793893129771,1.0,0.2534351145038168,0.0,1.0
265,585620245,230.81631318219004,178.63268286508418,0.8552726063421162,471,True,False,False,53.46344970950264,0.22273226788747685,40.34442391801778,0.002795036438326288,0.4315063962223114,0.002807442563084809,0.14851356405233035,0.0,1.411438006471144e-05,0.002509975340217352,0.0012576794251799583,0.386411889596603,0.2802547770700637,0.0,0.5672489430067266,0.30560868948698044,-0.07438290864229202,0.9490445859872612,0.001381287900629865,0.02161561145181301,5.201486504100711e-09,0.001815865406246533,1.0,0.05307855626326964,1.0,0.18046709129511676,0.0,1.0
266,1469933337,229.55881100110705,168.67706884825725,0.9860348430570014,579,True,False,False,55.34639124741247,0.21885744115164998,42.409459480106996,0.042743238047362755,0.46141533753453723,0.04276455298687864,0.15637471201096975,0.0,5.91278076171875e-05,0.042752932757139206,0.0009968614904209971,0.35751295336787564,0.23316062176165803,0.0,0.5631364823249853,0.3034002086520195,-0.07423009723424911,0.9568221070811744,0.003849103914120027,0.027585086040781043,2.600743251833515e-09,0.0017029962747098456,1.0,0.044905008635578586,1.0,0.14162348877374784,0.0,1.0
267,116008735,208.4934389633126,158.93609760041542,0.8019468272579449,473,True,False,False,38.08724258947103,0.18954481368794293,26.62723951466537,0.10951571480200181,0.5227271947678204,0.10954356319685901,0.1532538638866444,0.0,0.1095065101981163,0.1095343604683876,0.001419899519532919,0.27906976744186046,0.0,0.0,0.5457411810113846,0.17211505392566323,-0.07396872341632843,0.9260042283298098,0.007518764996265518,0.01491886970576843,7.802229756367907e-09,0.0016954478377546407,1.0,0.07610993657505286,1.0,0.07188160676532769,0.0,0.0
268,581611928,200.5703803114141,107.65591328983346,1.4966893404316137,904,True,False,False,32.240165243038284,0.21747098807294868,19.366842432089587,0.07400329730919596,0.5065757588981293,0.0740254960764845,0.16755545820168966,0.0,0.00019483566575217992,0.07401371002197266,0.0013209080789238214,0.2942477876106195,0.20353982300884957,0.0,0.48597573845287534,0.2940218137949705,-0.07416587322950363,0.8716814159292036,0.00555473570719712,0.03181766776133209,2.600743251833515e-09,0.0016556298013624057,1.0,0.07079646017699115,1.0,0.18030973451327434,0.0,1.0
269,744067628,232.8086975526065,160.8628316126627,1.1617173187988767,693,True,False,False,68.60590489344263,0.2021361723946176,56.50098522105569,0.03880799832550526,0.4371111264696346,0.03883564347730896,0.1458039266417267,0.0,0.0387968048453331,0.03882446140050888,0.0009318804950453341,0.3924963924963925,0.25396825396825395,0.0,0.5561538618998696,0.2534164722263813,-0.07427530735731125,0.9595959595959596,0.0005414755984416309,0.019749543907488412,1.0402973008093001e-08,0.001676359767386545,1.0,0.04184704184704185,1.0,0.2943722943722944,0.0,1.0
270,1345901386,6.238054522860223,-98.21088648466137,1.6889788201504348,1000,False,False,False,28.268165034595338,0.16651321323818058,17.942590715181087,0.0664521596382745,0.4007085497969723,0.08289506970574838,0.09688875146995414,0.040401493538017426,0.00016498565673828125,0.07943954318761826,0.023684415966272354,0.519,0.375,0.5966867581009865,0.5553448827763786,0.5630765999853611,0.19337351620197296,0.981,0.02223614414465741,0.017426781483238236,0.0016084465690494043,0.0016889788201504357,0.0,0.0,0.0,0.446,1.0,0.0
271,223603263,190.5206704142272,101.18916807984859,1.456230046687568,826,True,False,False,69.27514373871679,0.21421192832966263,56.56504357247761,0.04084405800324084,0.3335029038888987,0.06221737154483322,0.1155406934683845,0.0,9.765625145519152e-05,0.06220541149377823,0.0012198782060295343,0.5290556900726392,0.32324455205811137,0.0,0.5627255655267585,0.2607459782063961,-0.07420184463262558,0.9673123486682809,0.004907693867688292,0.01807731398294284,0.0,0.0017629903712924541,1.0,0.03389830508474576,1.0,0.3414043583535109,0.0,1.0
272,1169030516,164.1288039470093,86.98600392870875,1.2316560003660078,778,True,False,False,16.07618292113999,0.17520630175318608,5.316671750813882,0.048382858993485676,0.5299582951705,0.04884601303486622,0.13080634382863526,0.0,0.04718894883990288,0.04883632808923721,0.0009726500720717013,0.2853470437017995,0.15552699228791775,0.0,0.5568464751209307,0.2744609458744526,-0.07425886392593384,0.9652956298200515,0.0010715536021276913,0.014949921395548833,5.20148650388387e-09,0.0015831053989280306,1.0,0.03598971722365039,1.0,0.11825192802056556,0.0,1.0
273,1599238136,175.0005797613412,101.60818245438172,1.178247946139191,724,True,False,False,14.885145787769654,0.18030961425176026,3.8710483576867514,0.04343552080360152,0.5535572733760473,0.0434634431050483,0.14569950214165767,0.0,0.04340849071741104,0.043436430394649506,0.0015321230748668313,0.3328729281767956,0.18370165745856354,0.0,0.5639623676925816,0.26082959190011024,-0.07440926879644394,0.962707182320442,0.000814360168988851,0.020749894793817492,5.201486504100711e-09,0.0016274142902474998,1.0,0.03867403314917127,1.0,0.11602209944751381,0.0,1.0
274,1609733005,177.42011939142833,117.94648052070809,0.9474727774144055,605,True,False,False,7.984676095388792,0.16103247698587583,-2.0623734740930955,0.11563317290301867,0.5909831880699538,0.11564051180975923,0.1383654309947145,0.0,0.11563129723072052,0.11563863605260849,0.0006586528033949435,0.2628099173553719,0.0,0.0,0.5192804777340517,0.0,-0.07378889620304108,0.8793388429752066,0.004501383325445538,0.023468722871192022,1.3003716260034937e-08,0.0015660707064700902,1.0,0.10743801652892562,1.0,0.14049586776859505,0.0,0.0
275,60405287,-143.70647918451724,-232.504601824632,1.4311624528022984,862,False,False,True,20.41527072477839,0.2012134330591323,8.354944667051093,0.5905138753855039,0.8874176731777853,1.0213740858816522,0.15984369622779812,0.16738445906117314,0.43176403641700745,1.0002025365829468,-0.20688138902187347,0.0,0.0,0.5060908473096788,0.5161315770908074,0.29182686990767254,0.012181694619357586,0.9361948955916474,0.04330384456624532,0.04716915731380181,1.285027240828518e-05,0.0016602812677520853,0.0,0.0,0.0,0.09860788863109049,1.0,0.0
276,1774614431,190.52313923165204,127.4756682878035,1.00974941887697,628,True,False,False,28.710749280700973,0.11691702372745183,20.868528308124468,0.09785216526385518,0.5492295056848109,0.09785331259370378,0.1308919731443063,0.0,0.09051380306482315,0.09785318374633789,0.0001587963051861152,0.3200636942675159,0.06369426751592357,0.0,0.5390562867259334,0.21209288988262415,-0.07380805164575577,0.9219745222929936,0.003571066580368108,0.011499024065874837,5.201486504100711e-09,0.0016078812402499526,1.0,0.052547770700636945,1.0,0.14012738853503184,0.0,1.0
277,1043720662,207.46462355805556,132.1116765318734,1.2370589405236438,675,True,False,False,45.00212906063475,0.22120440371328812,31.944172405461114,0.08621570679061637,0.5997250438143813,0.08635248723011897,0.16217360007929643,0.0,0.08620824664831161,0.08634509891271591,0.0011295771691948175,0.19111111111111112,0.07703703703703704,0.0,0.561316995917371,0.2300706922262907,-0.07412568479776382,0.9540740740740741,0.0030325865911500697,0.03142919586976886,2.600743252267196e-09,0.0018326799118868805,1.0,0.047407407407407405,1.0,0.05185185185185185,0.0,1.0
278,1602030473,250.53493639659115,187.8497904152615,0.9993029196265978,636,True,False,False,59.903982390568245,0.18983503293937676,48.415580504119454,0.01585348302958997,0.37365002757988836,0.018156516210650005,0.18000466587796826,0.0,0.0005230903625488281,0.018105125054717064,0.0013651108602061868,0.5062893081761006,0.30660377358490565,0.0,0.5287910983897746,0.24894327849149703,-0.07440810650587082,0.9182389937106918,0.0005398007197873233,0.03664290252216228,7.802229756151066e-09,0.0015712310057021998,1.0,0.04559748427672956,1.0,0.36163522012578614,0.0,1.0
279,1774598066,-0.7679498753975782,-113.38197446926596,1.8522804918773648,1000,False,False,False,28.43341806052549,0.15419266430951764,18.723871187544386,0.2971513064444224,0.5542388118415789,0.3058257880032202,0.12370741664550744,0.03389365816004541,0.17409905791282654,0.30578726530075073,-0.0048539661802351475,0.0,0.0,0.5581141673028469,0.5513344377153553,0.5460619950294494,0.11622833460569382,0.976,0.04001203181728527,0.027843334979094143,0.0013855225608299868,0.001852280491877366,0.0,0.0,0.0,0.374,1.0,0.0
280,1536042010,195.60461544613352,132.36527026318424,1.0303869036589854,586,True,False,False,40.46018249658969,0.20662146077162094,28.134646196732422,0.06557462098408177,0.41601846312203183,0.06560044866385623,0.12095497512621688,0.0,0.06557083129882812,0.06559667736291885,-0.0007034087320789695,0.41638225255972694,0.16552901023890784,0.0,0.5529908393644776,0.27224886897951367,-0.07375622540712357,0.9522184300341296,0.005165022783295919,0.01687159395745698,5.20148650366703e-09,0.0017583394260392233,1.0,0.04778156996587031,1.0,0.33447098976109213,0.0,1.0
281,1296415508,196.5582300891167,131.84616966954744,1.0286412083913883,664,True,False,False,29.002453221833374,0.13237459955028347,20.386251373191236,0.11404293990666406,0.616509168554814,0.11405918655896062,0.13833021032429604,0.0,0.11404065787792206,0.11405687034130096,0.0007268881890922785,0.2635542168674699,0.0,0.0,0.5303247450158023,0.12208253636956215,-0.07381988316774368,0.9126506024096386,0.004425194226784398,0.011592940024663234,2.600743251833515e-09,0.0015491584463725738,1.0,0.061746987951807226,1.0,0.1566265060240964,0.0,0.0
282,1951647352,143.24579983763397,43.14226703745387,1.6172706560036003,962,True,False,False,31.814017503946634,0.17998861461576948,20.81471327218913,0.02785940182503862,0.4075666255344652,0.03217500228990111,0.09835820327268453,0.0,0.02609281614422798,0.03214378282427788,0.0014170384965837002,0.45322245322245325,0.3399168399168399,0.0,0.5530599387567838,0.2589125186949968,-0.07440493255853653,0.9719334719334719,0.00021069789387331877,0.01508080655548643,2.6007432520232503e-09,0.0016811545280702711,1.0,0.029106029106029108,1.0,0.31496881496881496,0.0,1.0
283,460733693,189.30911134056518,113.56776312211687,1.2256269643689666,723,True,False,False,31.979472960691787,0.1472008510086277,22.620827665316074,0.027766834129677367,0.44708834347196114,0.027794014039782915,0.12937465092758835,0.0,0.027766799554228783,0.02779397927224636,4.396200165501796e-05,0.43015214384508993,0.2572614107883817,0.0,0.5465117035815904,0.23458665147423743,-0.07408265024423599,0.9474412171507607,8.532648498424286e-05,0.013758660359952823,0.0,0.0016951963545905478,1.0,0.04426002766251729,1.0,0.2793914246196404,0.0,1.0
284,1887839194,216.0428907711058,139.7273784773852,1.2311102458744134,738,True,False,False,53.68105694645773,0.18899592107591573,42.23246261354622,0.02004865290575472,0.3004864669099762,0.05671789990042568,0.16638172662823023,0.0,4.9304962885798886e-05,0.05670003965497017,0.0014232611283659935,0.6544715447154471,0.48644986449864497,0.0,0.5386724371543825,0.20823663242161275,-0.07427219301462173,0.926829268292683,0.004597305888624366,0.03719382127086097,5.20148650366703e-09,0.001668171064870477,1.0,0.044715447154471545,1.0,0.3252032520325203,0.0,1.0
285,904342164,153.55581106860197,66.19850148882354,1.406346191595567,852,True,False,False,24.33842187275275,0.17586003132045286,13.545802440829036,0.09191978408034807,0.4876469895002404,0.09194753468585312,0.11914957622368676,0.0,0.09191904217004776,0.0919467955827713,-0.00036866904702037573,0.3720657276995305,0.06338028169014084,0.0,0.5567050198543415,0.25027423948049543,-0.07371919602155685,0.965962441314554,0.0032409649674537905,0.018417130207917944,5.201486504100711e-09,0.0016506410699478487,1.0,0.03403755868544601,1.0,0.2546948356807512,0.0,1.0
286,221337892,195.09019020032142,124.82847083237115,1.1188343873590019,716,True,False,False,39.33725735159108,0.15149273770583252,29.764119561892727,0.08608927624787727,0.48670679707084685,0.08624867758512797,0.12213687758505135,0.0,0.08608274161815643,0.0862421989440918,0.001057121786288917,0.42178770949720673,0.07262569832402235,0.0,0.5203716835740683,0.1797156033106148,-0.07403828948736191,0.9175977653631285,0.006239430132230127,0.01264684018370086,9.882824357747982e-08,0.0015626178594399475,1.0,0.04748603351955307,1.0,0.31424581005586594,0.0,1.0
287,1293998076,105.2704044694983,-339.1414518733278,8.488237126856518,1000,False,False,False,50.89634123040856,0.24463722206152436,36.664566469827214,0.18074420300236407,0.3840901193961306,0.18074420300236407,0.08604629215098404,0.013459097005129898,0.18060198426246643,0.18060198426246643,0.007168695796281099,0.19,0.0,0.0,0.26849160627680246,0.12031005371187348,-0.08152097463607788,0.464,0.014247320162834087,0.024015264966044975,0.007441284303486839,0.008488237126856524,0.0,0.345,1.0,0.641,1.0,0.0
288,959788703,240.37207122449772,164.31261354928523,1.206789153504246,786,True,False,False,45.815378163778995,0.17163040224063994,35.23459986220092,0.028334783903332682,0.5039652231906946,0.046250175628023076,0.2072548474862542,0.0,0.0016358376014977694,0.04624118655920029,0.0009118175366893411,0.34987277353689566,0.3015267175572519,0.0,0.5054460572577663,0.31348728194832803,-0.0741984024643898,0.8842239185750637,0.004043297511634267,0.041919866839475094,0.0,0.0015353551571300823,1.0,0.04580152671755725,1.0,0.20865139949109415,0.0,1.0
289,62787811,14.358836823026651,-108.39181407566558,2.0550130179738426,1000,False,False,False,27.489941876479364,0.1602646261048191,17.4767969137333,0.12679074329232468,0.38077124350799296,0.12690709312929765,0.09054886743247928,0.004780139777305748,0.1267852783203125,0.12690696120262146,-0.00018298864597454667,0.439,0.0,0.0,0.5515731662733014,0.49544754592701795,-0.0958433523774147,0.981,0.005054491520177528,0.009584599562132964,0.0040914322302893005,0.002055013017973843,1.0,0.016,1.0,0.553,1.0,0.0
290,1911790372,249.7569905558354,196.12386632712935,0.8614624845741217,528,True,False,False,55.034047757228414,0.16980896815668928,44.55351708995062,0.0037763070258989696,0.4667723915057845,0.008559524080468641,0.19550210188276784,0.0,7.581710815429688e-05,0.00842981319874525,0.0014844870893284678,0.2897727272727273,0.22727272727272727,0.0,0.4625269491920831,0.11787903446238487,-0.07443851232528687,0.8049242424242424,0.001052828413259525,0.025805097753163756,7.802229756151066e-09,0.0016315577359358358,1.0,0.09848484848484848,1.0,0.08712121212121213,0.0,1.0
291,1452386286,-22.443348751906964,-156.89884031657581,2.28910983129338,1000,False,False,False,31.45151360383035,0.12741575980297257,23.080811956176504,0.29978648210016257,0.5059017750408431,0.3678266386640481,0.10372926897374873,0.03140144980810164,0.29952582716941833,0.3654766082763672,-0.041512466967105865,0.0,0.0,0.55445970967412,0.5578505352684006,0.539122869875282,0.1089194193482399,0.998,0.04089525983013434,0.017563967408102024,0.00248348874251271,0.0022891098312933793,0.0,0.0,0.0,0.51,1.0,0.0
292,861905043,208.90223585339257,148.18801790297533,0.9842843590083465,575,True,False,False,37.96788564302732,0.20788131784926112,25.580003713661373,0.1126678703825596,0.530188087842979,0.11270345595309561,0.15639905535552442,0.0,0.0017864226829260588,0.1127004623413086,0.0008214449626393616,0.3095652173913043,0.0,0.0,0.5537066868093351,0.30031049758195877,-0.07381831854581833,0.9547826086956521,0.007713239474050977,0.025381502966345972,2.600743251833515e-09,0.0017117988852319054,1.0,0.04521739130434783,1.0,0.1808695652173913,0.0,0.0
293,33557341,171.36218221369208,102.1071050727003,1.119901542819836,663,True,False,False,28.186059641935906,0.1976139123573192,16.30791768959719,0.0646271413022747,0.3975338404659603,0.06509101293023088,0.10576676921368083,0.0,0.06441030651330948,0.06507225334644318,0.001562628778629005,0.38009049773755654,0.2609351432880845,0.0,0.5455379928307689,0.2792323534190655,-0.0742650255560875,0.9502262443438914,0.005052842974048647,0.013662440490880863,2.600743251833515e-09,0.0016891425985216203,1.0,0.04072398190045249,1.0,0.37104072398190047,0.0,1.0
294,1968158754,184.59240739012608,83.8183952586307,1.6242802426299072,978,True,False,False,58.0245459929698,0.23252555295829047,44.398376053638145,0.004162899611291123,0.3591367713225798,0.008085706202936358,0.141165319908903,0.0,8.01086389401462e-06,0.007993030361831188,0.0012207007966935635,0.4539877300613497,0.2740286298568507,0.0,0.5561689083268752,0.2319108892790973,-0.07437604665756226,0.9693251533742331,0.0010881955956509814,0.029798548076603086,5.201486504100711e-09,0.0016608182439978615,1.0,0.02965235173824131,1.0,0.24233128834355827,0.0,1.0
295,1569880741,-12.119488626439033,-134.3779047048769,2.045168321568754,1000,False,False,False,35.67887606670242,0.15472611688437662,25.94265656497841,0.1338955142913968,0.34894548839813044,0.17214391455666547,0.08264263584810039,0.014253911511566972,0.13386134803295135,0.17153100669384003,0.014513478614389896,0.562,0.0,0.5485555939376354,0.5601748558869586,0.5339493659697473,0.09711118787527084,0.994,0.004053392296567023,0.011965191932127634,0.0006195012688414514,0.002045168321568754,0.0,0.006,1.0,0.481,1.0,0.0
296,2094708717,266.6782339033673,220.70059016886364,0.7303528746900678,473,True,False,False,57.22893308946868,0.18990788071815196,45.75077666315259,0.038503963702710683,0.47546296554167533,0.03853142492536,0.217907264087727,0.0,0.00028228759765625,0.038517095148563385,0.0010507559636607766,0.4397463002114165,0.27061310782241016,0.0,0.5269333689983533,0.2576636643707752,-0.07430469989776611,0.8858350951374208,0.000530968636340041,0.04062461049920478,5.2014865039922906e-09,0.0015440864158352394,1.0,0.0613107822410148,1.0,0.23890063424947147,0.0,1.0
297,626209299,215.95988128287723,163.08810308280036,0.837835564001536,549,True,False,False,36.95762203477615,0.15647496239395503,27.14190458599696,0.1125355511619181,0.5199035608137365,0.1139918712592887,0.1639565449399179,0.0,0.11253547668457031,0.11398744583129883,0.001004443154670298,0.40255009107468126,0.0,0.0,0.5197673693608038,0.2826309276372194,-0.0738484188914299,0.9016393442622951,0.007778979761604178,0.022271790791404285,7.282081105654259e-08,0.0015261121384363117,1.0,0.06375227686703097,1.0,0.25318761384335153,0.0,0.0
298,345113150,3.290714795247234,-117.9631580568219,2.0250774570413803,1000,False,False,False,37.35317744819357,0.19974887763484903,25.365819908945998,0.11986124922269814,0.3152134907596665,0.12821477252054794,0.09121319464970556,0.012558360548226982,0.11986122280359268,0.12821035087108612,0.0010648107854649425,0.625,0.0,0.57966598123312,0.5456695952188456,0.5390897182933986,0.15933196246623993,0.964,0.014651805958592636,0.013594956257190318,0.0005619816056150126,0.002025077457041381,0.0,0.029,1.0,0.515,1.0,0.0
299,286340482,198.9539500246334,109.9045843112286,1.4393873142680929,854,True,False,False,44.20355475682663,0.2099795695544181,31.704950808736164,0.043050328140661405,0.3768236520499457,0.043874684345912913,0.15753748672026693,0.0,0.002034473465755582,0.04386959224939346,-0.0006684327381663024,0.47540983606557374,0.2775175644028103,0.0,0.5385079685324715,0.2557547000423074,-0.07387653738260269,0.9426229508196722,0.0007299222441913097,0.03518897445029694,5.2014865039922906e-09,0.0016854652391898048,1.0,0.03278688524590164,1.0,0.28688524590163933,0.0,1.0
300,588060534,179.67994681483822,81.96772654232055,1.6702444054503558,710,True,False,False,21.119444929033197,0.1548624943375636,11.37791248746132,0.3392514659242007,0.7105227269617481,0.3393458591272612,0.14851607641459325,0.0,0.33918389678001404,0.33927851915359497,0.006760070100426674,0.0,0.0,0.0,0.485647049705452,0.21683193947188556,-0.07267683744430542,0.8605633802816901,0.02016795638871682,0.023118853125604587,2.6007432527008767e-09,0.0023524569090850106,1.0,0.11267605633802817,1.0,0.2774647887323944,0.0,0.0
301,1562456108,229.67485816790702,152.85965053615467,1.25550415263505,702,True,False,False,50.093424609595594,0.2267475155359784,36.75777441877497,0.01608677595739376,0.41755941929587764,0.01973657671384367,0.1678039180203183,0.0,0.002688503358513117,0.019678402692079544,0.0015142416814342141,0.4515669515669516,0.2792022792022792,0.0,0.536719810461063,0.2384819789789617,-0.07444264739751816,0.9245014245014245,0.0004488243232711107,0.033089956137790484,1.0402973008093001e-08,0.0017884674538960847,1.0,0.04131054131054131,1.0,0.21937321937321938,0.0,1.0
302,1581055371,42.221792648994466,-9.980445604180375,0.8372447650634995,517,False,True,False,55.730890781307906,0.20050890509993827,43.71652261422675,0.2180629545732616,0.5550667224862845,0.24225011551860987,0.24043349265354644,0.03444450130941122,0.0005725860828533769,0.23829087615013123,-0.04361853748559952,0.0,0.0,0.5060491226613522,0.5184896608123987,0.3747149161424022,0.012098245322704315,0.8955512572533849,0.015932053033323675,0.05132925901938251,0.002158793749726457,0.001619428945964215,0.0,0.0,0.0,0.22437137330754353,1.0,0.0
303,939185871,-26.834573837056794,-140.92809220812856,1.8818703674214379,1000,False,False,False,13.803063852110666,0.17803476901112592,2.9014117440491805,0.5832418694961795,0.8789389074126357,0.8311059141374565,0.17631520912514628,0.14710052076460817,0.1658451110124588,0.8202036023139954,-0.1341755986213684,0.0,0.0,0.5122698582708836,0.5144471807345253,0.48172757352353074,0.02453971654176712,0.94,0.046024573108208254,0.04331678227245176,8.256319527896044e-05,0.0018818703674214371,0.0,0.0,0.0,0.162,1.0,0.0
304,1235193594,-111.61749313967303,-120.47237465109117,0.16189763022836295,38,False,False,True,-80.71976663487696,0.1562006450104794,-89.16468969538015,1.6094910382053702,1.7256979045336502,1.7968005580669597,0.7371177945928205,0.6305822759775028,0.7390733361244202,1.0056750774383545,1.4889962673187256,0.0,0.0,0.5531002134084702,0.30786805146520857,0.30786805146520857,0.10620042681694031,0.5789473684210527,0.11996763608723261,0.12114635206174149,0.001449550258951715,0.004260463953377974,0.0,0.0,0.0,0.0,1.0,0.0
305,1550110083,203.96842915750014,146.85393450390964,0.8854898930718108,642,True,False,False,17.393057300685655,0.12840097969857991,8.976162048791469,0.005190869498557782,0.5819895235370149,0.00521821047278407,0.17137036646963894,0.0,0.005166530609130859,0.0051939962431788445,0.0005021190736442804,0.27102803738317754,0.2118380062305296,0.0,0.4656292390860256,0.20141138767590747,-0.0741996169090271,0.8286604361370716,0.0018296334433229222,0.02341640182269061,2.600743251833515e-09,0.0013792677462177748,1.0,0.09657320872274143,1.0,0.10903426791277258,0.0,1.0
306,767100266,161.97351422677747,83.10065688115677,1.2646571469124144,782,True,False,False,36.684198291449725,0.20043411988937518,24.663264536763744,0.0032690648049061356,0.3245019292530881,0.003325497874597179,0.09372631173555399,0.0,3.471374657237902e-05,0.003307247068732977,-0.0003479266306385398,0.5281329923273658,0.4040920716112532,0.0,0.5566857369096183,0.29599206799641253,-0.07400498539209366,0.9641943734015346,0.0014100334281551986,0.010811052569956634,2.6007432520503554e-09,0.001617208627765237,1.0,0.03580562659846547,1.0,0.45268542199488493,0.0,1.0
307,1775315640,102.12801848570825,-9.02744082895019,1.8299091862931693,983,True,False,False,13.925689873041307,0.1702308079188784,3.414251906888027,0.11349057689919856,0.3609840583507948,0.11350936825619715,0.08529315979974342,0.0,5.664825584972277e-05,0.11350870132446289,0.0003891086671501398,0.5574771108850458,0.0,0.0,0.544579677925647,0.246807449683547,-0.07372024655342102,0.953204476093591,0.007771397294652883,0.01748184214504042,5.20148650366703e-09,0.001861555632037811,1.0,0.03560528992878942,1.0,0.47914547304170907,0.0,0.0
308,253685681,182.4316672270185,104.384435147017,1.2633446416000313,744,True,False,False,38.02973866651236,0.20718537113781132,25.671601505979417,0.08279065521652781,0.4054526613696733,0.08316622351339777,0.14242855763704534,0.0,0.000704860663972795,0.08316316455602646,0.0007132983300834894,0.39919354838709675,0.1478494623655914,0.0,0.5609643976567112,0.2964647002145648,-0.07404225319623947,0.9663978494623656,0.002846711796020356,0.028654506189734197,5.201486504100711e-09,0.001698043873118321,1.0,0.03494623655913978,1.0,0.2620967741935484,0.0,1.0
309,1633039757,177.8606640799786,95.89267708415821,1.315759739916409,809,True,False,False,36.69574116502112,0.14006430250657623,27.693114751064243,0.07753093986298523,0.4832211913903401,0.07753856717646754,0.11395630369900422,0.0,0.0010677337413653731,0.0775371566414833,-0.0004676961980294436,0.41285537700865266,0.10259579728059333,0.0,0.5306003623276808,0.27509795723482966,-0.07375149428844452,0.9357231149567367,0.0058123828887602135,0.015577689013789251,7.802229756367907e-09,0.0016264026451377107,1.0,0.032138442521631644,1.0,0.27935723114956734,0.0,1.0
310,426878082,-53.40475439713338,-168.93467838312193,1.9105984797197695,1000,False,False,False,8.09913705954767,0.16549280743874256,-2.175416969894664,0.2920023853600453,0.7598892130446987,0.7213355938908158,0.15971221183187115,0.11209887914938119,0.2918488383293152,0.6713345050811768,-0.2638844847679138,0.0,0.0,0.5612028278410435,0.551058196216356,0.552663029357791,0.12240565568208694,0.965,0.04963822263312058,0.036448675480456896,9.46670543739564e-06,0.0019105984797197692,0.0,0.0,0.0,0.034,1.0,0.0
311,931088333,-2.746924567686839,-121.41295156539803,1.9733205399542262,1000,False,False,False,14.850658254923964,0.16221131597612073,4.740178798612733,0.36879388755447245,0.6438166532088945,0.36961865669910093,0.12184331665078947,0.03281919756196634,0.3679223954677582,0.3688432574272156,-0.02392912097275257,0.0,0.0,0.5074823098257184,0.5375323714430705,0.45800037514884023,0.014964619651436806,0.981,0.011597628322057114,0.023910679169433728,0.0014349561881929537,0.001973320539954228,0.0,0.0,0.0,0.338,1.0,0.0
312,233020741,73.36701016790467,-323.520737284394,7.537754949045973,1000,False,False,False,18.68263046062898,0.16991539961866034,8.186946822190762,0.2159524325252685,0.4620461814820318,0.21597061098873727,0.09240665353815074,0.010527161382269456,0.2158280313014984,0.2158469259738922,0.007308170665055513,0.0,0.0,0.0,0.2861992389239604,0.040475025416817516,-0.083626888692379,0.499,0.015827166358340913,0.029761544870625486,0.006363410163797673,0.007537754949045973,0.0,0.324,1.0,0.556,1.0,0.0
313,321104617,8.12810561012017,-112.85679713642324,2.0196980549308647,1000,False,False,False,31.900636796934602,0.14354126610049917,22.723659834404415,0.11366022943821363,0.42926165866601684,0.11366022943821363,0.09474684809661252,0.036135429189560864,0.11250753700733185,0.11250753700733185,0.016146264970302582,0.49,0.0,0.5744271799921989,0.5335634788887109,0.5436922489944845,0.1488543599843979,0.958,0.000556001359053421,0.01362533113116225,0.002178523150582815,0.0020196980549308657,0.0,0.018,1.0,0.409,1.0,0.0
314,1639806757,-103.77306783469395,-112.80534165380595,0.16064547638224053,50,False,False,True,-66.86898814586661,0.15098087114048936,-75.208019568616,1.608138659418023,1.6776608863012956,1.731980050328767,0.5004661637230502,0.37165756179497084,0.7576499581336975,1.0011894702911377,1.4132850170135498,0.0,0.0,0.5349447913467884,0.45702943539246915,0.45702943539246915,0.06988958269357681,0.86,0.09501701038590364,0.10838782426085328,0.0004847369302864585,0.0032129095276448084,0.0,0.0,0.0,0.0,1.0,0.0
315,1415609443,205.52516741391736,135.83690991390097,1.1105651500003277,708,True,False,False,53.801492481264034,0.13812823884441758,44.8967051439878,0.00663481005079422,0.45076882206013913,0.006662083498540502,0.12915551863614613,0.0,4.38690176451928e-06,0.006661415100097656,-9.436845721211284e-05,0.3728813559322034,0.25,0.0,0.5522169997408528,0.23796967335511,-0.07406521588563919,0.9576271186440678,0.0012188632759446707,0.013495799030089625,0.0,0.0015685948446332323,1.0,0.04519774011299435,1.0,0.1977401129943503,0.0,1.0
316,1375016442,187.5280264925358,131.38906007817116,0.8991793282872924,559,True,False,False,8.327347357213778,0.12432848558372456,0.1181858728565773,0.18233074778958663,0.6974248460650094,0.18235364196668805,0.176600353699166,0.0,0.18232575058937073,0.18234863877296448,0.001350805745460093,0.10912343470483005,0.0,0.0,0.48534675427860985,0.24065224325284362,-0.0733514204621315,0.855098389982111,0.011574769089243393,0.01811603788605521,2.6007432527008767e-09,0.0016085497822670696,1.0,0.0626118067978533,1.0,0.06976744186046512,0.0,0.0
317,1625242512,190.08415732365074,103.5116631027086,1.39104988441885,851,True,False,False,56.222135971999975,0.21722812110448753,43.36111591081494,0.07934068783570958,0.32949089099834616,0.07936003768067947,0.13095306579000077,0.0,0.0010875702137127519,0.07934407889842987,0.0015914535615593195,0.5099882491186839,0.08578143360752057,0.0,0.5480089521957026,0.2901973617821932,-0.07428048551082611,0.9612220916568742,0.0026953033508381767,0.03212043245748608,0.0,0.001634606209657871,1.0,0.03055229142185664,1.0,0.4606345475910693,0.0,1.0
318,924032943,161.86197190079858,71.14287303657437,1.4663819772844808,870,True,False,False,32.599629811445965,0.15536050348284447,22.831923533468018,0.009857276763676521,0.40188966607468934,0.009923081429507723,0.12145136607393012,0.0,2.155303991457913e-05,0.009868526831269264,0.0010390973184257746,0.44482758620689655,0.22873563218390805,0.0,0.5602463504898993,0.2763997635245323,-0.07433317601680756,0.9689655172413794,0.0009957867991520996,0.015558879334457052,2.6007432520503554e-09,0.001685496525614344,1.0,0.03218390804597701,1.0,0.2942528735632184,0.0,1.0
319,805957211,154.56049722395835,77.40152074522668,1.2379795295746356,763,True,False,False,28.217644359507005,0.13671127348251105,19.383015409553188,0.059574096133885854,0.41514483910658456,0.059586761269499515,0.09399582363060366,0.0,0.00035562514676712453,0.05958204343914986,0.0007498121121898293,0.3944954128440367,0.18086500655307994,0.0,0.5483188273465727,0.2821859495341778,-0.07410810887813568,0.9672346002621232,0.004781033445106622,0.011946255229010024,5.20148650366703e-09,0.0016225157661528637,1.0,0.03407601572739188,1.0,0.4089121887287025,0.0,1.0
320,353200484,250.66286901943366,203.07618581543736,0.7629336640799295,472,True,False,False,69.22055361693137,0.2049417245006009,56.990879118761335,0.11054458931300444,0.4369945557744089,0.11055906687337264,0.180946694102028,0.0,0.11053238064050674,0.1105467826128006,0.0016480660997331142,0.4046610169491525,0.0,0.0,0.5435406114764006,0.176675561144948,-0.07401058822870255,0.9258474576271186,0.007567885884252431,0.027202369501501376,2.600743251833515e-09,0.0016163848815252731,1.0,0.07627118644067797,1.0,0.23516949152542374,0.0,0.0
321,1440612902,208.0328370100935,157.57432334227875,0.8119702733562957,493,True,False,False,26.360167788324848,0.18725213836058566,15.011659630768024,0.13600728844655186,0.6313851408084239,0.13603332022355796,0.17698963836130976,0.0,0.08948583900928497,0.13602380454540253,0.0016089773271232843,0.1460446247464503,0.0,0.0,0.5288893852421153,0.17998769427882508,-0.07380916178226471,0.9066937119675457,0.008987164141936331,0.028846225288246593,5.20148650366703e-09,0.0016469985260776786,1.0,0.07302231237322515,1.0,0.06896551724137931,0.0,0.0
322,1072951446,-0.47113689231333433,-99.57750391586663,1.5821273404710665,1000,False,False,False,12.034162049303662,0.15139705140853707,2.464395821371611,0.0838825539113552,0.5150720521787794,0.0838825539113552,0.10311556726330591,0.05655235089046627,0.08074970543384552,0.08074970543384552,0.02271052449941635,0.39,0.03,0.6021395027637482,0.5550400601641159,0.5872258219122887,0.20427900552749634,0.99,0.007443481931534804,0.01589228878847787,0.0014055261775529765,0.0015821273404710658,0.0,0.0,0.0,0.316,1.0,0.0
323,1717708834,174.66690662498598,95.5629974691205,1.2872781831173072,737,True,False,False,39.08620479322611,0.21469562960617525,26.352637172396367,0.046446854203815856,0.3761175855185189,0.04647440493154113,0.10454537614916617,0.0,4.825591895496473e-05,0.046457670629024506,0.0012470579240471125,0.4830393487109905,0.24016282225237448,0.0,0.5510580619232252,0.26297172732651236,-0.0742737278342247,0.9633649932157394,0.004042056957103048,0.020807518908522754,0.0,0.00174664611006419,1.0,0.037991858887381276,1.0,0.35006784260515605,0.0,1.0
324,324576056,11.673816295794698,-96.5272504250459,1.7640213344168107,1000,False,False,False,22.35261421686785,0.136519005914131,13.526750263656071,0.16018376910579804,0.5365455856083546,0.19723788373680506,0.11118791237454667,0.02318672146873687,0.16018256545066833,0.1972292959690094,0.001840541372075677,0.272,0.0,0.5376946553587914,0.5424952901325887,0.5394300428032875,0.0753893107175827,0.982,0.007268030590266322,0.01325455289624875,0.005129607162061393,0.001764021334416813,0.0,0.0,0.0,0.306,1.0,0.0
325,1043075022,121.47903113087517,-280.4838192723404,7.639257008064307,1000,False,False,False,54.6092691195718,0.2676943170092831,39.22463961160251,0.1870892923712183,0.4006416478332679,0.1870892923712183,0.0955470730216214,0.006918608281619997,0.16815423965454102,0.186961367726326,0.00691739097237587,0.23,0.0,0.0,0.29313737059565026,0.0,-0.05814628675580025,0.504,0.021074665212016848,0.029766068824460607,0.011704712625087842,0.007639257008064309,1.0,0.325,1.0,0.559,1.0,0.0
326,1970269961,187.74791440200056,94.71051661441074,1.4943479557518002,916,True,False,False,56.03004106467776,0.2226457266786243,42.89795557908674,0.042124698318402806,0.42477249138540446,0.04215232641141343,0.1468346999279384,0.0,0.04208812862634659,0.04211578518152237,0.0017547821626067162,0.42358078602620086,0.14192139737991266,0.0,0.556729151893765,0.18315077781677247,-0.07446634024381638,0.962882096069869,0.0007554067647715033,0.030968443497892507,5.201486504100711e-09,0.0016313842311700857,1.0,0.03820960698689956,1.0,0.2576419213973799,0.0,1.0
327,110878897,202.31394332405188,139.36132191067784,1.0114524282674788,619,True,False,False,29.21537953984774,0.15802113183750077,19.31829683440574,0.045837716810696615,0.507650557573276,0.045840785428773775,0.1421578874345376,0.0,0.04582357406616211,0.04583139345049858,-0.0009278917568735778,0.2552504038772213,0.19224555735056542,0.0,0.4739747720955599,0.16106507081538438,-0.07378218322992325,0.8319870759289176,0.0040927568213368504,0.019135676337174865,0.0,0.0016340103849232317,1.0,0.0791599353796446,1.0,0.17447495961227788,0.0,1.0
328,176865162,162.3719575625145,38.69400105725048,2.073559130105284,1000,True,False,False,36.279119613491744,0.18832524773117343,24.862943569427845,0.11040741365872654,0.3943767194427343,0.11043526053713215,0.12370306409044886,0.0,0.0004637718084268272,0.11042556911706924,0.0014630294172093272,0.472,0.0,0.0,0.5272599195700605,0.17384695963934063,-0.07397172600030899,0.927,0.007566939213708692,0.026848616771084268,2.600743251833515e-09,0.002073559130105284,1.0,0.059,1.0,0.425,0.0,0.0
329,548674510,177.5570196883753,99.12240671299831,1.233492259507539,838,True,False,False,17.193115842705378,0.2138181122204201,4.502650100393175,0.16137306467056212,0.7298864955828218,0.1613926259400804,0.16404061416212704,0.0,0.16132107377052307,0.1613406240940094,0.0040966724045574665,0.10620525059665871,0.0,0.0,0.5433902669284573,0.18050459533929825,-0.07415594160556793,0.9582338902147971,0.006973697324390086,0.03178396303663986,2.600743251833515e-09,0.0014719478037082813,1.0,0.04295942720763723,1.0,0.1288782816229117,0.0,0.0
330,1188201133,150.12200408838672,-202.6167780269943,6.654775642307609,1000,False,False,False,59.86335796035414,0.20878389078013213,47.42424976384249,0.1338724843798217,0.29666242983996893,0.1632252999803674,0.11781185113707279,0.01892226454036986,0.0003514289855957031,0.16297206282615662,-0.009088745340704918,0.711,0.0,0.0,0.23591953099891544,0.0,-0.05340693145990372,0.4,0.008779205460574908,0.026476685832857002,0.014718202933816975,0.006654775642307621,0.0,0.348,1.0,0.689,1.0,0.0
331,1768873092,177.35155455935742,107.18065149697284,1.1294180612476916,685,True,False,False,15.407521498503806,0.1983995976479754,3.489588712507125,0.10814424086791535,0.6052298770562925,0.10816513808188247,0.14702896346855956,0.0,0.10814084857702255,0.10816173255443573,0.0008583164308220148,0.27445255474452557,0.0,0.0,0.5576648727304091,0.2918165285885334,-0.07390230149030685,0.962043795620438,0.004133731206179684,0.025892902671446578,5.20148650366703e-09,0.0016487854908725432,1.0,0.03941605839416058,1.0,0.12992700729927006,0.0,0.0
332,1913795861,-101.31016200650484,-109.77831385694054,0.14856303700871432,52,False,False,True,-63.345481014675535,0.1411286594207011,-71.21598109290758,1.565760225856429,1.576410118699558,1.565760225856429,0.5801737433227497,0.5089417355309115,0.7240915298461914,1.004184365272522,1.2013404369354248,0.0,0.0,0.5970667153596878,0.5614604329188856,0.5734039998054504,0.1941334307193756,0.9807692307692307,0.1051481016944584,0.11102407275573076,0.000700494590474901,0.0028569814809368136,0.0,0.0,0.0,0.0,1.0,0.0
