episode,reset_seed,task_return,train_return,variation,length,success,crash,out_of_bounds,discounted_task_return,discounted_variation,discounted_train_return,min_distance_to_pad,mean_distance_to_pad,final_distance_to_pad,mean_speed,final_speed,min_abs_x,final_abs_x,final_y,near_pad_fraction_0p2,near_pad_fraction_0p1,final_m_power,mean_m_power,last50_mean_m_power,final_main_cmd,positive_main_fraction,final_theta_abs,mean_theta_abs,final_theta_variation,mean_theta_variation,final_both_legs_contact,both_legs_contact_fraction,ever_both_legs_contact,low_velocity_fraction,final_lander_awake,landing_candidate
0,464507548,135.42940697821328,97.57893558760676,1.4553647593737682,801,True,False,False,5.345881731114829,0.14959495613624524,1.102595389349657,0.009658848282080136,0.42325482211860405,0.010267872191880122,0.09679003664691475,0.0,3.0231476557673886e-05,0.01026773452758789,-5.316972601576708e-05,0.4282147315855181,0.27340823970037453,0.0,0.5475688750513209,0.26447619205340744,-0.06932840496301651,0.9575530586766542,0.0012143263606147303,0.013229863796513613,0.0,0.0018169347807412812,1.0,0.03495630461922597,1.0,0.29213483146067415,0.0,1.0
1,172674724,25.20452083833523,-31.204827473127377,2.4272898874308493,1000,False,False,False,66.40401552897659,0.20671239862362187,61.3034158921174,0.12347995050504876,0.31162915619703546,0.13389961142413626,0.0781633163686981,0.009476110200081166,0.12217607349157333,0.13389739394187927,-0.0007706069736741483,0.54,0.0,0.5407321639358997,0.5671182357706129,0.51024604331702,0.08146432787179947,0.992,0.01458789139280236,0.01002698543417674,0.00020284627031374493,0.002427289887430851,0.0,0.008,1.0,0.618,1.0,0.0
2,163903425,220.95719424213746,185.63479895468328,1.6294930191636101,544,True,False,False,27.061490457728766,0.2078234282180423,21.952583571726823,0.1309324323863495,0.5789754392499464,0.1309391137178573,0.19012895975663677,0.0,0.0020301819313317537,0.13087835907936096,0.003988311160355806,0.31433823529411764,0.0,0.0,0.47912231900152297,0.010015498581342399,-0.06949557363986969,0.8088235294117647,0.006116249179026767,0.034058857027413285,5.201486504534392e-09,0.002995391579344871,1.0,0.14338235294117646,1.0,0.19852941176470587,0.0,0.0
3,1019325551,-107.53469322891905,-111.41893928964934,0.1922830707153522,50,False,False,True,-70.4866943799362,0.18300409456782665,-74.0217436641785,1.5775919685733775,1.6958112517273114,1.7557620397811644,0.6942476814613262,0.5535878226902236,0.6701470017433167,1.0040291547775269,1.4403561353683472,0.0,0.0,0.5933196097612381,0.401862379591912,0.401862379591912,0.1866392195224762,0.72,0.11889074112737784,0.1252560539949387,0.0014012180463559842,0.0038456614143070433,0.0,0.0,0.0,0.0,1.0,0.0
4,1629015762,209.95949337221685,180.71455064767724,1.1149961816359788,626,True,False,False,36.48316191821206,0.19137151809047448,31.616293068695672,0.023956430842268957,0.5289070428374113,0.03070595272480027,0.1326567255224,0.0,6.332397606456652e-05,0.030692100524902344,0.0009222245425917208,0.2763578274760383,0.17412140575079874,0.0,0.5308325845605364,0.18208660908043384,-0.06946595013141632,0.9057507987220448,0.0008826279726168926,0.019830238916363364,2.6007432520503554e-09,0.0017811440601213711,1.0,0.05750798722044728,1.0,0.07667731629392971,0.0,1.0
5,1449951718,192.09622091781353,157.98201423752022,1.2542804453528902,765,True,False,False,47.50028109105478,0.15011253761845927,43.249509149938824,0.02637755875369618,0.46269428241044924,0.026405364157231152,0.13260444409016453,0.0,0.0263348575681448,0.02636270597577095,0.0015003299340605736,0.3607843137254902,0.15163398692810456,0.0,0.55933980611366,0.21238884061574936,-0.069680355489254,0.9581699346405229,0.0021070290436774027,0.011193951990199201,0.0,0.001639582281507046,1.0,0.043137254901960784,1.0,0.18169934640522875,0.0,1.0
6,1892108963,-65.59167905375361,-69.85530365167497,0.18024163986142389,78,False,False,True,-21.800461372470682,0.15723527460703843,-25.245770996088435,1.4007579947846234,1.4762633806971788,1.4007579947846234,0.35879222286098644,0.21562518056602073,0.7975116968154907,1.0008265972137451,0.9800352454185486,0.0,0.0,0.5720506608486176,0.617613345480118,0.5917728240787983,0.1441013216972351,1.0,0.0687787879094134,0.08294300895714428,0.001302181743318656,0.002310790254633641,0.0,0.0,0.0,0.0,1.0,0.0
7,1353470719,201.68460542736574,166.10114351612307,1.3615641274161774,758,True,False,False,48.86587543524232,0.21851049411602735,43.58920091935007,0.11559903178462345,0.44686182372123084,0.1156229456257063,0.14516076957916466,0.0,0.0002502441348042339,0.11562184989452362,0.0005033707711845636,0.4102902374670185,0.0,0.0,0.5596273332468104,0.3103445262461901,-0.06891007721424103,0.9643799472295514,0.005388845023216009,0.02977433963453277,5.201486504534392e-09,0.0017962587432931085,1.0,0.032981530343007916,1.0,0.32058047493403696,0.0,0.0
8,676069518,141.16790907724652,100.35575683891672,1.5408101492219868,885,True,False,False,25.498381055944385,0.15113701198084936,21.23160014554199,0.058448325027709136,0.37652489626395824,0.05897717667217572,0.09623772425035798,0.0,0.03693952411413193,0.05897674709558487,0.00022510052076540887,0.5186440677966102,0.44745762711864406,0.0,0.542563424304083,0.22866374767385422,-0.0692010149359703,0.9480225988700565,0.002394009033101428,0.013140154308726303,2.600743251833515e-09,0.001741028417199983,1.0,0.03502824858757062,1.0,0.4067796610169492,0.0,1.0
9,1315085260,3.353702372964415,-42.44923947684842,1.7201961233208591,1000,False,False,False,28.4938274945363,0.20964856084509673,23.34918542435463,0.03753512437741083,0.37646375615266253,0.03753512437741083,0.0980967994915627,0.039590577183831216,9.91821252682712e-06,0.02497415617108345,0.028021011501550674,0.526,0.403,0.5832655355334282,0.5714435646710917,0.572604612633586,0.16653107106685638,1.0,0.00465303786595794,0.01738688827692162,0.001825028014662936,0.0017201961233208605,0.0,0.0,0.0,0.364,1.0,0.0
10,1377954153,179.91609152725434,156.8292087423019,0.8484588523301673,518,True,False,False,15.592647450166334,0.14519610143871964,11.42567224562207,0.15418664888192743,0.5863242472434992,0.1541870361959157,0.14501713426779494,0.0,0.15418586134910583,0.15418624877929688,-0.000492765917442739,0.22586872586872586,0.0,0.0,0.5390458764300707,0.1885474557057023,-0.0683988556265831,0.9266409266409267,0.007465759248045884,0.0077082475157303895,0.0,0.0016379514523748393,1.0,0.06756756756756757,1.0,0.11003861003861004,0.0,0.0
11,681462722,205.61557833825924,177.88924713367174,1.08175541363917,575,True,False,False,24.743024282528424,0.19523587910920132,19.82067005898743,0.028351205245720348,0.5656435970252703,0.02837882449340807,0.16806755164503967,0.0,0.02831096574664116,0.02833862230181694,0.0015100217424333096,0.22434782608695653,0.15130434782608695,0.0,0.5124965022453715,0.054294541012495756,-0.069602370262146,0.9008695652173913,0.0007384018862913285,0.027137572255377176,2.6007432520503554e-09,0.0018813137628507293,1.0,0.07478260869565218,1.0,0.057391304347826085,0.0,1.0
12,1906037396,-80.08061778899283,-84.10470942162789,0.17493944217567142,70,False,False,True,-39.513355908929356,0.15787069824810512,-42.891739063450515,1.4703771718563736,1.513090507861665,1.4703771718563736,0.5038646224600977,0.3350071681758104,0.6877460479736328,1.0013405084609985,1.076720118522644,0.0,0.0,0.5879184305667877,0.5967998062127403,0.6005646781623364,0.17583686113357544,1.0,0.08678837316918221,0.1082593926931058,0.00019225734416310203,0.0024991348882238765,0.0,0.0,0.0,0.0,1.0,0.0
13,1887175263,210.77529823165418,172.9152213707533,1.442671790726704,811,True,False,False,64.04125194269581,0.24910037783690778,58.305323271157945,0.02509976228307066,0.35199135002295906,0.028866072512348684,0.15618247077807093,0.0,8.94546537892893e-05,0.028838539496064186,0.0012604689691215754,0.45006165228113443,0.2059186189889026,0.0,0.5526988118514878,0.21289184741675854,-0.06954602152109146,0.9605425400739828,0.0007734545412957424,0.03357539012141557,2.6007432520503554e-09,0.0017788801365310795,1.0,0.040690505548705305,1.0,0.16276202219482122,0.0,1.0
14,297761393,-109.6444735147059,-113.00175243889751,0.14648526161277495,58,False,False,True,-65.9963066784912,0.13299055942124632,-68.87463279271415,1.5621872386567817,1.6652281112654617,1.6937590092171806,0.6704553508583773,0.5872466799647451,0.6311994791030884,1.001568078994751,1.3658993244171143,0.0,0.0,0.569200299680233,0.3625217740391863,0.4205252578854561,0.138400599360466,0.6724137931034483,0.11301877260997036,0.10747127721504549,0.0005028901181856338,0.002525607958840947,0.0,0.0,0.0,0.0,1.0,0.0
15,241769223,54.715852594398896,0.6851793767969153,2.268711547840142,1000,False,False,False,45.84698921228369,0.19510906164953265,40.9204396300356,0.15357090191250372,0.4542329268562927,0.15357090191250372,0.1419399812051575,0.027836741568485153,0.0017410278087481856,0.15099219977855682,0.028024587780237198,0.493,0.0,0.5855391100049019,0.5528276003201027,0.5763825723528861,0.17107822000980377,0.974,0.007622662738626698,0.026711479565161567,9.028545218005193e-05,0.0022687115478401397,0.0,0.0,0.0,0.434,1.0,0.0
16,233261862,185.24395833789896,144.71859079435507,1.6910245029029212,758,True,False,False,27.42758385063734,0.141829484412906,23.301124480292017,0.08202105431224017,0.5455300894613752,0.08225394614721789,0.1274181245782596,0.0,0.08201799541711807,0.08225317299365997,0.0003566360392142087,0.3153034300791557,0.17018469656992086,0.0,0.4801301408542881,0.22321592828724535,-0.06910404562950134,0.8456464379947229,0.0036204846032715657,0.016931333039401638,5.201486504100711e-09,0.0022309030381305025,1.0,0.09102902374670185,1.0,0.18733509234828497,0.0,1.0
17,1516995425,17.659666857251338,-28.34745381788619,1.733808045009179,1000,False,False,False,23.799678708598464,0.19125623977696463,18.930921454438806,0.06566898861237899,0.46479238638428866,0.08626370653636753,0.10975439294455822,0.009805450847640038,0.05024738237261772,0.05073957517743111,0.06976333260536194,0.427,0.255,0.5545920394361019,0.5581693463817937,0.5186800881265663,0.10918407887220383,0.98,0.008998315478815225,0.020943097552516044,0.0031143224249819794,0.0017338080450091783,0.0,0.0,0.0,0.386,1.0,0.0
18,956231059,8.435760361514989,-37.920577785646586,1.757089209810762,1000,False,False,False,41.05017294381179,0.1429689310773921,36.90572532014571,0.08163103583991195,0.3496176737998101,0.08163103583991195,0.1033779726105293,0.01619199369237539,5.0830840336857364e-05,0.07293272018432617,0.036666665226221085,0.515,0.044,0.5665256232023239,0.5715450323205441,0.5821016275882721,0.13305124640464783,1.0,0.0037946189931758008,0.01388281589587241,0.0009377291884386232,0.00175708920981076,0.0,0.0,0.0,0.406,1.0,0.0
19,1399996587,180.94896146552628,134.98768019112535,1.7467520849600788,988,True,False,False,38.42650274395033,0.24430475357978534,32.76202884996526,0.001563402689476071,0.3964267710871174,0.0016543898268329335,0.1464391442883299,0.0,4.863738922722405e-06,0.0015431403880938888,0.0005964255542494357,0.4949392712550607,0.3107287449392713,0.0,0.5501595983132795,0.23834470443427563,-0.06946637481451035,0.9463562753036437,0.0007875921816137803,0.028951139543898403,7.802229756151066e-09,0.0017679676973280172,1.0,0.029352226720647773,1.0,0.28441295546558704,0.0,1.0
20,908945483,23.08970046318151,-22.334733807090647,1.694962284684799,1000,False,False,False,24.172557244055763,0.22360393480098595,18.81858456453576,0.052792973887882025,0.4573512552597261,0.052792973887882025,0.13421760769220709,0.05372224709646339,0.05186910554766655,0.05186910554766655,0.009833309799432755,0.41,0.102,0.5378926545381546,0.5656794079053216,0.5716823232918977,0.0757853090763092,0.983,0.0011379270893895352,0.0292748865301103,0.00032610394544304016,0.001694962284684798,0.0,0.0,0.0,0.346,1.0,0.0
21,988018957,215.78495147516935,192.3218004656249,0.8628767339696338,526,True,False,False,41.043673852854496,0.2074600286023724,35.94189253468185,0.06456272022099253,0.4774060371423628,0.06457893363650079,0.15072781310277453,0.0,0.04378356784582138,0.06457891315221786,5.1436425565043464e-05,0.2737642585551331,0.12737642585551331,0.0,0.546177982056988,0.30470992505550387,-0.06913648545742035,0.9315589353612167,0.002695138366188126,0.02678752364547794,0.0,0.001640450064581054,1.0,0.051330798479087454,1.0,0.14068441064638784,0.0,1.0
22,1811609170,192.53460583165287,167.532770902373,0.9227889952853238,558,True,False,False,25.423603702503154,0.18738661939153362,20.620140568023118,0.1737195020964331,0.5844750478501123,0.1737459211762261,0.15509278333199034,0.0,0.0011075020302087069,0.173736572265625,0.0018023825250566006,0.12007168458781362,0.0,0.0,0.5448884927270446,0.24604030400514604,-0.06866823136806488,0.9301075268817204,0.008461589690920682,0.02521173424421679,1.040297300733406e-08,0.0016537437191493265,1.0,0.05555555555555555,1.0,0.14874551971326164,0.0,0.0
23,1520953939,176.12099800719875,136.55610601254182,1.4883261329771234,862,True,False,False,36.98532468578254,0.13247087716578734,32.99860712352513,0.03291218964621562,0.449816213096092,0.032939740762009354,0.11756719579245692,0.0,0.0003281593380961567,0.03292836993932724,0.0008654331904835999,0.40835266821345706,0.17633410672853828,0.0,0.5372071778547589,0.24470043108798564,-0.06944605708122253,0.9431554524361949,0.0010019725857038275,0.017553140924874946,0.0,0.0017265964419688191,1.0,0.03480278422273782,1.0,0.2668213457076566,0.0,1.0
24,1762306363,197.51971727579365,163.23430660419382,1.3190273781066557,725,True,False,False,31.481139659163016,0.19925611588382183,26.493667370585733,0.014083649905376958,0.5646851380212462,0.014110994169383474,0.150330521723734,0.0,0.01406641025096178,0.014093780890107155,0.000696775910910219,0.17793103448275863,0.12689655172413794,0.0,0.5026154482515593,0.1327420457964763,-0.06946195662021637,0.8993103448275862,2.2441813521771236e-05,0.032749444383652154,1.0402973008123495e-08,0.0018193481077333168,1.0,0.057931034482758624,1.0,0.07586206896551724,0.0,1.0
25,1960256931,204.25914369467642,166.0332258144166,1.4710611920173151,808,True,False,False,57.2537004225746,0.2163702413470904,52.008741460319754,0.05260721180771515,0.41587759699946114,0.05264107780285085,0.13200539224315339,0.0,0.00023641585721634328,0.05263815075159073,0.00055511953542009,0.3811881188118812,0.18564356435643564,0.0,0.5536427007697633,0.2580456998199224,-0.06930109858512878,0.9653465346534653,0.002049076031606594,0.021568942636927775,2.600743252267196e-09,0.0018206202871501446,1.0,0.034653465346534656,1.0,0.27351485148514854,0.0,1.0
26,261608047,-80.48316124603153,-84.35946405691658,0.16508685405900342,70,False,False,True,-38.59655896739006,0.14640799850202582,-41.803001625720036,1.4716615559374762,1.5191041151202525,1.4716615559374762,0.4176308782419116,0.2778022910768273,0.7537391781806946,1.0022987127304077,1.0775829553604126,0.0,0.0,0.5714547708630562,0.5964360652225358,0.589225186407566,0.14290954172611237,1.0,0.07594731536322866,0.09428620405851938,0.0012590302112809731,0.0023583836294143344,0.0,0.0,0.0,0.0,1.0,0.0
27,628052497,210.00552419847813,179.33525754289633,1.1473511103721206,673,True,False,False,26.222929740419957,0.21947167537175705,20.933164099172007,0.07634108798201891,0.5814791904790216,0.07636817056140198,0.19525926739091398,0.0,0.00020275116548873484,0.07636737823486328,0.0003478741564322263,0.27786032689450224,0.09806835066864784,0.0,0.5372273465348643,0.1593313463870436,-0.06913641840219498,0.9405646359583952,0.003309065754601116,0.03650671060139025,2.600743252267196e-09,0.0017048307732126628,1.0,0.05349182763744428,1.0,0.05349182763744428,0.0,1.0
28,2107186230,177.0348242534325,144.747718662,1.245807039428824,680,True,False,False,27.247103485739302,0.1803404855301941,22.544148797760702,0.017424475587984566,0.38484854764797116,0.017752600333949976,0.11065030796954425,0.0,9.603500075172633e-05,0.017742633819580078,0.0005947804311290383,0.5191176470588236,0.36470588235294116,0.0,0.5460825743564569,0.2953661326225847,-0.06947660446166992,0.9441176470588235,0.0016260119889736186,0.020225256905933527,1.0402973008201422e-08,0.0018320691756306226,1.0,0.03823529411764706,1.0,0.36911764705882355,0.0,1.0
29,1280894744,-17.322844177111946,-33.56915305793481,0.5950872587215215,366,False,True,False,43.89552337729578,0.20028123799235917,38.941830377025894,0.3938514071202514,0.8149626387199352,0.3938514071202514,0.20535679425154188,0.12236250470975359,0.38356322050094604,0.38356322050094604,0.08943258225917816,0.0,0.0,0.5859197303652763,0.599250420551401,0.562840613797307,0.17183946073055267,1.0,0.013190783821156207,0.03468396806379743,0.0004627346423742764,0.0016259214719167253,0.0,0.0,0.0,0.0,1.0,0.0
30,1308163710,208.8622220061574,181.7479641821405,0.9662838549344642,631,True,False,False,13.483802245797651,0.12725809241640904,9.578453252367664,0.015461596795223008,0.6758738967094,0.015848272329120543,0.1943699545879257,0.0,0.013713454827666283,0.01582355424761772,-0.0008847975987009704,0.26465927099841524,0.21077654516640254,0.0,0.4732644851293202,0.25213979890570043,-0.06910867244005203,0.8478605388272583,0.0001706217407311547,0.028591726106010455,1.5604459512166607e-08,0.0015313531773921765,1.0,0.07131537242472266,1.0,0.11885895404120443,0.0,1.0
31,12673048,194.8008178168966,141.18423851826594,2.631771953242044,707,True,False,False,29.681763903365248,0.1855111428498927,24.900737775712514,0.13693772985921562,0.4312014638617199,0.13694823156451966,0.11248633065045506,0.0,0.1368776261806488,0.13688811659812927,0.004057297483086586,0.371994342291372,0.0,0.0,0.4153140707741244,0.030747968046925964,-0.06945650279521942,0.7114568599717115,0.006437308332746681,0.01615165575288355,5.201486504534392e-09,0.003722449721700205,1.0,0.2263083451202263,1.0,0.38330975954738333,0.0,0.0
32,889932132,228.15304633679335,200.54030295268564,1.056849558940509,588,True,False,False,55.27988841226743,0.22382085191268064,49.92800219120029,0.07111407532137806,0.5367476791484945,0.07114144625125865,0.1548778987339955,0.0,0.07110452651977539,0.07113189995288849,0.0011654114350676537,0.195578231292517,0.10374149659863946,0.0,0.49159425880552465,0.08574562506750226,-0.06933891773223877,0.8469387755102041,0.0030067306519241956,0.026446958977721025,0.0,0.0017973631954770583,1.0,0.10884353741496598,1.0,0.05782312925170068,0.0,1.0
33,1075134211,192.54022908364416,162.24068591739461,1.1253028777499723,671,True,False,False,37.23350286699363,0.17036446669460142,32.68039224789128,0.055354409711052155,0.45857563105914234,0.07552525398076375,0.11652234339646754,0.0,0.04071159288287163,0.07550964504480362,0.001535413321107626,0.44709388971684055,0.38002980625931443,0.0,0.5372605167375114,0.24459057472646237,-0.06939255446195602,0.9225037257824144,0.0032274017663015448,0.01674433123928355,0.0,0.0016770534690759642,1.0,0.044709388971684055,1.0,0.353204172876304,0.0,1.0
34,865824620,195.1902107132643,166.0350060072664,1.133013647066528,608,True,False,False,17.87688421042459,0.1528967772622685,13.587870970617764,0.108026780461779,0.660379494142587,0.10805338589939735,0.17808773557122856,0.0,0.10802602767944336,0.10805263370275497,-0.0004031801363453269,0.21052631578947367,0.0,0.0,0.5092254940414023,0.21789755823090673,-0.06877884268760681,0.8947368421052632,0.0050105233547587,0.03495657121894726,2.600743251833515e-09,0.001863509287938368,1.0,0.05098684210526316,1.0,0.05592105263157895,0.0,0.0
35,1400560478,148.54969283374953,105.56478478691344,1.6083272031224154,943,True,False,False,26.567568486350144,0.1365263175571192,22.51982683826213,0.023821021947490056,0.4021370892770131,0.02501966375384815,0.10719943997008748,0.0,5.53131121705519e-06,0.024971485137939453,0.0015519356820732355,0.5026511134676565,0.28525980911983034,0.0,0.5466168220480855,0.25707279838621616,-0.06962206214666367,0.9554612937433722,0.0005602958363483363,0.014112702336237917,2.6007432520503554e-09,0.0017055431634384031,1.0,0.030752916224814422,1.0,0.3457051961823966,0.0,1.0
36,1099137468,-109.26421914688544,-112.1522203498227,0.13653341352915022,42,False,False,True,-75.98126015749529,0.12741679317065582,-78.58119361390683,1.5998443105332618,1.7056332957034381,1.7524286179762876,0.7139836124222163,0.6253550156216656,0.7181223034858704,1.002966284751892,1.4370332956314087,0.0,0.0,0.5310805309563875,0.28473061953748885,0.28473061953748885,0.06216106191277504,0.5476190476190477,0.1108620386488995,0.10661911378210552,0.0002725474898397917,0.003250795560217861,0.0,0.0,0.0,0.0,1.0,0.0
37,308651950,154.10429846949407,107.76254101172492,1.9734504971846112,837,True,False,False,16.626789347896718,0.16177941463178633,12.200542440246982,0.1012973829368789,0.4953723682711876,0.10132447293998546,0.11932003979188409,0.0,0.10129623115062714,0.10132332146167755,0.00048305749078281224,0.4229390681003584,0.0,0.0,0.5131038851419012,0.12158333566971123,-0.06900816410779953,0.9091995221027479,0.004628882487725988,0.01770391696192202,7.802229756367907e-09,0.002357766424354374,1.0,0.08602150537634409,1.0,0.3034647550776583,0.0,0.0
38,2135886441,202.6111034728587,169.72257621085026,1.2539018174672318,704,True,False,False,54.5535858839711,0.16335095155379273,50.105012857481476,0.022102281084806264,0.4253310633891773,0.02238081006530344,0.14288527889083993,0.0,0.0002446174621582031,0.022377967834472656,0.00035667180782184005,0.46448863636363635,0.1590909090909091,0.0,0.5686846807366237,0.29905727282166483,-0.06936656683683395,0.9644886363636364,0.00046741569577163746,0.01567198144088958,5.201486504046501e-09,0.0017811105361750475,1.0,0.036931818181818184,1.0,0.16619318181818182,0.0,1.0
39,2123588507,205.45893211849028,168.39545554974163,1.4642317712499264,755,True,False,False,60.17845326766121,0.23824302619469223,54.60582085718055,0.0427078655457924,0.3957253119049108,0.05062283941780125,0.1266730096269894,0.0,0.0002647399960551411,0.05062265321612358,0.00013730287901125848,0.44503311258278144,0.2860927152317881,0.0,0.5536824843001287,0.24174516942352056,-0.06933636963367462,0.9615894039735099,0.0032925240522394825,0.023923584972344154,5.201486504100711e-09,0.0019393798294701007,1.0,0.038410596026490065,1.0,0.31125827814569534,0.0,1.0
40,1731118266,3.0511608645319974,-43.08520394400934,1.7424243205694152,1000,False,False,False,31.837815886214965,0.22363875212321935,26.483320946861475,0.03382184022393437,0.35975057766270546,0.18327302769002607,0.13091671570067404,0.03793801895685777,0.00018205642118118703,0.1759423315525055,0.05131567642092705,0.553,0.183,0.5532086305320263,0.5651405014842749,0.5801954948157072,0.10641726106405258,0.983,0.023541868100285343,0.03183301174552407,3.723744188257119e-05,0.0017424243205694185,0.0,0.0,0.0,0.15,1.0,0.0
41,4716089,-116.46897959937343,-120.3325666837785,0.19223913896033903,49,False,False,True,-76.82045536783194,0.18461579058990163,-80.36745774761472,1.580702921349176,1.6750633540188324,1.7326115010760739,0.6612245141376731,0.5996284925416432,0.6888719797134399,1.0029672384262085,1.4127984046936035,0.0,0.0,0.5928804501891136,0.45023968856667684,0.45023968856667684,0.18576090037822723,0.8163265306122449,0.1243845823818861,0.12522055956056835,0.0013077057219859911,0.0039232477338844675,0.0,0.0,0.0,0.0,1.0,0.0
42,954698821,165.60416933936062,123.49004146703724,1.51160852482156,972,True,False,False,19.210845062023594,0.20980870711944008,14.063828858688098,0.0199033333123139,0.5905684901026124,0.01992983411343761,0.15662811662952808,0.0,0.011815262027084827,0.01991853676736355,0.0006709551671519876,0.338477366255144,0.147119341563786,0.0,0.563781490479021,0.27807321652770045,-0.06949391961097717,0.9732510288065843,0.001741326181478946,0.0297700089924046,7.802229756151066e-09,0.0015551528033143627,1.0,0.027777777777777776,1.0,0.15329218106995884,0.0,1.0
43,722439037,233.1927111688212,197.52374309390362,1.376597871661175,751,True,False,False,81.35225886540971,0.21947558183705101,76.06117967319366,0.0440622152457272,0.2521986859194991,0.044089579487959246,0.1527015500655539,0.0,5.35011276951991e-05,0.04407816007733345,0.001003406010568142,0.7310252996005326,0.5725699067909454,0.0,0.5560525287734918,0.24689835660683457,-0.06943443417549133,0.9613848202396804,0.0015832669856155116,0.030125847530242746,0.0,0.0018330198024782618,1.0,0.03994673768308921,1.0,0.42609853528628494,0.0,1.0
44,143133740,166.99444002620874,134.5815746118744,1.2061910276222814,716,True,False,False,37.50793468449291,0.1566898022836632,33.1590867458313,0.03948339609716393,0.3813392381070072,0.056385529161982265,0.09820619780737844,0.0,0.03906860202550888,0.0563695915043354,0.0013405418721958995,0.46089385474860334,0.3729050279329609,0.0,0.5567520426419776,0.2776166361570358,-0.06945280730724335,0.9622905027932961,0.0022202194042245404,0.009052568788927217,7.802229756367907e-09,0.0016846243402545839,1.0,0.03910614525139665,1.0,0.31564245810055863,0.0,1.0
45,851876933,229.82433369150388,206.03604108732623,0.8378861736118506,561,True,False,False,58.569571619923494,0.14198628002882135,54.44689568470319,0.10031448681846393,0.5223912652032168,0.10034223776544056,0.1730719631451503,0.0,0.10030841827392578,0.10033617168664932,0.0011033272603526711,0.19607843137254902,0.0,0.0,0.5369668081983817,0.09117523234337568,-0.06914343684911728,0.9251336898395722,0.004559171190319843,0.014868810943364837,7.802229756367907e-09,0.0014935582417323545,1.0,0.0766488413547237,1.0,0.06060606060606061,0.0,0.0
46,1892204776,-13.702208004993722,-64.54939513922228,2.056479142281898,1000,False,False,False,18.01358324266776,0.20207174833494043,12.982593360138484,0.44279849873912147,0.7685664144429298,0.45744915338706243,0.13596895478317453,0.08957729038368298,0.4337886869907379,0.4560861587524414,-0.035286594182252884,0.0,0.0,0.5623776353895664,0.5563817547513463,0.5455237208306789,0.12475527077913284,0.995,0.0034820379373646,0.02928007633063172,0.0008236251542777565,0.0020564791422819006,0.0,0.0,0.0,0.291,1.0,0.0
47,1103841343,-107.55151477530599,-111.54665153112488,0.15567578372126004,83,False,False,True,-51.84708728183279,0.13805452562773132,-55.04944251266513,1.6152697869638297,1.6583374373113,1.6661423242750077,0.2700026555824235,0.1997840638483439,0.7859379053115845,1.0008814334869385,1.3320159912109375,0.0,0.0,0.5773482695221901,0.547651544392827,0.5600273082405329,0.1546965390443802,1.0,0.07834242304780761,0.08615824585484705,0.0008304953426709061,0.0018756118520633733,0.0,0.0,0.0,0.0,1.0,0.0
48,1871136645,-97.62250978297088,-102.32151215859204,0.15993349170807805,115,False,False,True,-31.244832379486372,0.13320952298104163,-34.61335687784008,1.5599950063374834,1.6930497657856716,1.7129264675311955,0.357864144307044,0.22027234169830767,0.6165568232536316,1.0018378496170044,1.3894020318984985,0.0,0.0,0.5594852603971958,0.46033897021501935,0.567405451759696,0.11897052079439163,0.8347826086956521,0.08146114072888552,0.0894574004052801,0.0003304036242244568,0.001390726014852853,0.0,0.0,0.0,0.0,1.0,0.0
49,368689141,42.99811610300085,-1.6504503170704758,1.6432377613380809,1000,False,False,False,20.247750001595968,0.24651378531938248,14.550129564300034,0.18799553627219515,0.6743417266847059,0.1881709330940156,0.16849165925308485,0.012315899778778233,0.10272769629955292,0.18244075775146484,0.04608329385519028,0.087,0.0,0.5519772320985794,0.553706783959642,0.5534100065380335,0.10395446419715881,0.978,0.02425974345791357,0.03393274658372536,0.0018553338255930356,0.001643237761338085,0.0,0.0,0.0,0.223,1.0,0.0
50,711874407,216.23114548884334,194.99118347645208,0.7866641341594179,472,True,False,False,35.27741504262591,0.1483688397046213,31.06929417391675,0.05308470517611496,0.5813543291093363,0.053112169413627924,0.15280183863687213,0.0,0.00020303725614212453,0.05311165004968643,-0.0002348804409848526,0.2584745762711864,0.13983050847457626,0.0,0.5380525655523574,0.22465569734573365,-0.06912902742624283,0.8898305084745762,0.0021000254046461375,0.009120791119518691,2.600743252267196e-09,0.0016666613011852081,1.0,0.07203389830508475,1.0,0.06991525423728813,0.0,1.0
51,1949523453,7.03293922941665,-37.1685672242031,1.6134337635746454,1000,False,False,False,25.35894522456085,0.2071288382992318,20.252098992567205,0.08835194239780048,0.5446106805447412,0.12486331946185983,0.13764022989487437,0.0775068558839746,6.799698167014867e-05,0.08059310913085938,0.09537085145711899,0.348,0.066,0.5631592273712158,0.5704369059072342,0.5677933707088232,0.12631845474243164,0.999,0.032226275168952115,0.028805552641716966,0.0007749148586317575,0.001613433763574646,0.0,0.0,0.0,0.033,1.0,0.0
52,965219006,-93.8425150944735,-99.20935878366403,0.21778957927937026,105,False,False,True,-35.10759295244056,0.18686866284724013,-39.214436666164275,1.53499537767006,1.6574575645171852,1.7168658778272512,0.4219248271982614,0.2226398676107274,0.5685644149780273,1.0001475811004639,1.395468831062317,0.0,0.0,0.551154837012291,0.4743125379052279,0.5510376600921154,0.10230967402458191,0.8761904761904762,0.08018274538334993,0.10023648486874487,0.001260715492908293,0.0020741864693273357,0.0,0.0,0.0,0.0,1.0,0.0
53,608969183,-91.16891638958478,-94.22940261044785,0.11203241472420526,69,False,False,True,-42.91605238202047,0.09027417417880994,-45.27049093490422,1.6265253063086367,1.7167517896311137,1.6960549038276636,0.38548732644491746,0.3431146302735848,0.7694393396377563,1.000400185585022,1.3695991039276123,0.0,0.0,0.5614814274013042,0.3542790646433655,0.48890510920784436,0.12296285480260849,0.6666666666666666,0.066468942991609,0.056671794692693137,0.0022643943287319057,0.0016236581844087717,0.0,0.0,0.0,0.0,1.0,0.0
54,174629327,188.81026095366116,147.9792752911458,1.5273990441676883,896,True,False,False,42.14818202679834,0.24589523783496275,36.459999023079334,0.03977220191212516,0.4215040694544014,0.03980012734231936,0.14310028521693888,0.0,0.00012598038301803172,0.03977794572710991,0.0013285970780998468,0.3716517857142857,0.15513392857142858,0.0,0.5458721156994996,0.28005578979849816,-0.06962945312261581,0.9464285714285714,0.002789196033908795,0.02849580704394921,1.3003716260034937e-08,0.0017046864332228707,1.0,0.030133928571428572,1.0,0.22991071428571427,0.0,1.0
55,529795964,169.23420101534575,129.83812747441564,1.5024049027286763,843,True,False,False,68.25108295501799,0.22027152848873313,62.94742833845263,0.04185781021193916,0.3028441264861481,0.08338873375064475,0.09033298285466693,0.0,0.00010757446580100805,0.08338747173547745,0.0004587745643220842,0.5480427046263345,0.4092526690391459,0.0,0.5647217928015429,0.2904854591190815,-0.06911872327327728,0.9691577698695136,0.003677559214309001,0.011352739522046872,2.600743251833515e-09,0.0017822122215049568,1.0,0.03202846975088968,1.0,0.43297746144721233,0.0,1.0
56,120278483,-22.453838148619955,-68.6805850622053,1.748449794239026,1000,False,False,False,22.44288868799232,0.15297099020424149,18.148410177423496,0.05828582638607916,0.3468256608110645,0.14165584094664965,0.08497003682176907,0.025519602762441158,3.719329833984375e-05,0.12998294830322266,0.05630994960665703,0.587,0.221,0.5489848889410496,0.5636383240716532,0.5575248215347528,0.09796977788209915,0.987,0.018605552077829737,0.010694218725077071,0.0026146806351181363,0.001748449794239027,0.0,0.0,0.0,0.494,1.0,0.0
57,2011373962,187.2723270736635,150.06519476549835,1.4138088205443355,800,True,False,False,38.909886593099564,0.2206243485848589,33.60116580905243,0.05420469849841519,0.434131403670893,0.05423187741909611,0.12740735581997858,0.0,0.00018815994553733617,0.05422963947057724,0.0004926776746287942,0.35375,0.105,0.0,0.5350808674748987,0.25565887309610846,-0.06928049027919769,0.93875,0.0021350405114198504,0.02720735042558789,1.3003716260034937e-08,0.001767261025680418,1.0,0.03625,1.0,0.17875,0.0,1.0
58,1117234558,178.6668409710751,144.63230591341883,1.2943023371770748,731,True,False,False,31.400493684803436,0.14185201823260307,27.274002721003722,0.007166055941451146,0.4310720186402468,0.016603221337880877,0.11064338115379276,0.0,0.00017051697068382055,0.016578292474150658,0.0009094929555431008,0.4186046511627907,0.20656634746922026,0.0,0.5335654401884156,0.11205224527046084,-0.06954744458198547,0.9220246238030095,0.001578424564226684,0.01185605986074583,2.6007432520503554e-09,0.001770591432526778,1.0,0.0533515731874145,1.0,0.25718194254445964,0.0,1.0
59,1707184565,4.270694040827081,-67.81882839840063,3.7686348292818743,778,False,True,False,63.326584823651444,0.25690928778883193,57.47374942415215,0.1450507306385645,0.4151296040796633,0.19676541793087912,0.13111249146705292,0.03160850431045107,0.06801004707813263,0.1924075186252594,-0.04118223488330841,0.35732647814910024,0.0,0.0,0.47176376090031585,0.1224747858196497,-0.06559886038303375,0.8033419023136247,0.012171384792745694,0.02903961091271782,0.006402603364605772,0.004844003636609087,0.0,0.12982005141388175,1.0,0.26735218508997427,1.0,0.0
60,2024064892,-17.56472028926362,-53.28447262111658,1.3506501554568635,773,False,True,False,38.09513402570891,0.25128759948753027,32.32666538118186,0.21486376607850977,0.5334240727992265,0.23551099553533678,0.15848492152075377,0.022175937071999482,0.0020973205100744963,0.2317127287387848,-0.042126480489969254,0.0,0.0,0.0,0.5395197905031549,0.387356267538853,-0.04839259386062622,0.944372574385511,0.0026166159131905545,0.03628941546340287,0.02217085931226622,0.0017472835128808087,0.0,0.00129366106080207,1.0,0.21345407503234154,1.0,0.0
61,2087047656,46.555066108144814,-41.09527775740018,4.510022924369668,1000,False,False,False,10.017607758747058,0.17378436912621015,5.410928564348737,0.3768844994513981,0.625284459345235,0.3796356161658865,0.1033598329268478,0.014823263910423911,0.37574443221092224,0.37834805250167847,0.031240234151482582,0.0,0.0,0.0,0.38708226204104723,0.17729020671918988,-0.08866582810878754,0.692,0.01587820594466201,0.022077495425307164,0.009660567440140648,0.004510022924369671,1.0,0.303,1.0,0.5,1.0,0.0
62,714619600,196.4387452939089,158.56598906072588,1.3635170822122014,871,True,False,False,14.681707814038903,0.1887105017617843,9.851365994814795,0.06301489364324979,0.6967064624316527,0.06389353141475335,0.19922385485236563,0.0,0.06168031692504883,0.06387977302074432,0.0013258791295811534,0.2881745120551091,0.2020665901262916,0.0,0.4951243986891613,0.28777725785970687,-0.06941210478544235,0.9024110218140069,0.002617757639478196,0.04018941028349156,5.201486504100711e-09,0.0015654616328498296,1.0,0.04362801377726751,1.0,0.1653272101033295,0.0,1.0
63,1075806674,-83.64089864874259,-88.8446481924699,0.20558330291515525,106,False,False,True,-31.663085557468467,0.17143545046794936,-35.54539294779267,1.4686607792885336,1.4831984768024529,1.4764883991369446,0.610874723987924,0.36451675469751177,0.3834266662597656,1.0010945796966553,1.0852776765823364,0.0,0.0,0.5845901370048523,0.51008137810167,0.573892410993576,0.1691802740097046,0.9056603773584906,0.09466020921767107,0.11918069053381138,0.0013982740049946901,0.0019394651218410874,0.0,0.0,0.0,0.0,1.0,0.0
64,1380583167,187.76572755463417,152.14098894101713,1.3816492409078056,745,True,False,False,61.42041603475465,0.18100879018832594,56.70640426432379,0.015132149425630136,0.3507838901998581,0.04949579700261324,0.11924061388469163,0.0,0.00015878677368164062,0.049485016614198685,0.0010329819051548839,0.4818791946308725,0.30604026845637583,0.0,0.5686310568161859,0.21223427928984165,-0.06941812485456467,0.9570469798657718,0.0018670504990363384,0.015733375647833187,1.0402973008201422e-08,0.0018545627394735635,1.0,0.04429530201342282,1.0,0.14899328859060404,0.0,1.0
65,1527789836,86.58978145986327,-30.518275594781088,6.4738704703096355,1000,False,False,False,52.690543772927285,0.22629752949729925,47.29616717296258,0.12385220850466395,0.2872288174289017,0.15200359078896877,0.08241196894325774,0.022769645869906183,0.0007899284246377647,0.15188494324684143,-0.0060046338476240635,0.664,0.0,0.0,0.33820589483878577,0.12090161943808198,-0.07816752046346664,0.574,0.010420346623231401,0.020177322120500635,0.006841799980177547,0.0064738704703096416,0.0,0.296,1.0,0.629,1.0,0.0
66,1377783636,163.46253175698212,120.45705478516864,1.6776984647875646,892,True,False,False,57.517918543577686,0.23373658945584702,52.01212533866013,0.03837006369371952,0.2929081180435497,0.042664427733644275,0.09076536540283815,0.0,0.0332825668156147,0.04264945909380913,-0.0011300587793812156,0.5807174887892377,0.3845291479820628,0.0,0.5622269729519839,0.23179885108023882,-0.06906282901763916,0.9663677130044843,0.002832706468515265,0.018287574184141488,2.600743252267196e-09,0.00188082787532238,1.0,0.034753363228699555,1.0,0.5347533632286996,0.0,1.0
67,282964358,-63.93149107352358,-83.30006513842878,0.6899049376603428,451,False,True,False,5.384796425180837,0.13287155589221383,1.4132262702045841,0.4036179499772123,0.830263313677177,0.4036179499772123,0.1573510952691498,0.04863134485719752,0.39924192428588867,0.39924192428588867,0.05927339568734169,0.0,0.0,0.5811769515275955,0.5708009732877857,0.5642108468711377,0.16235390305519104,0.9866962305986696,0.009974941383331217,0.020985801847670637,0.026094783683911008,0.0015297226999120691,0.0,0.0,0.0,0.0022172949002217295,1.0,0.0
68,679598937,-29.42808238934374,-87.60708082618017,2.545266562455769,1000,False,False,False,26.563614687491413,0.19001246091977644,21.713514116189597,0.1866522249272825,0.4021973237102051,0.25301553992569226,0.09375277061482216,0.08526797306922808,0.18664312362670898,0.25185737013816833,0.02418116107583046,0.087,0.0,0.5661180838942528,0.5626587579075131,0.542180625833571,0.13223616778850555,0.994,0.009753350256028461,0.013385500608900244,0.0013654597771980068,0.0025452665624557708,0.0,0.0,0.0,0.511,1.0,0.0
69,964498172,191.24741672442747,147.71079252004796,1.657108280291985,934,True,False,False,49.85370469027426,0.21841301548984687,44.57767706863022,0.008986311800492983,0.344849560675584,0.009013346007801624,0.1320992464729979,0.0,4.920959327137098e-05,0.008962726220488548,0.0009539103484712541,0.5182012847965739,0.32548179871520344,0.0,0.5409954676902663,0.2667747520050034,-0.06952963769435883,0.9453961456102784,0.0002546907460347341,0.029176910663084647,2.6007432520503554e-09,0.0017742058675503057,1.0,0.029978586723768737,1.0,0.3747323340471092,0.0,1.0
70,538463003,289.3786774925187,270.67517008133484,0.7335671607456031,385,True,False,False,93.12089581634709,0.2218244252010067,87.83527207864996,0.0787081415724771,0.38052292805085625,0.07873589622193151,0.2523056797612753,0.0,0.00016880035400390625,0.0787343978881836,0.0004857396997977048,0.5298701298701298,0.2675324675324675,0.0,0.5637019588388261,0.25441895708907397,-0.06932158023118973,0.9272727272727272,0.004730085209892251,0.05011882469258556,5.201486504534392e-09,0.0019053692486898789,1.0,0.07532467532467532,1.0,0.2623376623376623,0.0,1.0
71,569527992,12.627819152688614,-38.90129275093904,2.101940793575174,1000,False,False,False,56.95474665735454,0.1715665338572735,52.3813349919902,0.17962404201403953,0.3626543649398515,0.20474715197136312,0.08834686951732126,0.013215216213486139,0.17962102591991425,0.20473642647266388,-0.0020956897642463446,0.317,0.0,0.519777849316597,0.5725139678451232,0.5470911591686308,0.03955569863319397,1.0,0.006143696773122884,0.012682011339587167,4.2220465953463245e-05,0.0021019407935751718,0.0,0.0,0.0,0.455,1.0,0.0
72,828003095,175.7072656933219,129.34389413646412,1.780224770457186,983,True,False,False,50.72083056054732,0.21185063495898002,45.54317346595327,0.053377949881963004,0.3254139919801085,0.07998563319407076,0.1203177587076752,0.0,0.00011949539475608617,0.0799834281206131,0.0005939221591688693,0.6480162767039674,0.3021363173957274,0.0,0.543442513566324,0.25826823808252813,-0.06916742771863937,0.943031536113937,0.003493139209935892,0.022895466242376268,7.802229756367907e-09,0.001811011974015448,1.0,0.028484231943031537,1.0,0.491353001017294,0.0,1.0
73,954833235,186.532635251974,158.56121954792587,1.0647610469365354,600,True,False,False,29.999249760997063,0.1439812515317777,25.844341006603,0.07129842144197239,0.45162543169868635,0.07131577798792592,0.12661532720442129,0.0,0.050049684941768646,0.07131538540124893,-0.00023663282627239823,0.39666666666666667,0.25,0.0,0.5560703248873081,0.2932598944380879,-0.06918507814407349,0.9383333333333334,0.004324224596232098,0.010621838187990295,7.802229755500545e-09,0.0017746017448942246,1.0,0.045,1.0,0.25333333333333335,0.0,1.0
74,530674831,193.0271680913865,162.15640493495732,1.1487175437619384,682,True,False,False,50.81921675799619,0.22976884405789882,45.37479385546198,0.2706979692978866,0.6247705665329225,0.27072274736133844,0.13984063178996048,0.0,0.27065128087997437,0.27067604660987854,0.005028293002396822,0.0,0.0,0.0,0.5657606702461795,0.2665583881735802,-0.06791434437036514,0.9604105571847508,0.014120009879532316,0.027522647632951484,5.201486505401753e-09,0.0016843365744309946,1.0,0.04105571847507331,1.0,0.187683284457478,0.0,0.0
75,268805063,152.7100510705261,112.4161689043041,1.5395921444148157,860,True,False,False,28.198938227651652,0.18639024877064764,23.40343710830426,0.0409997459209989,0.3823458539571952,0.04102880584377867,0.10156555943935609,0.0,0.026455020532011986,0.04102134704589844,-0.0007823014166206121,0.5127906976744186,0.16279069767441862,0.0,0.5459415875245319,0.2571106431633234,-0.06905897706747055,0.9558139534883721,0.001483306768537906,0.015233481496754565,5.201486504100711e-09,0.001790223423738157,1.0,0.03255813953488372,1.0,0.386046511627907,0.0,1.0
76,386459433,204.9093481449903,172.80320830762534,1.2297426558243516,683,True,False,False,46.73868730101707,0.17662087455683334,42.09146284341552,0.04791232251482534,0.4434108768908918,0.06715217004968486,0.14597770073397157,0.0,0.02704162523150444,0.06714925915002823,0.0006252503371797502,0.4158125915080527,0.18740849194729137,0.0,0.55724149734474,0.20188399415754246,-0.069400355219841,0.9531478770131772,0.00415215097026219,0.017559039172235214,0.0,0.0018005016922757729,1.0,0.048316251830161056,1.0,0.10688140556368961,0.0,1.0
77,1842675722,189.22999096699047,156.4115945889117,1.1865597585385872,751,True,False,False,32.67268923221769,0.24189316552968965,27.045346284612073,0.12627363470210998,0.6025716168051986,0.12629556941787395,0.15550628241138786,0.0,0.12625932693481445,0.1262812614440918,0.0019010162213817239,0.15712383488681758,0.0,0.0,0.5520520927396897,0.1123312046378851,-0.0693507120013237,0.9467376830892144,0.0071609976519148195,0.03334609759955456,2.600743251833515e-09,0.001579973047321687,1.0,0.05459387483355526,1.0,0.04660452729693742,0.0,0.0
78,215035549,95.23361249780282,22.456456442439006,3.518477070357579,1000,False,False,False,50.68333509931253,0.26593806025359085,44.69435053800346,0.12734916168530747,0.4186552860934113,0.1318992436321082,0.12335370516202188,0.0038064424721162425,0.012263774871826172,0.1318974494934082,-0.000687959196511656,0.449,0.0,0.0,0.4500996670452878,0.0,-0.056076351553201675,0.777,0.0003627931587754075,0.02715449096694625,0.013613974040473518,0.0035184770703575773,1.0,0.174,1.0,0.394,1.0,0.0
79,839465270,188.90450508389642,152.22694507178073,1.4251706674743572,765,True,False,False,49.05298685342276,0.24567188175061602,43.36882475032423,0.034613390743774695,0.39468485699035966,0.03908803871518,0.13068189619139453,0.0,0.00011014938354492188,0.039063356816768646,0.0013888573739677668,0.4013071895424837,0.1450980392156863,0.0,0.5612777434752073,0.24169296182692052,-0.06953799724578857,0.9620915032679739,0.0013061625872320321,0.024223320144895318,0.0,0.0018629681927769366,1.0,0.0392156862745098,1.0,0.13202614379084968,0.0,1.0
80,609512609,13.050180035730502,-47.25786269729908,2.687202848868643,1000,False,False,False,24.963594088859594,0.22261124111475256,19.624511814633067,0.22554114423987687,0.5510526536707594,0.24080441761420152,0.13287926373977912,0.05202018039416585,0.18967953324317932,0.2406083047389984,0.009716544300317764,0.0,0.0,0.574045367538929,0.5243652166330139,0.38842077512294054,0.14809073507785797,0.935,0.040018994006970954,0.028407935721037177,0.0014805303125699082,0.002687202848868644,0.0,0.058,1.0,0.383,1.0,0.0
81,1146558410,196.5420805336908,169.01771534647628,1.0429576791476383,594,True,False,False,31.86965231934403,0.1627621513921706,27.43332904474324,0.014046541865401687,0.4369690597489957,0.01449566231382312,0.13638977348858933,0.0,3.585815284168348e-05,0.014487075619399548,0.0004988646251149476,0.3956228956228956,0.2558922558922559,0.0,0.5672709220041982,0.2717365574836731,-0.06941729038953781,0.9528619528619529,5.020474773719689e-05,0.019178682695878572,2.6007432520300266e-09,0.001755821008666058,1.0,0.04713804713804714,1.0,0.24579124579124578,0.0,1.0
82,1891899470,230.12537480718453,203.82614376113924,1.0279487364030238,544,True,False,False,43.02153664405653,0.23445837775179848,37.51310551504829,0.09766335819661931,0.5289153274727404,0.09769082686350063,0.17480635056691862,0.0,0.0011464118724688888,0.09768505394458771,0.0010620212415233254,0.28308823529411764,0.0625,0.0,0.5352283166096586,0.21303335085511207,-0.06935738027095795,0.8988970588235294,0.005705316790932248,0.035941352465255504,0.0,0.0018896116477996768,1.0,0.06066176470588235,1.0,0.08455882352941177,0.0,1.0
83,1915251784,4.916538897086809,-43.53788092199767,1.896961321272305,1000,False,False,False,45.585297205148734,0.2250112436300194,40.21021489319349,0.2841463478827795,0.5386636354710751,0.2841463478827795,0.1086657408430093,0.04030831664693514,0.2836736738681793,0.2836736738681793,0.016382727771997452,0.0,0.0,0.5304019134491682,0.568155604392523,0.5421032958105206,0.06080382689833641,0.999,0.006048133112512836,0.024539447772533043,0.0017458776447164528,0.0018969613212723023,0.0,0.0,0.0,0.408,1.0,0.0
84,1313639606,171.1236359290778,134.9840257385605,1.3706406793678259,779,True,False,False,47.31516201767568,0.21147424044781318,42.14384428911851,0.022932967450268148,0.30948433858909963,0.023752004363320613,0.09793481282927355,0.0,4.043579247081652e-05,0.02374563179910183,-0.0005501651903614402,0.5969191270860077,0.3196405648267009,0.0,0.5595017186771308,0.2916198694705963,-0.06921685487031937,0.9666238767650834,0.0018892187468772868,0.018125765907708154,5.20148650388387e-09,0.0017594873932834695,1.0,0.03337612323491656,1.0,0.4813863928112965,0.0,1.0
85,695909292,80.17366728505877,-62.66370301647168,8.189158020102033,1000,False,False,False,24.25650361641544,0.23205059001392844,18.775831108701297,0.595208143072807,0.8273901196994159,0.5952168735126179,0.1284046952225085,0.009880030219592495,0.3062872886657715,0.5951681137084961,0.007618591655045748,0.0,0.0,0.5161898527294397,0.3171132426354161,0.061865136158885434,0.03237970545887947,0.558,0.06694665271362847,0.04602235941593814,0.00925289313315511,0.008189158020102045,1.0,0.332,1.0,0.452,1.0,0.0
86,657540159,170.7649154894986,138.2850375379536,1.214658530102987,713,True,False,False,26.501222941166148,0.16530463413638463,22.02319841225778,0.15624136253229545,0.49897068751655577,0.15693937970329724,0.12624069886045988,0.0,0.15495367348194122,0.15693683922290802,0.0008929705363698304,0.2903225806451613,0.0,0.0,0.5402548148206645,0.27039711341261863,-0.06864730268716812,0.94109396914446,0.007582532620062054,0.012214303777745635,2.6007432527008767e-09,0.0017035884012664604,1.0,0.03927068723702665,1.0,0.33660589060308554,0.0,0.0
87,1508100295,207.99539741160098,171.03782400896344,1.4198382268425145,783,True,False,False,53.786458657407216,0.2558120361783146,47.95004263211738,0.029686663349436346,0.3664227916442508,0.029719970866831005,0.15255018472335352,0.0,0.001459407852962613,0.02971496619284153,0.000545392045751214,0.49169859514687103,0.28991060025542786,0.0,0.5525607874515581,0.29749807819724083,-0.06946162134408951,0.9527458492975734,0.002240493985885104,0.03248151411826243,7.802229755934226e-09,0.0018133310687643868,1.0,0.034482758620689655,1.0,0.19029374201787994,0.0,1.0
88,226019867,-104.6203424917534,-108.75028482128272,0.20599615530195547,52,False,False,True,-67.20879823108997,0.1968545636054713,-70.97568379236904,1.5731144407747042,1.640346424959739,1.695262027517012,0.6051269229502987,0.4638473327567649,0.6961453557014465,1.0026297569274902,1.3669846057891846,0.0,0.0,0.576214998960495,0.5515520275713732,0.5529863285645843,0.15242999792099,1.0,0.11079397199650735,0.12449035621040358,0.00018989586929026026,0.003961464525037607,0.0,0.0,0.0,0.0,1.0,0.0
89,667780743,-8.863513522568958,-58.6078578400341,1.9829562878310099,1000,False,False,False,21.674657397135924,0.20305214918229864,16.628961501896324,0.1307312485346275,0.4353240204427426,0.1307312485346275,0.10487862930206751,0.06854588434088692,0.13026218116283417,0.13026218116283417,0.011064515449106693,0.387,0.0,0.582313559949398,0.5617955893053731,0.5585980392992497,0.16462711989879608,0.988,0.011612819263392225,0.017935583601069043,0.0018573617551438052,0.00198295628783101,0.0,0.009,1.0,0.353,1.0,0.0
90,498383730,9.630106285214518,-36.252725254534134,1.7255221026499132,1000,False,False,False,44.25076004746557,0.16698141469738714,39.74612516949956,0.04253081297733316,0.32795158726739765,0.04253081297733316,0.08739109900619717,0.031895386583353454,0.026166344061493874,0.026166344061493874,0.03352897986769676,0.581,0.243,0.555964432656765,0.5729389752447606,0.5592800667509437,0.11192886531352997,1.0,0.0059953562296993805,0.01131621870278962,0.0029935009960940237,0.0017255221026499124,0.0,0.0,0.0,0.517,1.0,0.0
91,588981715,68.43182768238489,-11.631694233954265,4.0042347944226035,1000,False,False,False,22.62954847976376,0.15954181754169927,18.23650755913309,0.17296359877889952,0.636660822828774,0.18739738696298702,0.11462437929951941,0.015657276234029696,0.17290087044239044,0.1872115135192871,-0.008344450034201145,0.247,0.0,0.5045330068096519,0.46750024749792646,0.1309706264315173,0.009066013619303703,0.819,0.01634825647780425,0.02080427631815855,0.007412555843339098,0.004004234794422603,1.0,0.109,1.0,0.254,1.0,0.0
92,742924764,18.811053932993758,-39.96920755815765,2.5853507660767607,1000,False,False,False,29.517465555560324,0.20771164378613982,24.401877241263005,0.2499479761056768,0.5378455762184235,0.2499479761056768,0.1289942180378949,0.03143560474787675,0.0029889107681810856,0.2486550360918045,0.025390230119228363,0.0,0.0,0.5401118732988834,0.5484668232954573,0.5415784156695008,0.08022374659776688,0.983,0.006008115476093843,0.026424684648020516,0.0007805545703737857,0.002585350766076761,0.0,0.002,1.0,0.396,1.0,0.0
93,2053789632,193.49026621412497,160.05923430063638,1.2940687942325673,701,True,False,False,41.42434866126494,0.2340282550335361,35.915667851901695,0.020349613128636368,0.3582028999442361,0.03170881742978966,0.12256171982050976,0.0,2.2602082026423886e-05,0.03170070797204971,0.0007170891622081399,0.5221112696148359,0.33666191155492153,0.0,0.5433789950884486,0.14703999549150468,-0.06941776722669601,0.9300998573466477,0.0009427541494944527,0.023405987573061483,2.6007432520503554e-09,0.0018460325167368986,1.0,0.05563480741797432,1.0,0.3338088445078459,0.0,1.0
94,1243069214,163.15085642533353,124.3890212270089,1.4681223465549877,837,True,False,False,39.36740757577439,0.16978686575496724,34.82104890127696,0.05038658821824107,0.40058483520176547,0.05039133085833099,0.10711954539211324,0.0,0.0002613067626953125,0.05038614198565483,0.0007231330964714289,0.4348864994026284,0.08363201911589008,0.0,0.5543252874795557,0.32011480957269667,-0.06934727728366852,0.970131421744325,0.0019248685975509481,0.014325544278857873,2.6007432520503554e-09,0.0017540290878793165,1.0,0.03106332138590203,1.0,0.35005973715651134,0.0,1.0
95,432678313,-91.3828242785763,-97.03201690367747,0.21527950834007825,121,False,False,True,-30.576763613521337,0.17799081813033385,-34.65385271067793,1.5532404079456532,1.6216156319775454,1.6436747025591725,0.3049662746840083,0.10657587721683247,0.6432994604110718,1.0006039142608643,1.3040162324905396,0.0,0.0,0.5354257076978683,0.5306761643064232,0.5540176335349679,0.0708514153957367,0.9752066115702479,0.06646233710374885,0.09099935796522154,0.0017866065844148737,0.0017791694904138711,0.0,0.0,0.0,0.0,1.0,0.0
96,634649199,210.24827925064034,177.74695696446742,1.292088152411518,656,True,False,False,60.06670212653772,0.2069207526857376,54.9656306286203,0.06952289451662615,0.465025089391788,0.06955054804751745,0.1270820421396773,0.0,0.06950779259204865,0.06953544914722443,0.0014491534093394876,0.21951219512195122,0.0975609756097561,0.0,0.5263549638786971,0.1091968569214805,-0.06940803676843643,0.9192073170731707,0.0029133447886948165,0.012855707263082817,2.600743251833515e-09,0.0019696465737980466,1.0,0.0625,1.0,0.12804878048780488,0.0,1.0
97,37235637,177.68558969029533,135.1185551025402,1.5858023058503474,939,True,False,False,22.868916799358544,0.22064043553031734,17.559469662515347,0.041822922488141366,0.5337267698943857,0.047991500970909914,0.1547934129272384,0.0,0.021799851208925247,0.04798002168536186,0.0010496116010472178,0.402555910543131,0.28647497337593186,0.0,0.5454276937854726,0.2619182327389717,-0.06955152750015259,0.9456869009584664,0.0031967728130223817,0.029174912076586734,2.600743251833515e-09,0.0016888203470184738,1.0,0.0308839190628328,1.0,0.19488817891373802,0.0,1.0
98,1305772342,191.66239716405983,159.41238048999773,1.2460011116041385,678,True,False,False,30.651246831022696,0.22172707037816294,25.327537076721978,0.0945256028074722,0.4897242581721167,0.11191187152205465,0.14434980537813147,0.0,0.04702634736895561,0.11191187053918839,-1.4832019587629475e-05,0.4424778761061947,0.045722713864306784,0.0,0.546994140044069,0.2725812976062298,-0.06901009380817413,0.9321533923303835,0.006360503183027716,0.027767638332243782,0.0,0.001837759751628521,1.0,0.04129793510324484,1.0,0.24041297935103245,0.0,0.0
99,1165275128,176.19248213674877,150.1407047664173,0.9621184913554299,581,True,False,False,24.3154844458095,0.1644586495397615,19.854426781213533,0.11656476122500395,0.5008362370899668,0.11693488981377251,0.12393426685041108,0.0,0.11139726638793945,0.11693267524242401,0.000719664094503969,0.2633390705679862,0.0,0.0,0.5477029340319246,0.17284342899918556,-0.06894440948963165,0.9345955249569707,0.005453020963703114,0.01612850636416822,2.0805946016402843e-08,0.0016559698646392952,1.0,0.06368330464716007,1.0,0.11015490533562823,0.0,0.0
100,583811102,11.800494115007996,-32.895933483130655,1.6464285065425726,1000,False,False,False,7.758521652174033,0.1911867805839995,2.8908062859088504,0.07094937086910276,0.5441946697267825,0.10302669388254518,0.14146286894376278,0.015587854213167279,0.00014820098294876516,0.08200178295373917,0.062371525913476944,0.377,0.19,0.5589851066470146,0.5616913575581275,0.5631524570286274,0.11797021329402924,0.989,0.009537517174285703,0.026618060986105953,0.0002597700382425631,0.001646428506542573,0.0,0.0,0.0,0.209,1.0,0.0
101,1168068246,66.9055763132404,21.505602122857546,1.6933316126921945,1000,False,False,False,19.13363680917144,0.24408408583735688,13.472461864105874,0.05692694037838958,0.5977296888360539,0.05695602673696687,0.15639292279848188,0.00027106520338573563,0.05692596361041069,0.05695505067706108,-0.00033344270195811987,0.337,0.175,0.0,0.5562102807736956,0.47963844139128925,-0.06931004673242569,0.972,0.0036803598896985317,0.028059692239247546,7.027208266986414e-05,0.0016933316126921927,1.0,0.012,1.0,0.193,1.0,1.0
102,555937879,203.03780559636647,165.9557630759939,1.3974695013581675,806,True,False,False,37.44976213017507,0.239818305106357,31.853094285496475,0.05537049807916595,0.49024899211881284,0.055460794709155374,0.17271556935539983,0.0,0.00285167689435184,0.0554414764046669,0.001463708933442831,0.30893300248138955,0.16129032258064516,0.0,0.5507854431654989,0.27120336808264256,-0.0696297138929367,0.93424317617866,0.0035948542785228053,0.0344914234027175,0.0,0.001733833128235942,1.0,0.034739454094292806,1.0,0.13027295285359802,0.0,1.0
103,800230316,162.76990867168644,129.10197749041987,1.2698620787510992,731,True,False,False,23.33066082674173,0.1358232760353526,19.29460099590082,0.03740840938433554,0.4426340036990652,0.03740859860715677,0.10733311776463994,0.0,2.8514861696748994e-05,0.03740806505084038,-0.00019979715580120683,0.34199726402188785,0.17099863201094392,0.0,0.5443482316129684,0.2695661357045174,-0.06919840723276138,0.948016415868673,0.0012739085757864828,0.013584711891900473,0.0,0.0017371574264720923,1.0,0.038303693570451436,1.0,0.26812585499316005,0.0,1.0
104,1458649717,-12.7934243977071,-27.69174306054032,0.5438879108555541,337,False,True,False,46.191187953575174,0.20094829870599454,41.24458587216051,0.4018702857279197,0.8648276255093703,0.4018702857279197,0.221591149550785,0.14257604999455623,0.39625710248947144,0.39625710248947144,0.06693306565284729,0.0,0.0,0.6191577315330505,0.601983904838562,0.6063886539638043,0.23831546306610107,1.0,0.015562346977074532,0.028812496551568877,0.0021830287757205052,0.001613910714704909,0.0,0.0,0.0,0.0,1.0,0.0
105,1478023289,145.5204810882918,97.73570302242214,1.9283185377246466,943,True,False,False,30.719254136821522,0.16546538082512657,26.237426539713436,0.10561368080201,0.4446674149029826,0.10564095627664852,0.09737293739630408,0.0,0.10560941696166992,0.10563669353723526,0.0009490108350291848,0.4252386002120891,0.0,0.0,0.5256543070905519,0.2222502538561821,-0.0690743550658226,0.9310710498409331,0.0048454951422585435,0.010118493158892669,0.0,0.0020448764981173336,1.0,0.05090137857900318,1.0,0.35100742311770944,0.0,0.0
106,952651705,47.600284175125175,-57.5505556734657,5.676722656572728,1000,False,False,False,14.373346291057,0.2017079288934169,9.347813700150557,0.5365503040433931,0.7282484085499181,0.5607964277098575,0.09729137511720165,0.008030026291461094,0.35316142439842224,0.5488051176071167,0.11534979939460754,0.0,0.0,0.501220395672135,0.31809636567682903,0.150689964867197,0.00244079134427011,0.575,0.014249697242166444,0.027482490950813246,0.010218997730845012,0.005676722656572731,0.0,0.258,1.0,0.608,1.0,0.0
107,621463961,-47.13144014179708,-52.26997211900822,0.21990213181407564,92,False,False,True,-2.5566888993131442,0.19323142009012828,-6.661804587821024,1.3153801097274669,1.3595051598490315,1.3153801097274669,0.5520738262884658,0.3350667568163117,0.5644896626472473,1.0021820068359375,0.8519718647003174,0.0,0.0,0.5964391902089119,0.6366185355607582,0.6105129334330559,0.1928783804178238,1.0,0.09484077362017304,0.12171699663600463,0.0004127275511242451,0.0023902405631964748,0.0,0.0,0.0,0.0,1.0,0.0
108,1251300265,28.719269809406295,-26.205389899807397,2.328310647280907,1000,False,False,False,40.78874975371342,0.20059403570344758,35.77992556065664,0.13823911206395612,0.3868933775971668,0.139178143009811,0.09369653055971323,0.017233024640915782,0.13822698593139648,0.13916845619678497,-0.0016420388128608465,0.4,0.0,0.5347638539969921,0.5523341240575537,0.375159562677145,0.06952770799398422,0.964,0.006520235632080925,0.01590869666123449,0.004136652491037528,0.0023283106472809043,1.0,0.037,1.0,0.429,1.0,0.0
109,413166735,-90.64080890761689,-95.58126099667227,0.20669680593702577,92,False,False,True,-40.48975622734786,0.17852167197799343,-44.37422569417372,1.478143382082188,1.4914636499154335,1.49483643596551,0.6234862383932016,0.42291903546198595,0.45422354340553284,1.0022579431533813,1.1090604066848755,0.0,0.0,0.58336041867733,0.5508723522070795,0.574556824490428,0.16672083735466003,0.9891304347826086,0.10078650961918112,0.12232014291888853,0.0010527912713949455,0.002246704412358975,0.0,0.0,0.0,0.0,1.0,0.0
110,78844491,197.61136457407838,159.82128811606682,1.392671763867432,845,True,False,False,51.875469166420224,0.24986266110399682,46.127939236241275,0.13067799298338462,0.5989526586357862,0.13069431367253567,0.16035860279430228,0.0,0.13064555823802948,0.13066187500953674,0.002911708317697048,0.13727810650887573,0.0,0.0,0.5566573915363857,0.1390810465812683,-0.06955316662788391,0.9550295857988166,0.007425634981153557,0.025973952868386174,5.20148650366703e-09,0.001648132264931871,1.0,0.046153846153846156,1.0,0.05562130177514793,0.0,0.0
111,288548080,204.97740611908955,172.1430679770208,1.2836225428045798,679,True,False,False,52.56535445943104,0.23441951631786434,47.05123605302095,0.08644598145179226,0.49370514459362025,0.08647325740648154,0.1448793932508435,0.0,0.08644571155309677,0.08647298812866211,0.00021580219618044794,0.27393225331369664,0.09425625920471281,0.0,0.5625478223018315,0.2258434179238975,-0.06922155618667603,0.9543446244477173,0.00510606263340076,0.02065029230777287,5.201486504534392e-09,0.0018904602986812681,1.0,0.047128129602356406,1.0,0.17673048600883653,0.0,1.0
112,1758747646,30.22247069962331,-17.640423538789268,1.8575262825608438,1000,False,False,False,42.72032443025714,0.24499048761201392,37.04555345857173,0.002320016728245475,0.3672265594826902,0.0273986656214067,0.1263583629813076,0.019016234239587565,6.103515625e-05,0.01625795289874077,0.022053703665733337,0.458,0.266,0.5489728078246117,0.5782974690236151,0.5505202808231116,0.09794561564922333,1.0,0.00013817747882122745,0.026106019635290943,0.001536387948471002,0.0018575262825608423,0.0,0.0,0.0,0.237,1.0,0.0
113,60265409,239.86117711323305,207.70113459546712,1.2720028345177263,654,True,False,False,59.608521467290196,0.23772225030600988,54.04548313395154,0.03422590099369918,0.4421558097399301,0.04551302239202479,0.1766429736983167,0.0,7.276535325217992e-05,0.04551219940185547,0.0002737021422944963,0.36085626911314983,0.22782874617737003,0.0,0.5538089868238065,0.20403738854452969,-0.06937848776578903,0.9510703363914373,0.0030378956834061837,0.038184634982510755,5.201486504100711e-09,0.0019449584625653297,1.0,0.047400611620795105,1.0,0.1452599388379205,0.0,1.0
114,721080364,-84.0618717146921,-89.03698369659756,0.18500746546036445,110,False,False,True,-28.068934473004088,0.14408103825625648,-31.568083870205907,1.5001834827398322,1.5701783646207048,1.5001834827398322,0.5060082619448661,0.3544106821131115,0.49532002210617065,1.0014625787734985,1.1169705390930176,0.0,0.0,0.6166821643710136,0.47074487369020723,0.59823944658041,0.23336432874202728,0.8272727272727273,0.08393049443182345,0.09386185116479301,0.00044546570718079215,0.0016818860496396759,0.0,0.0,0.0,0.0,1.0,0.0
115,229601205,173.26696008576255,147.19899414875033,0.9725310624674791,574,True,False,False,18.396010969508584,0.15908206014653598,14.016026494681324,0.08002731949918362,0.5218400037484824,0.0803050198888975,0.11798601979101733,0.0,0.0003338813839945942,0.08030471950769424,-0.0002196455025114119,0.2857142857142857,0.09407665505226481,0.0,0.5514256384376114,0.3017322644777596,-0.06899423152208328,0.9512195121951219,0.003534544017786937,0.012457755460878418,7.802229755934226e-09,0.0016943049868771414,1.0,0.04878048780487805,1.0,0.1602787456445993,0.0,1.0
116,1515063585,-49.185089679495995,-67.78234207022282,0.6598168260484537,435,False,True,False,5.553575724184348,0.13401385564263313,1.5686224401954423,0.347168455229237,0.7429986747566236,0.347168455229237,0.1504613944070538,0.03243424364481886,0.33515721559524536,0.33515721559524536,0.0905294269323349,0.0,0.0,0.5067760050296783,0.5375270225454909,0.3854739128547953,0.01355201005935669,0.9333333333333333,0.053640183931507074,0.02866165631176219,0.0010807388583812735,0.0015168202897665605,0.0,0.0,0.0,0.19770114942528735,1.0,0.0
117,582664441,164.39919245406045,128.05399075802234,1.393680113069223,772,True,False,False,40.691089096093194,0.20413717589014785,35.62988534439358,0.07632665120782212,0.3250476197343702,0.10883368772851718,0.11874799512464751,0.0,9.813308861339465e-05,0.1088247299194336,0.0013963318197056651,0.5984455958549223,0.09844559585492228,0.0,0.5563901923204787,0.2750463503599167,-0.06914348155260086,0.9585492227979274,0.005003183082022751,0.024276465127044504,2.600743251833515e-09,0.001805285120555988,1.0,0.03626943005181347,1.0,0.3134715025906736,0.0,0.0
118,1930167067,26.535204445966638,-19.134442711168354,1.7113098104756594,1000,False,False,False,24.574076282708965,0.25828830613208137,18.699838033222534,0.0759518920962913,0.5304504699741075,0.0759518920962913,0.15212037408272278,0.06053056417604981,0.05438404157757759,0.05438404157757759,0.053019486367702484,0.261,0.096,0.5481109507381916,0.5698057888757904,0.5567923457175493,0.09622190147638321,0.992,0.015080223793756368,0.030944540239372296,0.002930331543245455,0.0017113098104756582,0.0,0.0,0.0,0.095,1.0,0.0
119,1027610996,183.27061701063045,152.1710308947005,1.2079724077286758,649,True,False,False,23.552371846193267,0.15628408599422283,19.211050041558238,0.11171833235816721,0.5370596012238348,0.11172821059588502,0.1349964766792495,0.0,0.11171092838048935,0.11172084510326385,0.0012828921899199486,0.28197226502311246,0.0,0.0,0.5269173909529745,0.10869006734341383,-0.06909877806901932,0.9137134052388289,0.005160541377579763,0.019228610501639216,1.0402973008201422e-08,0.0018612826005064338,1.0,0.06471494607087827,1.0,0.1679506933744222,0.0,0.0
120,2058213044,56.03259153827392,-28.168823339516006,4.280094325186002,1000,False,False,False,40.04341080067461,0.2007757040402551,35.03186158256553,0.6921773865031045,0.8845071213903528,0.7564483317685643,0.09882780717287507,0.0194957796508962,0.6906839609146118,0.7527145147323608,-0.0750662237405777,0.0,0.0,0.0,0.31720853581480335,0.010024031065404415,-0.009452727623283863,0.55,0.016811216084469824,0.03277652631421812,0.013915254663671581,0.004280094325185999,0.0,0.216,1.0,0.481,1.0,0.0
121,739874895,57.08703386909329,9.643873961385683,1.8295439938471494,1000,False,False,False,91.69329054623539,0.22461105074946103,86.32421112748838,0.04827835848590037,0.23743913535677438,0.08201223502080866,0.12521419871465642,0.07436213333906784,3.337860107421875e-05,0.051830291748046875,0.06355806440114975,0.678,0.305,0.5499202609062195,0.5677986347633414,0.5236027872865088,0.09984052181243896,0.998,0.032465769812801845,0.02911969449779002,0.002372283561799138,0.0018295439938471514,0.0,0.0,0.0,0.374,1.0,0.0
122,594460151,189.1576275830506,142.14168894904742,1.8183959089335575,987,True,False,False,63.04807522787417,0.27074842967110435,56.9869471764558,0.044092594120816724,0.42665331036428034,0.044119294669613604,0.16558728959989935,0.0,0.00016918181790970266,0.04411754757165909,-0.00039263011422008276,0.46200607902735563,0.07396149949341439,0.0,0.5588178447821143,0.19883245065808297,-0.06913186609745026,0.9635258358662614,0.0016325188860437457,0.03269474887944387,2.6007432520503554e-09,0.00184234641229337,1.0,0.03546099290780142,1.0,0.09625126646403243,0.0,1.0
123,9883956,24.902748236653903,-37.00199345878226,2.7936494463624135,1000,False,False,False,34.81537583167415,0.15542586223803914,30.484074240598332,0.12339767791627065,0.39683963561364444,0.20445713764633963,0.105321212406333,0.00816941936095285,0.12251224368810654,0.20445632934570312,-0.0005749130505137146,0.529,0.0,0.5248429961502552,0.5249618017355678,0.518969994627405,0.049685992300510406,0.931,0.0060587981104036,0.013340973160482179,0.016864109350543808,0.0027936494463624106,0.0,0.047,1.0,0.442,1.0,0.0
124,2050880929,-2.4192597153304547,-21.07512157945598,0.6490574576083645,446,False,True,False,36.30495966180642,0.14358551589904858,32.17378828861224,0.37373607095486616,0.863785212828071,0.37373607095486616,0.17882349967362485,0.025279629744284833,0.3601594865322113,0.3601594865322113,0.09981881082057953,0.0,0.0,0.5180503502488136,0.522171486828047,0.38630603347555736,0.03610070049762726,0.9103139013452914,0.0596550216787216,0.02293217218332836,0.000381809915344096,0.0014552857793909526,0.0,0.0,0.0,0.11659192825112108,1.0,0.0
125,749775730,180.60036672302522,154.17975189450192,0.9720409885682194,592,True,False,False,22.044221442605554,0.16528761157508262,17.570119998580072,0.06479883956700744,0.5084892749840599,0.06482677208199138,0.1284926738322505,0.0,0.06478023529052734,0.06480817496776581,0.001552686677314341,0.30405405405405406,0.14527027027027026,0.0,0.5366802852596093,0.15732272855937482,-0.06945569813251495,0.9341216216216216,0.0026596999884501453,0.012570707064233543,1.0402973008201422e-08,0.0016419611293382094,1.0,0.060810810810810814,1.0,0.06587837837837837,0.0,1.0
126,1664184446,233.75487125026999,204.6534927798638,1.1080918980270758,624,True,False,False,51.84008215341635,0.21437512660033048,46.62823438086867,0.05508653688331003,0.4675770371765901,0.055087106772605386,0.1535131640426762,0.0,0.054934121668338776,0.05507936328649521,0.0009236192563548684,0.40705128205128205,0.14903846153846154,0.0,0.5343257419262022,0.3175725235044956,-0.06936922669410706,0.9182692307692307,0.0021657255432253855,0.023134918664063385,0.0,0.001775788298120313,1.0,0.04006410256410257,1.0,0.3157051282051282,0.0,1.0
127,1005736261,150.9699300401844,117.86814863727432,1.2187854268606735,741,True,False,False,16.183218716558127,0.16078940638036018,11.77254364942493,0.03137432437347812,0.4246558301587846,0.03140194685889985,0.09382935790242823,0.0,0.03133564069867134,0.03136329725384712,0.0015575146535411477,0.39541160593792174,0.24561403508771928,0.0,0.5391029388720469,0.2277692111581564,-0.06960275769233704,0.9433198380566802,0.0008955457830765015,0.009681904711178415,2.6007432520503554e-09,0.0016447846516338383,1.0,0.04048582995951417,1.0,0.3157894736842105,0.0,1.0
128,537036580,183.6289912207983,158.70921727372058,0.8879849298051854,580,True,False,False,18.351596495356652,0.16454768281408874,13.889262140519524,0.25513577389633857,0.6908380377917636,0.25516152387733604,0.16272093980236332,0.0,0.25513505935668945,0.2551608085632324,0.0006041860324330628,0.0,0.0,0.0,0.5364518927522646,0.21847907112911344,-0.06760916113853455,0.9258620689655173,0.012812080493626662,0.018065136797892886,5.20148650366703e-09,0.0015310084996641132,1.0,0.05517241379310345,1.0,0.13275862068965516,0.0,0.0
129,828663290,41.14207997194325,-5.202514839889993,1.7563063207888576,1000,False,False,False,46.997803645424916,0.24035463895123726,41.392570403651085,0.0376198855042141,0.4661518584509404,0.05062866576544771,0.13737737933150543,0.013113903448783248,0.0003008842468261719,0.049794770777225494,0.009151098318397999,0.348,0.138,0.5532847829163074,0.573397882306861,0.5945469509065151,0.1065695658326149,0.999,0.0012552250800835756,0.02749032477925444,0.00227626875350809,0.0017563063207888612,0.0,0.0,0.0,0.08,1.0,0.0
130,1427199343,278.96624004179586,258.3695420189165,0.8171132015252935,417,True,False,False,74.05020114238334,0.22554971997702597,68.69721793612925,0.10314149762551306,0.43070065158594106,0.10395003332188961,0.2598190322544819,0.0,0.00021429061598610133,0.10394878685474396,0.0005090570193715394,0.5059952038369304,0.0,0.0,0.5403753998901525,0.24209366887807846,-0.06918833404779434,0.9016786570743405,0.00599098047917784,0.05259456479364691,5.20148650366703e-09,0.001959504080396388,1.0,0.06954436450839328,1.0,0.2278177458033573,0.0,0.0
131,761445496,172.83442578590902,132.29003694710318,1.4922925892537258,908,True,False,False,17.55227010052728,0.22415492148184438,12.190163942341824,0.02899374309230595,0.6039899796868274,0.029020189988669225,0.14703250464770012,0.0,0.02897930145263672,0.029005717486143112,0.0009163951617665589,0.2544052863436123,0.10903083700440529,0.0,0.5464504561484282,0.30515710353851316,-0.0695464238524437,0.9548458149779736,0.0022192233195590127,0.026309594641455932,5.201486504100711e-09,0.0016434940410283308,1.0,0.028634361233480177,1.0,0.0473568281938326,0.0,1.0
132,2057742878,208.76482892632495,182.5819122283985,0.9681944465284305,583,True,False,False,43.731133225808875,0.1637013651346822,39.28131896792694,0.07159137183568526,0.5157796703500273,0.07161312065939322,0.16042920261183988,0.0,0.07158241420984268,0.0716041550040245,0.001133153447881341,0.2915951972555746,0.1423670668953688,0.0,0.5764864988842305,0.2920662544667721,-0.06950174272060394,0.9571183533447685,0.0043998577860231165,0.013138624149373748,2.600743251833515e-09,0.001660710885983587,1.0,0.044596912521440824,1.0,0.09605488850771869,0.0,1.0
133,1654955899,-94.98674211595207,-99.41053157160843,0.177585963710424,88,False,False,True,-42.32596652093451,0.15406616499772147,-45.81105965363255,1.5961937456391517,1.6628815894116336,1.6753674921364625,0.32004347722848986,0.16282768389442967,0.7303549647331238,1.0007855892181396,1.3436087369918823,0.0,0.0,0.5596986226737499,0.5069693675137718,0.5638919812440872,0.11939724534749985,0.9204545454545454,0.07445768244927664,0.09100582827053269,0.0003432200869704638,0.002018022314891182,0.0,0.0,0.0,0.0,1.0,0.0
134,999665527,0.48146099675211285,-53.90363587209382,2.292339791256397,1000,False,False,False,59.34400848112342,0.19405202726889512,54.43331441458484,0.2669683233477223,0.43831948529890385,0.2669683233477223,0.09383590156800972,0.04133329957025713,0.2653152346611023,0.2653152346611023,0.029663309454917908,0.0,0.0,0.5642306283116341,0.5742461826129583,0.570324009731412,0.12846125662326813,0.999,0.010711980967797841,0.0182772476897961,0.003571248957488657,0.0022923397912563994,0.0,0.0,0.0,0.541,1.0,0.0
135,1601570055,-54.724689977616066,-58.70354055395375,0.18525670508917935,60,False,False,True,-22.93226814473411,0.17108061728705168,-26.404164119258354,1.3779358125652852,1.4241148897524103,1.3780104886751463,0.6257434335434271,0.37919509880794966,0.6933670043945312,1.0023419857025146,0.9456338882446289,0.0,0.0,0.5891860723495483,0.6662675237903992,0.6530163009464741,0.17837214469909668,1.0,0.10156605640154474,0.1256485522715171,0.00018773205090456824,0.003087611751486324,0.0,0.0,0.0,0.0,1.0,0.0
136,12271510,237.63405458330524,216.83655716955553,0.7584998275833175,471,True,False,False,40.59503124548591,0.17155755311079213,36.03925555171288,0.08629727576715554,0.5618979615850777,0.08648611017425473,0.20022943130483037,0.0,0.08629407733678818,0.0864831954240799,0.0007100438815541565,0.2929936305732484,0.10828025477707007,0.0,0.5235661439919664,0.16309826970449648,-0.06915248930454254,0.9002123142250531,0.0038343297418910547,0.028820950940039964,7.802229755934226e-09,0.0016104030309624583,1.0,0.07855626326963906,1.0,0.07218683651804671,0.0,1.0
137,1787728803,37.576471530518106,-54.21965013203692,4.786408110836996,1000,False,False,False,42.048778083718915,0.184784313307264,37.27709972660474,0.35647914492162924,0.5247369131067224,0.3594121066457137,0.08586548420259223,0.009220231617354165,0.35630398988723755,0.3591904640197754,0.012620339170098305,0.0,0.0,0.0,0.4425127340584295,0.36266174500458875,-0.10278964787721634,0.795,0.012032300944741982,0.011711125422126581,0.012776362048349728,0.004786408110836992,0.0,0.193,1.0,0.643,1.0,0.0
138,1945554712,9.816056909644999,-37.292487778776284,1.8072363125614144,1000,False,False,False,40.69163992667508,0.18777618914830832,35.87508343194545,0.048730872818649316,0.39811820361779793,0.0602360765780144,0.11113243176705703,0.09398024038541619,0.00207176199182868,0.00207176199182868,0.060200437903404236,0.471,0.369,0.6126288175582886,0.5669612957951613,0.5854147336632013,0.22525763511657715,0.999,0.026860244840821636,0.017665268634384074,0.001869689928344246,0.001807236312561415,0.0,0.0,0.0,0.312,1.0,0.0
139,628675380,-83.3545914562419,-89.38917082554846,0.22097195795377128,136,False,False,True,-21.520294853952848,0.16243306854686723,-25.446971360763232,1.448672162446865,1.5023714257265832,1.448672162446865,0.47363547367004344,0.30537593585993844,0.40310725569725037,1.00211501121521,1.046143651008606,0.0,0.0,0.5926620960235596,0.49059988157001927,0.578894040286541,0.18532419204711914,0.8823529411764706,0.07913989415266423,0.09593240913382563,0.0008162484711362744,0.0016247938084836128,0.0,0.0,0.0,0.0,1.0,0.0
140,485269103,240.53909036470583,208.61000907142397,1.2059387528854557,692,True,False,False,53.91063836306234,0.2007584371059214,48.9011698340937,0.0131911000178984,0.48432844294524663,0.013220269485047025,0.17434488089710926,0.0,0.00010786056373035535,0.013206863775849342,0.0005952095962129533,0.3063583815028902,0.14017341040462428,0.0,0.5416146100221493,0.27846559181809427,-0.06944140046834946,0.9407514450867052,2.008293939217957e-05,0.035611714174676325,5.201486504060053e-09,0.0017426860590830276,1.0,0.04046242774566474,1.0,0.1546242774566474,0.0,1.0
141,1372997985,44.108619909678204,-4.43295712857811,1.902771802550425,1000,False,False,False,19.496769807216356,0.2126220542156955,14.30752533647572,0.1752401038873002,0.6395045878373071,0.1752401038873002,0.16165501706690394,0.03504919914819114,0.17310667037963867,0.17515306174755096,-0.005522587336599827,0.043,0.0,0.5295115169137716,0.5330142013854638,0.5313204685784876,0.05902303382754326,0.965,0.019648108124156325,0.030450724362662395,0.0010159075305946619,0.0019027718025504245,0.0,0.007,1.0,0.302,1.0,0.0
142,89323474,243.7486101895572,214.4202960526062,1.1205542757967195,626,True,False,False,56.405607610363596,0.24239577945439603,50.7733748403884,0.06710150769714891,0.433008858019951,0.06712916046783074,0.18570680417779703,0.0,0.0018300056690350175,0.06711997836828232,0.001110265264287591,0.45686900958466453,0.14057507987220447,0.0,0.540986357262721,0.2670558436214924,-0.06951286643743515,0.9169329073482428,0.004172142558547642,0.034505872636770483,2.600743251833515e-09,0.0017900228047870918,1.0,0.0463258785942492,1.0,0.33706070287539935,0.0,1.0
143,1586705974,-0.28348893525533136,-47.76019381815038,1.8317803255263239,1000,False,False,False,33.92968219335346,0.2101984270341425,28.776792130336233,0.10483355417043799,0.32632928457417765,0.10692761076698781,0.09220525030129009,0.016632474378485727,6.752014451194555e-05,0.10518980026245117,0.019199475646018982,0.633,0.0,0.5506986565887928,0.5643847455780487,0.5530740350484848,0.1013973131775856,0.984,0.002628743829160586,0.017650143568361823,0.0027314972444908723,0.001831780325526326,0.0,0.0,0.0,0.441,1.0,0.0
144,391638893,163.8659005822382,123.38381579546747,1.586805652451381,834,True,False,False,19.09358387878416,0.2148498022322428,13.871294757580182,0.0027226986003454825,0.46752210942538647,0.011543223544538482,0.1397240069462051,0.0,0.00015420913405250758,0.011467265896499157,0.0013220524415373802,0.3225419664268585,0.22182254196642687,0.0,0.5572924679935278,0.16753314964473248,-0.0696062445640564,0.9520383693045563,0.00013779516956317897,0.030467670456313763,5.201486504046501e-09,0.0019026446672078892,1.0,0.04316546762589928,1.0,0.11870503597122302,0.0,1.0
145,1169248461,187.8837179757657,154.11968166873862,1.321602420468457,697,True,False,False,65.45459609984555,0.23143700021302044,59.98485561193181,0.0351274710694186,0.29338302305812985,0.05658710634502011,0.10437567211134179,0.0,1.735687328618951e-05,0.05656757205724716,0.0014867400750517845,0.5236728837876614,0.3931133428981349,0.0,0.5742880126603023,0.3089840576052666,-0.0694832056760788,0.9655667144906743,0.002225938113542849,0.013943936499835389,1.0402973008201422e-08,0.0018961297280752612,1.0,0.035868005738880916,1.0,0.4146341463414634,0.0,1.0
146,1148949906,240.51884674429888,221.79427513804134,0.7376381070838431,383,True,False,False,55.9920115296251,0.17157699232976256,51.460946829677894,0.2527654969893281,0.6940975492477816,0.25279030308878964,0.2181022484982421,0.0,0.25274085998535156,0.2527656555175781,0.003529975423589349,0.0,0.0,0.0,0.527997724536816,0.03065842919051647,-0.06815382838249207,0.8772845953002611,0.012656015092558816,0.016184637141621338,5.20148650366703e-09,0.0019259480602711301,1.0,0.1174934725848564,1.0,0.09399477806788512,0.0,0.0
147,1856387900,207.30925682112587,176.57999593003672,1.1539507260726063,671,True,False,False,36.28582620465426,0.163075500731427,31.842050074999435,0.021257346308442476,0.48809294814351173,0.021296220588886635,0.14726373204941035,0.0,0.00012578963651321828,0.021288776770234108,0.0005630230880342424,0.36363636363636365,0.18181818181818182,0.0,0.5490714958612147,0.2987185774743557,-0.06941491365432739,0.9448584202682563,0.0004030630266532346,0.021468566278990235,5.201486504046501e-09,0.0017197477288712463,1.0,0.038748137108792845,1.0,0.2414307004470939,0.0,1.0
148,1452815149,-90.02764196032658,-94.37852253531021,0.1660587049989087,93,False,False,True,-35.43436902131584,0.13104714989822813,-38.61465421307364,1.5437662579233897,1.6287944851602054,1.6010930896542785,0.4954945235930975,0.3598874037746437,0.5773810148239136,1.000832200050354,1.249733567237854,0.0,0.0,0.5780635252594948,0.42310748076046345,0.5608069920539855,0.15612705051898956,0.7634408602150538,0.08399212684541006,0.08612826395462914,0.0011572059114774713,0.001785577473106546,0.0,0.0,0.0,0.0,1.0,0.0
149,118590695,275.7327252216637,255.10644576633536,0.7777519636885708,448,True,False,False,85.13117831966306,0.23389526504086727,79.64491074317228,0.0325705323266094,0.3914558133467644,0.032598249582559614,0.20977672858892563,0.0,0.0006512642139568925,0.03256215900182724,0.0015335178468376398,0.4330357142857143,0.265625,0.0,0.5682619974582589,0.27363358914852143,-0.06968414038419724,0.9397321428571429,0.0024274399621417478,0.04291725425141559,0.0,0.0017360534903762745,1.0,0.0625,1.0,0.13839285714285715,0.0,1.0
150,816655702,161.84698691384392,130.10874539996567,1.17188276759189,708,True,False,False,24.8484958066973,0.1573226839065514,20.490280153043727,0.025952459423448933,0.41181615557316537,0.025979921017642606,0.09949963259891231,0.0,0.025940608233213425,0.025968074798583984,0.0007844662759453058,0.3615819209039548,0.22033898305084745,0.0,0.5452088620470926,0.14521608646493406,-0.06945047527551651,0.9477401129943502,0.0006399589590816029,0.010354263384960318,0.0,0.0016552016491410883,1.0,0.05367231638418079,1.0,0.2457627118644068,0.0,1.0
151,1777571204,253.73080518767233,224.93077580170052,1.11066862573146,607,True,False,False,69.44429530747067,0.2541495531104649,63.63653526245735,0.006358928595485982,0.41942593767603953,0.0067762519792572105,0.17843455635629604,0.0,0.0001390457182424143,0.006637382321059704,0.001364824827760458,0.3673805601317957,0.24382207578253706,0.0,0.5656611937446492,0.27456911936402323,-0.06962532550096512,0.9555189456342669,0.0003912998649243006,0.03701877580411929,2.6007432520503554e-09,0.0018297670934620432,1.0,0.04612850082372323,1.0,0.1828665568369028,0.0,1.0
152,25063030,184.67283007991495,149.72652284677667,1.3044204822092225,769,True,False,False,27.455101266398938,0.20293692164237265,22.411927466016166,0.10797335303537316,0.5749472444130784,0.10800072705194856,0.1428189080004562,0.0,0.10797119140625,0.1079985648393631,0.0006834006053395569,0.20156046814044212,0.0,0.0,0.5472642807041687,0.2659569049626589,-0.06920218467712402,0.9362808842652796,0.006200094540728979,0.02835447701800333,7.802229755500545e-09,0.0016962555035230458,1.0,0.036410923276983094,1.0,0.11573472041612484,0.0,0.0
153,1360549999,191.30226112511002,160.09654030252906,1.215048054838731,649,True,False,False,34.45576095419715,0.1951740243058073,29.531090074888322,0.07445806879586592,0.45903714871378887,0.09328022508752563,0.12467113786106564,0.0,2.7370453608455136e-05,0.09328003227710724,0.00018965959316119552,0.39445300462249616,0.23112480739599384,0.0,0.5284415493318911,0.20223259940743446,-0.06917862594127655,0.9183359013867488,0.005445059438422836,0.026056417684601995,1.0402973008201422e-08,0.0018721849843431914,1.0,0.05084745762711865,1.0,0.16486902927580893,0.0,1.0
154,1128058892,176.2176321730949,137.6750138609828,1.4855078874741388,813,True,False,False,36.19970388975009,0.21685942530662736,30.947378023945753,0.04762055470152442,0.40702057566904803,0.04764476390127913,0.13028305798581258,0.0,0.00013055800809524953,0.04764080047607422,-0.0006145382067188621,0.4108241082410824,0.1906519065190652,0.0,0.5572693740953617,0.2377406492456794,-0.06907007098197937,0.958179581795818,0.001824974374333363,0.028251502090455897,0.0,0.0018271929735229253,1.0,0.03567035670356704,1.0,0.24231242312423124,0.0,1.0
155,1835097532,84.92255088073426,-79.97234592432136,9.65965978700373,1000,False,False,False,24.749971504718246,0.14613412810857992,20.558045925584317,0.3461695279645495,0.6512964251829214,0.3461695279645495,0.09669200959207948,0.011777550099596235,0.34545812010765076,0.34545812010765076,0.022181734442710876,0.0,0.0,0.0,0.3009362007385353,0.10285756092518568,-0.019040921702980995,0.538,0.0423225633313082,0.024929734748658203,0.023678968881559386,0.009659659787003727,1.0,0.294,1.0,0.511,1.0,0.0
156,131059846,159.11467119078148,127.08425156930947,1.2046946414314743,698,True,False,False,0.7241838798014648,0.15385676227585746,-3.581871184207458,0.06304925125071247,0.5470741326283446,0.06926991858263172,0.14085071580888778,0.0,0.04765643924474716,0.06925954669713974,0.0011986708268523216,0.29512893982808025,0.20630372492836677,0.0,0.5530239792992988,0.2563770166411996,-0.06952569633722305,0.9584527220630372,0.004284270027836966,0.016720814616767304,0.0,0.0017259235550594176,1.0,0.04154727793696275,1.0,0.14326647564469913,0.0,1.0
157,1371903228,4.008210936607836,-43.624754960328396,1.8421977264624112,1000,False,False,False,27.42019713842392,0.20677787571371312,22.318615345212997,0.02609641563632898,0.39271534257242785,0.03695322053347282,0.1164477923053318,0.033268934078133375,0.00019159316434524953,0.026810264214873314,0.025431284680962563,0.457,0.362,0.5530943274497986,0.5830717983529903,0.5805732397735119,0.10618865489959717,0.999,0.020924668645327615,0.020244601445103125,0.0007178558520538336,0.0018421977264624135,0.0,0.0,0.0,0.178,1.0,0.0
158,1386590529,194.1657673280571,168.09463677828984,1.0047420366511473,550,True,False,False,37.49560417029294,0.15952746428822304,33.11064257017897,0.06469354262065236,0.4701510398593138,0.08013440245381655,0.13934212584107697,0.0,0.00035943984403274953,0.08013439178466797,4.135131894145161e-05,0.34363636363636363,0.18727272727272729,0.0,0.5518844047212041,0.21655434026150033,-0.06921175122261047,0.9436363636363636,0.00478031206394709,0.022141669070703925,5.20148650366703e-09,0.0018268037030020863,1.0,0.056363636363636366,1.0,0.06181818181818182,0.0,1.0
159,1177456203,4.814572748151839,-48.3184137819584,2.208865768674018,1000,False,False,False,19.583178694676747,0.12385011935297734,15.725513246876973,0.3524270677446441,0.7350300157678855,0.38340839410808314,0.12686267869078402,0.07738289680864079,0.3515286445617676,0.38166189193725586,-0.03655402734875679,0.0,0.0,0.5219150185585022,0.5420263117664145,0.5290276944264769,0.043830037117004395,0.978,0.019715510286647576,0.02169439985602439,0.0007272497366801675,0.0022088657686740155,0.0,0.0,0.0,0.314,1.0,0.0
160,882685052,21.386256996248346,-43.76770584343347,3.0102641893121187,1000,False,False,False,46.76121180031028,0.25747474823711075,40.89917691924829,0.33682282799375696,0.5473551482338487,0.33682282799375696,0.11043435521544474,0.041732415479698845,0.00010251998901367188,0.33590394258499146,0.024862799793481827,0.0,0.0,0.5434026978909969,0.5298242956285539,0.5440058663114905,0.08680539578199387,0.958,0.013178240436451662,0.025868485770878084,0.0003168017370163388,0.003010264189312116,0.0,0.035,1.0,0.512,1.0,0.0
161,867409381,178.38114649154028,139.8167580881211,1.5056258935612712,799,True,False,False,23.76633597683998,0.18669900293398214,18.966501887098726,0.007269540425922791,0.4465473876749836,0.007296791629610642,0.14290299699572032,0.0,0.0010932922596111894,0.007289218716323376,0.00033235311275348067,0.44680851063829785,0.16145181476846057,0.0,0.5293109646189121,0.1725013547576964,-0.06939460337162018,0.9286608260325406,0.00031857276189774616,0.026955836426235922,5.201486504100711e-09,0.0018843878517662983,1.0,0.04630788485607009,1.0,0.21026282853566958,0.0,1.0
162,241021414,169.94897857336323,141.1372263913484,1.1047834788009916,612,True,False,False,15.815681254447249,0.15102146176772901,11.554622855635603,0.012630471675249569,0.44826347777381875,0.012661567879325791,0.11370562666263692,0.0,0.012629318051040173,0.012660408392548561,0.00017134904919657856,0.3741830065359477,0.22549019607843138,0.0,0.5486043260167992,0.25287635762244465,-0.06934869289398193,0.946078431372549,3.291760734095011e-05,0.010741603760622966,2.6007432520300266e-09,0.001805201762746719,1.0,0.0457516339869281,1.0,0.184640522875817,0.0,1.0
163,674548240,210.1769793855026,180.65390722604133,1.1148714772974135,640,True,False,False,33.17211226949516,0.2169500439460498,27.921079376894355,0.06629471984412368,0.6580496785861454,0.06776041141318792,0.18220844171581926,0.0,0.061074353754520416,0.06775598227977753,0.0007747387862764299,0.184375,0.1234375,0.0,0.5618072930170456,0.2854407151043415,-0.06943286210298538,0.959375,0.004189434900430393,0.03729384862782268,2.600743251833515e-09,0.0017419866832772113,1.0,0.0421875,1.0,0.0609375,0.0,1.0
164,783109940,216.52366919383036,184.62870037890417,1.2423312543284228,663,True,False,False,31.618635741716584,0.18807400471879718,26.800079336461845,0.06624459897624868,0.5576192971740775,0.06627282973891872,0.18194670020490705,0.0,0.0018362998962402344,0.06626787036657333,0.0008107519242912531,0.2609351432880845,0.11613876319758673,0.0,0.5125087684883067,0.2633585822954774,-0.06928969919681549,0.8883861236802413,0.0027604129581527605,0.03296881766851433,1.3003716260468617e-08,0.0018738027968754492,1.0,0.06636500754147813,1.0,0.05731523378582202,0.0,1.0
165,2026472473,-3.5824381948448547,-51.353613329436335,1.851411675639427,1000,False,False,False,43.85778942322894,0.20559355957735787,38.773972372063355,0.116357541100766,0.3596999654316481,0.1363567654980194,0.10586560890888765,0.05947218672141022,0.00015935898409225047,0.13162927329540253,0.03559356555342674,0.597,0.0,0.5677641332149506,0.5759564485950396,0.5770687794685364,0.13552826642990112,1.0,0.015369928386829802,0.01748003974875464,0.001693299718761778,0.0018514116756394284,0.0,0.0,0.0,0.185,1.0,0.0
166,1224070920,215.80758617408577,185.7062891049149,1.177419804611391,622,True,False,False,58.491480740017515,0.20605955004063087,53.40444334744015,0.04503711184440447,0.43066222613389105,0.045651352904499974,0.13255225843759225,0.0,0.040854644030332565,0.04564027860760689,0.0010054802987724543,0.36816720257234725,0.13344051446945338,0.0,0.563969895872512,0.28727426290512087,-0.06954596191644669,0.9565916398713826,0.003075460493845606,0.015490607233487103,7.802229755934226e-09,0.0018929578852273157,1.0,0.04501607717041801,1.0,0.2508038585209003,0.0,1.0
167,856913638,190.64791315547185,151.55184296680932,1.482404679244169,843,True,False,False,18.047440431005477,0.26458916629166934,12.079021247395756,0.04044120964915053,0.6014424436957978,0.04046885775250121,0.179634140911405,0.0,0.04043006896972656,0.040457725524902344,0.0009491539094597101,0.2977461447212337,0.14827995255041518,0.0,0.5547734438739982,0.19883487597107888,-0.06954170018434525,0.9549228944246738,0.002808099861329085,0.031249829952811337,2.600743251833515e-09,0.001758487163990713,1.0,0.04151838671411625,1.0,0.0937129300118624,0.0,1.0
168,626537496,1.6619668373373617,-44.143954477991855,1.720394754355275,1000,False,False,False,24.24114030524431,0.1687519969628866,19.709946693295823,0.03895567162688213,0.4287610454787175,0.07777189278008423,0.10297602490582633,0.050345281702254475,0.00020322800264693797,0.04605159908533096,0.06267150491476059,0.428,0.334,0.6046348586678505,0.5547351374994032,0.5719618304818869,0.209269717335701,0.981,0.021523290822248856,0.017749975739064516,0.001859892928513844,0.0017203947543552754,0.0,0.0,0.0,0.297,1.0,0.0
169,154517276,0.926730493456208,-45.655890591526536,1.7721747389988431,1000,False,False,False,51.32857357577631,0.2143655642356527,46.11317645473628,0.07394011174628352,0.28145521161545933,0.12571003800271124,0.08393261804995944,0.022689829613051795,0.029633712023496628,0.11787538230419159,0.04368532821536064,0.65,0.294,0.5867537185549736,0.571454771824181,0.5706880236417056,0.1735074371099472,0.999,0.011003792813091233,0.015168685845448596,0.0009451061966730071,0.0017721747389988407,0.0,0.0,0.0,0.481,1.0,0.0
170,916885238,-15.15227363120782,-44.48083420858747,1.1645707051586331,593,False,True,False,56.74749188843887,0.17602880294905512,52.11222044650776,0.34217139501222704,0.6122901879973658,0.371072216643877,0.133369181951366,0.013361285191981409,0.33516988158226013,0.36741217970848083,0.05198923125863075,0.0,0.0,0.0,0.5576290715745488,0.4408465793830692,-0.047140318900346756,0.9780775716694773,0.03913861900946936,0.024780243767549184,0.02690542495259591,0.0019638629092051142,1.0,0.008431703204047217,1.0,0.2900505902192243,1.0,0.0
171,515494164,24.893049304978963,-21.02315785463631,1.7277471439743548,1000,False,False,False,38.89505551459979,0.22848241439149783,33.46790564122206,0.07843278597084472,0.456177675890696,0.0799682618835003,0.12447932270090137,0.030857784838576433,6.618499901378527e-05,0.019049549475312233,0.07766619324684143,0.323,0.138,0.5857430025935173,0.5687781776809133,0.5561255701817572,0.1714860051870346,1.0,0.006197443733169346,0.024973537063105185,0.0017255973739300247,0.0017277471439743543,0.0,0.0,0.0,0.218,1.0,0.0
172,1344467073,44.93914832193417,-21.264523227928855,3.0802447699908666,1000,False,False,False,58.962322454893226,0.20357725250020173,53.908750009885225,0.16603578885049378,0.3297023004756953,0.17672620376859655,0.07838643391750037,0.02741281201839689,0.16591158509254456,0.17672424018383026,-0.000833084573969245,0.55,0.0,0.5234300121665001,0.47394718045927586,0.2789705130830407,0.04686002433300018,0.818,0.004324302293436753,0.009307383658101654,0.002757466478594663,0.0030802447699908634,0.0,0.182,1.0,0.669,1.0,0.0
173,743363182,194.08301606979208,165.3705446344764,1.0328314290210558,661,True,False,False,19.85192721496909,0.2492977552722783,14.1150664011663,0.27489254007239033,0.8138400189377745,0.2749195424434379,0.18803468996087644,0.0,0.27488216757774353,0.2749091684818268,0.002388284308835864,0.0,0.0,0.0,0.5469324673735924,0.14483774572610855,-0.0671820268034935,0.9349470499243571,0.014159494363584643,0.039583492945046615,2.6007432527008767e-09,0.001562528636945622,1.0,0.059001512859304085,1.0,0.05143721633888049,0.0,0.0
174,1926328121,157.70536538320604,123.3314037864111,1.262264106452993,772,True,False,False,16.0030957002111,0.17518798277607148,11.3761298452226,0.12850569104615622,0.5610038775991487,0.1285365958103942,0.12877214084863764,0.0,0.12850388884544373,0.12853479385375977,0.0006806111196056008,0.19170984455958548,0.0,0.0,0.5354513685029588,0.18332902489230038,-0.06884638220071793,0.9430051813471503,0.006072214044469199,0.023351908794280812,1.0402973008201422e-08,0.00163505713271113,1.0,0.04533678756476684,1.0,0.11658031088082901,0.0,0.0
175,1395484617,-67.06815773844718,-70.80733928537113,0.1852787697949297,48,False,False,True,-37.37176612931473,0.17844985704153635,-40.81393370305318,1.4168499525512788,1.4789371507130789,1.4168499525512788,0.6343896685216645,0.46903290309997225,0.7608218193054199,1.0016937255859375,1.0020346641540527,0.0,0.0,0.6649155765771866,0.695026776753366,0.695026776753366,0.32983115315437317,1.0,0.12228543927938822,0.13386423908721504,0.001567374331241711,0.003859974370727702,0.0,0.0,0.0,0.0,1.0,0.0
176,126288124,137.24871684387324,91.46604383718515,1.7721782004458824,960,True,False,False,18.952024789976257,0.2060004893650942,13.862146516973471,0.03622845522625408,0.4182694145166631,0.03711217004755045,0.10909530148562205,0.0,0.033234596252441406,0.03709001466631889,0.0012821769341826439,0.44166666666666665,0.153125,0.0,0.5497594458749517,0.26031811609864236,-0.0696222260594368,0.946875,0.002649461512452714,0.01766390794973615,5.201486504100711e-09,0.0018460189587977927,1.0,0.042708333333333334,1.0,0.253125,0.0,1.0
177,244472222,256.6897536833072,228.10615405978794,1.140239974901294,574,True,False,False,72.6352042178655,0.2080013547890038,67.52143032340118,0.07558440101771842,0.34871446186425065,0.07561196016250264,0.2007733153299449,0.0,3.24249267578125e-05,0.0756104439496994,0.00047883749357424676,0.5452961672473867,0.38153310104529614,0.0,0.5501225813854168,0.223518675789237,-0.06916835904121399,0.9425087108013938,0.0032650052627968412,0.04036891937405516,7.802229755934226e-09,0.0019864807925109654,1.0,0.050522648083623695,1.0,0.32752613240418116,0.0,1.0
178,624263177,220.46475349776443,192.43370999673306,1.071402900068758,598,True,False,False,42.62388922980749,0.22269975317314142,37.28830061365368,0.017538211175249382,0.4657898449268666,0.0192651030549173,0.1407552463238294,0.0,5.53131121705519e-06,0.01926431618630886,-0.0001741194719215855,0.4197324414715719,0.15384615384615385,0.0,0.5365395659524761,0.24019327230751514,-0.06930306553840637,0.9080267558528428,0.0016737500942827178,0.02001250103524178,7.802229756151066e-09,0.0017916436455999304,1.0,0.05518394648829431,1.0,0.2792642140468227,0.0,1.0
179,1916746531,193.57388410735885,155.32944371966306,1.4549626925130503,821,True,False,False,45.52661214876753,0.2540825228464204,39.71589613092521,0.0773503851985471,0.4909163139435596,0.07737793840604763,0.1589952457491337,0.0,0.03233814239501953,0.07736358791589737,0.0014901733957231045,0.17417783191230207,0.07064555420219244,0.0,0.557487063801844,0.17388164669275283,-0.06956140697002411,0.9573690621193667,0.0047063891879371884,0.03424751509423093,5.201486504534392e-09,0.0017721835475189426,1.0,0.0438489646772229,1.0,0.14738124238733252,0.0,1.0
180,1882517521,28.339041838748265,-17.024486628723846,1.690901897831485,1000,False,False,False,40.76468506753089,0.13391748101686532,36.75600919477276,0.04721028129515399,0.3668724444212654,0.09132275219135881,0.11853519563668019,0.03453048243114653,8.296966370835435e-06,0.08094348758459091,0.04228471219539642,0.573,0.455,0.5873747244477272,0.5647896730578504,0.5560623135045171,0.1747494488954544,0.982,0.004990382223736257,0.01716393791536067,0.000894194696957072,0.0016909018978314829,0.0,0.0,0.0,0.362,1.0,0.0
181,893071467,-22.00620742968171,-76.6933171799859,2.3124739833536183,1000,False,False,False,18.941717431342703,0.15359586644730341,14.637865777127983,0.2722212865010778,0.507578657441281,0.27899124033207606,0.09251405001965725,0.02008457427888728,0.27222099900245667,0.27899083495140076,-0.0004755997797474265,0.0,0.0,0.5116389282047749,0.5569223116613575,0.5295879047363996,0.023277856409549713,0.997,0.0005016024251829652,0.009779635256803932,0.0007831407657182501,0.0023124739833536184,0.0,0.0,0.0,0.502,1.0,0.0
182,171120969,17.18160221236896,-38.090432228034615,2.351468962693569,1000,False,False,False,24.332137933745432,0.2181168074596842,19.06047216434495,0.2408901520408575,0.5584854316178169,0.2734169866494091,0.1229518912546234,0.03766907081587552,0.24088707566261292,0.27341145277023315,-0.001739563886076212,0.0,0.0,0.5087555712088943,0.5364057931218558,0.5266072610020638,0.017511142417788506,0.975,0.0001366976559108221,0.024259672214493933,0.0002041504516222587,0.0023514689626935696,0.0,0.004,1.0,0.479,1.0,0.0
183,790228919,-24.437684540702318,-73.01518809151841,1.905166903387735,1000,False,False,False,23.537459812668,0.21414224715738114,18.325412447802204,0.5348309534402477,0.7578450570315135,0.6990644057505185,0.12523391595039213,0.039626034326106084,0.18021459877490997,0.6933561563491821,-0.08915314823389053,0.0,0.0,0.5072856834158301,0.5335021003244765,0.5139763326995308,0.01457136683166027,0.953,0.014654493826743609,0.04221433870159606,0.0010727532762259163,0.0019051669033877338,0.0,0.0,0.0,0.282,1.0,0.0
184,1786810991,147.59772864114493,105.26886073097252,1.6339245273448235,891,True,False,False,21.36779419685697,0.20776794608419843,16.251533224705245,0.005249399270503682,0.3943916728541164,0.02450468236354524,0.10847693862249852,0.0,0.00028314589872024953,0.024483393877744675,0.0010212159249931574,0.4713804713804714,0.2615039281705948,0.0,0.5464000112944681,0.055678441524505615,-0.06950682401657104,0.9472502805836139,0.0005537342017600767,0.01932512254089533,5.201486504100711e-09,0.0018338097949998026,1.0,0.051627384960718295,1.0,0.3333333333333333,0.0,1.0
185,52965927,66.95078110897455,-18.637576776672987,4.372557192376499,1000,False,False,False,38.657881381200106,0.22438047360682734,33.29226061959271,0.1811413560927036,0.540792759814764,0.2196898661040895,0.13504010905579253,0.021100503015207273,0.1810414344072342,0.21585874259471893,-0.0408489964902401,0.195,0.0,0.0,0.4605703854493331,0.09157970709726214,-0.0628127008676529,0.793,0.010691475407627207,0.026047734854205706,0.006518308481331171,0.004372557192376507,0.0,0.129,1.0,0.318,1.0,0.0
186,1729187195,213.14783303597932,180.0772889137645,1.280702941480991,693,True,False,False,42.27965739996576,0.20296177911509697,37.23711966058328,0.0003812535525214372,0.48461778541166045,0.0004121107324401688,0.14030846777179107,0.0,7.209777686512098e-05,0.0001720428408589214,0.0003744816640391946,0.3203463203463203,0.18759018759018758,0.0,0.5388152998486402,0.18099809281527995,-0.0694151222705841,0.9466089466089466,0.0007079369423834964,0.020679626558963233,1.0402973008093001e-08,0.0018480561926132622,1.0,0.049062049062049064,1.0,0.15151515151515152,0.0,1.0
187,1240058640,195.10340277208002,157.25300740336962,1.4566930245807086,800,True,False,False,43.677582497069345,0.21892527665370592,38.394347791989595,0.0425646833293842,0.40154736499313765,0.042594908350504224,0.1345581469856091,0.0,0.0019140243530273438,0.04259347915649414,-0.00034892797702923417,0.425,0.285,0.0,0.5539592875435483,0.25275995071977375,-0.06914716958999634,0.96125,0.0015510444269086665,0.025909654256451073,5.201486504100711e-09,0.0018208662807258857,1.0,0.035,1.0,0.36625,0.0,1.0
188,821825863,159.791279650398,114.29418739744435,1.7291394835302492,978,True,False,False,70.07299810277547,0.2586603437165012,64.19320065561072,0.0991921805574496,0.3601903933875061,0.09920587474768752,0.08249585462852257,0.0,0.0012044906616210938,0.0991983413696289,0.001222560415044427,0.467280163599182,0.03885480572597137,0.0,0.5563450839599272,0.3029465276747942,-0.0691760703921318,0.9754601226993865,0.0044953232685754005,0.015480078403235783,0.0,0.0017680362817282728,1.0,0.02556237218813906,1.0,0.5368098159509203,0.0,1.0
189,1952289020,180.14307121557644,139.0941516482349,1.5899279711561054,860,True,False,False,61.20212213992096,0.16180880014661012,56.77534274993417,0.03511432616502987,0.3754241593391006,0.044570585168427476,0.11437224344758466,0.0,0.025363922119140625,0.04456024244427681,0.0009601330966688693,0.40348837209302324,0.29534883720930233,0.0,0.5624586295972708,0.26188065198715776,-0.06953749805688858,0.9686046511627907,0.003018360525561463,0.007668724293250233,5.201486504100711e-09,0.0018487534548326805,1.0,0.03255813953488372,1.0,0.25116279069767444,0.0,1.0
190,457488617,147.46485678656043,99.63293901918983,1.9501278511580256,929,True,False,False,35.99632189521947,0.15482719873742518,31.674090162798926,0.07597431883480112,0.40263982896551004,0.07599197513483463,0.09237315162477118,0.0,0.07596683502197266,0.07598447799682617,0.0010674213990569115,0.5069967707212056,0.08826695371367062,0.0,0.5301275767608514,0.26097596978768706,-0.06929071992635727,0.930032292787944,0.003266862193478791,0.013003565498962338,1.5604459512302132e-08,0.0020991688387061646,1.0,0.04520990312163617,1.0,0.3713670613562971,0.0,1.0
191,815712761,35.72961502950646,-8.473043048159193,1.6135105385110404,1000,False,False,False,35.049692067809495,0.2674826551376092,29.037538583240178,0.10851568628500138,0.6170204560466648,0.10851568628500138,0.1442615958619036,0.07090929324407486,0.10535230487585068,0.10535230487585068,0.02601049840450287,0.117,0.0,0.5287506598979235,0.5722058842685074,0.5765177685022355,0.05750131979584694,1.0,0.0031751937960744717,0.030913967364456955,0.004219077521831224,0.0016135105385110431,0.0,0.0,0.0,0.058,1.0,0.0
192,134902683,51.63670165240761,4.339356470049835,1.8198230121571781,1000,False,False,False,46.6969409824824,0.2566883275959622,40.84670241103781,0.03958271544049059,0.3737401849501584,0.03958271544049059,0.15513223612473634,0.061061694192409824,0.0002749442937783897,0.017443180084228516,0.03553205356001854,0.464,0.303,0.5932608619332314,0.5635899477899075,0.571319914534688,0.1865217238664627,0.978,0.009842637022799734,0.029877123224615467,0.00033230801847075955,0.0018198230121571812,0.0,0.0,0.0,0.23,1.0,0.0
193,934119719,190.60038853869753,143.68253703526864,1.8291901002286022,974,True,False,False,80.6986168763437,0.2660329740600594,74.70823439226982,0.049143990042863385,0.3387471121160814,0.04917163920686659,0.11397336675563999,0.0,5.340576171875e-05,0.049156952649354935,0.0012017106637358665,0.3921971252566735,0.1375770020533881,0.0,0.5545395126827329,0.22780685259029268,-0.06945597380399704,0.9671457905544147,0.0018441724108340391,0.02813988575458707,0.0,0.0018780185833969212,1.0,0.03182751540041068,1.0,0.3973305954825462,0.0,1.0
194,22390618,-105.65282947219676,-109.68710490747713,0.19161836235202523,58,False,False,True,-64.45246557754466,0.17931480994025337,-68.02565544955272,1.5855140320251098,1.669499841627415,1.7154720533505392,0.5070999773442191,0.3811808636065283,0.7145047783851624,1.0002586841583252,1.3936738967895508,0.0,0.0,0.5889134407043457,0.514570513902762,0.5465872027352452,0.1778268814086914,0.9482758620689655,0.10058829137148437,0.11122545090647872,0.001514901735388749,0.003303764868138366,0.0,0.0,0.0,0.0,1.0,0.0
195,590562343,159.48396961265243,124.73370497044083,1.3086843094807736,756,True,False,False,18.390041201175954,0.15036816096797076,14.135521639271634,0.09514462072725753,0.5282751947199472,0.09517227491354485,0.11545060944804204,0.0,0.09513254463672638,0.09516020119190216,0.0015159226022660732,0.3082010582010582,0.062169312169312166,0.0,0.5515484502052435,0.27046040892601014,-0.0694785937666893,0.9457671957671958,0.005600472378027329,0.013880877675437416,0.0,0.0017310639014295956,1.0,0.037037037037037035,1.0,0.19973544973544974,0.0,1.0
196,1269560368,44.44009026144626,-2.4863830651431633,1.7950982217726414,1000,False,False,False,55.640884792629244,0.26147130975317384,49.71890148882665,0.03344583651653811,0.3219941589728438,0.034349859978764344,0.12749612774227922,0.034169539969233206,1.1157989320054185e-05,0.010550593957304955,0.0326894149184227,0.532,0.46,0.5328146032989025,0.5691730591901578,0.5680881414189934,0.06562920659780502,1.0,0.020329102341727506,0.02820898429388881,0.0006822230687577625,0.0017950982217726412,0.0,0.0,0.0,0.409,1.0,0.0
197,1785119941,179.82894603917092,143.64390112217194,1.3550029944665898,793,True,False,False,31.493945533960066,0.15532475941394674,27.164765558569755,0.05712111782714395,0.518897567199386,0.057148490273852014,0.11518199394842171,0.0,0.05711831897497177,0.05714569240808487,0.0005654907436110079,0.1853720050441362,0.10718789407313997,0.0,0.4772393974170725,0.21816304828971625,-0.06928262859582901,0.8448928121059268,0.0022864055566990116,0.021314830892233638,5.201486504100711e-09,0.0017087049110549681,1.0,0.09205548549810845,1.0,0.15132408575031525,0.0,1.0
198,965189358,154.64933773365334,113.5959403344863,1.550226493277815,890,True,False,False,34.424788974090085,0.14491202037819642,30.251369495802322,0.03260476842243435,0.40437094307170607,0.03509675354704354,0.08750392205063341,0.0,0.00014228820509742945,0.03509178012609482,-0.0005908274906687438,0.44719101123595506,0.34269662921348315,0.0,0.5404255400403937,0.26537798557430503,-0.06912108510732651,0.9449438202247191,0.0011660909444319069,0.01179130011487622,7.802229756151066e-09,0.0017418275205368682,1.0,0.03146067415730337,1.0,0.4337078651685393,0.0,1.0
199,1798176648,188.10288041643824,153.53645644678812,1.3110949313099929,745,True,False,False,38.83923491652575,0.19276149945375798,33.948932507113405,0.06426972321641912,0.42571113019262286,0.06430081352850865,0.11907645487963568,0.0,0.00010147094872081652,0.06430073082447052,-0.00010313033999409527,0.512751677852349,0.20268456375838925,0.0,0.5392443256440179,0.26347167167812585,-0.06924177706241608,0.9315436241610738,0.003976034163814095,0.025693888854511276,5.20148650366703e-09,0.001759858968201332,1.0,0.03758389261744966,1.0,0.3503355704697987,0.0,1.0
200,69892020,171.5569796955213,136.05147805666803,1.3897001092568808,733,True,False,False,46.72513809777513,0.22146363602529923,41.404447209822294,0.08147060160210545,0.36762322980560197,0.0814883372197729,0.09420804555944075,0.0,0.08006143569946289,0.0814855545759201,0.0006734228227287531,0.41609822646657574,0.12278308321964529,0.0,0.5564978750852048,0.244941418915987,-0.06917528063058853,0.9604365620736699,0.003570365680061686,0.013702460250661427,2.600743252267196e-09,0.0018959073796137546,1.0,0.03956343792633015,1.0,0.4379263301500682,0.0,1.0
201,1722285593,222.24249919038277,187.06181449213352,1.374712313216603,728,True,False,False,82.10049968206732,0.23603102901185247,76.56136302254485,0.017313115373367105,0.28376006120248676,0.048115888198962085,0.14376578102825507,0.0,0.0001464843808207661,0.04811563342809677,0.00015657901531085372,0.5096153846153846,0.35302197802197804,0.0,0.5664819792030727,0.24978398267179727,-0.06923466175794601,0.9615384615384616,0.0018241681439252334,0.03155275647119474,5.201486504100711e-09,0.0018883410895832483,1.0,0.038461538461538464,1.0,0.2348901098901099,0.0,1.0
202,1838200024,193.35223311703302,158.37922090501624,1.3355341474677918,747,True,False,False,34.9488550984618,0.18078935439089724,30.23811257535276,0.03457461215389502,0.44662960450875727,0.03460188052808158,0.12963996147053342,0.0,0.03456420823931694,0.03459148481488228,0.000848124036565423,0.1713520749665328,0.107095046854083,0.0,0.49447365099518376,0.06468828307464719,-0.06943655759096146,0.8701472556894244,0.0010898534882009241,0.024914095135701364,0.0,0.001787863651228637,1.0,0.07228915662650602,1.0,0.30655957161981257,0.0,1.0
203,2126813241,32.70055603282518,-12.267652693631113,1.6645472484304247,1000,False,False,False,12.384819915706196,0.23730894789031784,6.825272039846262,0.09283901036233523,0.6893335212643282,0.09283901036233523,0.1645330533693289,0.03862305525728657,0.0875222235918045,0.0875222235918045,0.03096679225564003,0.132,0.013,0.573503278195858,0.5678174042934552,0.586690011024475,0.147006556391716,0.988,0.0038461497948786266,0.02983264920610043,0.00023948814199160288,0.001664547248430423,0.0,0.0,0.0,0.102,1.0,0.0
204,1376935700,236.16533406712114,208.82318508105544,1.0841432657377146,554,True,False,False,57.529249879029955,0.24680939429062806,51.834746052808185,0.02306295204306184,0.4866219633032328,0.023090324668463395,0.15476239881049653,0.0,0.00020227432833053172,0.023088742047548294,0.00027034044614993036,0.29783393501805056,0.2075812274368231,0.0,0.5576944446749312,0.2318730476126075,-0.06934565305709839,0.944043321299639,0.0005077141311886235,0.022404323569126465,2.6007432520503554e-09,0.0019569373027756576,1.0,0.05776173285198556,1.0,0.11552346570397112,0.0,1.0
205,1075994928,-29.92490188116203,-45.8882901518887,0.544225884715109,390,False,True,False,16.270123726310217,0.1336675191329198,12.30480777491514,0.4045961517294376,0.8985385048456613,0.4045961517294376,0.1925395642786045,0.14514784816271076,0.39484816789627075,0.39484816789627075,0.08827780187129974,0.0,0.0,0.0,0.5326969270212337,0.30349434779665896,-0.009273093193769455,0.9307692307692308,0.013985239364212095,0.013575924030121497,0.002561919356764194,0.0013954509864489986,0.0,0.0,0.0,0.0,1.0,0.0
206,2130197154,-16.393425896175906,-62.06988393480183,1.7117638692417247,1000,False,False,False,6.314622463749289,0.16648039380980018,1.8175028990971152,0.047714282349780424,0.42419504669244884,0.0494692334426038,0.09109393921984363,0.014411201689434786,0.04653014987707138,0.04777383804321289,0.01283999439328909,0.443,0.208,0.5698388144373894,0.567106648929941,0.5662109941244126,0.13967762887477875,0.993,0.0024463407011794266,0.01365159581176178,0.003028604975141051,0.001711763869241727,0.0,0.0,0.0,0.32,1.0,0.0
207,1512169714,162.62576496065594,120.79863967547108,1.5871416856789902,901,True,False,False,28.526201618859325,0.21141654763009676,23.35518693314349,0.06790609006060337,0.45536719318722396,0.06793603107241014,0.11862952793277537,0.0,0.06790532916784286,0.0679352730512619,-0.00032092572655528784,0.4051054384017758,0.21864594894561598,0.0,0.547238740065837,0.2735361264273524,-0.06917855143547058,0.9478357380688124,0.004150033965255037,0.022898583708245716,2.6007432527008767e-09,0.0017615335024184114,1.0,0.03107658157602664,1.0,0.2785793562708102,0.0,1.0
208,1813899210,23.744014602806484,-21.37241078249721,1.6744283590202476,1000,False,False,False,24.653749317910467,0.20773855835453925,19.537757285087224,0.053557112447462064,0.5184133333852009,0.053557112447462064,0.1320090557829986,0.025583605164299632,0.04850969463586807,0.0506322868168354,0.01745668426156044,0.356,0.198,0.573328360915184,0.5783459667963907,0.5666154196858406,0.14665672183036804,1.0,0.008057448493643028,0.021871947521504616,0.001986020523821755,0.0016744283590202458,0.0,0.0,0.0,0.18,1.0,0.0
209,1329058962,160.02867652121944,123.3383562356556,1.372688019037579,805,True,False,False,25.23315326176217,0.13024100779950748,21.280151005291472,0.030283756516208786,0.4381341617088878,0.03031083826425626,0.10509963237573478,0.0,2.1648407710017636e-05,0.030305195599794388,0.0005848383880220354,0.462111801242236,0.22236024844720498,0.0,0.5425722603495262,0.21699438858777284,-0.06939329206943512,0.9565217391304348,0.0008742458583888249,0.010737459889687566,7.802229756042646e-09,0.0017052025081212164,1.0,0.040993788819875775,1.0,0.306832298136646,0.0,1.0
210,230627142,273.3962886929512,249.90215585895447,0.9089421889331166,493,True,False,False,78.58542119277499,0.19917345980861054,73.61191805611834,0.005606305244292581,0.33758975001734004,0.005875234000896859,0.21455946241270082,0.0,3.0803679692326114e-05,0.005855846218764782,0.0004769063089042902,0.5720081135902637,0.45841784989858014,0.0,0.5562949627940118,0.2502858478203416,-0.06944417953491211,0.9432048681541582,0.0010066461213277264,0.04026628505559027,5.201486504100711e-09,0.0018436961235965864,1.0,0.056795131845841784,1.0,0.24543610547667344,0.0,1.0
211,987606443,141.13689074963335,97.86276128305512,1.628941964438541,942,True,False,False,46.80919320436362,0.1713804726068688,42.238640777148476,0.057132074638027185,0.3308406884496339,0.0571594413510758,0.08962173355080236,0.0,0.00043506623478606343,0.05715198442339897,0.0009232616284862161,0.4681528662420382,0.2505307855626327,0.0,0.5545606587691165,0.18944902449846268,-0.06935941427946091,0.9639065817409767,0.002275134423084071,0.012106628705654574,7.802229756367907e-09,0.0017292377541810403,1.0,0.037154989384288746,1.0,0.4543524416135881,0.0,1.0
212,1428704328,170.445492019318,133.4272372450467,1.421216984951419,785,True,False,False,30.126286957972063,0.20730394860421714,25.017477032397696,0.07734455213053153,0.49960522564656545,0.09014904409752873,0.1286574105273079,0.0,0.06403245776891708,0.09014902263879776,6.22010265942663e-05,0.3490445859872611,0.2140127388535032,0.0,0.5608147653970559,0.24607647500932217,-0.06916625052690506,0.9630573248407643,0.005282842629378124,0.01847228989511014,1.0402973008201422e-08,0.0018104674967534004,1.0,0.03821656050955414,1.0,0.2267515923566879,0.0,1.0
213,813158061,-14.069966034145827,-74.73369595874627,2.710915328306687,1000,False,False,False,15.548010646359003,0.19385508681774957,10.640270686587574,0.4538323323697339,0.7386070580112069,0.5929296330953071,0.1290742146640766,0.04783141132896459,0.4510674476623535,0.5807856321334839,-0.11938843876123428,0.0,0.0,0.5016873568529263,0.5395999803677259,0.534898060571868,0.0033747137058526278,0.977,0.01610937300861874,0.0260214347245918,0.0017889121433078033,0.0027109153283066878,0.0,0.0,0.0,0.359,1.0,0.0
214,1749950354,178.96663205772643,139.71277694253303,1.5249236743462242,819,True,False,False,41.62372541025358,0.22821319575067436,36.20105989400559,0.009449319208580737,0.36099736247927827,0.009838076961111037,0.11752184663812702,0.0,0.00018720627122092992,0.00975580234080553,-0.001269676722586155,0.41147741147741146,0.15995115995115994,0.0,0.5475089384995683,0.2815023956820369,-0.06903502345085144,0.9584859584859585,0.00013058851001180243,0.023865120070881637,2.6007432520232503e-09,0.0018619336683104054,1.0,0.03296703296703297,1.0,0.315018315018315,0.0,1.0
215,889174518,22.117399424116613,-27.568302341241207,1.9790467843571968,1000,False,False,False,60.41202101632182,0.2526532544460311,54.62230854212617,0.14105379062308987,0.3769453303708084,0.14105379062308987,0.10344582189875902,0.04186611919176693,0.08976821601390839,0.14096775650978088,0.004925796762108803,0.514,0.0,0.5881663635373116,0.5753094411896309,0.5710413483530283,0.1763327270746231,1.0,0.007343784389525654,0.023856529750728647,0.0025763697364582895,0.0019790467843571963,0.0,0.0,0.0,0.439,1.0,0.0
216,1871442016,166.51698422693886,118.90704433097481,2.0179959930642695,867,True,False,False,39.56506355298818,0.2055033354901055,34.48284217826091,0.0854265372800552,0.38995341526719746,0.08552623483359356,0.11175916163782594,0.0,0.0002023696870310232,0.0855259895324707,-0.00020483970001805574,0.4659746251441753,0.06805074971164937,0.0,0.5400481355955798,0.1894326201779768,-0.0689665898680687,0.9377162629757786,0.0038104757247834306,0.023047249026984067,0.0,0.002327561699036065,1.0,0.05074971164936563,1.0,0.4002306805074971,0.0,1.0
217,1938763919,195.68566433275117,170.67615676397537,1.017967171251723,487,True,False,False,21.79166405817836,0.1784108032063724,17.13047711123752,0.49469347216006226,0.8957554456805491,0.49471440494836294,0.20342031176723616,0.0,0.12598982453346252,0.4843056797981262,0.10094726830720901,0.0,0.0,0.0,0.5031428564687926,0.02063521945849061,-0.0794472023844719,0.8624229979466119,0.025918253034192932,0.046183092002672406,1.3003716260034937e-08,0.002090281665814626,1.0,0.08829568788501027,1.0,0.08008213552361396,0.0,0.0
218,1242605113,203.8590524639003,168.45899775588492,1.3493369805343665,758,True,False,False,41.80323718320059,0.13590185384267114,37.7656922714088,0.021777125516919578,0.4612923678050696,0.021866478566846925,0.13425358482291644,0.0,0.014055728912353516,0.02186603471636772,-0.0001393222773913294,0.43799472295514513,0.3113456464379947,0.0,0.5445992860803012,0.29159946428611877,-0.06931047141551971,0.9366754617414248,0.0018091361730214037,0.01463883146746908,0.0,0.0017801279426574758,1.0,0.03562005277044855,1.0,0.2796833773087071,0.0,1.0
219,1828995021,233.3219305651495,201.3540003985891,1.2738620111040186,643,True,False,False,70.7505000099399,0.2653957746754652,64.77268558551258,0.053852267015644495,0.44626425125626995,0.0538801044242368,0.14863237756803402,0.0,0.0009325981372967362,0.05386056751012802,0.0014508343301713467,0.19751166407465007,0.12130637636080871,0.0,0.5402447008640067,0.11826576815918088,-0.06948836892843246,0.9284603421461898,0.0020841407150485485,0.03160842462451686,2.600743252267196e-09,0.001981122878855396,1.0,0.060653188180404355,1.0,0.23950233281493002,0.0,1.0
220,1937516710,15.022484769142505,-33.48035487802232,1.9001893098109803,1000,False,False,False,26.87051725372601,0.19117846583977247,22.002926608624296,0.16438798395220774,0.5006268991564745,0.2054967155326966,0.13290971238770255,0.030911950331798065,0.0004256248357705772,0.20267124474048615,0.033959779888391495,0.157,0.0,0.5660886690020561,0.551733198199945,0.5474199182912707,0.13217733800411224,0.982,0.02486413278299619,0.024181704260743325,0.003031194868417325,0.0019001893098109818,0.0,0.0,0.0,0.256,1.0,0.0
221,1972458574,213.95272983219473,187.1403043202883,1.0354950341270905,564,True,False,False,49.90873128083305,0.17156014887369503,45.34223589334443,0.0031025898512024716,0.47660998172522284,0.003109002671414257,0.13321753508021977,0.0,1.430511474609375e-05,0.0027586936485022306,0.001433703931979835,0.2765957446808511,0.1702127659574468,0.0,0.5646852559991287,0.3167619501799345,-0.0696551650762558,0.9574468085106383,0.0008829114536313639,0.01245189087522081,2.6007432520503554e-09,0.0018359841030622173,1.0,0.044326241134751775,1.0,0.14184397163120568,0.0,1.0
222,1627593572,211.26143415444523,185.2080455454156,0.9848925739353198,564,True,False,False,38.53311466052156,0.19695711305984823,33.58566481024069,0.01677444776389508,0.4119696774033751,0.016802203805281392,0.145304306121098,0.0,0.004052066709846258,0.016794299706816673,0.0005153155070729554,0.4308510638297872,0.20921985815602837,0.0,0.5457211353540328,0.21403242718428372,-0.06941565871238708,0.9361702127659575,0.000170023579942341,0.029349944659405096,2.6007432520232503e-09,0.0017462634289633326,1.0,0.05851063829787234,1.0,0.21631205673758866,0.0,1.0
223,550002066,-105.23504712618887,-108.51706638998982,0.1601346175867307,44,False,False,True,-71.56444156642938,0.15514329932315293,-74.60636785210723,1.5755997788844822,1.6027218665330898,1.6278514601878178,0.6939523198173001,0.5949131933371655,0.7101448178291321,1.002220869064331,1.2827523946762085,0.0,0.0,0.5620276108384132,0.5298671848563985,0.5298671848563985,0.12405522167682648,0.9772727272727273,0.11860128880639985,0.12603307082155296,0.00011627402931178865,0.003639423126971152,0.0,0.0,0.0,0.0,1.0,0.0
224,928135450,125.94447788165422,82.97267605362319,1.6781201218687343,890,True,False,False,17.764121813999513,0.16452462820619862,13.296513218291631,0.010212616304724144,0.3235310414391545,0.010240149684902932,0.08607622528962758,0.0,0.00011014938354492188,0.010239887051284313,-7.333993562497199e-05,0.5820224719101124,0.3853932584269663,0.0,0.5541941294893936,0.23118702162057161,-0.06932386755943298,0.9629213483146067,0.0012121183295937562,0.010124218824775112,1.3003716260034937e-08,0.0018855282268188014,1.0,0.03258426966292135,1.0,0.45730337078651684,0.0,1.0
225,1388859855,259.2922828353942,234.85770473006605,0.9596385403551997,502,True,False,False,75.80746429128934,0.2452502069233818,70.14159064829835,0.06904742840663244,0.4838312289045555,0.06907526708504898,0.18029515690955542,0.0,0.06903715431690216,0.06906499713659286,0.0011910891626030207,0.33266932270916333,0.17330677290836655,0.0,0.5709679999585409,0.2275616117566824,-0.06952465325593948,0.9382470119521913,0.0042741053479293115,0.023004338787919708,5.20148650366703e-09,0.0019116305584764934,1.0,0.06374501992031872,1.0,0.09362549800796813,0.0,1.0
226,253571847,-100.73363218847662,-103.19813895607683,0.09630045117334816,51,False,False,True,-60.55529396344108,0.08384629783227777,-62.615076417992924,1.6368555841412062,1.730751678267285,1.743671008379914,0.45464546893400043,0.40418084573590596,0.7922475934028625,1.0000931024551392,1.4283565282821655,0.0,0.0,0.5244843233376741,0.29076380560211107,0.2965790817141533,0.04896864667534828,0.5490196078431373,0.0792438614649074,0.06515816000391375,0.0017083866303668066,0.0018882441406538855,0.0,0.0,0.0,0.0,1.0,0.0
227,424193372,217.35358711543955,181.86471521005132,1.432591460359214,700,True,False,False,69.97011009031786,0.2398469137877748,64.37416700586473,0.015258525841800876,0.3670701333135627,0.015287109989031322,0.1279080110141354,0.0,8.20159912109375e-05,0.015271472744643688,0.0006912684184499085,0.48142857142857143,0.37714285714285717,0.0,0.5655343329876529,0.25041507444810124,-0.0694979801774025,0.96,0.001502271063238806,0.017523749492890543,5.201486504100711e-09,0.0020465592290845915,1.0,0.041428571428571426,1.0,0.31,0.0,1.0
228,463024751,-20.142915350804145,-65.4473735378764,1.6869638791381492,1000,False,False,False,6.949148734680019,0.13073216262956147,2.988252637731437,0.1246244665332872,0.44882872178643474,0.14560262711409058,0.09696420659506591,0.03796724251785375,0.11484117805957794,0.14560194313526154,0.0004462933575268835,0.429,0.0,0.5314352624118328,0.55976889803214,0.5542564866319298,0.06287052482366562,0.995,0.004250829671102358,0.017305917112401575,0.01746452994142383,0.0016869638791381497,0.0,0.0,0.0,0.331,1.0,0.0
229,1373742587,229.6413946813903,201.1139475262892,1.0698298103400825,624,True,False,False,48.27506526724595,0.216977423352424,43.02418304341682,0.014072614393072082,0.43878043691218593,0.018412379818796024,0.15558160533326174,0.0,0.00015001297288108617,0.018329430371522903,0.0017457699868828058,0.3766025641025641,0.25801282051282054,0.0,0.5332999195327434,0.2140652084350586,-0.06968355923891068,0.9134615384615384,0.0002053130549699896,0.03326183190346066,2.6007432520503554e-09,0.0017144708499039784,1.0,0.052884615384615384,1.0,0.20192307692307693,0.0,1.0
230,802303837,196.26415813174106,162.58404396848184,1.301340944217278,708,True,False,False,65.10736811045972,0.20300212086492314,60.06396090243071,0.06750035394746436,0.3525747455703716,0.06752791294743404,0.10474254425440856,0.0,0.0027456283569335938,0.06752367317676544,-0.0007566952845081687,0.5211864406779662,0.2062146892655367,0.0,0.5538284671861194,0.20093239981681107,-0.06894957274198532,0.9533898305084746,0.00287593569775761,0.019619708293534467,2.600743251833515e-09,0.001838052181097851,1.0,0.0480225988700565,1.0,0.3785310734463277,0.0,1.0
231,1783498037,10.419198239623846,-41.53415457892165,2.1302235212363634,1000,False,False,False,18.610508458034214,0.19133329071783356,13.74059543976154,0.15551030607522504,0.5115164893961687,0.1743779096011507,0.11976473950203999,0.021793426073695804,0.15545301139354706,0.1743755340576172,0.0009102082112804055,0.223,0.0,0.5379215627908707,0.5565446624332689,0.5672183813154698,0.07584312558174133,0.987,0.0121517309759901,0.020963435635305498,0.0038639788651500164,0.0021302235212363667,0.0,0.012,1.0,0.298,1.0,0.0
232,1601410155,207.88762875841928,176.70547623297847,1.2361435016960696,632,True,False,False,61.189019892707414,0.2419451428262913,55.56332991920108,0.034880366235768734,0.38588513712242045,0.035235366903370716,0.12669547527185204,0.0,0.025058936327695847,0.03522644191980362,0.0007930135470815003,0.3939873417721519,0.21518987341772153,0.0,0.572187582586444,0.2735280717350543,-0.06951280683279037,0.9572784810126582,0.0025335579265078952,0.016709273537008268,7.802229755934226e-09,0.0019559232621773255,1.0,0.04430379746835443,1.0,0.20094936708860758,0.0,1.0
233,576219794,196.99119661631988,163.01126020652697,1.442662427319538,617,True,False,False,26.3691546024252,0.16559449810363738,21.88929170329497,0.07415844958997703,0.47702011878826384,0.07418543476790423,0.15011032932109836,0.0,0.07415781170129776,0.07418479770421982,-0.0003074431442655623,0.3873581847649919,0.11021069692058347,0.0,0.5042621885453512,0.17961768011096865,-0.06900998204946518,0.880064829821718,0.0032136347318969215,0.020024846633166594,5.201486504100711e-09,0.0023381886990592204,1.0,0.0940032414910859,1.0,0.14100486223662884,0.0,1.0
234,594444028,213.2268058966162,182.18493671858886,1.1921246118684932,658,True,False,False,31.744250858101832,0.14384115854242033,27.589318750465974,0.052986778135277836,0.6335373602263659,0.053013956749922445,0.16497113708989464,0.0,0.05298585817217827,0.05301303789019585,-0.0003121280751656741,0.19756838905775076,0.12917933130699089,0.0,0.4982539140231213,0.17190369425341487,-0.06911280751228333,0.8860182370820668,0.0020973416001564956,0.022407879857764802,1.040297300776774e-08,0.0018117395317150356,1.0,0.05319148936170213,1.0,0.07142857142857142,0.0,1.0
235,66531776,26.259705114524667,-60.79187196098963,4.470105138367626,1000,False,False,False,7.461871220819454,0.14962122825589053,3.21763913947591,0.5256239964047479,0.7558272068473479,0.5374110438822987,0.09766754304643312,0.01604111237012883,0.5246251225471497,0.5365990400314331,0.029531344771385193,0.0,0.0,0.0,0.38117618385897367,0.24288642260129564,-0.015109557658433914,0.696,0.00844775178626244,0.01996583470693938,0.0025501750504238387,0.004470105138367625,0.0,0.193,1.0,0.557,1.0,0.0
236,67451976,136.2070597250627,-23.55477447312258,9.317455613212347,1000,False,False,False,64.24102782797621,0.17445579504026168,59.62427724486698,0.15423950429086278,0.3374917349352562,0.15423950429086278,0.08895881163853461,0.0059187479352616505,0.15413494408130646,0.15413494408130646,0.005678353365510702,0.611,0.0,0.0,0.2444588284229685,0.0,-0.03058074787259102,0.412,0.02954129644373159,0.017612594737203877,0.023040845315754677,0.009317455613212346,1.0,0.4,1.0,0.613,1.0,0.0
237,1395986010,202.5132583526604,168.82599243610093,1.2431510611039667,752,True,False,False,17.44964477378776,0.18168574543200997,12.725402582293867,0.02439007199973889,0.6517496973238044,0.024417250930055714,0.17550887851262875,0.0,0.0243866927921772,0.02441387251019478,0.00040616749902255833,0.1981382978723404,0.13164893617021275,0.0,0.4760420559551734,0.14520072588697075,-0.06937185674905777,0.8656914893617021,0.0005721213752787058,0.02975137239804784,2.6007432520503554e-09,0.0016531264110425093,1.0,0.06515957446808511,1.0,0.04521276595744681,0.0,1.0
238,1372420504,27.016028046071096,-21.024044391420038,1.8693381624994005,1000,False,False,False,24.240956117404128,0.21738754882753264,18.980229227485918,0.23878703903261486,0.653658238246168,0.23878703903261486,0.15679263003890184,0.0883497630939551,0.07750940322875977,0.238743394613266,-0.004565253388136625,0.0,0.0,0.5138460863381624,0.5569040596503037,0.5583691537752747,0.027692172676324844,0.99,0.030391328569711745,0.030675801700896652,0.013118060537971304,0.0018693381624994027,0.0,0.0,0.0,0.221,1.0,0.0
239,651841002,212.1975928548723,195.7034498855976,0.6102761979516486,367,True,False,False,48.924256858658076,0.17681498252600952,44.32205243468738,0.5634796887374617,0.9361274206033877,0.5635082671456373,0.17953751294042325,0.0,0.5362534523010254,0.5362831354141235,0.17303746938705444,0.0,0.0,0.0,0.52314090360291,0.1271982389688492,-0.08851726353168488,0.8937329700272479,0.030033414283367307,0.021293639323401517,5.2014865019323064e-09,0.001662877923573974,1.0,0.10354223433242507,1.0,0.08991825613079019,0.0,0.0
240,1636612707,-2.7612644954992147,-54.32774802300496,2.104432235167048,1000,False,False,False,13.68153140432494,0.20453517302844443,8.613590151393062,0.5167379587343863,0.7934141155450827,0.5775483418752494,0.15004593820498927,0.027620416776770157,0.32884931564331055,0.5568801164627075,-0.1531229019165039,0.0,0.0,0.548590574413538,0.5460490534452838,0.4957755615876522,0.09718114882707596,0.978,0.03783128779451168,0.029752840342723786,0.03203752232632112,0.0021044322351670476,0.0,0.0,0.0,0.384,1.0,0.0
241,452221964,-2.0312675069083577,-48.65426899237311,1.7748667656976362,1000,False,False,False,30.349551842457103,0.17035332669576062,25.794338284515504,0.04977212473952964,0.35161919106328193,0.06495361619000069,0.07990358848277201,0.03653733182044301,6.599425978492945e-05,0.057329557836055756,0.03053349070250988,0.555,0.37,0.5345633365213871,0.5576296468013897,0.5592073798924685,0.0691266730427742,0.981,0.019804551933367342,0.012905958028282162,0.001601113773450305,0.0017748667656976376,0.0,0.0,0.0,0.498,1.0,0.0
242,1821731862,110.63575138859471,44.48904188502952,3.0764473002376707,1000,False,False,False,58.292842012364865,0.1615752110290875,53.86930018942333,0.19601217222754355,0.3808351438624153,0.19601217222754355,0.08457113239219795,0.008549871236122136,0.19601182639598846,0.19601182639598846,-0.0003682041133288294,0.559,0.0,0.0,0.31010412963852285,0.09715856857597828,-0.07362322509288788,0.53,0.008928440009491296,0.008087051902357792,0.0010973218475420366,0.0030764473002376723,1.0,0.471,1.0,0.559,1.0,0.0
243,123984911,298.0162425268908,282.2394755943229,0.5931177955045202,344,True,False,False,81.62405443188861,0.2112930993183472,76.51768643712721,0.08043385105623528,0.46674016914484806,0.08462382353260658,0.3170062105145889,0.0,0.00047130585880950093,0.0846225768327713,0.00045934677473269403,0.47093023255813954,0.20930232558139536,0.0,0.5385705341306125,0.20592692449688912,-0.06928769499063492,0.8866279069767442,0.005024486420185946,0.05973310773418377,2.600743251833515e-09,0.0017241796380945372,1.0,0.10174418604651163,1.0,0.1308139534883721,0.0,1.0
244,1686778320,129.24642293351934,59.19194320235723,3.3542986487441477,987,True,False,False,15.63624398376136,0.14016728038721252,11.533833171601351,0.13464559824922143,0.39783225398887634,0.13465390653802065,0.0797217893150114,0.0,8.97407517186366e-05,0.13458490371704102,0.004310247953981161,0.5177304964539007,0.0,0.0,0.4434428391399017,0.01002581751672551,-0.0695279911160469,0.78419452887538,0.006307499385365521,0.013899916356035965,5.201486504534392e-09,0.0033984788741075445,1.0,0.160081053698075,1.0,0.4154002026342452,0.0,0.0
245,880264374,1.7260987241053822,-45.416374887534545,1.8094982407759952,1000,False,False,False,15.944010498887305,0.2067391937094968,10.84300893573969,0.42799404537557134,0.8110039862267936,0.43428074064613387,0.1591069533643074,0.021155413298316102,0.28382205963134766,0.42306652665138245,-0.09805343300104141,0.0,0.0,0.5180870704352856,0.5598412014779169,0.5426999079249799,0.036174140870571136,0.985,0.006312306859266899,0.03563823330751656,0.001473915647201277,0.0018094982407759947,0.0,0.0,0.0,0.223,1.0,0.0
246,1171302208,12.820189238386309,-31.717945771868816,1.6358756673503327,1000,False,False,False,19.16868216416262,0.20778707828744464,14.051962332345813,0.05860235254959367,0.5503591734308511,0.10957274543314668,0.14874106710561633,0.062159529658979626,4.100799560546875e-05,0.056865788996219635,0.09366145730018616,0.281,0.123,0.5718493759632111,0.5696173008256592,0.5567021809890866,0.14369875192642212,1.0,0.02962854357760746,0.025815374126519196,5.02463596292399e-06,0.0016358756673503353,0.0,0.0,0.0,0.104,1.0,0.0
247,645818112,218.2051474154926,186.80971917620238,1.179695215952675,685,True,False,False,50.12522756822089,0.22184597889653954,44.79958498117487,0.03610854375725919,0.36792334022722856,0.036135808921991,0.1748658922508737,0.0,0.0008294105646200478,0.03611927106976509,0.0010931348660960793,0.38248175182481753,0.181021897810219,0.0,0.5465555555044408,0.15094885550439358,-0.06958028674125671,0.9328467153284672,0.002591816688457271,0.03895748521552152,2.600743252267196e-09,0.0017221827970112058,1.0,0.05547445255474453,1.0,0.14014598540145987,0.0,1.0
248,1992289477,170.35479565681874,131.18583234265722,1.4339308876107821,883,True,False,False,29.274880098172446,0.12949591911093283,25.332721149596782,0.06877340268792037,0.5339604721711029,0.06880105665227551,0.12215832299121372,0.0,0.06876401603221893,0.06879167258739471,0.0011363006196916103,0.3578708946772367,0.10645526613816535,0.0,0.5475939811130359,0.23205557435750962,-0.06951294094324112,0.9445073612684032,0.0042578659819707265,0.013611683757530134,7.802229756367907e-09,0.001623930790046187,1.0,0.0362400906002265,1.0,0.27633069082672707,0.0,1.0
249,313246075,214.55268053747722,184.99037364407167,1.140153792893688,623,True,False,False,40.790064799811105,0.2185336097356353,35.515877953228255,0.0486648905520671,0.4852330856438229,0.05069984505540039,0.13856838984723402,0.0,0.0009267806890420616,0.05069532245397568,0.0006771779153496027,0.36918138041733545,0.2375601926163724,0.0,0.5354165620264713,0.2537110592611134,-0.0694601759314537,0.9165329052969502,0.0033193143084786487,0.024372304237090255,0.0,0.0018301023962980579,1.0,0.048154093097913325,1.0,0.2375601926163724,0.0,1.0
250,1889010639,204.8277550109196,172.5884789743107,1.2559517357739243,670,True,False,False,68.3741817679748,0.19969314335158342,63.38116480084919,0.05815642885245632,0.37575974731212924,0.05819083477945903,0.12066155419193376,0.0,9.117126319324598e-05,0.05817699432373047,0.0012690877774730325,0.4,0.16865671641791044,0.0,0.5679945422009801,0.25903547201305627,-0.06942866742610931,0.9582089552238806,0.0023180577399013955,0.013622273263167324,1.0402973008201422e-08,0.0018745548295133194,1.0,0.041791044776119404,1.0,0.24328358208955222,0.0,1.0
251,2024720233,213.27705807983875,191.0819114284023,0.757009776762435,542,True,False,False,27.353102719921125,0.19854248886969625,22.38358138245646,0.4058447293676354,0.8535831058350476,0.40586220191990063,0.2251759373212482,0.0,0.014363288879394531,0.40532225370407104,0.020928392186760902,0.0,0.0,0.0,0.5067002292158859,0.0,-0.06909660249948502,0.8708487084870848,0.020722744338496715,0.04310114669585754,5.201486505401753e-09,0.0013966970050967428,1.0,0.0996309963099631,1.0,0.07749077490774908,0.0,0.0
252,1804064796,180.43354878881948,153.5911857283158,1.0241575373669067,574,True,False,False,15.6771159737024,0.18227156247813,10.949288963901205,0.01008921355154047,0.48531973176666066,0.01011357780385311,0.12351483523617857,0.0,8.802414231467992e-05,0.01008901558816433,0.0007044291705824435,0.28397212543554007,0.13588850174216027,0.0,0.5514768005952317,0.28925751760602,-0.06947203725576401,0.9390243902439024,0.0001867099384882154,0.017310476075050957,0.0,0.0017842465807785823,1.0,0.04878048780487805,1.0,0.16550522648083624,0.0,1.0
253,1786187759,-76.73636141829193,-83.46798371350494,0.25944148634753395,142,False,False,True,-11.728259551226339,0.20791112902475248,-16.36694152742935,1.4477325665148677,1.4981420410977808,1.4477325665148677,0.3094489223026784,0.15832047463632024,0.6043317317962646,1.0006526708602905,1.0462427139282227,0.0,0.0,0.5921130925416946,0.5790354407221918,0.5855522015690804,0.18422618508338928,1.0,0.07462054099171879,0.09796960874195415,0.001017910102898728,0.0018270527207572818,0.0,0.0,0.0,0.0,1.0,0.0
254,989960034,77.91505656155044,31.535939412066348,1.7586078099655986,1000,False,False,False,54.272761818667774,0.2264325850195333,48.87635938586964,0.030400587163649233,0.3146814439080534,0.031235272715100404,0.13198679481735948,0.00045628974722722326,0.00014295577420853078,0.03123178519308567,0.00046674965415149927,0.55,0.353,0.5651464238762856,0.5598273282080191,0.6047212445735931,0.1302928477525711,0.977,0.011048723253513313,0.02958788125411879,0.004587945813660309,0.0017586078099655995,1.0,0.001,1.0,0.393,1.0,1.0
255,1905578091,152.35672472310262,113.92631645899206,1.464693884274027,823,True,False,False,26.160682056662758,0.14870091038416008,21.93067984143976,0.04605669045424738,0.4093484492034982,0.04608473638727129,0.10482095454275454,0.0,0.00010023116919910535,0.04608307033777237,0.0003918623842764646,0.42162818955042525,0.17618469015795868,0.0,0.5459366023052769,0.21598086316138507,-0.06929389387369156,0.9465370595382746,0.0017093664603870095,0.010458003796681069,7.802229755934226e-09,0.001779700952945354,1.0,0.040097205346294046,1.0,0.34386391251518833,0.0,1.0
256,1958129221,-96.90783468354493,-100.59787111332291,0.1486690953185319,73,False,False,True,-50.26604480807294,0.12750832665437065,-53.218386794745655,1.542882740117481,1.6660197021899463,1.6911938704305474,0.6206815248207207,0.4619005378723153,0.5733838081359863,1.0021841526031494,1.3622641563415527,0.0,0.0,0.526472071185708,0.374951447730195,0.5373417498357594,0.05294414237141609,0.6986301369863014,0.09195096295716586,0.09871508659207494,0.00012506454150364166,0.0020365629495689317,0.0,0.0,0.0,0.0,1.0,0.0
257,1850992617,153.97527637411827,111.69758730042795,1.5491792715793635,952,True,False,False,8.46577237557,0.14941944067750607,4.224620638846318,0.04745287989985117,0.6099437703965737,0.04747977258176423,0.12810637538496825,0.0,0.046396635472774506,0.04747943952679634,-0.00017783879593480378,0.34558823529411764,0.15021008403361344,0.0,0.5387192233294413,0.20936954393982887,-0.0692710429430008,0.9558823529411765,0.00311904309907732,0.020464294384735432,5.201486504100711e-09,0.001627289150818661,1.0,0.03361344537815126,1.0,0.24789915966386555,0.0,1.0
258,1474258078,185.72594143794834,149.71054046859607,1.3810267312901636,765,True,False,False,58.42011561578892,0.23259026398263488,52.932177779210114,0.11037051796593368,0.41602013567695206,0.11044127839447185,0.11499096927059241,0.0,0.109143927693367,0.11043825000524521,0.0008178686839528382,0.3516339869281046,0.0,0.0,0.565128630722319,0.30757099341601135,-0.06921685487031937,0.9673202614379085,0.006327310547087864,0.017522884024451294,1.0402973008201422e-08,0.0018052637010328911,1.0,0.03398692810457516,1.0,0.2679738562091503,0.0,0.0
259,292536559,203.0440186493214,173.02418353811095,1.1999890074140407,601,True,False,False,33.79090673751525,0.18167746266362145,29.07050671595776,0.24378416219389742,0.6985088025421251,0.2438089697929076,0.15969778928533845,0.0,0.24374476075172424,0.2437695562839508,0.004383740480989218,0.0,0.0,0.0,0.4903057006394224,0.030373598639853297,-0.06840810179710388,0.8585690515806988,0.012167377047394316,0.019768584517280297,2.6007432509661532e-09,0.0019966539224859233,1.0,0.09317803660565724,1.0,0.06156405990016639,0.0,0.0
260,1081232581,181.0011540587061,145.69863873635936,1.333501021489775,765,True,False,False,48.87006310422123,0.1818395346866445,44.14338620708227,0.022241736748823886,0.3709199735436461,0.035731179580807855,0.11035787783837658,0.0,0.00011777877807617188,0.035701751708984375,0.0014498686650767922,0.465359477124183,0.3581699346405229,0.0,0.5585033021222046,0.22689175210893153,-0.06956391781568527,0.9594771241830066,0.0011272570525587204,0.012548353402255677,2.6007432520503554e-09,0.0017431385901827126,1.0,0.04183006535947712,1.0,0.3058823529411765,0.0,1.0
261,1564819839,-32.76659893766333,-48.56082201994291,0.5609482054853049,369,False,True,False,14.306583418561049,0.19844873704952223,9.378877272490598,0.5688485705445566,1.000792417869318,0.5688485705445566,0.2271893065536015,0.15182181725898786,0.3019932806491852,0.5358000993728638,0.1910679191350937,0.0,0.0,0.0,0.5374732465292535,0.3213019810122205,-0.019588366150856018,0.9349593495934959,0.022764162644144156,0.048556122713818005,2.115444561201496e-05,0.001520184838713561,1.0,0.0027100271002710027,1.0,0.0,1.0,0.0
262,286497476,175.0013980862218,134.3642380296717,1.5584773371033391,863,True,False,False,59.97661935268797,0.24682084330231005,54.27464884243044,0.01215168627910027,0.31138557183767707,0.015953181947786034,0.1053508560987972,0.0,0.003623104188591242,0.015907859429717064,0.0012016749242320657,0.5341830822711472,0.44148319814600234,0.0,0.5650651975241322,0.23727949562482537,-0.06961315870285034,0.9640787949015064,0.0015553746644232974,0.019424215397417084,5.20148650388387e-09,0.001805883357014297,1.0,0.03592120509849363,1.0,0.30127462340672073,0.0,1.0
263,1605952649,218.2660914951121,190.76545297575387,1.0560425679572076,583,True,False,False,35.164305017672135,0.15341865545812614,30.868731404938515,0.015392770171340896,0.5694703462693103,0.015420251864900225,0.17148801435520933,0.0,0.015345478430390358,0.015373039059340954,0.0012057519052177668,0.2195540308747856,0.15780445969125215,0.0,0.4897883762799181,0.09726442061248236,-0.06957162916660309,0.869639794168096,7.04957465895389e-05,0.015991852107455237,2.600743252036803e-09,0.0018113937700809737,1.0,0.08404802744425385,1.0,0.058319039451114926,0.0,1.0
264,200068483,237.53054653555174,203.59742600212743,1.3448747022282772,688,True,False,False,85.99472430715325,0.26687694782573335,79.9935563853591,0.06240782411815287,0.3498557468519637,0.07148270942863519,0.15018713066498626,0.0,0.0001924514799611643,0.07147292792797089,0.0011825060937553644,0.5305232558139535,0.311046511627907,0.0,0.5722570633515716,0.29567855678498745,-0.06934068351984024,0.9636627906976745,0.0030242739655307674,0.028276325162316006,1.0402973008201422e-08,0.00195475974161087,1.0,0.0377906976744186,1.0,0.23837209302325582,0.0,1.0
265,585620245,175.5478602835908,137.9706497007978,1.4638140388528682,781,True,False,False,51.21767036550213,0.22778732667785512,45.80164050551864,0.032197084820073524,0.2975661197838666,0.032215837013387885,0.0993415877154798,0.0,0.00019121170043945312,0.032199859619140625,0.0010144924744963646,0.6120358514724712,0.5134443021766966,0.0,0.5656089117433327,0.2948898132145405,-0.06948111951351166,0.967989756722151,0.0009584936851092881,0.01561234510083603,2.600743251941935e-09,0.0018742817398884374,1.0,0.03329065300896287,1.0,0.471190781049936,0.0,1.0
266,1469933337,221.73023211210955,191.69675908615847,1.1635648683967317,629,True,False,False,55.58438414011669,0.23099246157392836,50.12309112816593,0.04550746931578526,0.435756079981974,0.04553503713195738,0.14570268959757185,0.0,0.00021829604520462453,0.04553346708416939,0.00037812947994098067,0.39109697933227344,0.26391096979332274,0.0,0.5595397753774267,0.22071650095283984,-0.06929317861795425,0.9507154213036566,0.0016809227816253648,0.02552679719375252,5.201486504100711e-09,0.001849864655638684,1.0,0.05087440381558029,1.0,0.20031796502384738,0.0,1.0
267,116008735,201.37021024879073,176.62644099015998,0.9469179505753854,527,True,False,False,37.148474708276524,0.19200398402242058,32.27843286769453,0.08600062164428962,0.4926031153723163,0.08618136924325916,0.14059780349127815,0.0,0.08599700778722763,0.0861780196428299,0.000759825692512095,0.32637571157495254,0.09867172675521822,0.0,0.5519934588375253,0.19346616815775633,-0.06916391849517822,0.937381404174573,0.0038170315483359867,0.014193479674287107,2.600743251833515e-09,0.0017968082553612632,1.0,0.06261859582542695,1.0,0.06641366223908918,0.0,1.0
268,581611928,226.39328535334204,193.15753278787565,1.2077168376977625,756,True,False,False,32.96733630512303,0.22881734481461943,27.53607898551893,0.010170849607783899,0.5641857633151639,0.010176371190413341,0.20323742664984298,0.0,0.00013360977754928172,0.010158824734389782,-0.0005973362713120878,0.2261904761904762,0.17328042328042328,0.0,0.4977982276219076,0.23553083717823028,-0.06918323040008545,0.8835978835978836,0.00013461446056594565,0.037730810713697514,2.0805946016267318e-08,0.0015975090445737579,1.0,0.07539682539682539,1.0,0.07275132275132275,0.0,1.0
269,744067628,223.54162227828044,188.66578883899604,1.3170555626189742,756,True,False,False,69.01557445716367,0.21345903828764012,63.81469173546419,0.014152822174302901,0.4059301977394132,0.01423094088897697,0.1353996409633981,0.0,0.013487529940903187,0.014193439856171608,0.0010324454633519053,0.42857142857142855,0.23544973544973544,0.0,0.5611114669221616,0.293296255543828,-0.06957442313432693,0.966931216931217,0.0014600280033283408,0.01822016883926093,0.0,0.0017421369875912354,1.0,0.03439153439153439,1.0,0.35714285714285715,0.0,1.0
270,1345901386,1.9794589662925248,-44.51137231310488,1.7660554186264876,1000,False,False,False,27.697832303372717,0.17780333748299929,23.03086858362256,0.10831273831518864,0.4316327732406248,0.12502919864741774,0.09787386401575658,0.04132053230471872,1.9550323486328125e-05,0.10741853713989258,0.06398092210292816,0.495,0.0,0.5954891741275787,0.555339167388156,0.5635308989137411,0.19097834825515747,0.981,0.021786079023035403,0.016853808135912744,0.0020313794366946074,0.0017660554186264897,0.0,0.0,0.0,0.401,1.0,0.0
271,223603263,26.995863306103175,-21.31707145064618,1.8875289837833,1000,False,False,False,69.31532891258206,0.2253583209112834,63.93504044140769,0.08250521175512447,0.3079338951646236,0.10734829711094461,0.10266366160278244,0.046577100881973,0.00011959076073253527,0.10488567501306534,0.022861585021018982,0.593,0.191,0.5919487625360489,0.5786577721848153,0.5587334702163935,0.18389752507209778,1.0,0.006908408915976926,0.016816939351621162,0.0008571119992979949,0.0018875289837833,0.0,0.0,0.0,0.433,1.0,0.0
272,1169030516,155.59348578862844,116.94693412908501,1.4457701106362302,848,True,False,False,15.620661709616446,0.18002690431588841,10.920655954253688,0.014311279129224927,0.5005390034189175,0.014339762140498164,0.12435727342896388,0.0,0.014270782470703125,0.014299297705292702,0.0010765051702037454,0.33372641509433965,0.20400943396226415,0.0,0.5578393814162755,0.24144107289612293,-0.06958441436290741,0.9658018867924528,0.0014672605077657842,0.013871389854088336,2.6007432520503554e-09,0.0017049175832974405,1.0,0.03537735849056604,1.0,0.16391509433962265,0.0,1.0
273,1599238136,-0.4812129516155129,-47.362941139419036,1.7921152125202386,1000,False,False,False,14.386641004342039,0.1863349587415894,9.591702965713024,0.010089597707801748,0.4126775203335418,0.018842806219181635,0.1152517699544973,0.049977660203072656,6.69479341013357e-05,0.016007613390684128,0.009940204210579395,0.515,0.407,0.6053988263010979,0.5799437216185034,0.5738437980413437,0.21079765260219574,1.0,0.015370397820986795,0.017001619913031646,0.001681901961459755,0.0017921152125202368,0.0,0.0,0.0,0.332,1.0,0.0
274,1609733005,167.94589858626716,139.8756635136232,1.0220156715095963,637,True,False,False,6.3132395043215634,0.1625123525797987,1.878870478539382,0.08574678995856168,0.5893931549802486,0.08577453053538722,0.13526344042338045,0.0,0.0857355147600174,0.08576326072216034,0.0013903952203691006,0.282574568288854,0.0847723704866562,0.0,0.5580739732639823,0.27175706669688227,-0.0694994404911995,0.9466248037676609,0.005124237927617576,0.022166124742331043,5.201486504534392e-09,0.0016044202064514855,1.0,0.04395604395604396,1.0,0.10518053375196232,0.0,1.0
275,60405287,-144.17383819476956,-185.2345498166309,1.5813807747907533,867,False,False,True,20.775661213667885,0.21334986391009686,15.575741912640835,0.562286809454548,0.8805977732782067,1.022901076684216,0.16403800570127056,0.16603964875575042,0.43176403641700745,1.0007003545761108,-0.21195615828037262,0.0,0.0,0.5043061496689916,0.5186050997160888,0.3015707448023022,0.008612299337983131,0.9377162629757786,0.0380096753749117,0.04474565474030595,0.0003771805923554819,0.0018239685983745695,0.0,0.0,0.0,0.06459054209919261,1.0,0.0
276,1774614431,186.01997130401435,155.67567426622023,1.1482864691862686,656,True,False,False,28.360036244108453,0.12725800490873482,24.45390596284603,0.0831297478083932,0.5417191582005578,0.0831476807270479,0.1271666005338112,0.0,0.08174371719360352,0.08314714580774307,-0.0002982520963996649,0.2759146341463415,0.10670731707317073,0.0,0.5457186968826757,0.26389890104532243,-0.06911835819482803,0.9314024390243902,0.004916018521745135,0.010752810154753654,5.201486504534392e-09,0.001750436690832728,1.0,0.04420731707317073,1.0,0.14329268292682926,0.0,1.0
277,1043720662,206.71595096345987,174.59313920828714,1.2348541170115133,680,True,False,False,44.16844833612154,0.2225805975057249,38.83189196850995,0.07340902409298278,0.6102829773007,0.07343658123939745,0.1619168169157369,0.0,0.07340631633996964,0.07343387603759766,0.0006303286645561457,0.19558823529411765,0.08970588235294118,0.0,0.5664864755263004,0.27128659456968307,-0.06937776505947113,0.9588235294117647,0.004469710173750684,0.031249216697293778,5.20148650366703e-09,0.0018159619367816382,1.0,0.04264705882352941,1.0,0.045588235294117645,0.0,1.0
278,1602030473,211.34135857897348,171.14370163883387,1.5545104626759843,844,True,False,False,58.08505895260887,0.21102058000367965,52.920164380211496,0.05123181425548032,0.3319734742386055,0.05989644463884037,0.14572063040069488,0.0,5.6552886235294864e-05,0.05989522859454155,0.0003816699900198728,0.5699052132701422,0.3613744075829384,0.0,0.535503516968183,0.24681182809639723,-0.06936787068843842,0.9383886255924171,0.0037741426913667515,0.032540129871316145,5.201486504100711e-09,0.00184183704108529,1.0,0.034360189573459717,1.0,0.3767772511848341,0.0,1.0
279,1774598066,8.82647377036037,-43.76842185269415,2.172993041536973,1000,False,False,False,28.441135368228956,0.1637542776208929,23.984907546410373,0.24585926705609062,0.5457136159648899,0.24679706553117395,0.12190279004954238,0.01544236643587949,0.17409905791282654,0.2467937469482422,0.0012798523530364037,0.0,0.0,0.553636871278286,0.5530608159375843,0.5557499892450869,0.10727374255657196,0.975,0.016368671011961062,0.024468117233126585,0.023061952947988153,0.002172993041536972,0.0,0.0,0.0,0.349,1.0,0.0
280,1536042010,169.66022746530365,134.79959334084563,1.334708941630528,742,True,False,False,38.852135431941264,0.20988700411889594,33.704984738444296,0.06323559925197922,0.36933805433262157,0.06326316227379997,0.09905939173995579,0.0,0.06323499977588654,0.06326255947351456,0.0002761697687674314,0.42048517520215634,0.2641509433962264,0.0,0.5554742004472581,0.2480850848928094,-0.06919098645448685,0.9609164420485176,0.002618524858737545,0.013721292400990815,2.600743251833515e-09,0.001798799112709608,1.0,0.04043126684636118,1.0,0.4582210242587601,0.0,1.0
281,1296415508,190.67337597557338,159.45490157987496,1.1612316263799003,690,True,False,False,28.3507997208852,0.13583280365502146,24.315254434369436,0.10135778690807494,0.6104002389637717,0.10237854256885537,0.13461341190164525,0.0,0.10036087036132812,0.10237455368041992,0.0009037351701408625,0.2797101449275362,0.0,0.0,0.5436859642850586,0.2611666776239872,-0.06929125636816025,0.9347826086956522,0.005931344786222967,0.011066382461253988,0.0,0.0016829443860578266,1.0,0.04057971014492753,1.0,0.15507246376811595,0.0,0.0
282,1951647352,33.90532974675281,-13.09221427385443,1.7998362680404918,1000,False,False,False,31.05395389937573,0.18500302563566268,26.278994857335608,0.0008204698201694004,0.41607961756982137,0.0008677477476337584,0.09799301216447295,0.006236203601333222,3.719329924933845e-06,0.0007410049438476562,0.00045155046973377466,0.427,0.213,0.5865501016378403,0.5703297709003091,0.5906322577595711,0.17310020327568054,1.0,0.0038281796342858154,0.014366772635215064,0.01331018459404274,0.0017998362680404925,1.0,0.001,1.0,0.305,1.0,1.0
283,460733693,165.97195418175534,125.66857347496651,1.54022538045259,860,True,False,False,31.64450769018046,0.15903944534220235,27.259268622259757,0.019696051544077074,0.3874715847958649,0.027410147781946288,0.1146149582054137,0.0,0.0001562118559377268,0.027381515130400658,0.001252529677003622,0.5023255813953489,0.3581395348837209,0.0,0.5498167901886032,0.20125390261411666,-0.06954889744520187,0.9534883720930233,0.0006973337934181946,0.01303242414164759,7.802229756042646e-09,0.0017909597447123141,1.0,0.03953488372093023,1.0,0.36627906976744184,0.0,1.0
284,1887839194,187.43963519539668,147.28449821271317,1.5250091321789006,864,True,False,False,51.59050090415445,0.2082068880714019,46.4677363009677,0.05770276815262293,0.30636030573062917,0.10907413108122314,0.14899880868674667,0.0,0.00017404556274414062,0.10906600952148438,0.0013310289941728115,0.6400462962962963,0.38425925925925924,0.0,0.5501067163228678,0.29855498634278776,-0.06912827491760254,0.9479166666666666,0.005017788531033247,0.03445911145455815,2.600743251833515e-09,0.0017650568659478005,1.0,0.028935185185185185,1.0,0.30671296296296297,0.0,0.0
285,904342164,135.94807322761054,91.0595536837936,1.693901302921126,974,True,False,False,23.738922076127373,0.1805547839181798,19.030712444181923,0.0513803867909645,0.4456928085619175,0.05141938373519479,0.10835832809351721,0.0,0.05137825012207031,0.05141801759600639,-0.00037482022889889777,0.42915811088295686,0.18172484599589322,0.0,0.5610792059747759,0.2749923152849078,-0.06921688467264175,0.973305954825462,0.0033110657261619272,0.01638923748176312,0.0,0.0017391183808225107,1.0,0.027720739219712527,1.0,0.32546201232032856,0.0,1.0
286,221337892,17.824282033182783,-27.066327961089392,1.659373999618132,1000,False,False,False,38.5441775690667,0.1600884872272767,34.14293660315239,0.0388476919107231,0.3932568983199529,0.0388476919107231,0.09625943681120526,0.06738996176322207,0.032250404357910156,0.032250404357910156,0.02165766805410385,0.53,0.291,0.5696852505207062,0.5507407018113881,0.5660727708041668,0.13937050104141235,0.976,0.024446869535640414,0.012756479908981358,0.0008221417553453784,0.0016593739996181311,0.0,0.0,0.0,0.417,1.0,0.0
287,1293998076,117.98744679728993,-42.99486021852503,9.398820467720997,1000,False,False,False,50.548146070166354,0.24791792725741454,44.82946350380009,0.16483521315378358,0.3672452719633286,0.16483521315378358,0.08547113157983786,0.007211388193247343,0.16472205519676208,0.16472205519676208,0.0061067198403179646,0.525,0.0,0.0,0.26603834466007537,0.0,-0.05465571582317352,0.452,0.016593398635625766,0.019912531027823376,0.015445825877153808,0.009398820467721,1.0,0.362,1.0,0.578,1.0,0.0
288,959788703,230.20743924180286,192.4551226500646,1.426154439449235,818,True,False,False,47.52105349448893,0.18585434460142025,42.73377612345985,0.049219377574610604,0.48563517188293354,0.058652964887098966,0.19357549060449947,0.0,0.0012497901916503906,0.05864391475915909,-0.0010303163435310125,0.35574572127139364,0.2982885085574572,0.0,0.5227023880545353,0.24747975703328848,-0.06893382966518402,0.9119804400977995,0.002416954252988921,0.03873558533453512,2.600743251833515e-09,0.0017434650849012634,1.0,0.039119804400977995,1.0,0.2237163814180929,0.0,1.0
289,62787811,124.30951455369944,75.61794118548006,1.9607715578812916,964,True,False,False,27.278215224454055,0.16013635341161572,22.87629390497997,0.12155032378588189,0.39285104481229083,0.12450231549051027,0.09587362188768665,0.0,0.1215420737862587,0.12450160831212997,-0.0004196310183033347,0.40975103734439833,0.0,0.0,0.5399610111404755,0.032715722471475604,-0.06865530461072922,0.9470954356846473,0.005884835694646906,0.009683905574114407,7.802229755500545e-09,0.002033995391993043,1.0,0.05186721991701245,1.0,0.4429460580912863,0.0,0.0
290,1911790372,231.69755566229003,203.4763343445797,1.0840814211806877,598,True,False,False,53.86176137395328,0.17482798609077954,49.24424926403483,0.0010399151430952644,0.4657718642387989,0.0017648602861818415,0.17087570551003745,0.0,0.00018911361985374242,0.0014384270180016756,0.001022574957460165,0.21237458193979933,0.15719063545150502,0.0,0.5129799469331097,0.0643288175854832,-0.06956153362989426,0.8979933110367893,0.0007985048190260736,0.02247300429814468,5.201486504100711e-09,0.0018128451859208829,1.0,0.07023411371237458,1.0,0.21070234113712374,0.0,1.0
291,1452386286,1.3150695740243394,-53.26805294163217,2.305541501043777,1000,False,False,False,31.44052512784116,0.13108474531595976,27.474340290596615,0.15238114881942882,0.4249882290452191,0.15682571748969515,0.10268400980456706,0.02951886541691557,0.15234002470970154,0.15673331916332245,0.005382595118135214,0.394,0.0,0.5519330911338329,0.5576860288185999,0.5361555519327521,0.10386618226766586,0.997,0.016688115104121465,0.011255309931993246,0.002799611685540271,0.0023055415010437767,0.0,0.0,0.0,0.509,1.0,0.0
292,861905043,196.06534197302534,164.3863137912822,1.243935212116209,651,True,False,False,38.015942531104976,0.21974533842777344,32.72264344420953,0.11148024845666342,0.4897792087133481,0.11196864290997868,0.13847202895290592,0.0,0.0012317657237872481,0.11196327209472656,0.001096675405278802,0.3271889400921659,0.0,0.0,0.5564683238130217,0.2787349181994796,-0.06905870884656906,0.9600614439324117,0.005178401981863083,0.023066419059715387,7.802229755500545e-09,0.0019108067774442562,1.0,0.039938556067588324,1.0,0.26881720430107525,0.0,0.0
293,33557341,119.82510308246137,72.75001707487667,1.8063390671723034,999,True,False,False,26.81329045935019,0.19913212902950947,21.826395738548825,0.016703184596004964,0.2986893925608077,0.022471538004703712,0.08218311181451006,0.0,0.0002132415829692036,0.022463416680693626,-0.0006040954613126814,0.5675675675675675,0.37737737737737737,0.0,0.5493150083874879,0.2597298611700535,-0.06920517981052399,0.965965965965966,0.0018211330765501139,0.013889683194711545,2.6007432520503554e-09,0.0018081472143866917,1.0,0.02902902902902903,1.0,0.4644644644644645,0.0,1.0
294,1968158754,76.6674213237944,29.072336221507115,1.8396723401524746,1000,False,False,False,56.78528495157393,0.2626295604017525,50.845927888042475,0.011368754735649357,0.37870286835955624,0.011456411745308176,0.14180565501699188,1.9330255020259704e-05,0.0001125335693359375,0.01145639456808567,-1.9838809748762287e-05,0.453,0.272,0.0,0.5695598078345647,0.4988188387360424,-0.06929223239421844,0.991,6.819668955474392e-05,0.029393256030407173,4.122178054468358e-06,0.0018396723401524768,1.0,0.009,1.0,0.204,1.0,1.0
295,1569880741,-17.076341548841544,-72.68745797058959,2.3740744281165402,1000,False,False,False,35.47179287823294,0.16596591420677217,30.982390507626203,0.15598471687459586,0.3670517015429127,0.19187224216728685,0.08246570756992716,0.02409666506619733,0.14950533211231232,0.19184160232543945,0.0034288382157683372,0.422,0.0,0.5586265437304974,0.5680320927808061,0.5563832353428007,0.11725308746099472,1.0,0.00047912814300715684,0.013388923396064815,0.001063057014559921,0.002374074428116544,0.0,0.0,0.0,0.464,1.0,0.0
296,2094708717,256.2053816489873,232.52319486639877,0.8654791188392512,535,True,False,False,54.802619027557384,0.2080624745012214,49.69092589234155,0.02590107480242991,0.4584702855708912,0.025920139792582595,0.19589492335305683,0.0,0.00033245087251998484,0.02588634565472603,0.00132316118106246,0.4504672897196262,0.28785046728971964,0.0,0.5380149480756198,0.29275842756032944,-0.06964036822319031,0.9065420560747663,0.0020752725056520306,0.036642987548948305,5.20148650366703e-09,0.0016177179791387873,1.0,0.048598130841121495,1.0,0.25794392523364484,0.0,1.0
297,626209299,212.9963938501199,188.6370986352798,0.8812863476560026,557,True,False,False,36.0464256528986,0.16302439211955272,31.6084700300881,0.1111712224677815,0.5338886457565576,0.11194215712133003,0.16051737737781124,0.0,0.11079426109790802,0.11194181442260742,0.00027699233032763004,0.3339317773788151,0.0,0.0,0.5328077691944928,0.2674937678873539,-0.0688907578587532,0.9174147217235189,0.005198992716375221,0.021876827712854326,0.0,0.0015822017013572755,1.0,0.05026929982046679,1.0,0.22800718132854578,0.0,0.0
298,345113150,168.3241286565085,131.20701433907468,1.4771409544955716,748,True,False,False,36.83018458992241,0.20458027850855529,31.762567227120854,0.10805863949716102,0.38730952236601135,0.10808610197550654,0.11307161317755683,0.0,0.10805721580982208,0.10808467864990234,0.000554690370336175,0.46657754010695185,0.0,0.0,0.5476947624197748,0.17011487171053885,-0.06897563487291336,0.9438502673796791,0.004986419666298882,0.015646417603021122,5.201486504534392e-09,0.0019747873723202857,1.0,0.04679144385026738,1.0,0.393048128342246,0.0,0.0
299,286340482,192.82544471640142,151.37277411042515,1.5555113737317574,906,True,False,False,42.709124275842996,0.23313130963882708,37.21237671476472,0.007393491068069973,0.3859655286529604,0.007402262014438776,0.15286603649181563,0.0,0.0021386146545410156,0.007394599728286266,0.00033671618439257145,0.4845474613686534,0.2858719646799117,0.0,0.5434377847165363,0.2915220765769482,-0.06941402703523636,0.9481236203090507,0.001080920016403426,0.03344073494556741,5.20148650388387e-09,0.0017168999710063543,1.0,0.029801324503311258,1.0,0.2858719646799117,0.0,1.0
300,588060534,45.930695213144546,-13.519396777840411,2.6300061327323405,1000,False,False,False,21.038389230458343,0.16373575805992913,16.58243920205421,0.34050537121046237,0.6135092589142443,0.34276917122267647,0.11285755713881573,3.229764080067285e-05,0.3404695391654968,0.34270745515823364,0.006504223216325045,0.0,0.0,0.0,0.45708546745358036,0.2879876914946362,-0.06764055788516998,0.822,0.017376760708340117,0.018495285338562845,9.959546283650617e-06,0.0026300061327323423,1.0,0.155,1.0,0.431,1.0,0.0
301,1562456108,220.19742167685186,183.45596105991245,1.4240973744626337,769,True,False,False,48.81857851113063,0.24982698470771003,43.072053764767915,0.0015632634228617379,0.4111438257922641,0.003098090784578331,0.15762869326192308,0.0,2.822876012942288e-05,0.0027140616439282894,0.0014939999673515558,0.42782834850455137,0.2951885565669701,0.0,0.5381850959328627,0.1995788435637951,-0.06966089457273483,0.9258777633289987,0.0006005604214664327,0.030935407211271262,0.0,0.0018518821514468564,1.0,0.044213263979193757,1.0,0.24057217165149544,0.0,1.0
302,1581055371,7.479424658660804,-27.484589061351457,1.3349342480008402,747,False,True,False,54.683277111348374,0.22247584146231167,49.34723728216805,0.19718089806857006,0.4645095509956213,0.22039156736954846,0.1711984998229497,0.05097623685682366,0.0022148131392896175,0.21621160209178925,-0.04271985590457916,0.0963855421686747,0.0,0.5117092030122876,0.5170506405687716,0.3860685749468394,0.023418406024575233,0.9062918340026773,0.008310232935510637,0.04179144267312575,0.0008982427538288575,0.001787060572959626,0.0,0.0,0.0,0.4390896921017403,1.0,0.0
303,939185871,-56.167899959729354,-104.31890088465619,1.876733394995122,1000,False,False,False,14.272092233180638,0.19005580271839576,9.421341534899515,0.5551387375059113,0.8918249571116723,0.9625112797540298,0.1833383614184375,0.19106453365087545,0.1658451110124588,0.9421625137329102,-0.19686990976333618,0.0,0.0,0.5565838254988194,0.5098261256795668,0.4868804799951613,0.1131676509976387,0.929,0.07785167319912246,0.04196282565484843,0.0004592288404705325,0.0018767333949951228,0.0,0.0,0.0,0.105,1.0,0.0
304,1235193594,-112.98269583620132,-116.4394867731685,0.17978606246447915,38,False,False,True,-81.86569548820763,0.1741654070992836,-85.1130674046761,1.6094909323076465,1.7304309807241547,1.8117603025715063,0.7357830155453433,0.627775949988905,0.7390733361244202,1.0051079988479614,1.5073928833007812,0.0,0.0,0.5525951273739338,0.3349831786594893,0.3349831786594893,0.10519025474786758,0.631578947368421,0.11915127318339325,0.12294035598125248,0.0015428649268345723,0.004731212170117872,0.0,0.0,0.0,0.0,1.0,0.0
305,1550110083,192.97539253929276,164.18470092242097,1.0473794411247879,654,True,False,False,17.12466764175899,0.1334760359784045,13.125322523334448,0.03574361650985879,0.5968167773323353,0.035771268167903596,0.16074819063770993,0.0,0.03573407977819443,0.03576173633337021,0.0008257364970631897,0.23853211009174313,0.1529051987767584,0.0,0.4978882539416599,0.19092270281165838,-0.069427490234375,0.8807339449541285,0.001152112111998696,0.02114722934681441,1.0402973007984581e-08,0.0016014976163987605,1.0,0.0672782874617737,1.0,0.04892966360856269,0.0,1.0
306,767100266,149.69913719696353,110.10336406759149,1.5063848752914628,850,True,False,False,36.14446753398338,0.2035716725739803,31.09128233834272,0.006829601523090016,0.3274853357057772,0.006839820841577253,0.08948364520082869,0.0,1.0490417707842425e-06,0.006811046507209539,-0.0006267332937568426,0.5070588235294118,0.30117647058823527,0.0,0.5593398992297486,0.2832309491932392,-0.0691823661327362,0.9682352941176471,0.000307480591927836,0.010038187393288397,5.201486504100711e-09,0.0017722175003428982,1.0,0.03176470588235294,1.0,0.46352941176470586,0.0,1.0
307,1775315640,-29.41012529052097,-77.43739035201918,1.8684843374332107,1000,False,False,False,13.315531378236736,0.17242969545596382,8.729172288892107,0.12553176787358059,0.37633621736982575,0.12664452242495455,0.08541008757506997,0.014046748602269522,1.0013580322265625e-05,0.12441568076610565,0.023655304685235023,0.533,0.0,0.560562402009964,0.56609770627541,0.5550561296567321,0.12112480401992798,0.99,0.0036433217297676458,0.01784440011026303,0.002039453281574081,0.0018684843374332089,0.0,0.0,0.0,0.471,1.0,0.0
308,253685681,170.2624560178258,131.9590870501085,1.4588912645144794,821,True,False,False,36.2805290045746,0.22473839811768825,30.909974857663254,0.06358324920369082,0.3895360681097618,0.06679506466492106,0.13224747511641274,0.0,0.0006854057428427041,0.06678476184606552,0.0011731362901628017,0.4543239951278928,0.22168087697929353,0.0,0.5638751872076713,0.24975932981818916,-0.06952857226133347,0.9658952496954933,0.004157941850205743,0.027045539877584037,5.20148650366703e-09,0.0017769686534890125,1.0,0.0341047503045067,1.0,0.2971985383678441,0.0,1.0
309,1633039757,155.63378373731382,112.64467447721351,1.6179406173400237,936,True,False,False,36.437714885112364,0.1472334183110682,32.229377885697026,0.08207553236035224,0.44762690955648765,0.082099277952132,0.10024416633591947,0.0,0.0007939338684082031,0.08209829032421112,0.00040269852615892887,0.45726495726495725,0.1388888888888889,0.0,0.5369218855633094,0.2712305341754109,-0.06911461800336838,0.9455128205128205,0.003610940850815333,0.013950572083816585,1.040297300776774e-08,0.0017285690356196803,1.0,0.028846153846153848,1.0,0.3888888888888889,0.0,1.0
310,426878082,-55.893568147619916,-94.18025552288432,1.4057791583509616,860,False,True,False,6.394800767803069,0.17717823495911322,1.737479855628731,0.18426631908866142,0.7558224943274137,0.20598974838859932,0.15250322817342163,0.022638609579758377,0.18382319808006287,0.20163197815418243,-0.042146433144807816,0.11395348837209303,0.0,0.5085493205115199,0.5486750561974775,0.38635414975346066,0.017098641023039818,0.9546511627906977,0.01942713077226105,0.030703501365700017,0.0006759955890407766,0.0016346269283150693,0.0,0.0,0.0,0.1372093023255814,1.0,0.0
311,931088333,-2.6378699024091437,-64.0660401855902,2.7618780188787393,1000,False,False,False,14.937192169972725,0.1751753410940471,10.30964839605687,0.35228455430263167,0.6332295858966356,0.36244860294351816,0.11843053216562004,0.0284021304298222,0.35181713104248047,0.3617367744445801,-0.022704532369971275,0.0,0.0,0.5053158062510192,0.5443795873984927,0.493498820734676,0.010631612502038479,0.988,0.0015525476565083401,0.02076972271758239,0.0013871533995546135,0.002761878018878738,0.0,0.0,0.0,0.364,1.0,0.0
312,233020741,84.49554518647336,-66.81027438476083,8.753721304748966,1000,False,False,False,18.504319409361432,0.18220979187972147,13.771258873660415,0.20828841653526142,0.45721591298832776,0.20828841653526142,0.09188629824111068,0.006690536828908545,0.20818690955638885,0.20818690955638885,0.006501934491097927,0.0,0.0,0.0,0.28509003706152725,0.0,-0.053541991859674454,0.492,0.019388217151352544,0.027484577557774514,0.01597014091824966,0.008753721304748956,1.0,0.336,1.0,0.54,1.0,0.0
313,321104617,7.640884595597188,-50.83713392451174,2.565201234673932,1000,False,False,False,31.705317551668582,0.15039849433721023,27.44942647910524,0.12589298048783862,0.438006241026952,0.13340292667056142,0.09434860189348358,0.01977156971522701,0.1258203536272049,0.1309186965227127,0.02562490478157997,0.479,0.0,0.5723839700222015,0.533472085934598,0.5442509722709655,0.14476794004440308,0.951,0.0023235464459883527,0.01399347706239799,0.0023710581240880724,0.002565201234673932,0.0,0.026,1.0,0.397,1.0,0.0
314,1639806757,-105.47472034441307,-109.19195304362906,0.17981551328106524,51,False,False,True,-67.4308248220503,0.16989880650400896,-70.78139490667812,1.6081385823499477,1.691913766236365,1.7612358076997785,0.48875642628213783,0.35533911201480606,0.7576500177383423,1.0000606775283813,1.4497690200805664,0.0,0.0,0.5368794351816177,0.4761248337397096,0.4856473304145038,0.07375887036323547,0.9019607843137255,0.09201188276710141,0.10636849995552404,7.956193756611385e-05,0.0035257943780601037,0.0,0.0,0.0,0.0,1.0,0.0
315,1415609443,199.82962487563495,167.0702298168902,1.2146263372496433,727,True,False,False,53.62569768025762,0.1486930290925541,49.39664444150081,0.01908289508535418,0.4536688319052611,0.019101206817982847,0.12788994753861974,0.0,0.00036878586979582906,0.01906757429242134,0.0011330103734508157,0.3576341127922971,0.23383768913342504,0.0,0.5586326598526687,0.3121881107985973,-0.0695464089512825,0.9656121045392022,0.00026623802575544294,0.01330211097723416,5.201486504046501e-09,0.001670737740370899,1.0,0.03576341127922971,1.0,0.21595598349381018,0.0,1.0
316,1375016442,174.0818421355624,149.0558928327745,0.9150632868525264,565,True,False,False,8.02504685320762,0.1284291527606331,4.105447338958848,0.2444579899687612,0.7171792746911367,0.24448290057410396,0.1609837208073381,0.0,0.2444184273481369,0.24444332718849182,0.004398689139634371,0.0,0.0,0.0,0.5224959803941923,0.18788284681737422,-0.06840317696332932,0.9132743362831859,0.012203160673799004,0.01342582470371253,0.0,0.001619581038677037,1.0,0.0584070796460177,1.0,0.06017699115044248,0.0,0.0
317,1625242512,34.89055900098743,-11.57928300640812,1.764656133826373,1000,False,False,False,53.21723285630155,0.24268033216833762,47.57711421627118,0.06584052531095995,0.31831997142560675,0.08956618821222573,0.11944164704450952,0.032745042348806666,0.0011173248058184981,0.08351077884435654,0.03237362951040268,0.534,0.213,0.5698442161083221,0.5634829940954224,0.5714676152914763,0.1396884322166443,0.993,0.020298006555034602,0.030875902574771075,0.0007648785904221696,0.0017646561338263754,0.0,0.0,0.0,0.442,1.0,0.0
318,924032943,157.13907503951344,115.27172538195663,1.5924899771704482,899,True,False,False,32.34500072220672,0.16167388748800315,27.920130680201545,0.011257701544071646,0.405955254982722,0.011285067482899182,0.12143206065112465,0.0,0.00011987685866188258,0.011284446343779564,-0.0001184010470751673,0.45050055617352613,0.15239154616240266,0.0,0.5595149833054278,0.2348792663216591,-0.0692872703075409,0.9655172413793104,9.385822322252893e-05,0.01479839971722489,5.201486504060053e-09,0.0017714015318914876,1.0,0.03670745272525028,1.0,0.2625139043381535,0.0,1.0
319,805957211,129.8206603769213,90.29403100828239,1.471108624575929,873,True,False,False,27.938342655671025,0.1409323788281104,23.824666397878705,0.08730474874846796,0.3971591665234328,0.11911911677656148,0.08692863219146309,0.0,0.00028209685115143657,0.11911201477050781,0.001300737843848765,0.41809851088201605,0.10996563573883161,0.0,0.5506661602798402,0.27075435146689414,-0.06904631108045578,0.9679266895761741,0.00555415184033704,0.012630170406660831,2.600743251833515e-09,0.001685118699399691,1.0,0.033218785796105384,1.0,0.422680412371134,0.0,0.0
320,353200484,224.7231130232104,192.20528520419063,1.2998551879346436,651,True,False,False,67.14279734116396,0.21071528232914466,61.984949095747886,0.09024918358172056,0.3654356935990285,0.0902770252500773,0.1398721774738623,0.0,0.09024067223072052,0.09026851505041122,0.0012395477388054132,0.5145929339477726,0.0706605222734255,0.0,0.5391096057421807,0.17427762349136175,-0.0692393034696579,0.9278033794162827,0.004019923656749549,0.02325223040937202,5.201486504534392e-09,0.001996705357810515,1.0,0.06605222734254992,1.0,0.3778801843317972,0.0,1.0
321,1440612902,201.83974335258824,176.5285747281822,0.9660779082937381,541,True,False,False,25.919176597652648,0.1984216355736198,20.951555089887552,0.11638936767315872,0.594171618470827,0.11639155509152806,0.16385253139554695,0.0,0.08948592841625214,0.11638899147510529,-0.0007725024479441345,0.2033271719038817,0.0,0.0,0.5343958059318928,0.17111582880839704,-0.06864391267299652,0.9149722735674677,0.005462859900518452,0.027064962734356685,5.201486504534392e-09,0.0017857262630198464,1.0,0.066543438077634,1.0,0.06469500924214418,0.0,0.0
322,1072951446,-1.5966856030746628,-46.22491931030212,1.6418822471484924,1000,False,False,False,10.444271144722176,0.15365395793058723,6.139548118258184,0.09297449121987177,0.5446163920518218,0.09297449121987177,0.10348630315179345,0.05931781188744129,0.055707741528749466,0.055707741528749466,0.07443724572658539,0.375,0.007,0.6017502918839455,0.5550099601838737,0.587077579498291,0.20350058376789093,0.991,0.006931863718995362,0.01550151562289716,0.00124291925702046,0.001641882247148494,0.0,0.0,0.0,0.289,1.0,0.0
323,1717708834,160.6467316061724,122.45431668321139,1.4674943281974082,809,True,False,False,37.898325748123234,0.22042763053109093,32.592500001528926,0.060419872229898176,0.3785151617208853,0.06044791265568291,0.09837000587926337,0.0,0.0003733634948730469,0.06043272092938423,0.001355133019387722,0.43016069221260816,0.1631644004944376,0.0,0.5546869237847368,0.28255069494247437,-0.06943594664335251,0.9678615574783683,0.0024345084572078603,0.019151403081268673,0.0,0.0018139608506766466,1.0,0.03337453646477132,1.0,0.380716934487021,0.0,1.0
324,324576056,159.71696855160405,121.4503254861609,1.4044428710295476,860,True,False,False,21.798290880501888,0.14016975901257706,17.69609710752556,0.0927294220369759,0.5825040991142205,0.09274363041891855,0.12926795812411307,0.0,0.09272918850183487,0.0927433967590332,0.00020818471966776997,0.27325581395348836,0.05116279069767442,0.0,0.5340396414765395,0.2857828137418255,-0.0690079927444458,0.9511627906976744,0.0041810097926654405,0.014412188625282448,5.20148650366703e-09,0.0016330731058483098,1.0,0.031395348837209305,1.0,0.12209302325581395,0.0,1.0
325,1043075022,123.20131130196398,-28.862967825279014,8.80428527514953,1000,False,False,False,54.7709981014297,0.28012792159195166,48.56916562004508,0.18181877564469962,0.39485274383885427,0.18181877564469962,0.09472554143525176,0.006890252699282627,0.16815194487571716,0.1817111074924469,0.006256244145333767,0.417,0.0,0.0,0.29027440961275713,0.0,-0.054169006645679474,0.493,0.01773958779868764,0.02756993778240415,0.01566738319479429,0.008804285275149535,1.0,0.341,1.0,0.535,1.0,0.0
326,1970269961,178.90126614347116,134.38348021176995,1.6718523954467361,972,True,False,False,54.711895768798804,0.23473812677805722,49.19093827058398,0.0081814313168192,0.41604858320158516,0.008209796301094686,0.14185977140799802,0.0,0.008108329959213734,0.008136940188705921,0.0010913109872490168,0.4547325102880658,0.1831275720164609,0.0,0.5664977286654858,0.30010220646858216,-0.0695839375257492,0.9742798353909465,0.0011487675561765848,0.029502289819578826,0.0,0.0017200127525172201,1.0,0.026748971193415638,1.0,0.24691358024691357,0.0,1.0
327,110878897,197.622463285293,169.6151608985649,1.0418201591152039,619,True,False,False,28.878912987712347,0.1634081772840659,24.431764214884335,0.05848135469477728,0.5328187499242184,0.058508917813422476,0.14028796909764465,0.0,0.05847520753741264,0.05850277096033096,0.0008480882388539612,0.20516962843295639,0.11631663974151858,0.0,0.49335578307407396,0.12100749760866165,-0.06933677941560745,0.8659127625201939,0.0023488856500393394,0.01696389609727185,2.600743251833515e-09,0.0016830697239340947,1.0,0.07431340872374798,1.0,0.11147011308562198,0.0,1.0
328,176865162,173.88064641496175,129.1808711334651,1.7799850187664377,900,True,False,False,36.76967091455086,0.19900146129697865,31.784884882708013,0.1005642337593121,0.42570191359681525,0.10058940507601148,0.13478663429573212,0.0,0.0017265320057049394,0.10058870166540146,-0.00037617923226207495,0.3888888888888889,0.0,0.0,0.5479600034105695,0.25308374255895616,-0.06883536279201508,0.95,0.004613663263308012,0.028692232970219625,5.20148650366703e-09,0.001977761131962709,1.0,0.034444444444444444,1.0,0.36,0.0,0.0
329,548674510,168.18267280049622,126.04780125551946,1.5489914363317823,945,True,False,False,15.402557238596858,0.24204782399851874,9.771989946894037,0.0704754941124434,0.6891628903151749,0.07050304545603839,0.1542315089285474,0.0,0.07046280056238174,0.07049036026000977,0.0013373589608818293,0.20105820105820105,0.06772486772486773,0.0,0.5479143559341393,0.1667706798017025,-0.06955332309007645,0.9629629629629629,0.004352672176108621,0.029310818775748548,0.0,0.0016391443770706676,1.0,0.0380952380952381,1.0,0.1343915343915344,0.0,1.0
330,1188201133,246.1015232861508,219.1630162709257,1.0079004676816827,591,True,False,False,58.20666303798589,0.21810730163552822,52.94031889688802,0.06989662030208288,0.4097992142437811,0.06990977819805548,0.19587810980278997,0.0,0.0007614135975018144,0.06990242004394531,0.0010142779210582376,0.43147208121827413,0.1404399323181049,0.0,0.5440901156472335,0.2894161181151867,-0.06948061287403107,0.9272419627749577,0.004308575598991724,0.040450849865141254,2.600743251833515e-09,0.0017054153429470116,1.0,0.043993231810490696,1.0,0.3536379018612521,0.0,1.0
331,1768873092,0.3017325062303372,-46.390432090859974,1.7794776398060361,1000,False,False,False,14.244626729479915,0.20435951122333215,9.179320403624766,0.04141791795902219,0.45282772904696983,0.0689353741735732,0.11427724464967892,0.042064403026025377,0.024603748694062233,0.024603748694062233,0.06439519673585892,0.491,0.313,0.5232935883104801,0.5723928468562662,0.5127378953248263,0.046587176620960236,0.999,0.0006201517797473652,0.020527255762668097,0.0030770404453712144,0.001779477639806036,0.0,0.0,0.0,0.3,1.0,0.0
332,1913795861,-100.83400178737938,-104.21715868923145,0.1562104601234718,52,False,False,True,-63.06811926113323,0.14819000765448692,-66.10503648314752,1.5651197541057869,1.5762309831910857,1.5651197541057869,0.576274439065873,0.5020480808805231,0.7240915298461914,1.0021569728851318,1.2021985054016113,0.0,0.0,0.5977982878684998,0.5622945283897794,0.5741484639048576,0.1955965757369995,0.9807692307692307,0.10762840972797387,0.11467525280628445,0.0007877859369860574,0.0030040473100667667,0.0,0.0,0.0,0.0,1.0,0.0
