episode,reset_seed,task_return,train_return,variation,length,success,crash,out_of_bounds,discounted_task_return,discounted_variation,discounted_train_return,min_distance_to_pad,mean_distance_to_pad,final_distance_to_pad,mean_speed,final_speed,min_abs_x,final_abs_x,final_y,near_pad_fraction_0p2,near_pad_fraction_0p1,final_m_power,mean_m_power,last50_mean_m_power,final_main_cmd,positive_main_fraction,final_theta_abs,mean_theta_abs,final_theta_variation,mean_theta_variation,final_both_legs_contact,both_legs_contact_fraction,ever_both_legs_contact,low_velocity_fraction,final_lander_awake,landing_candidate
0,1511897467,197.3923033268191,160.36431692594346,1.3085324267250416,870,True,False,False,32.94085701573141,0.21925175702586344,27.652399556507753,0.011164242304862947,0.4865219862824684,0.061940367864589604,0.18634422602024708,0.0,0.00043087004451081157,0.06192760542035103,0.001257321797311306,0.3839080459770115,0.2850574712643678,0.0,0.5382583338521079,0.27397897861897946,-0.041052717715501785,0.9390804597701149,0.010270768776205743,0.035457106879133164,3.9011148773165916e-09,0.0015040602606034965,1.0,0.03103448275862069,1.0,0.11264367816091954,0.0,1.0
1,1156069968,18.871262386045434,-37.31907269078937,2.4126890051223224,1000,False,False,False,69.00778828375654,0.20203530053651955,63.97734511820345,0.11885942023628558,0.2718052125736887,0.1420643731924445,0.08244242939675588,0.023583635710923343,0.005130481906235218,0.14105024933815002,0.016944417729973793,0.705,0.0,0.5526659414172173,0.5526977989587467,0.5539783237874508,0.10533188283443451,0.971,0.005153528798493569,0.0154800236066627,0.0006757680240062243,0.002412689005122322,0.0,0.028,1.0,0.615,1.0,0.0
2,747316575,183.55360233848904,159.57475249484278,0.870589989576421,546,True,False,False,25.13907070319741,0.14405918731814438,20.9864593844023,0.10626935580434296,0.4695292042010181,0.10629672944582708,0.13726960496363566,0.0,0.0024792670737951994,0.10629606246948242,0.00037655592313967645,0.26556776556776557,0.0,0.0,0.5279015439439688,0.18226245241239666,-0.04092343524098396,0.9102564102564102,0.013362851595453796,0.01913491197856247,5.20148650366703e-09,0.0015944871603963751,1.0,0.06227106227106227,1.0,0.10805860805860806,0.0,0.0
3,329122178,250.460001648101,229.431348138474,0.7685769006417962,475,True,False,False,39.01887210567085,0.20383060850130502,33.97830755931195,0.03877096003264216,0.596468032229785,0.0387986017804054,0.2550263491725353,0.0,0.01155385933816433,0.038780879229307175,0.0011725639924407005,0.22105263157894736,0.15157894736842106,0.0,0.46814630282111463,0.0,-0.04095093533396721,0.8210526315789474,0.008683534519305713,0.052951486308915795,0.0,0.0016180566329300967,1.0,0.12210526315789473,1.0,0.07157894736842105,0.0,1.0
4,646131025,207.71592967286705,173.6010600890865,1.2383246389187146,777,True,False,False,56.70637672324898,0.24058264199752835,51.09844913099639,0.026845889941307818,0.3715926594237639,0.026957772594130718,0.1598895263321726,0.0,0.014240359887480736,0.026938725262880325,0.0010132050374522805,0.4465894465894466,0.296010296010296,0.0,0.5535175475163656,0.28784712359309195,-0.04047274589538574,0.9678249678249679,0.0042425329750354745,0.030480914527131045,5.201486504534392e-09,0.0015937254040137882,1.0,0.03346203346203346,1.0,0.25096525096525096,0.0,1.0
5,386281797,27.790621107187956,-32.58575331083522,2.691758294534891,1000,False,False,False,28.890808250081992,0.1763876133959479,24.245080391637625,0.3566243144780993,0.6442324982538229,0.41828618875537915,0.16176925996816027,0.008418334913774745,0.015694808214902878,0.4180335998535156,-0.01453427318483591,0.0,0.0,0.5499303415417671,0.5291327084919903,0.5312945445813239,0.09986068308353424,0.973,0.038136713880543634,0.03131278002050075,0.0014742391146432485,0.0026917582945348915,0.0,0.0,0.0,0.489,1.0,0.0
6,469159189,220.0816764036195,197.3636635931466,0.8198675206981875,521,True,False,False,49.16706822729887,0.21213186368307801,43.995730878506976,0.10365197941327425,0.4622165038524787,0.10368116919787658,0.16601203632192887,0.0,0.009231853298842907,0.10367794334888458,0.0008178686839528382,0.2821497120921305,0.0,0.0,0.5521942029051097,0.2601345407962799,-0.03945884108543396,0.946257197696737,0.0007669124529184863,0.02888519631234863,2.6007432520503554e-09,0.001573642074276751,1.0,0.05566218809980806,1.0,0.09021113243761997,0.0,0.0
7,1241291005,34.10664431457411,-51.53578033974287,4.376161643621134,1000,False,False,False,26.683727013685406,0.1981878124611079,21.71099616926362,0.43764797143312906,0.6293214328393101,0.43764797143312906,0.12854652367181302,0.014329328698251164,0.012916183099150658,0.43644246459007263,-0.03246108442544937,0.0,0.0,0.5061410064809024,0.4568227873840369,0.5165191447874531,0.012282012961804867,0.831,0.0019636692486744447,0.03763457522015829,0.001316211046425612,0.004376161643621132,0.0,0.165,1.0,0.527,1.0,0.0
8,825866776,-21.359125503267606,-35.54836838892861,0.4419495257107369,378,False,True,False,24.21920879881677,0.1804245689806352,19.557625364649283,0.7460776765743089,0.9689744357243014,0.7978418168873003,0.2885008077159366,0.054858458702200526,0.014034080319106579,0.7868949770927429,0.13171127438545227,0.0,0.0,0.5061063310131431,0.5003849553419281,0.352678799565183,0.012212662026286125,0.873015873015873,0.036307905035378056,0.07285360759546858,1.2301515582104072e-05,0.0011691786394463948,0.0,0.0,0.0,0.013227513227513227,1.0,0.0
9,401355324,19.90985866826088,-38.51647142559858,2.5617553395906287,1000,False,False,False,27.432185042247465,0.1815584310833972,22.708894918491286,0.40891206853576817,0.6558379040742408,0.4151921617751408,0.1409657733202906,0.03148170515583862,0.013640212826430798,0.41331854462623596,-0.039399389177560806,0.0,0.0,0.5285671558231115,0.5291650391803414,0.5229219917953014,0.05713431164622307,0.966,0.014983768728396686,0.033938696169281544,0.0006207219927053739,0.0025617553395906336,0.0,0.0,0.0,0.488,1.0,0.0
10,847717680,32.68108906490955,-49.658981164518764,4.156004681961891,1000,False,False,False,24.765540579398596,0.1518352286411385,20.48809849227634,0.12455920444640951,0.3273453154720913,0.13855208958433987,0.0863560495950586,0.012711536881595716,0.005251788999885321,0.13854046165943146,-0.0017949962057173252,0.661,0.0,0.0,0.4273935647095786,0.17564663834869862,-0.053688887506723404,0.753,0.015568627772028186,0.014407221717973786,0.0038455656029256404,0.0041560046819618945,0.0,0.235,1.0,0.604,1.0,0.0
11,1843468895,216.64732574985837,193.25509987861406,0.8821483914162837,508,True,False,False,26.864179378770334,0.1512189061323079,22.608021543520145,0.06781206334190973,0.5420717654151606,0.06783914618868886,0.18390731480738165,0.0,0.006466102786362171,0.06783914566040039,-8.466243343718816e-06,0.25,0.12598425196850394,0.0,0.4703445243992931,0.04165120310150087,-0.040776703506708145,0.8169291338582677,0.010715542035495684,0.026186020236105646,0.0,0.0017365125815281177,1.0,0.1279527559055118,1.0,0.06692913385826772,0.0,1.0
12,2089784483,193.89876896943895,175.54768966410714,0.667405287022122,417,True,False,False,14.60471865991714,0.15583495892850502,10.297456869390922,0.04457799094993635,0.5045803756687461,0.044579515050451206,0.16166829031591126,0.0,0.000697231269441545,0.04457845538854599,-0.00030737160705029964,0.31654676258992803,0.19424460431654678,0.0,0.5295141818453011,0.17969664495438337,-0.04062872752547264,0.8920863309352518,0.009127847447040044,0.016620327861335195,2.6007432509661532e-09,0.0016004922950170798,1.0,0.08633093525179857,1.0,0.09352517985611511,0.0,1.0
13,2027634781,18.267669246542205,-34.75915102146943,2.2017880178674436,1000,False,False,False,27.700812619442587,0.1636880440075107,23.245578301824764,0.2937526073369497,0.5930224389667244,0.29623207046926947,0.14615545574129735,0.020814739211952406,0.011813640594482422,0.29622602462768555,-0.0018925928743556142,0.0,0.0,0.5467038489878178,0.5382493224211939,0.5228932885639369,0.09340769797563553,0.977,0.030714983265197185,0.030774216342951043,0.001663466592917738,0.002201788017867444,0.0,0.0,0.0,0.414,1.0,0.0
14,1649752016,11.22785921590397,-39.98720913157746,2.0810045564987627,1000,False,False,False,32.59767263744596,0.15394548892003204,28.28857664614039,0.18166858196104776,0.43175759025155674,0.20945169103414543,0.11412278667918845,0.013802197954430289,0.00799570046365261,0.2088070809841156,0.016419921070337296,0.349,0.0,0.556069903075695,0.5418820835584774,0.5387342690490187,0.11213980615139008,0.977,0.01996964061314811,0.020575745683379672,0.0008367618335366686,0.0020810045564987664,0.0,0.0,0.0,0.491,1.0,0.0
15,2013698973,223.09607218075539,206.1305573012724,0.6137009919655269,388,True,False,False,43.12288734506786,0.19081220940094387,38.30120704621135,0.053553601328801784,0.46844589455257435,0.05372657988363277,0.1698553532823054,0.0,0.004060840699821711,0.0537257194519043,0.0003040647425223142,0.3943298969072165,0.24742268041237114,0.0,0.5618773294641569,0.2740421490371227,-0.040020499378442764,0.9304123711340206,0.0024956319378493476,0.018883307292731594,2.600743252267196e-09,0.0015817035875400163,1.0,0.07216494845360824,1.0,0.15721649484536082,0.0,1.0
16,123927870,184.7775050708791,159.277023060841,0.8973654673358777,602,True,False,False,29.009093940809688,0.1470323301958998,24.808323287084082,0.04958110420491429,0.42300690065952234,0.05169876978131909,0.11395940475150985,0.0,0.00013656615919899195,0.05167970806360245,0.0014037704095244408,0.42524916943521596,0.29069767441860467,0.0,0.5286890530654776,0.2369223989546299,-0.04105490446090698,0.9219269102990033,0.009561057151645644,0.013175438510946252,0.0,0.0014906403111891646,1.0,0.04983388704318937,1.0,0.3023255813953488,0.0,1.0
17,1821182807,223.07755187507718,202.5539034416461,0.7775765622287459,443,True,False,False,49.372928940564776,0.20914467384681365,44.259062335485645,0.060951876725441154,0.46600506158195765,0.06412348101239734,0.15113222514902025,0.0,0.005317211151123047,0.06412334740161896,0.0001309013314312324,0.3544018058690745,0.2144469525959368,0.0,0.5458158256599583,0.23688715111464262,-0.039852652698755264,0.9322799097065463,0.0018207832765827158,0.01711944167923983,2.6007432520503554e-09,0.0017552518334734658,1.0,0.06997742663656885,1.0,0.07674943566591422,0.0,1.0
18,771268235,3.1029160220175527,-12.473982652647237,0.5557932449776501,362,False,True,False,31.897816506887764,0.19911939606597762,26.963623712350444,0.37987236823642206,0.8224653786972227,0.37987236823642206,0.281571580988604,0.0726053398037324,0.012926483526825905,0.3743383288383484,0.06460519880056381,0.0,0.0,0.5354935042560101,0.5722135858229511,0.5819400943815708,0.07098700851202011,0.994475138121547,0.05077322860019872,0.052206941709170535,0.0031856296034661474,0.0015353404557393651,0.0,0.0,0.0,0.0,1.0,0.0
19,829040292,230.3834070517318,208.07790744475898,0.7976999737981821,517,True,False,False,36.85466020412442,0.18303791405537942,32.120168581209334,0.04219016589018853,0.5376388221401669,0.04221781517437105,0.18296801446637712,0.0,0.006768608000129461,0.042200468480587006,0.0012101149186491966,0.31721470019342357,0.1528046421663443,0.0,0.524570079973931,0.24643354058265687,-0.040370192378759384,0.8936170212765957,0.003219819949536063,0.030801744029784316,5.201486504100711e-09,0.0015429399880042207,1.0,0.058027079303675046,1.0,0.059961315280464215,0.0,1.0
20,500441914,222.0162287018262,202.55404136085846,0.6894791560645133,456,True,False,False,34.91172504494269,0.20534269269456756,29.85203396798541,0.08930267944675349,0.5288895106268307,0.0893293822099265,0.18343982382092525,0.0,0.008350181393325329,0.08932933956384659,-8.728742250241339e-05,0.26535087719298245,0.10087719298245613,0.0,0.5317931424299451,0.18009262822568417,-0.039454493671655655,0.8991228070175439,0.000193923099897722,0.030369635129952555,2.6007432520232503e-09,0.0015120156931239322,1.0,0.08114035087719298,1.0,0.07236842105263158,0.0,1.0
21,1954303186,217.41815543212005,196.82649893829392,0.7527770995884099,465,True,False,False,47.679105814989676,0.17330974279142064,43.098140473664365,0.0865086789481765,0.4699870591841091,0.08668451298887327,0.15595566253892307,0.0,0.0050255777314305305,0.08668394386768341,0.00031411409145221114,0.24516129032258063,0.1053763440860215,0.0,0.5403325702955005,0.14617096800357104,-0.04088965430855751,0.9204301075268817,0.012006636810330944,0.023134489062384064,0.0,0.0016188754829858261,1.0,0.07956989247311828,1.0,0.08172043010752689,0.0,1.0
22,1166692149,205.04322787028516,176.83670358280006,1.1524349524989963,546,True,False,False,27.407493474135347,0.1578309256871286,23.04830607980547,0.08210353150801716,0.5081649334388317,0.08502769999470444,0.16060860760079904,0.0,0.006487464997917414,0.085027314722538,0.00025596379418857396,0.3333333333333333,0.21428571428571427,0.0,0.5004302997885344,0.2049037191271782,-0.040873847901821136,0.8736263736263736,0.011893735945017048,0.022324983803406622,0.0,0.0021106867261886397,1.0,0.08424908424908426,1.0,0.184981684981685,0.0,1.0
23,970311284,35.494620513823,-26.24538733464458,2.7826671898978197,1000,False,False,False,51.78552515208112,0.21807940777108362,46.514420378009746,0.15316742803204775,0.3820995308900857,0.1560586773477304,0.1029988375528542,0.01780481169434431,0.010200882330536842,0.1560463011264801,-0.001965370262041688,0.228,0.0,0.0,0.5452238299055024,0.3465028616040945,-0.06979968398809433,0.973,0.011455091987386331,0.023015880683689604,0.015245496476122217,0.0027826671898978227,0.0,0.027,1.0,0.554,1.0,0.0
24,994047248,-28.97587284634635,-100.15884825585886,3.412198360634155,1000,False,False,False,39.38681677654284,0.21891908364505502,34.1031168643617,0.34967479596798046,0.6525540979731111,0.6916985088501666,0.1398773585091471,0.024156077058297348,0.01076583843678236,0.6515069603919983,-0.23234781622886658,0.0,0.0,0.5956002324819565,0.5467563020252565,0.5196993304835632,0.19120046496391296,0.97,0.03143542555641517,0.035628995068230626,0.03712778284372255,0.0034121983606341536,0.0,0.012,1.0,0.273,1.0,0.0
25,1292724342,84.17618393413989,-18.204015209991955,5.492013276275474,1000,False,False,False,27.445721286198943,0.16647191051522747,22.948728970965433,0.35627455073371,0.6418974627918753,0.3656128508631477,0.15777981028796165,0.006902061576054939,0.013582229614257812,0.36541157960891724,0.012129888869822025,0.0,0.0,0.5191038344055414,0.38218113503479983,0.31381845558062194,0.03820766881108284,0.696,0.0061267256230317585,0.03567730459908411,0.0005461476305108374,0.005492013276275476,0.0,0.272,1.0,0.491,1.0,0.0
26,1550610129,225.98543554948986,201.38058166892927,0.9309902587040396,532,True,False,False,36.24569471850994,0.173671593017832,31.650147765249393,0.001726791876466696,0.512348179740781,0.029823906653070876,0.1965809185101189,0.0,0.0005844116094522178,0.029796218499541283,0.0012848234036937356,0.2631578947368421,0.19172932330827067,0.0,0.4836910645361715,0.0,-0.04051212593913078,0.8590225563909775,0.004041383689693679,0.03226554220511168,1.0402973008201422e-08,0.001749981689293307,1.0,0.10338345864661654,1.0,0.06203007518796992,0.0,1.0
27,33180180,12.349366659019031,-42.941146196036705,2.3527008570037338,1000,False,False,False,38.69328602175722,0.1352195968173606,34.66507841199159,0.18650352795151304,0.44219304640658535,0.2340966224559487,0.10499490885207176,0.020715256914181093,0.006086158566176891,0.23409461975097656,0.0009683227399364114,0.159,0.0,0.5278575420379639,0.5395477819638327,0.5282176019437611,0.055715084075927734,0.972,0.012019458474563455,0.01841008069309688,0.0014461068748860342,0.002352700857003737,0.0,0.0,0.0,0.502,1.0,0.0
28,1549741238,236.4804295045223,209.0660160356078,1.1169608979276322,533,True,False,False,53.15322531493958,0.2178610937502734,47.89474058127243,0.003152662386971052,0.46026902884526966,0.01435123890020593,0.19780368390845776,0.0,0.0003294944763183594,0.014348983764648438,-0.0002544069429859519,0.27204502814258913,0.21200750469043153,0.0,0.521418308164217,0.1530414982419461,-0.04027637094259262,0.9118198874296435,0.005132746909352406,0.04190596387235711,2.600743251833515e-09,0.002095611440764787,1.0,0.06566604127579738,1.0,0.07317073170731707,0.0,1.0
29,2119324410,208.33668152651805,156.1913976461134,2.4003522586936645,807,True,False,False,74.28942435600717,0.2474990188238093,68.5775397382475,0.08692172108001399,0.3325110907692288,0.10043634884645582,0.12094297721228155,0.0,0.01200647372752428,0.10043153911828995,0.0009829140035435557,0.5910780669144982,0.10037174721189591,0.0,0.5062900908439419,0.2782270136475563,-0.041056077927351,0.8835192069392813,0.012940710654128839,0.022674367612489643,2.6007432509661532e-09,0.0029744141991247387,1.0,0.10656753407682776,1.0,0.4052044609665427,0.0,0.0
30,47573630,214.04398737827432,196.7047346629854,0.6172835143525983,404,True,False,False,36.14146556791179,0.1811413621517233,31.458831595342637,0.08715022901845802,0.4886639922721121,0.08717788194068554,0.16879665308664785,0.0,0.004212570376694202,0.0871681198477745,0.001304600271396339,0.3316831683168317,0.12871287128712872,0.0,0.5570864354095728,0.2659611410647631,-0.039832763373851776,0.9306930693069307,0.00027237187871535686,0.024766177169248622,5.201486504046501e-09,0.0015279294909717786,1.0,0.06930693069306931,1.0,0.09653465346534654,0.0,1.0
31,1402766798,112.33909528356745,-60.666054927048805,10.200343347374433,1000,False,False,False,32.48596371072346,0.22950728634557796,27.043440758034674,0.3512147651189238,0.5525794557028512,0.3512147651189238,0.12292641783573645,0.025744857513392134,0.01334304828196764,0.3494352400302887,0.035310398787260056,0.0,0.0,0.5110001293942332,0.25351822161336895,0.10175688571296632,0.022000258788466454,0.447,0.05919272916270017,0.04887363461754488,0.0071936506336298806,0.010200343347374428,1.0,0.358,1.0,0.613,1.0,0.0
32,1736985230,197.01091530714186,172.42033189084844,0.8873722277528918,564,True,False,False,36.5394002817775,0.15567627544758347,32.211162995680695,0.07089200744642832,0.42598698027834586,0.07089812801687367,0.12752985508706036,0.0,0.00024127960205078125,0.07088518142700195,0.0013548469869419932,0.4929078014184397,0.3475177304964539,0.0,0.5363041597669482,0.30633756577968596,-0.04109784960746765,0.9184397163120568,0.01088567810774283,0.01432326334785894,1.300371626176966e-08,0.0015733550137462626,1.0,0.044326241134751775,1.0,0.324468085106383,0.0,1.0
33,996707623,30.48894015970868,-31.79762661056002,2.819104451351256,1000,False,False,False,33.59234609281651,0.20096459877318676,28.577963453713767,0.1483386360158455,0.44722596550538013,0.1483386360158455,0.13466605969012949,0.046041149035588126,0.012945270165801048,0.14833860099315643,0.00010193348134635016,0.349,0.0,0.5686681047081947,0.5238215544481063,0.5235081400722266,0.13733620941638947,0.944,0.0022815982453440863,0.027519503093640096,0.00017157460835842383,0.002819104451351256,0.0,0.052,1.0,0.29,1.0,0.0
34,327017008,186.6341242331081,163.5309007544742,0.826881565242248,535,True,False,False,33.478687860484214,0.15473488461557022,29.166908573553123,0.09748677478565222,0.44609421819747597,0.09752217464649224,0.12269003300336677,0.0,1.1444091796875e-05,0.09751758724451065,0.0009458994609303772,0.308411214953271,0.07663551401869159,0.0,0.5453489282681981,0.2957222343981266,-0.041045479476451874,0.9532710280373832,0.012739675801490132,0.013678048315730752,0.0,0.0015455730191443902,1.0,0.048598130841121495,1.0,0.2205607476635514,0.0,1.0
35,481078878,214.17145789801154,187.0519581238854,1.0066333182750629,601,True,False,False,34.767649440855735,0.21822912142247658,29.498974537915466,0.015820661645166108,0.4552737104048921,0.01807982563564063,0.1668201409098811,0.0,8.144378807628527e-05,0.01807880401611328,0.00019219875684939325,0.36772046589018303,0.22795341098169716,0.0,0.5297224314723741,0.21449183836579322,-0.04061407595872879,0.9201331114808652,0.007304591838903367,0.02999773292268504,0.0,0.0016749306460483574,1.0,0.05490848585690516,1.0,0.11148086522462562,0.0,1.0
36,1768913085,203.53487797493005,182.4478885293827,0.7737992963698268,474,True,False,False,27.738397071742984,0.1477364083374577,23.53941618017673,0.08803799731036945,0.5189704976090607,0.08806565182060094,0.16069561923809406,0.0,0.005330371670424938,0.08805914223194122,0.001070747384801507,0.310126582278481,0.10548523206751055,0.0,0.5232841944564399,0.14281675569713115,-0.04106348007917404,0.9029535864978903,0.012081106492609586,0.019067884210326885,1.040297300733406e-08,0.0016324879670249492,1.0,0.0759493670886076,1.0,0.10337552742616034,0.0,1.0
37,1404684865,225.2373712134183,181.82405904251175,2.0702208113937677,618,True,False,False,59.9500222929589,0.23007424994369585,54.5029225705035,0.1096282226810809,0.4115832779141194,0.11026322845300168,0.14319821922713816,0.0,0.01093368511646986,0.11026258766651154,0.00037591217551380396,0.3187702265372168,0.0,0.0,0.4913647982038655,0.07875044232932851,-0.03924008831381798,0.8414239482200647,0.0011666800127784916,0.03197071796332763,5.201486504100711e-09,0.0033498718630967108,1.0,0.059870550161812294,1.0,0.21359223300970873,0.0,0.0
38,132668911,16.841402109703637,-27.16778360120604,2.3126123807273133,466,False,True,False,62.745768126198456,0.2494984221282131,57.02178578681578,0.12900004682794958,0.40144259928203,0.1808882538003788,0.1610085008123328,0.031565982259495855,0.0073448182083666325,0.17607393860816956,-0.041455138474702835,0.47854077253218885,0.0,0.5146423578262329,0.48140292808163937,0.21255981855560094,0.02928471565246582,0.7982832618025751,0.01703726098459168,0.024465594128868264,0.007212064546040063,0.004962687512290371,1.0,0.12660944206008584,1.0,0.21888412017167383,1.0,0.0
39,918262559,215.29548536993096,196.57257787309925,0.6895271664554489,419,True,False,False,36.21828673258569,0.1885183268168391,31.420172198125783,0.024293219634111914,0.4677101800522198,0.024296207168079523,0.15684168362293388,0.0,0.003751564072445035,0.024287795647978783,0.0006392693612724543,0.33890214797136037,0.20047732696897375,0.0,0.5559511278219175,0.3015833877027035,-0.040406133979558945,0.9379474940334129,0.004433899889727664,0.0157238749461341,2.600743251833515e-09,0.001645649561946181,1.0,0.06205250596658711,1.0,0.06921241050119331,0.0,1.0
40,793198720,-0.5842069172606017,-24.889075536867722,0.8856579079737981,551,False,True,False,51.90307178340301,0.22668316262023544,46.510695204666675,0.2307056336664621,0.5102062252885039,0.2483318489206694,0.1753795618072754,0.03687266368967502,0.012007808312773705,0.24438372254371643,-0.044105593115091324,0.0,0.0,0.5153331225737929,0.5408911473422171,0.3751427303114906,0.03066624514758587,0.9401088929219601,0.01750505017147628,0.04017967178878626,0.0008802319566227311,0.001607364624271867,0.0,0.0,0.0,0.23593466424682397,1.0,0.0
41,855731955,33.45074592556339,-27.7505809591176,2.7467551256454046,1000,False,False,False,74.4297301212962,0.2640326574477454,68.46932660207464,0.1828038101175975,0.3827889293922947,0.216552889682444,0.10645455814423882,0.03917768977579591,0.013272857293486595,0.2165447175502777,0.001881310949102044,0.074,0.0,0.5736475437879562,0.5549201985688414,0.536107830721885,0.14729508757591248,0.986,0.017716827394117497,0.026349202471310902,0.0005269677992129247,0.0027467551256454056,0.0,0.013,1.0,0.514,1.0,0.0
42,1196246040,201.5400544791483,174.309540570985,0.9753675938775405,630,True,False,False,33.74379431537476,0.21344126995640572,28.545733238570318,0.06445618666847898,0.4681887204754392,0.06448374651333104,0.16162776118545996,0.0,0.009682083502411842,0.06446667015552521,0.0014839149080216885,0.2920634920634921,0.13174603174603175,0.0,0.5383031322059059,0.19356793068349362,-0.040182631462812424,0.9349206349206349,0.0017416083621217913,0.036161537647301366,0.0,0.0015482025299643504,1.0,0.05396825396825397,1.0,0.08571428571428572,0.0,1.0
43,987027273,14.243601870693986,-36.0960778612616,2.0226453154637163,1000,False,False,False,34.74879457798963,0.14001107089995452,30.64871485698508,0.16049084923816476,0.415681874611334,0.24621789462413116,0.10916529484947292,0.02174758883380286,0.0074255941435694695,0.24621590971946716,-0.0009886526968330145,0.318,0.0,0.5339360982179642,0.5439039132589824,0.53148527527228,0.06787219643592834,0.977,0.0035691186236723373,0.020215251447172504,0.0015706434655095147,0.002022645315463716,0.0,0.0,0.0,0.512,1.0,0.0
44,335812333,181.86034542243,159.18893854022815,0.796760458813453,536,True,False,False,24.852074301743166,0.12798250693878468,20.941488240140863,0.07792809765271107,0.45901830580058706,0.07794169434819288,0.1232549164797065,0.0,0.0015274047618731856,0.0779334083199501,0.0011364794336259365,0.40298507462686567,0.23694029850746268,0.0,0.541011477218517,0.28873870469629764,-0.04106231406331062,0.9477611940298507,0.01137883689486517,0.009128194024831057,0.0,0.0014864933933086812,1.0,0.048507462686567165,1.0,0.23694029850746268,0.0,1.0
45,61636833,180.5476967387366,156.08777283000288,0.8786615939155847,564,True,False,False,22.926253470385767,0.17504363361773426,18.30750581173667,0.07398128888641395,0.4267131773440059,0.07398271938637542,0.12126212854040518,0.0,9.012222290039062e-05,0.07398271560668945,2.3648739443160594e-05,0.4716312056737589,0.21453900709219859,0.0,0.5264867245135433,0.1584306040406227,-0.04079921171069145,0.9113475177304965,0.011137878032564543,0.014110104146391921,0.0,0.0015579106275099021,1.0,0.0673758865248227,1.0,0.2641843971631206,0.0,1.0
46,1783168689,203.0764029734069,170.3897936395593,1.4137739555898468,574,True,False,False,23.41169674496899,0.19493697448400485,18.49388855507968,0.5774027380648582,0.8852859471159303,0.5775054003403938,0.25217162484133887,0.0,0.015665244311094284,0.5589890480041504,-0.145064577460289,0.0,0.0,0.0,0.4390284889154558,0.06318267147988081,-0.022726714611053467,0.7630662020905923,0.03920397568739289,0.05587643785500033,5.201486505401753e-09,0.00246302082855374,1.0,0.2229965156794425,1.0,0.21254355400696864,0.0,0.0
47,330139630,59.08894869447982,1.1507843018430177,2.5292109595091126,1000,False,False,False,27.157124393292417,0.1940935400185689,22.24580763550864,0.11365379843691327,0.42862166762118636,0.11366095670377997,0.14662344413425615,2.821595789407011e-07,0.01260528527200222,0.113660529255867,0.00031171797309070826,0.487,0.0,0.0,0.5093537284016202,0.3249071854352951,-0.04091129079461098,0.919,0.01387536316330031,0.031101394119465043,1.5084310861848693e-07,0.002529210959509113,1.0,0.073,1.0,0.372,1.0,0.0
48,655584412,201.76024929126726,177.62546077874526,0.9103192341681337,524,True,False,False,30.005227877993892,0.1370796894300272,25.95935710634538,0.10291059428590268,0.5003015783917424,0.10293787107055194,0.14428724320746258,0.0,0.003036594484001398,0.10293722152709961,0.0003656840417534113,0.37786259541984735,0.0,0.0,0.4994826270676154,0.17338715441524982,-0.04091900959610939,0.8568702290076335,0.013130326943519505,0.015323254200287696,5.20148650366703e-09,0.0017372504468857516,1.0,0.1049618320610687,1.0,0.20038167938931298,0.0,0.0
49,840914785,191.17625343119724,124.79296802673795,3.2495523602973027,882,True,False,False,43.53533472138015,0.13367275916656385,39.530525998617314,0.14469951401331446,0.4235102958924144,0.14470973027029574,0.09866164562655841,0.0,0.0014630317455157638,0.14460249245166779,0.005570027977228165,0.4399092970521542,0.0,0.0,0.39639918759883364,0.010315219908952712,-0.04204019531607628,0.7029478458049887,0.015912457733291252,0.01923753965296752,2.6007432527008767e-09,0.0036842997282282293,1.0,0.1961451247165533,1.0,0.36394557823129253,0.0,0.0
50,1692559281,5.934066201269193,-46.0592189710573,2.132885678155099,1000,False,False,False,28.81667421274704,0.1838205174524353,24.059452793455353,0.13226168323367835,0.3854971304414088,0.1708801761878625,0.11617021130225522,0.01696238408111292,0.00944595318287611,0.17087459564208984,-0.0013810062082484365,0.564,0.0,0.5190556384623051,0.5493059558834648,0.539458987340331,0.03811127692461014,0.985,0.011854164336065778,0.02266393521058226,0.0009775868791476166,0.002132885678155094,0.0,0.002,1.0,0.463,1.0,0.0
51,1056046841,222.10904257223007,204.4447870683887,0.6376170335894185,405,True,False,False,47.63161932193996,0.1827563909922222,42.924415052166154,0.04888872027856726,0.4459362449564161,0.049272932793447535,0.15686033508082572,0.0,0.002113723661750555,0.049272917211055756,-3.9186477806651965e-05,0.36049382716049383,0.24444444444444444,0.0,0.5607233131925266,0.27934261184185744,-0.039986949414014816,0.9358024691358025,0.0028028271794784997,0.015312076270578406,0.0,0.0015743630458997986,1.0,0.0691358024691358,1.0,0.2,0.0,1.0
52,1580024342,-0.8804268921465024,-25.669192257578615,0.8752510243621495,583,False,True,False,30.843746590872353,0.21782764872106264,25.582038079194767,0.2423624093966521,0.6299265778094709,0.2559707713190192,0.19972579995839246,0.025626294767741954,0.011764240451157093,0.2521955072879791,-0.04380024969577789,0.0,0.0,0.5076742768287659,0.5197034557052951,0.39551597206038425,0.015348553657531738,0.9108061749571184,0.018612381629609567,0.04181541525706031,0.0013378691422230304,0.0015012882064530861,0.0,0.0,0.0,0.2144082332761578,1.0,0.0
53,1139378284,219.35533933285612,196.0297298010625,0.8363739687862591,539,True,False,False,63.257101213319615,0.21707593160142133,58.00984197181462,0.11169878412163434,0.37518549738541757,0.1130955608459253,0.13841295729018324,0.0,0.007956218905746937,0.11309508979320526,0.0003264164843130857,0.49536178107606677,0.0,0.0,0.5556224093069227,0.23336333613842725,-0.03917989507317543,0.9443413729128015,0.0013443682370633998,0.023987085675235092,5.201486504100711e-09,0.001551714227803821,1.0,0.0575139146567718,1.0,0.3747680890538033,0.0,0.0
54,1933401080,195.16710285223087,169.49130538157283,0.9397198313772085,579,True,False,False,33.001446135981595,0.14900184554035753,28.77235874315318,0.023727073829739705,0.40236998815995556,0.023754729008366036,0.1200910572431559,0.0,0.0003795623779296875,0.02375354804098606,0.0002368664718233049,0.5198618307426598,0.40932642487046633,0.0,0.5328790770066719,0.23724818244576454,-0.04065684601664543,0.9153713298791019,0.007688832799002297,0.011908613584081806,0.0,0.0016230048901160787,1.0,0.05008635578583765,1.0,0.38687392055267705,0.0,1.0
55,756121258,-2.44483943506782,-117.52753204100937,6.350846173729437,991,False,True,False,30.909054756503874,0.22732766447480687,25.499234305927637,0.17929019488092246,0.45347589060327137,0.2297163138725051,0.1339988960843274,0.018893856522038364,0.012811565771698952,0.2258801907300949,-0.04180579259991646,0.21695257315842584,0.0,0.0,0.35109783303313635,0.11162012912333012,-0.03122633881866932,0.6226034308779012,0.007308530014372754,0.029931924254019793,0.005998584727353869,0.006408522879646253,0.0,0.2330978809283552,1.0,0.47325933400605447,1.0,0.0
56,777896714,229.21601470089527,204.8361055258579,0.9106606116691464,536,True,False,False,35.079197551196664,0.22607213751704558,29.697267030920376,0.09847575046901338,0.5873337946006086,0.09850302540542609,0.20134637322837387,0.0,0.01110153179615736,0.09849710762500763,0.0010797238210216165,0.24813432835820895,0.06343283582089553,0.0,0.5293932730226026,0.2623544354736805,-0.03960629552602768,0.9123134328358209,0.0004469855977919251,0.03700715905543858,5.201486504046501e-09,0.0016989936784872145,1.0,0.054104477611940295,1.0,0.06529850746268656,0.0,1.0
57,1259840859,250.46932954788204,226.60490885741473,0.8776280460311504,535,True,False,False,72.81945064632484,0.24829586421230318,67.10425666544249,0.09598229013462672,0.4332907079064567,0.09632721080067294,0.20981882270578794,0.0,0.014826583676040173,0.0963229164481163,0.0009095644927583635,0.28598130841121494,0.07850467289719626,0.0,0.5651369201802762,0.3008799415826797,-0.03959742560982704,0.9532710280373832,0.0002998669160575167,0.033477643027130896,0.0,0.0016404262542638335,1.0,0.048598130841121495,1.0,0.052336448598130844,0.0,1.0
58,1967394020,216.51272162683313,196.78394112512763,0.7059187001137005,457,True,False,False,30.92454697448909,0.18708258593501204,26.138553005790495,0.06239814562211729,0.5164376252992852,0.0624250425392629,0.17409180651034717,0.0,0.006837653927505016,0.06242332607507706,0.00046292305341921747,0.32603938730853393,0.1400437636761488,0.0,0.5305973543200634,0.1863211591541767,-0.039955686777830124,0.9015317286652079,0.0019181601428787888,0.031662021540943046,5.201486504100711e-09,0.0015446798689577681,1.0,0.0787746170678337,1.0,0.07439824945295405,0.0,1.0
59,1449267987,223.33133016121567,205.55060170698408,0.6533818969487805,399,True,False,False,43.35832318361337,0.20201220070891535,38.364403916969664,0.22845804159624897,0.5898590318374913,0.22848207400785459,0.20831789402023315,0.0,0.00971002597361803,0.22844895720481873,0.0038899993523955345,0.0,0.0,0.0,0.5414507454389561,0.12978009633719922,-0.041420113295316696,0.899749373433584,0.021787246756755564,0.038107625727348236,2.6007432527008767e-09,0.0016375486139067166,1.0,0.10275689223057644,1.0,0.08521303258145363,0.0,0.0
60,865829840,222.1894027967938,194.92729112667206,0.969474111341448,636,True,False,False,35.480154399784794,0.2034301960319262,30.4320512198259,0.0309092373858208,0.5019257464825816,0.030913907192879623,0.18260478425827414,0.0,0.009634971618652344,0.030897904187440872,0.0009945726487785578,0.360062893081761,0.22641509433962265,0.0,0.5302149233475633,0.2982673169672489,-0.040430884808301926,0.9213836477987422,0.003979275665184845,0.03198637659330046,2.600743251833515e-09,0.0015243303637444156,1.0,0.040880503144654086,1.0,0.17295597484276728,0.0,1.0
61,1212887003,-7.186675738869198,-19.819266268879133,0.4115060353339913,323,False,True,False,26.051915774188846,0.15522217970215746,21.801422186691724,0.581797495757585,1.0170211202263437,0.581797495757585,0.329987025188035,0.2569219539912083,0.012192344292998314,0.5451536178588867,0.20321382582187653,0.0,0.0,0.5046766852028668,0.49614611309275447,0.30665671525523064,0.009353370405733585,0.8606811145510835,0.011730383261357011,0.06481990293085803,9.090117814497013e-05,0.0012740124932940904,0.0,0.0,0.0,0.0,1.0,0.0
62,1478030336,259.1343987322849,227.77254729541716,1.3934567624578371,523,True,False,False,35.727448101460375,0.18950688641242186,30.895273663659875,0.03107208256855974,0.5914586664515313,0.0324678497532061,0.26136655819306515,0.0,0.012441921047866344,0.03246784210205078,2.2289752450888045e-05,0.2695984703632887,0.21032504780114722,0.0,0.43041234545161045,0.15497440403793006,-0.040651384741067886,0.7476099426386233,0.008289707869765612,0.04762624295664929,5.20148650366703e-09,0.0026643532742979667,1.0,0.06500956022944551,1.0,0.13193116634799235,0.0,1.0
63,1692503548,88.16590098689787,-58.45797423532338,8.44159168148141,1000,False,False,False,28.858282697765656,0.19481179227686837,23.936192156107477,0.20349476094599767,0.43975259324699767,0.20350141954854203,0.10846103724511379,0.01080688159933084,0.010079669766128063,0.2033672332763672,0.007388923317193985,0.0,0.0,0.0,0.3010104758159723,0.010262015666812658,-0.04590731859207153,0.54,0.021818805475747327,0.03771304748417513,0.005465292895830726,0.008441591681481415,0.0,0.3,1.0,0.547,1.0,0.0
64,430828717,211.35653630197038,188.05184588131846,0.8269793613768026,545,True,False,False,34.53910595699058,0.12664943088686062,30.647724585583692,0.03980576338363821,0.5054455591489941,0.03983284600795425,0.14946496329519743,0.0,0.005034446716308594,0.03983278200030327,-7.140875095501542e-05,0.3467889908256881,0.1963302752293578,0.0,0.5156231835894628,0.20331547424197197,-0.040663644671440125,0.9045871559633027,0.008795727982455058,0.014697197064610742,0.0,0.0015173933236271608,1.0,0.05871559633027523,1.0,0.10458715596330276,0.0,1.0
65,57315423,221.18783855256618,201.77769365906514,0.6940096595667411,450,True,False,False,38.658836807040096,0.14148226263562985,34.55832325478541,0.14289635292917205,0.6138598375506261,0.1429221017124566,0.17465784049865662,0.0,0.003940677735954523,0.1429130584001541,0.001607761369086802,0.27111111111111114,0.0,0.0,0.5149848302339928,0.22526124134659767,-0.04117944464087486,0.8777777777777778,0.01587859865689307,0.01749629278178156,7.802229754633183e-09,0.0015422436879260898,1.0,0.07111111111111111,1.0,0.13555555555555557,0.0,0.0
66,1085470789,223.70387493227594,198.2593686576749,0.9296337516400759,575,True,False,False,37.49179538465669,0.21436246335348044,32.28254239745149,0.13090096733866913,0.5545164081608364,0.13091794425873293,0.18442529538251332,0.0,0.010127449408173561,0.13089056313037872,0.002677426440641284,0.19826086956521738,0.0,0.0,0.5171770269367034,0.056952414512634275,-0.03945399075746536,0.8817391304347826,0.0025773898779988982,0.031129745529554064,1.0402973008201422e-08,0.0016167543506783917,1.0,0.08,1.0,0.06956521739130435,0.0,0.0
67,1303337958,-16.574579489111827,-50.8809893673839,1.5377606585514738,562,False,True,False,30.714005235927303,0.1988297126749475,25.738606628362927,0.15663060047587102,0.4399988285996528,0.19535122040303007,0.13456816818493225,0.041397260844344044,0.006267643067985773,0.19080352783203125,-0.041906002908945084,0.40391459074733094,0.0,0.0,0.5076341428924985,0.13239668891765177,-0.023585453629493713,0.8825622775800712,0.00819841072846052,0.027211540096597254,0.007173655794415359,0.0027362289298068928,0.0,0.046263345195729534,1.0,0.2793594306049822,1.0,0.0
68,1124770563,92.22973470572458,-12.96836574307887,5.679873363253578,1000,False,False,False,27.70203669990466,0.2462633122324269,22.008173358913123,0.35068434672028304,0.6095845677407754,0.3900208681904776,0.15440570294661207,0.00784358690485737,0.01548004150390625,0.38820943236351013,-0.03754616156220436,0.0,0.0,0.0,0.3323615700442315,0.0,-0.030685631558299065,0.579,0.015186076644857263,0.034191820612785875,0.0005311315891594268,0.00567987336325358,0.0,0.271,1.0,0.444,1.0,0.0
69,1223071738,209.93634760240096,189.0492284748776,0.7964746085015618,447,True,False,False,36.42443707236703,0.19188987316516043,31.56847422652833,0.09431688398236997,0.46902788447475646,0.0943436763292687,0.15353096704104607,0.0,0.005503463558852673,0.09434108436107635,-0.0006993317510932684,0.33557046979865773,0.10738255033557047,0.0,0.5462594667107901,0.2293456806987524,-0.03922658413648605,0.9261744966442953,0.00010132625747073452,0.023123538812788773,0.0,0.0017818223903838055,1.0,0.06711409395973154,1.0,0.17002237136465326,0.0,1.0
70,1942128127,28.855539642414136,-21.962153779016322,2.054512894762021,1000,False,False,False,66.63141279799672,0.22416141279323487,61.269077948593164,0.11295352056568894,0.33720450574665783,0.11370320954273798,0.09532212799274216,0.019700516934445484,0.009116267785429955,0.11368837207555771,0.0018368220189586282,0.37,0.0,0.553608663380146,0.5603475432838313,0.5248366755060851,0.10721732676029205,0.997,0.013790249939262733,0.01948375690673319,0.0019498487364867003,0.0020545128947620206,0.0,0.003,1.0,0.573,1.0,0.0
71,996607899,179.77114204906394,139.79164007220706,1.5413001317904556,843,True,False,False,42.17631637740953,0.1369270650182801,38.12282871290071,0.02819589024631266,0.3809477814964456,0.028224667303834685,0.11110706130948532,0.0,0.0002760887145996094,0.028221512213349342,0.00042201043106615543,0.5587188612099644,0.36061684460260973,0.0,0.5080390700704196,0.1663566707074642,-0.04072433337569237,0.9015421115065243,0.007986894230330319,0.017755214603227442,0.0,0.0018283512832626995,1.0,0.05693950177935943,1.0,0.2158956109134045,0.0,1.0
72,1737866112,210.71289927767936,184.1540520807171,0.9879231464641633,587,True,False,False,36.28029466690757,0.18319071116006413,31.537915370843066,0.023730291364541738,0.42295624488560146,0.025762688056129378,0.16854392959114287,0.0,0.007437705993652344,0.025760937482118607,-0.00030032635550014675,0.3901192504258944,0.3100511073253833,0.0,0.5126355301014234,0.2695046725682914,-0.04054073244333267,0.8960817717206133,0.007843560117666973,0.02874549598772166,2.6007432527008767e-09,0.0016830036566680803,1.0,0.06984667802385008,1.0,0.18739352640545145,0.0,1.0
73,757340419,218.08070263881223,197.75179643873065,0.7392604133387748,462,True,False,False,45.36344257682016,0.18975104395470022,40.536429540192145,0.010856981335485693,0.4402307061040083,0.010884742943304935,0.1444018678768964,0.0,5.8650970458984375e-05,0.010881518945097923,0.00026490449090488255,0.2857142857142857,0.17532467532467533,0.0,0.5491702941919625,0.2609486997127533,-0.04058718681335449,0.9393939393939394,0.006813915461215088,0.016573339619984178,0.0,0.001600130764802544,1.0,0.06277056277056277,1.0,0.09090909090909091,0.0,1.0
74,753481078,178.3978418489918,156.38070150252062,0.7971426897647473,503,True,False,False,16.27794840628327,0.15769490056614385,11.925275564042265,0.04185821008961868,0.3994153598315372,0.043832195461703125,0.13060878719009078,0.0,0.0001468658447265625,0.04381256178021431,0.0013117885682731867,0.49502982107355864,0.36381709741550694,0.0,0.5460825913491294,0.2329666655510664,-0.04100435599684715,0.9284294234592445,0.009023820317702077,0.009926589445638552,7.802229754633183e-09,0.0015847767192142103,1.0,0.05964214711729622,1.0,0.268389662027833,0.0,1.0
75,267036560,11.920854334346993,-43.33223000547081,2.3502056226545123,1000,False,False,False,33.07148528812508,0.19146962768693576,28.19952721531577,0.14557503607618497,0.361988985335882,0.16676488351759083,0.10321129034064741,0.007608004505654549,0.008753299713134766,0.16676120460033417,-0.001107707037590444,0.503,0.0,0.5359093472361565,0.5557539947684854,0.539300583768636,0.07181869447231293,0.997,0.008854139375524036,0.02020555644071054,0.0005380619197402729,0.0023502056226545128,0.0,0.0,0.0,0.546,1.0,0.0
76,545894397,129.62216871217828,62.096197056715596,3.1737314436974975,996,True,False,False,29.665227650039593,0.14042838035326108,25.558891829035396,0.30329919308970454,0.5326067639775738,0.41614144389286195,0.11808480717697371,0.0,0.007753563113510609,0.4063917100429535,-0.08955154567956924,0.0,0.0,0.0,0.47815020566471444,0.031004547141492367,-0.026233987882733345,0.8493975903614458,0.03277164582741641,0.033703153007372505,5.2014864984628595e-09,0.003186477353109938,1.0,0.1285140562248996,1.0,0.42971887550200805,0.0,0.0
77,1135396990,-43.26685057475259,-102.1659706084374,2.785274668912326,856,False,True,False,34.73573171754029,0.23185795446811253,29.258229477009397,0.2756410061624246,0.508624349781049,0.37859144579391835,0.13213998876015196,0.05030076504544695,0.011655902490019798,0.3703238070011139,-0.07868774235248566,0.0,0.0,0.5167947839945555,0.44300542327287545,0.4271107230201596,0.03358956798911095,0.7967289719626168,0.007188835357498741,0.02821540605461798,0.0015087763348444003,0.003253825547794777,0.0,0.07710280373831775,1.0,0.3796728971962617,1.0,0.0
78,298179044,210.1844111498445,193.31309951072117,0.5927541092748949,399,True,False,False,21.786450430202205,0.14303197644054003,17.677234527584083,0.004766310076492561,0.5494874800136685,0.0047935205376721714,0.16753375072585647,0.0,0.0003588676336221397,0.004742908291518688,0.0006947374204173684,0.2731829573934837,0.20050125313283207,0.0,0.5096892138901061,0.0923792114853859,-0.04064939171075821,0.8621553884711779,0.0063832323786788365,0.010014683932437004,0.0,0.0014855992713656502,1.0,0.10776942355889724,1.0,0.09022556390977443,0.0,1.0
79,125123540,224.30270499255283,202.82913854180606,0.7409044300497817,518,True,False,False,39.63435221770333,0.13646466245887925,35.59834859785667,0.10725074167643817,0.5883449651549444,0.10727792143951594,0.17209521081777357,0.0,0.005547046661376953,0.10727681964635849,0.00048620463348925114,0.2722007722007722,0.0,0.0,0.5104175823519067,0.20705661103129386,-0.04094846546649933,0.888030888030888,0.013428086038444477,0.017192263896413925,0.0,0.0014303174325285353,1.0,0.0637065637065637,1.0,0.10231660231660232,0.0,0.0
80,591410935,244.55647068656975,225.76751106863608,0.6952639745289133,418,True,False,False,70.02244979044373,0.21163104818440737,64.87794403514494,0.05047722524789215,0.43320667893611636,0.05095721419501886,0.1595442893151595,0.0,0.0059795379638671875,0.05095643922686577,0.00028103351360186934,0.37559808612440193,0.20813397129186603,0.0,0.5597586623664821,0.2785277473926544,-0.040046557784080505,0.9354066985645934,0.002678872830250567,0.01743684599797951,2.600743252267196e-09,0.0016633109438490765,1.0,0.06698564593301436,1.0,0.09090909090909091,0.0,1.0
81,1481583176,105.5424151019891,60.62455808995096,1.661190467469247,1000,False,False,False,31.388614182277816,0.18801431781685585,26.568485757519845,0.2702624515184425,0.4578284544446783,0.2706451360032183,0.08920315372621145,9.084629810684774e-09,0.00964508019387722,0.27063989639282227,0.0016840791795402765,0.0,0.0,0.0,0.24978964660014025,0.0,-0.04082532599568367,0.436,0.024704447147321517,0.029497262413037146,0.0,0.0016611904674692448,1.0,0.556,1.0,0.577,1.0,0.0
82,1667192397,228.66138920057557,202.13977904051347,1.0787740106708161,517,True,False,False,53.136654979971446,0.23241109680751185,47.661565615774414,0.11166713660975505,0.4703880874510489,0.1118985346830213,0.16770470733008996,0.0,0.011268997564911842,0.11189822852611542,0.0002617573773022741,0.31334622823984526,0.0,0.0,0.539805654908316,0.10497719064354896,-0.03918398171663284,0.9206963249516441,0.0012654134105001785,0.02866172048336806,0.0,0.0020866035022646346,1.0,0.05415860735009671,1.0,0.1102514506769826,0.0,0.0
83,609237933,-8.612350345356246,-71.03853889455638,2.828412569946679,1000,False,False,False,30.072340754337574,0.19992110936705731,25.073610456326605,0.4094274521856992,0.6308290293585608,0.5585904562311155,0.13552012331809293,0.03669655476184027,0.013481711968779564,0.5349885821342468,-0.16065651178359985,0.0,0.0,0.5198677387088537,0.5546100866817869,0.5497767715901136,0.03973547741770744,0.994,0.018312380694001346,0.038412769325245406,0.001292491373961601,0.0028284125699466786,0.0,0.0,0.0,0.467,1.0,0.0
84,1201714534,240.95149975318938,219.76136969633558,0.8366753371235868,432,True,False,False,74.94406115246946,0.2166876202712994,69.71977444468786,0.16836502469067144,0.4564647416695572,0.17304395787278587,0.1616507235223011,0.0,0.008179378695786,0.17304353415966034,-0.00038293839315883815,0.29398148148148145,0.0,0.0,0.5439720639093408,0.14763224039692432,-0.03780362755060196,0.9143518518518519,0.005034082512600125,0.029981277300130046,0.0,0.0019367484655638595,1.0,0.08333333333333333,1.0,0.15046296296296297,0.0,0.0
85,1063402990,-70.23294113369047,-102.09456859893551,0.9374418310163348,890,False,True,False,29.780375556849638,0.1938406360859627,24.873026842945322,0.4984113240083785,0.7059923927557499,0.6744222148098097,0.1360428863515541,0.020844262674018395,0.012785911560058594,0.6740150451660156,-0.02343166060745716,0.0,0.0,0.0,0.4662950797284609,0.3544542446543346,-0.06223316863179207,0.8640449438202247,0.04347049759309218,0.03993719953551054,0.02042674464638174,0.0010533054281082414,0.0,0.0011235955056179776,1.0,0.42247191011235957,1.0,0.0
86,282464540,227.629149433493,205.92327788566712,0.8003914365217416,485,True,False,False,63.33377506081431,0.16905789392009785,58.81318580837922,0.0004191910387314798,0.3654170598090447,0.0004203492411561579,0.13319789393587733,0.0,2.2029877072782256e-05,0.00030069350032135844,0.00029372930293902755,0.5030927835051546,0.36907216494845363,0.0,0.5619912688502773,0.2987561801890843,-0.0405178964138031,0.9505154639175257,0.006057002947373886,0.010656206752139989,2.600743251833515e-09,0.0016502916216943118,1.0,0.05360824742268041,1.0,0.3402061855670103,0.0,1.0
87,235932419,37.15471383593975,-14.958697411662808,2.140894083173498,1000,False,False,False,45.33699165730736,0.21959693636527353,40.04312395432301,0.12187021555087255,0.3612780602730065,0.13871080521261026,0.12116032967390263,0.02459782467802521,0.012894916348159313,0.13869495689868927,-0.0020967626478523016,0.547,0.0,0.551135953515768,0.5488618239872157,0.5652918659895658,0.1022719070315361,0.979,0.005456969217052602,0.025537072344804655,0.0012012195899032165,0.0021408940831734984,0.0,0.019,1.0,0.426,1.0,0.0
88,599786137,-17.683582241722675,-45.34701784109199,0.9962290399579664,636,False,True,False,31.56858771930467,0.22440936985241675,26.205796932038474,0.23061302209927684,0.5686663543006116,0.25022886538809797,0.18191624296446002,0.02697348082120129,0.012311363592743874,0.24638429284095764,-0.04369514063000679,0.0,0.0,0.0,0.5346142367631711,0.39450205642031505,-0.0059036207385361195,0.9449685534591195,0.016300997071799977,0.0374479828535155,0.001944989247720283,0.0015663978615691294,0.0,0.0,0.0,0.20440251572327045,1.0,0.0
89,767575573,-119.32020401271309,-149.1544101732386,0.883613744035056,829,False,False,True,29.388238738655055,0.18452683050016164,24.620817792268124,0.5448621469921142,0.8124241403929382,1.0104084789903447,0.1838596371310323,0.1760846026533256,0.01295623742043972,1.0010993480682373,-0.13684074580669403,0.0,0.0,0.5008642153115943,0.4696155716108992,0.38289588821004145,0.0017284306231886148,0.864897466827503,0.051065401298618335,0.05167523972237403,0.00042281323345561006,0.0010658790639747338,0.0,0.0,0.0,0.04101326899879373,1.0,0.0
90,279323583,229.72084783120096,207.88255059132663,0.8078864826582751,486,True,False,False,71.14835205422165,0.17410700725628872,66.55187331017983,0.0425921997550463,0.3602542025451026,0.042619472268511566,0.15095066203457913,0.0,0.0007016182062216103,0.04261722415685654,0.00043774605728685856,0.4670781893004115,0.18518518518518517,0.0,0.5537938304042344,0.15471521647647024,-0.04079486057162285,0.9259259259259259,0.008969862047266386,0.017986516672391012,0.0,0.0016623178655520061,1.0,0.07407407407407407,1.0,0.1337448559670782,0.0,1.0
91,1715869078,-7.115426353161425,-106.80766096753047,5.470148974291284,882,False,True,False,39.53863846740447,0.23855155367783198,33.960647826972824,0.2055545453839654,0.411698084895971,0.244214082598284,0.10882026767018908,0.016639167953225422,0.010917472653090954,0.2406143695116043,-0.041776109486818314,0.0,0.0,0.0,0.367155447401581,0.10133403616026043,-0.0301684383302927,0.6462585034013606,0.007261983862205351,0.027148714787579572,0.006245245637961347,0.006201982964049074,0.0,0.21428571428571427,1.0,0.47732426303854875,1.0,0.0
92,1335238929,21.933606737326755,-9.74777330619159,1.5427586695679014,427,False,True,False,58.22088421478374,0.2679021646174821,52.229720692536965,0.5602719574239141,0.7215262544656187,0.634952017866783,0.2373266860381852,0.0634986133369095,0.015673542395234108,0.6349395513534546,0.003978834021836519,0.0,0.0,0.0,0.4422714327336537,0.11105447922833264,-0.010246031917631626,0.7447306791569087,0.032710088835384094,0.05598975936883352,0.01594190985024887,0.0036130179615173315,1.0,0.13348946135831383,1.0,0.12646370023419204,1.0,0.0
93,1852856207,8.770198316848749,-47.30389650874166,2.4049396550393562,1000,False,False,False,33.46614131232833,0.1784283424472358,28.789802518114758,0.14458591907461554,0.3953603532645334,0.1453788071977215,0.11013546559724569,0.031198523770373597,0.009989738464355469,0.14537867903709412,-0.0001930379803525284,0.279,0.0,0.526749026030302,0.55293913691747,0.5559715969860554,0.053498052060604095,0.988,0.010267552957174608,0.024137245801885927,0.01877247558197481,0.0024049396550393574,0.0,0.0,0.0,0.454,1.0,0.0
94,1995117280,224.98506049490672,115.12182786794727,6.086882175130643,928,True,False,False,34.56061686054292,0.20561497293771686,29.476570295407395,0.14590666395765592,0.38602256612142016,0.14591755569410453,0.11456257050653647,0.0,0.00977315939962864,0.1458122283220291,0.005543205887079239,0.5247844827586207,0.0,0.0,0.260440204357596,0.010286838375031948,-0.04203180596232414,0.4536637931034483,0.01599777901678899,0.031524444583889526,5.201486505401753e-09,0.006559140274925257,1.0,0.39762931034482757,1.0,0.49245689655172414,0.0,0.0
95,1132105043,-4.935633238375898,-63.52228394364186,2.572443380351068,1000,False,False,False,23.430033867062214,0.1863455426477814,18.63493706984035,0.4148960997718571,0.6644948448267423,0.47808168485053837,0.15631672288914789,0.0779989709102602,0.014607620425522327,0.4692763388156891,-0.0913335382938385,0.0,0.0,0.5494583249092102,0.5459187143915915,0.5457197893410921,0.09891664981842041,0.986,0.020165519492289667,0.03900331843871909,0.0012782718102311262,0.002572443380351067,0.0,0.0,0.0,0.406,1.0,0.0
96,1226917952,212.51436170656234,188.59079991458196,0.8695707861320301,544,True,False,False,62.144060761587156,0.18791100081911113,57.33384028656922,0.07410500988337491,0.37166399455180693,0.07413247029735989,0.12498474106402427,0.0,0.0001987457217182964,0.07412280887365341,0.0011968112085014582,0.4577205882352941,0.23897058823529413,0.0,0.5536760340670727,0.268610959276557,-0.04106859117746353,0.9503676470588235,0.01111385106603066,0.015018636951517094,0.0,0.0015984757098015264,1.0,0.051470588235294115,1.0,0.27941176470588236,0.0,1.0
97,1188830806,212.31954867499886,186.2358429498767,1.0322470483414765,530,True,False,False,30.682902082082276,0.20937369022604566,25.552017106211242,0.09383153126723369,0.4942210967458966,0.09385908857967781,0.18425860634385513,0.0,0.008857536129653454,0.09385242313146591,0.0011185621842741966,0.30377358490566037,0.07547169811320754,0.0,0.5285561455334624,0.05964710891246796,-0.03968730941414833,0.9,0.0001503710635583725,0.030852464489205284,0.0,0.0019476359402669382,1.0,0.08679245283018867,1.0,0.07547169811320754,0.0,1.0
98,560171774,229.94248565505256,210.25242553186598,0.7086706748790975,453,True,False,False,41.0816545006463,0.14310480759075916,36.95615765684207,0.013035870932294464,0.5414254681590495,0.018407392924896994,0.16231630937718441,0.0,0.0001426696835551411,0.018394947052001953,0.0006767844897694886,0.31346578366445915,0.23178807947019867,0.0,0.5122058309941546,0.18124415185302495,-0.04046725854277611,0.8719646799116998,0.0048266186226424,0.013242121751624638,2.600743251833515e-09,0.001564394425781674,1.0,0.07505518763796909,1.0,0.0772626931567329,0.0,1.0
99,1425889133,206.90140402307725,187.53772219118053,0.6775787887931164,460,True,False,False,27.690940184770664,0.14235075186035426,23.57532243578345,0.028787908084456366,0.5116351437123416,0.02881498985369071,0.14512061572412796,0.0,0.0002548217889852822,0.028812790289521217,0.000356028089299798,0.3695652173913043,0.21304347826086956,0.0,0.5290953966161317,0.28152579128742217,-0.040711767971515656,0.9043478260869565,0.008029411831200326,0.01653846155753406,2.6007432527008767e-09,0.0014729973669415563,1.0,0.06086956521739131,1.0,0.17391304347826086,0.0,1.0
100,2122019934,53.668545594159454,-22.4542823228949,3.7415218611369667,1000,False,False,False,60.07869078911074,0.22679872361891343,54.676796277321905,0.12667474642795856,0.30404026646925586,0.1285644422567979,0.09415580066678238,0.02139175230035396,0.00799636822193861,0.1285562515258789,-0.0014512086054310203,0.573,0.0,0.0,0.5102017120840028,0.37527495101094244,-0.056340284645557404,0.896,0.015102757933663587,0.020667751478324937,0.0043450923099005775,0.003741521861136966,1.0,0.103,1.0,0.561,1.0,0.0
101,2067582123,195.95213993121877,171.63886647672223,0.8782182302997744,557,True,False,False,32.38322606927256,0.16276230382173093,27.94920177092945,0.08588964083509087,0.47064698604117927,0.08591911980790479,0.13024752860031585,0.0,5.226135181146674e-05,0.08591184765100479,0.001117846928536892,0.3734290843806104,0.20287253141831238,0.0,0.5286398277504293,0.2682595307379961,-0.04107125476002693,0.9156193895870736,0.011931194450076043,0.0193243386428597,0.0,0.0015766934116692533,1.0,0.05026929982046679,1.0,0.23877917414721722,0.0,1.0
102,1591649070,200.81475605503658,167.92509690226956,1.2046439435177978,741,True,False,False,36.70412217070818,0.2308147095864774,31.243067555483382,0.01556551865408888,0.41798677080272484,0.015739302997676483,0.16872773255317794,0.0,0.012341499328613281,0.015735913068056107,-0.00032664777245372534,0.3940620782726046,0.26180836707152494,0.0,0.5417247655306278,0.24070146505720913,-0.04024719074368477,0.9487179487179487,0.005042541104934448,0.031001206216218213,7.802229755500545e-09,0.001625700328634004,1.0,0.04048582995951417,1.0,0.17273954116059378,0.0,1.0
103,604745017,220.8659035186284,200.2330727522372,0.7635220510927374,459,True,False,False,34.69166257696057,0.19882694941358714,29.72910028415887,0.01115796827264803,0.47392496064741896,0.011165959339833543,0.166655305290719,0.0,0.006297206971794367,0.01112985610961914,0.0008971905917860568,0.3769063180827887,0.2679738562091503,0.0,0.5439180060551544,0.30518083289265635,-0.040580809116363525,0.9150326797385621,0.005305704462935098,0.023373092993746108,1.0402973008201422e-08,0.001663446734406834,1.0,0.054466230936819175,1.0,0.1503267973856209,0.0,1.0
104,532366249,182.18772290605128,155.89074879952426,0.9584649404351318,596,True,False,False,24.92058771091598,0.17419944493350722,20.31260336416911,0.00655912072872278,0.37404895734481597,0.006581110586724539,0.11504650316861552,0.0,0.0029003142844885588,0.006398677825927734,0.0015388107858598232,0.5083892617449665,0.36577181208053694,0.0,0.5403636153435785,0.2844642722606659,-0.04077230021357536,0.9362416107382551,0.005600369648668874,0.013529470160287785,2.600743251833515e-09,0.001608162651736798,1.0,0.0436241610738255,1.0,0.3624161073825503,0.0,1.0
105,320993646,203.18720824010668,180.7406832315756,0.8191016672354112,508,True,False,False,32.7196970105998,0.15036918133702712,28.476285047278772,0.07459899097999768,0.5072823684339784,0.07462531743605025,0.1404578122832639,0.0,5.130767749506049e-05,0.0746227279305458,0.0006216740584932268,0.28346456692913385,0.11614173228346457,0.0,0.5266319230624189,0.27527885138988495,-0.04093768820166588,0.90748031496063,0.011164869846405743,0.01739638134498097,2.6007432509661532e-09,0.0016124048567626218,1.0,0.05511811023622047,1.0,0.07677165354330709,0.0,1.0
106,108442288,202.2453597493003,166.5868333647083,1.473235092306133,678,True,False,False,32.288338047965745,0.21056438397400074,27.13206858972737,0.1362232494945703,0.46149999630746347,0.1362362362994646,0.15190772954968398,0.0,0.009425163269042969,0.1361839324235916,0.0037747358437627554,0.3952802359882006,0.0,0.0,0.48188810458937026,0.06785993479192257,-0.039631012827157974,0.8421828908554573,0.0029614068490852468,0.03082213068280707,1.3003716260034937e-08,0.0021729131154957708,1.0,0.13421828908554573,1.0,0.28023598820059,0.0,0.0
107,1663943033,222.55060377111653,200.42228488220047,0.799221259261066,507,True,False,False,40.04159757711301,0.17725922021430313,35.394957513024124,0.03736954069066762,0.5053350325533158,0.03849907259069329,0.15234061122751008,0.0,5.722046125811175e-07,0.038498688489198685,-0.00017197370470967144,0.33727810650887574,0.22485207100591717,0.0,0.5248809447034429,0.27337064906954767,-0.040634121745824814,0.8974358974358975,0.008707792301803215,0.019248541743985863,5.20148650366703e-09,0.0015763732924281382,1.0,0.05719921104536489,1.0,0.0650887573964497,0.0,1.0
108,1318116718,97.5572573332146,-32.67541064821325,7.348844532095186,1000,False,False,False,33.156343302991864,0.21091516555387518,27.992702162178592,0.19943004343183904,0.4385606244519582,0.228408213387198,0.11295753841903752,0.010627813589384442,0.00940084457397461,0.22789326310157776,-0.015328815206885338,0.014,0.0,0.0,0.30760001924695096,0.10044186278246343,-0.04740545526146889,0.538,0.008054451787230875,0.026009306010640592,0.0060692582997632655,0.007348844532095188,0.0,0.278,1.0,0.518,1.0,0.0
109,821091633,156.65753689752887,103.63289536308858,2.3883094356293633,860,True,False,False,38.05997403502043,0.18246698844529355,33.3233218205534,0.10507186671027931,0.3313198603420541,0.10509932901558085,0.1096472280279983,0.0,0.00655021658167243,0.10509471595287323,0.0009847021428868175,0.6569767441860465,0.0,0.0,0.5083639218461115,0.13411340445280076,-0.04105912894010544,0.8941860465116279,0.013264135183836474,0.017928784175753755,7.802229756367907e-09,0.0027771039949178646,1.0,0.10232558139534884,1.0,0.436046511627907,0.0,0.0
110,1164182530,189.34468404399234,163.45189306610382,0.9848527318592288,556,True,False,False,26.664930610126035,0.18884805963305276,21.83969482571386,0.05703708342302898,0.41500105904931145,0.05706844122926642,0.12675375799541036,0.0,0.004687023349106312,0.05706463009119034,-0.0006595277809537947,0.41007194244604317,0.29676258992805754,0.0,0.5373068026437846,0.24743178941309452,-0.03974417969584465,0.9298561151079137,0.0023159213918663058,0.018017088924725803,0.0,0.0017713178630561677,1.0,0.052158273381294966,1.0,0.32014388489208634,0.0,1.0
111,628265277,192.65672146612778,174.61616439371514,0.633370471494173,427,True,False,False,21.805038417453332,0.1337039363386006,17.8268483193898,0.11470030696666123,0.525117409396728,0.11472749054957163,0.15987053240553514,0.0,0.002629184629768133,0.11472053825855255,0.0012630081037059426,0.3044496487119438,0.0,0.0,0.5411397145703365,0.2867075292766094,-0.04112323746085167,0.9133489461358314,0.013925544504348238,0.01622825362238642,7.802229756367907e-09,0.0014833032119301482,1.0,0.06557377049180328,1.0,0.12412177985948478,0.0,0.0
112,691927298,237.5255437023865,211.98260666061674,0.9668624694513189,552,True,False,False,35.03504487733282,0.18898910839092206,30.208000403430674,0.000924525611483435,0.5508926012466059,0.006372943764922973,0.2229445440176727,0.0,0.00039424895658157766,0.006317806430160999,0.0008365011308342218,0.22826086956521738,0.17028985507246377,0.0,0.4716948005123782,0.0,-0.04060370475053787,0.8460144927536232,0.005631679346494256,0.04297561192233359,1.0402973008201422e-08,0.0017515624446581863,1.0,0.09420289855072464,1.0,0.059782608695652176,0.0,1.0
113,2053975493,2.4209351998753172,-52.50616977416462,2.3284736649360074,1000,False,False,False,25.518100061181496,0.18502934129669898,20.742746284225866,0.39482626922138,0.6423862124594268,0.5045932464407268,0.14601103626459103,0.033310130093098564,0.013823604211211205,0.4873017370700836,-0.13096320629119873,0.0,0.0,0.5135968243703246,0.5469931585052982,0.5378274737019092,0.027193648740649223,0.987,0.016336060292323852,0.037300834257956494,0.0014366245649891328,0.0023284736649360057,0.0,0.0,0.0,0.442,1.0,0.0
114,1576210418,214.11168883501682,183.51436577179845,1.1211548708812158,689,True,False,False,67.62251702770718,0.21989348895191285,62.32608112606446,0.004088598277126851,0.3240394782404889,0.004114450651537899,0.1407294840351061,0.0,0.0038030624855309725,0.003830814268440008,0.0015011882642284036,0.5036284470246735,0.29172714078374457,0.0,0.5577358406785428,0.26407951302826405,-0.0407823882997036,0.9608127721335269,0.005774916581471462,0.02706306130062602,2.600743251833515e-09,0.0016272204221788348,1.0,0.040638606676342524,1.0,0.193033381712627,0.0,1.0
115,1189256947,216.3332372692879,195.88657400703102,0.7337775508171303,472,True,False,False,32.40481486597224,0.19003621138715152,27.57168342202506,0.10245900584528307,0.5288049385231977,0.102486657751071,0.17669166269175432,0.0,0.0066925049759447575,0.10247679054737091,0.0014221167657524347,0.3114406779661017,0.0,0.0,0.5353193188597195,0.2655938084423542,-0.039629220962524414,0.9067796610169492,0.0007172645080569038,0.03048037390125543,0.0,0.0015546134551210399,1.0,0.059322033898305086,1.0,0.13771186440677965,0.0,0.0
116,1892270804,213.48447170208672,191.89359281688502,0.7820585923467819,493,True,False,False,38.61015382686517,0.1596888852500208,34.22891930858722,0.08766352853544357,0.5488027625626899,0.08768080244978277,0.15663012347885957,0.0,0.006318187806755304,0.08767843246459961,0.0006446695188060403,0.2697768762677485,0.11359026369168357,0.0,0.524239514955805,0.15846496337559074,-0.04096616059541702,0.9269776876267748,0.01206637718320171,0.020033635981464445,5.201486505401753e-09,0.001586325745125319,1.0,0.07505070993914807,1.0,0.07910750507099391,0.0,1.0
117,1513690440,135.30637558028099,75.17497317489934,2.708760160358783,975,True,False,False,30.59506929955195,0.15415479997653336,26.282858305463026,0.08849887277122893,0.32785409786153347,0.08852605267322203,0.09769417561176813,0.0,0.005378150846809149,0.08852577209472656,0.0002228832308901474,0.5928205128205128,0.04717948717948718,0.0,0.5101002388963333,0.1032243032194674,-0.04087169095873833,0.9066666666666666,0.012136467213843934,0.01859874743674191,5.20148650366703e-09,0.002778215549085932,1.0,0.09230769230769231,1.0,0.4369230769230769,0.0,1.0
118,1824683614,209.49518539691346,186.13313736109478,0.8094698690545788,561,True,False,False,27.27342869066981,0.15689407154623003,22.92713588268828,0.12116310606187242,0.585654202318141,0.12124693817205542,0.1879723519090305,0.0,0.008061885833740234,0.12124557793140411,0.0005743241054005921,0.17825311942959002,0.0,0.0,0.5060569089845672,0.04450081884860992,-0.040969472378492355,0.8877005347593583,0.014395284248671859,0.033636776680006364,7.802229756367907e-09,0.0014429052924324044,1.0,0.08021390374331551,1.0,0.0659536541889483,0.0,0.0
119,2047160467,208.74343698825692,182.86902687928452,0.9422940072648246,587,True,False,False,55.26767411948286,0.20706234108463553,50.1672203745498,0.010373693410008641,0.32333509771718943,0.011866755794339228,0.12394046683830907,0.0,1.964569128176663e-05,0.011815452948212624,0.0011022543767467141,0.5706984667802385,0.46507666098807493,0.0,0.552695596666794,0.22696527794003488,-0.04079281538724899,0.9471890971039182,0.006847831753964818,0.01755293227369768,2.600743251833515e-09,0.0016052708812007235,1.0,0.054514480408858604,1.0,0.3628620102214651,0.0,1.0
120,1858857521,213.6622948968784,191.5525554096051,0.775315965818211,524,True,False,False,40.3308538433396,0.14270299091565433,36.20063354940683,0.08642037910117882,0.5251155883198185,0.09222816764458092,0.14186110998154106,0.0,5.836486889165826e-05,0.09221963584423065,0.0012544607743620872,0.36450381679389315,0.16603053435114504,0.0,0.5193398166625611,0.21983171977102756,-0.041110146790742874,0.8931297709923665,0.01236429102235018,0.019150811173978283,5.20148650366703e-09,0.001479610621790481,1.0,0.061068702290076333,1.0,0.2099236641221374,0.0,1.0
121,1998266415,229.3635921791195,205.66935628672127,0.8729490594932149,530,True,False,False,69.53673109450034,0.21257477940684014,64.35782978091743,0.03158345918101689,0.35781877518139493,0.03161118359577648,0.13099439481090605,0.0,0.005453300662338734,0.031578730791807175,0.001432023011147976,0.47924528301886793,0.3264150943396226,0.0,0.5519067654351019,0.20897674992680548,-0.04053110629320145,0.939622641509434,0.003916798010041316,0.018408832298655028,5.20148650366703e-09,0.0016470736971570103,1.0,0.062264150943396226,1.0,0.25471698113207547,0.0,1.0
122,855061123,27.343844237737404,-20.497125692544557,1.8560646620187984,1000,False,False,False,40.603884110238646,0.20261220993312998,35.56478730373652,0.22145562401473587,0.505564104524488,0.22145562401473587,0.13345388937593025,0.04583785249925141,0.012732600793242455,0.22145557403564453,0.00014878272486384958,0.0,0.0,0.5433294102549553,0.555200586905703,0.5457770420610905,0.08665882050991058,0.998,0.011812681180824266,0.030224411894356512,0.00544845113271639,0.0018560646620187971,0.0,0.0,0.0,0.294,1.0,0.0
123,666881269,223.9611271335045,202.48453722743628,0.7571059937378772,506,True,False,False,42.49063243759159,0.1372675485764927,38.44399116765696,0.06955613128915822,0.5290064944520566,0.06958065945946794,0.15923070445009152,0.0,0.002228641416877508,0.06958065181970596,-3.260612356825732e-05,0.3695652173913043,0.1324110671936759,0.0,0.5064847953382902,0.0670403927192092,-0.04077567905187607,0.8616600790513834,0.01083616905882555,0.01590107952619563,0.0,0.0014962569046203101,1.0,0.08893280632411067,1.0,0.12648221343873517,0.0,1.0
124,1841569995,209.73432773489031,189.53338823642264,0.7147292998978473,474,True,False,False,28.36259747590086,0.13638609176960279,24.333871332852365,0.00043210691998320607,0.48866228165696,0.0004365693922280879,0.15445908225435237,0.0,1.3446808225126006e-05,6.46591215627268e-05,-0.0004317545972298831,0.3333333333333333,0.2088607594936709,0.0,0.5197473086121016,0.19056987739633768,-0.04034560173749924,0.8945147679324894,0.006099181801435317,0.012845687162645485,2.600743251833515e-09,0.001507867721303476,1.0,0.0759493670886076,1.0,0.07172995780590717,0.0,1.0
125,790141216,0.20193498329605575,-14.39052890317781,0.5221642590982619,338,False,True,False,26.474706281926053,0.1772049912059401,21.88357758902049,0.40288639072338506,0.8203297041255703,0.40288639072338506,0.26843048835861555,0.0441665251575775,0.010058593936264515,0.38525304198265076,0.11788781732320786,0.0,0.0,0.5091708684340119,0.5427875850677212,0.44616357700317166,0.018341736868023872,0.9260355029585798,0.05814358933483106,0.054815241856832085,0.0025663094113736185,0.0015448646718883492,0.0,0.0,0.0,0.0029585798816568047,1.0,0.0
126,1554612623,187.96037374874572,167.12393499237484,0.7784292504247264,458,True,False,False,17.387303055657828,0.1628551715066433,12.964517855181493,0.04146945658430225,0.4503690675043036,0.04599628997384782,0.14562635797724896,0.0,7.658005051780492e-05,0.045990943908691406,-0.0007012629648670554,0.40611353711790393,0.26200873362445415,0.0,0.5392167185490145,0.24150668876245618,-0.03986116871237755,0.9213973799126638,0.0030460340592276002,0.012152248888473332,7.802229755934226e-09,0.001699627184333464,1.0,0.06331877729257641,1.0,0.11135371179039301,0.0,1.0
127,722591304,207.4777223465964,183.97351543066085,0.8936137943957034,505,True,False,False,45.05866931155936,0.19614902542266968,40.12893085821197,0.042232743919095615,0.3870759731809974,0.04226520145673678,0.13510248765613447,0.0,0.003288173582404852,0.04226503521203995,-0.00011854409967781976,0.45544554455445546,0.23366336633663368,0.0,0.5542731950004207,0.26746139824390414,-0.04004416987299919,0.9465346534653465,0.003268714897952956,0.018651970724918004,0.0,0.0017695322661301068,1.0,0.053465346534653464,1.0,0.22772277227722773,0.0,1.0
128,522677125,214.62368061949968,188.5244529957442,0.8959485082503517,633,True,False,False,42.84756664665676,0.12939646561403392,38.91007195964547,0.0009907367655890504,0.46217981500042155,0.000995802299816635,0.13109556570451728,0.0,0.0007267951732501388,0.0007339477306231856,-0.0006730103632435203,0.4518167456556082,0.2685624012638231,0.0,0.5133006193349211,0.2348747482895851,-0.0402936153113842,0.9083728278041074,0.006161677011595796,0.01028280496449026,2.600743251833515e-09,0.00141540048696738,1.0,0.052132701421800945,1.0,0.292259083728278,0.0,1.0
129,1278831500,11.009710442414544,-52.3470077034975,2.890447876394138,1000,False,False,False,61.74628153623355,0.24048192771425206,56.13913896301465,0.32190210846229766,0.4720654669823113,0.33141693075663076,0.11465440477636422,0.03877794463823275,0.012869739904999733,0.3310684263706207,-0.015194704756140709,0.0,0.0,0.5257124342024326,0.5626852476219647,0.5310354474931955,0.051424868404865265,1.0,0.03395988380737711,0.03304113203660379,0.0011706829630094978,0.002890447876394132,0.0,0.0,0.0,0.48,1.0,0.0
130,1144861349,245.77638895772412,228.7163582331463,0.6066687149718518,398,True,False,False,71.07552509878975,0.2043717538527861,66.04657883543233,0.10835564040908806,0.4570559732964122,0.10836698405539821,0.1780406805489865,0.0,0.006020831875503063,0.10836658626794815,0.00029362202621996403,0.2562814070351759,0.0,0.0,0.5441935231918515,0.08558352157473564,-0.04090588167309761,0.8919597989949749,0.013508454206418724,0.02620377641674578,0.0,0.0015242932536981193,1.0,0.11055276381909548,1.0,0.10804020100502512,0.0,0.0
131,1491593176,186.97625562893228,163.8272901498802,0.8592643652701372,513,True,False,False,20.23328517977422,0.15509473704587712,15.918395598087997,0.004866003335332437,0.4052428356630697,0.005453723617911825,0.12918422892365974,0.0,6.189346458995715e-05,0.005449867341667414,-0.00020505428256001323,0.46588693957115007,0.2884990253411306,0.0,0.5389967471466456,0.2705609677545726,-0.04035971313714981,0.9239766081871345,0.005728354824844547,0.008877904412647554,5.201486504534392e-09,0.001674979269532431,1.0,0.056530214424951264,1.0,0.29239766081871343,0.0,1.0
132,557018988,203.33859180256272,176.44305964296126,0.9503688106400986,632,True,False,False,35.90335281384181,0.20491603739986877,30.833099421731763,0.06511395198198072,0.4628721469955077,0.06514169699916642,0.16625144683035412,0.0,0.009930610656738281,0.06512870639562607,0.0013008809182792902,0.29430379746835444,0.12025316455696203,0.0,0.5401254895469616,0.22649496868252755,-0.040129154920578,0.944620253164557,0.0017059425818957113,0.03563884432866891,0.0,0.0015037481181014217,1.0,0.05063291139240506,1.0,0.08702531645569621,0.0,1.0
133,640140407,198.51244448546794,174.94021090120052,0.8314822389511569,555,True,False,False,32.81368520456519,0.14523944881150433,28.64265418964881,0.07375986429703023,0.4665569914827607,0.0776795251077085,0.14158717774528254,0.0,0.003158473875373602,0.07767133414745331,0.0011280393227934837,0.4018018018018018,0.2954954954954955,0.0,0.5302413047538852,0.2864409839361906,-0.041059888899326324,0.9171171171171171,0.0113609437812912,0.016377096677106587,1.3003716260034937e-08,0.00149816619630839,1.0,0.04684684684684685,1.0,0.29009009009009007,0.0,1.0
134,1968042066,154.78944778870792,17.766873170586063,7.801504974541452,1000,False,False,False,74.92507312062384,0.283763429129121,68.66870802618163,0.18065874840216586,0.31477521829007166,0.18067339793565954,0.08047014861916268,0.003395696564150274,0.010913181118667126,0.18055658042430878,0.006495997775346041,0.665,0.0,0.0,0.2087332089599222,0.0,-0.03805268183350563,0.343,0.0209087677010847,0.03063242497951194,0.005125067564714973,0.007801504974541457,1.0,0.501,1.0,0.648,1.0,0.0
135,165207007,18.24955712032969,-33.596587817720156,2.1230763292033203,1000,False,False,False,30.963650498760828,0.13675242446224237,26.912450474322103,0.13096629024444856,0.44175912235543796,0.13096629024444856,0.12062942587686072,0.041910148543819775,0.007548809051513672,0.12817668914794922,0.02688690274953842,0.407,0.0,0.5250644125044346,0.5376708361085039,0.5286720806919039,0.05012882500886917,0.968,0.004348032450146998,0.02182631056544634,0.0012310075278332533,0.0021230763292033206,0.0,0.008,1.0,0.374,1.0,0.0
136,690747577,138.60646042698062,75.61077175749543,3.045045911299019,866,True,False,False,32.21678343850265,0.18089461780882843,27.503696148768576,0.3095468579285696,0.4987668959721193,0.3748359719401448,0.11211211854366393,0.0,0.009588909335434437,0.3743498921394348,-0.019083084538578987,0.0,0.0,0.0,0.5023083681370805,0.23814263623207807,-0.03701159730553627,0.8903002309468823,0.031499289407712024,0.03182137206361108,5.201486505401753e-09,0.0035162192971120304,1.0,0.10046189376443418,1.0,0.4792147806004619,0.0,0.0
137,209569456,183.59897069907748,154.5257092202546,1.0262174319215271,684,True,False,False,35.71105051390553,0.18733438842792097,30.903102461630265,0.01802141787656859,0.35133055476621267,0.018049310059029346,0.1133739475544127,0.0,0.006435394287109375,0.0180188175290823,0.001048717531375587,0.5029239766081871,0.39473684210526316,0.0,0.5458913848657782,0.2756589385122061,-0.04056062176823616,0.9590643274853801,0.004837705916218712,0.017268907810390772,7.802229756367907e-09,0.0015003178829262115,1.0,0.039473684210526314,1.0,0.40350877192982454,0.0,1.0
138,1589154634,220.79369602208027,197.74980530895672,0.8709260475415687,499,True,False,False,50.97920629182943,0.19573528540142499,46.05645071392403,0.013625221907784946,0.40279126435338863,0.013784353450990999,0.14001949459710084,0.0,1.258850079466356e-05,0.013774109072983265,0.0005313372821547091,0.374749498997996,0.2625250501002004,0.0,0.5506760795350618,0.2357416593376547,-0.040668804198503494,0.9418837675350702,0.007000681986187342,0.018896601055727463,0.0,0.0017453427806444252,1.0,0.05811623246492986,1.0,0.20841683366733466,0.0,1.0
139,155525746,238.72458719611163,218.92232660418247,0.7254840394619503,446,True,False,False,54.679767344310655,0.21150715938647457,49.52977131880513,0.06979648956273447,0.49086426658618887,0.06982337899422934,0.18757545546087967,0.0,0.00948333740234375,0.06982116401195526,0.0005561566213145852,0.28699551569506726,0.15246636771300448,0.0,0.552367146640615,0.26228089436888696,-0.03988515958189964,0.9372197309417041,0.0014307662282674791,0.03211372881027757,2.6007432520503554e-09,0.001626645828390024,1.0,0.06502242152466367,1.0,0.08744394618834081,0.0,1.0
140,640181559,8.371517856023232,-6.8328439683196365,0.52162412162286,369,False,True,False,30.839773413735525,0.14168212023837312,26.763566519832313,0.4027136459926568,0.8818209764449079,0.4027136459926568,0.2570631726652632,0.047764576370555645,0.008593177422881126,0.38739967346191406,0.10999897122383118,0.0,0.0,0.505983991548419,0.5187188477897738,0.43218138593714683,0.011967983096837997,0.8997289972899729,0.05722961533525649,0.04759499690782414,0.0018208479700711072,0.0014136155057530083,0.0,0.0,0.0,0.01084010840108401,1.0,0.0
141,643961845,185.15786263604684,128.06346126659827,2.6329600912965754,880,True,False,False,27.74650483110292,0.23942099007048873,22.15547838402036,0.41097370514753884,0.6745676858797653,0.43517111622461613,0.17445067685792476,0.0,0.015599632635712624,0.42285507917404175,-0.10279826074838638,0.0,0.0,0.0,0.41646571964402856,0.101766454038152,-0.004827269818633795,0.7204545454545455,0.012721118198015269,0.041133938609951,0.0,0.002992000103746106,1.0,0.2772727272727273,1.0,0.38181818181818183,0.0,0.0
142,292682900,197.91450798120337,175.48502567823476,0.8246321535312545,503,True,False,False,38.23826051954649,0.14413976413574894,34.08891472376143,0.09506311896033519,0.4138377552454555,0.11446316990350192,0.13392011696402575,0.0,0.0020928382873535156,0.1144552230834961,0.0013487673131749034,0.4731610337972167,0.07157057654075547,0.0,0.5167568204202365,0.0,-0.04114232957363129,0.8747514910536779,0.01390501423711671,0.012520593503297458,2.6007432509661532e-09,0.001639427740618795,1.0,0.1272365805168986,1.0,0.24652087475149106,0.0,0.0
143,1182809439,-0.7273182436590939,-57.89492434425002,2.47784040670606,1000,False,False,False,22.163020104541786,0.17065126861277294,17.60333741784497,0.34707048797819096,0.553085203678178,0.3945326444949623,0.12815462496270122,0.0168372738748715,0.01051111239939928,0.39255791902542114,-0.039424456655979156,0.0,0.0,0.5301538798958063,0.5441835163582582,0.5316877751797437,0.060307759791612625,0.986,0.008660649279059471,0.0319020995636925,0.0015031450755179417,0.002477840406706059,0.0,0.0,0.0,0.47,1.0,0.0
144,228694801,231.88762726010765,212.16357992808275,0.7176031554683243,448,True,False,False,45.32050023932176,0.19627059737050237,40.3986026778865,0.014378583388583936,0.44506581420104263,0.014388977532672525,0.1815426715883869,0.0,0.008148002438247204,0.014380360022187233,-0.0004979157238267362,0.40848214285714285,0.21428571428571427,0.0,0.5400099879084986,0.16581817420199513,-0.040427595376968384,0.9174107142857143,0.0070776197738121605,0.025564448687796826,5.20148650366703e-09,0.0016017927577417958,1.0,0.08482142857142858,1.0,0.10714285714285714,0.0,1.0
145,1978272775,231.53802169524133,209.76390736987756,0.776940955024265,506,True,False,False,64.5765999774442,0.21484150760094603,59.36634932214273,0.09145558576934029,0.4044198621023526,0.09199390416391,0.16943027653353981,0.0,0.009101008996367455,0.09199180454015732,0.0006215309840627015,0.38537549407114624,0.14624505928853754,0.0,0.5609844316003233,0.278661038428545,-0.039591386914253235,0.9486166007905138,8.687782833407905e-06,0.0319238127268095,0.0,0.0015354564328542786,1.0,0.0533596837944664,1.0,0.16600790513833993,0.0,1.0
146,397925997,220.96283037672993,202.26630478778472,0.6744350392630116,429,True,False,False,34.15584859725091,0.14873622455936095,29.951629533830346,0.02743268045560771,0.5433206320849515,0.027459286732348064,0.16946839132542504,0.0,0.0023662566673010588,0.02745847776532173,-0.00021077632845845073,0.317016317016317,0.20745920745920746,0.0,0.5199125535552236,0.21321056137094274,-0.040570903569459915,0.8811188811188811,0.007956067620564,0.012219442334941487,1.0402973009068783e-08,0.0015721096486317292,1.0,0.07925407925407925,1.0,0.07692307692307693,0.0,1.0
147,1411496010,234.10192349504638,203.95250869998966,1.3139609863371329,522,True,False,False,63.59273582906689,0.22773461196414158,58.18725084999448,0.07399444597621384,0.41136898602006744,0.07400207538087203,0.16214602615416096,0.0,0.009037399664521217,0.07400207221508026,2.1646023014909588e-05,0.38697318007662834,0.21839080459770116,0.0,0.5310510430102032,0.1748435161379166,-0.04079880192875862,0.9042145593869731,0.011139270730576006,0.02888053766952708,5.201486505401753e-09,0.002517166640492592,1.0,0.07471264367816093,1.0,0.18582375478927204,0.0,1.0
148,2040253396,185.7770747149828,156.1620820190815,1.083666179726755,668,True,False,False,31.547061081666826,0.1772336737502795,26.890984485919763,0.062253096339127505,0.3962315829383032,0.06228036852808188,0.12612558991940448,0.0,0.0050337789580225945,0.06227817386388779,-0.0005228423979133368,0.5134730538922155,0.32335329341317365,0.0,0.5346181821140801,0.24858182886615396,-0.03971433639526367,0.9296407185628742,0.0019687769458749792,0.02099654023793116,5.201486504100711e-09,0.0016222547600699916,1.0,0.04341317365269461,1.0,0.24550898203592814,0.0,1.0
149,1288742939,232.59522979371252,209.645396728903,0.8499888709873001,510,True,False,False,61.29415587587213,0.21834585212241314,56.03085254821136,0.07892527000337365,0.43767845356589574,0.07895292000759796,0.16414797412306323,0.0,0.009429931640625,0.07894124835729599,0.0013575291959568858,0.32941176470588235,0.11764705882352941,0.0,0.5493958374960165,0.18117053017020227,-0.03996209055185318,0.9333333333333333,0.0008029767970479401,0.031011400263996864,2.6007432520503554e-09,0.001666644845073136,1.0,0.06862745098039216,1.0,0.10196078431372549,0.0,1.0
150,655244913,36.92321402272203,-16.261450941602398,2.21231099762163,1000,False,False,False,60.68578065410238,0.23279457833799297,55.19394832152727,0.19431734085629043,0.40112014705151006,0.22673960000172289,0.11032998730971465,0.0032160592402879266,0.012040520086884499,0.22671575844287872,-0.0032880210783332586,0.056,0.0,0.5306525491178036,0.5580940053714439,0.5349482475966215,0.06130509823560715,1.0,0.005357397811091176,0.02421680009631463,0.0011241192558251456,0.00221231099762163,0.0,0.0,0.0,0.439,1.0,0.0
151,882362124,203.85802589654924,184.40007298282228,0.6851968609151281,459,True,False,False,29.626402820243776,0.177626052043005,24.981853988000786,0.06471306762847584,0.47538293334149256,0.06474072446635412,0.15046589533092988,0.0,0.0037287711165845394,0.0647367462515831,0.0007176971412263811,0.33769063180827885,0.14596949891067537,0.0,0.5440264477968736,0.25021677851676943,-0.03998987376689911,0.9302832244008714,0.0017560759717399304,0.024078310675929245,7.802229755934226e-09,0.0014928036185514778,1.0,0.06535947712418301,1.0,0.0784313725490196,0.0,1.0
152,58072078,186.80574444020175,153.26914289809287,1.239773436140584,747,True,False,False,31.366915498702543,0.20262349230540988,26.328660906875704,0.0132522055112248,0.4096947608599497,0.059794040732682865,0.14796056820012776,0.0,0.00014934540376998484,0.059789277613162994,0.0007547116256318986,0.48058902275769744,0.38821954484605087,0.0,0.5307656650205792,0.20375074930489062,-0.04093014448881149,0.9317269076305221,0.010138675726063489,0.03133078445304263,7.802229756367907e-09,0.0016596699278990414,1.0,0.04417670682730924,1.0,0.23828647925033467,0.0,1.0
153,1413155358,227.86182553497483,208.07978624636988,0.7468026192403382,429,True,False,False,41.629882828201254,0.21240156984780678,36.470683585454005,0.13806095449569333,0.5420094290295997,0.13808012206720421,0.19433818003092077,0.0,0.009530830197036266,0.13805580139160156,0.002591488417237997,0.22377622377622378,0.0,0.0,0.5312964405145633,0.09658736869692802,-0.03929628059267998,0.8927738927738927,0.003022514887813675,0.034403052512869015,2.600743251833515e-09,0.0017407986462478727,1.0,0.10023310023310024,1.0,0.08624708624708624,0.0,0.0
154,1597085888,214.67299750428634,192.3424591860868,0.8140358878799709,506,True,False,False,34.420832248313715,0.1770196828555002,29.777908964194076,0.0212345715615013,0.4631973928183851,0.021235525488775806,0.151524906193289,0.0,0.0044876099564135075,0.021187877282500267,0.0014217591378837824,0.391304347826087,0.24703557312252963,0.0,0.5365009550925477,0.29677704729139803,-0.04062372073531151,0.9130434782608695,0.004611233193831896,0.020356689067215338,5.201486504534392e-09,0.001608766576837888,1.0,0.04940711462450593,1.0,0.16205533596837945,0.0,1.0
155,1660791654,12.351761292410188,-57.53256700868514,3.325621886739683,1000,False,False,False,27.709228944561843,0.17197452951881623,23.129697344274476,0.13525369970854553,0.35522830686823303,0.15815577172248768,0.1032185872253167,0.00690999280491776,0.007843208499252796,0.1568388044834137,0.020367560908198357,0.675,0.0,0.5514760240912437,0.5004067851735745,0.48989152602851394,0.10295204818248749,0.893,0.017561063679266888,0.01849671671665659,0.0010750393295444506,0.0033256218867396808,0.0,0.098,1.0,0.585,1.0,0.0
156,547013947,21.250610074178294,-35.69447700613536,2.4630058053542587,1000,False,False,False,49.20570982268447,0.21886801182693488,43.92277598777519,0.15560947211277137,0.4062817401848969,0.19863576191035465,0.13074259273586245,0.08299442189302522,0.013004493899643421,0.1984723061323166,0.008056649938225746,0.377,0.0,0.522065669298172,0.5417526445098192,0.536939584389329,0.044131338596343994,0.974,0.031859450736226216,0.028853791272032404,0.0009810523695309506,0.002463005805354257,0.0,0.017,1.0,0.447,1.0,0.0
157,601119905,197.93779664202606,175.94971404898521,0.797872172869377,501,True,False,False,23.944292960846,0.1336709159611095,19.952238777853367,0.022978315512937064,0.48910488788805573,0.023005495425257712,0.15583152973032602,0.0,0.0037136077880859375,0.023005198687314987,0.00011684656055876985,0.281437125748503,0.17365269461077845,0.0,0.5312210924899254,0.23012763326987623,-0.04062431678175926,0.9281437125748503,0.00764197455764465,0.02254280190964891,5.20148650366703e-09,0.001592559227284186,1.0,0.06187624750499002,1.0,0.06187624750499002,0.0,1.0
158,183930468,230.3309893339,204.8015334410539,0.9259637261897368,582,True,False,False,33.32849427435907,0.1761220998990187,28.692426633589204,0.05695574879729353,0.5239813052793449,0.0569811058913324,0.20118316767735545,0.0,0.010430526919662952,0.05698079988360405,-0.00018674373859539628,0.2663230240549828,0.16323024054982818,0.0,0.4580022135043966,0.20689352862536908,-0.04070311039686203,0.8006872852233677,0.009974241133210607,0.0330444900031626,6.501858130017468e-09,0.0015910029659617464,1.0,0.13573883161512026,1.0,0.06013745704467354,0.0,1.0
159,76580041,185.76954748621205,147.62936243966493,1.4386790031031367,828,True,False,False,37.705282256026074,0.23730844250358044,32.14614199333633,0.051153073287178344,0.41615359167273563,0.056662931085813724,0.14729555184569526,0.0,0.012836170382797718,0.05666160583496094,0.00038753508124500513,0.41545893719806765,0.28502415458937197,0.0,0.540639386565204,0.23319859990850092,-0.04000670090317726,0.9528985507246377,0.0022991888599685545,0.02917507749054427,0.0,0.0017375350279023403,1.0,0.035024154589371984,1.0,0.24154589371980675,0.0,1.0
160,1210587287,210.29778980016692,183.5842666794637,0.986234874713566,596,True,False,False,64.82390324468898,0.16958951899995692,60.28506778694559,0.003843936088799399,0.30043886791923236,0.01872339331072837,0.12083120587698114,0.0,1.0490417707842425e-06,0.018694495782256126,0.0010398483136668801,0.587248322147651,0.37416107382550334,0.0,0.545660594765772,0.11385180331766605,-0.040819041430950165,0.9328859060402684,0.007317251606868439,0.01380428721665731,5.20148650366703e-09,0.0016547565011972593,1.0,0.06879194630872483,1.0,0.2080536912751678,0.0,1.0
161,1017570162,-7.325335803613468,-71.42319250366393,2.9398571133367004,1000,False,False,False,30.224165969827066,0.17830983284500554,25.549604819646856,0.40142693447812683,0.5879652305505103,0.44141596013702866,0.13506325095657182,0.0634646651042855,0.012420272454619408,0.43552589416503906,-0.07186964154243469,0.0,0.0,0.547571025788784,0.5464492140312505,0.5287563259527087,0.09514205157756805,0.981,0.052894550841149926,0.03309381406356516,0.027422015786233232,0.0029398571133366987,0.0,0.0,0.0,0.525,1.0,0.0
162,34616325,181.9405974193709,145.7135109915357,1.4418057618556661,730,True,False,False,27.42122274732132,0.19251479757136825,22.534803116770384,0.11514879996593709,0.454549344729029,0.11515652614337653,0.13474038226740928,0.0,0.008081341162323952,0.1151554137468338,0.0005061602569185197,0.33835616438356164,0.0,0.0,0.5092001532654163,0.021635090061463417,-0.03918972983956337,0.8917808219178082,0.0014832768599905076,0.02952181585582072,2.6007432520503554e-09,0.0019750763861036526,1.0,0.08904109589041095,1.0,0.27808219178082194,0.0,0.0
163,680458915,213.5789247709093,189.81495832969267,0.8695977627477786,536,True,False,False,28.95868780011636,0.1332833065298783,24.96858974464759,0.05888808789798931,0.5709998328979162,0.05891517477623568,0.17928943546853887,0.0,0.0060828207060694695,0.058914948254823685,0.00016337394481524825,0.22761194029850745,0.1417910447761194,0.0,0.5066797233898186,0.1551887624524534,-0.04079051688313484,0.8973880597014925,0.010096465663083034,0.02773812269931092,1.3003716263504383e-09,0.0016223838857234666,1.0,0.06902985074626866,1.0,0.061567164179104475,0.0,1.0
164,1436385054,8.281857114867424,-45.76642177901515,2.269885259592167,1000,False,False,False,39.56750205335006,0.15074145818394827,35.30646652308574,0.13318981955363368,0.34717567026638174,0.13443463011211917,0.09829017671750105,0.031215742729215703,0.004225444979965687,0.13443107903003693,0.0009771203622221947,0.689,0.0,0.5261054653674364,0.5495308666035998,0.5420900752022862,0.05221093073487282,0.975,0.0050458459994219655,0.012162889129701513,0.00023371741780825375,0.0022698852595921678,0.0,0.0,0.0,0.512,1.0,0.0
165,1854016456,201.06920527741318,180.38468441440926,0.7416347242002588,478,True,False,False,25.968951143452987,0.1769679805197817,21.330824230861825,0.045992584567848445,0.46002066870583,0.04601957274633276,0.1512022335045688,0.0,0.004423618316650391,0.046015262603759766,0.000629827962256968,0.3368200836820084,0.1799163179916318,0.0,0.5410715127558638,0.2509323951601982,-0.040187183767557144,0.9225941422594143,0.0029907256779512,0.025491001708911443,2.600743252267196e-09,0.001551537079916857,1.0,0.06276150627615062,1.0,0.06485355648535565,0.0,1.0
166,1424607714,-12.487667376641195,-71.83985055180727,2.6234788783444105,1000,False,False,False,22.5912723042001,0.18730212192313478,17.78182681784784,0.48004713961387774,0.7365587094397915,0.6590354879591337,0.1680200626854961,0.018363375412288985,0.01535024680197239,0.6213449239730835,-0.2196776270866394,0.0,0.0,0.5595875829458237,0.5441549565223976,0.5358408567123115,0.11917516589164734,0.98,0.04822555091348265,0.04211589340478414,0.00038191394507417625,0.00262347887834441,0.0,0.0,0.0,0.414,1.0,0.0
167,1035259758,194.90423083445057,176.3419051483898,0.6574883790707199,435,True,False,False,17.64959386546249,0.14415920401889545,13.512460355829674,0.004452766422131936,0.45021514212630137,0.00984390787465207,0.14917778576063187,0.0,0.00014352798461914062,0.009811210446059704,0.0008016681531444192,0.40229885057471265,0.2988505747126437,0.0,0.5332340317103883,0.17272465434856712,-0.04070840775966644,0.8988505747126436,0.006722509738879224,0.011234203779492528,2.600743251833515e-09,0.0015114675380936081,1.0,0.08735632183908046,1.0,0.19080459770114944,0.0,1.0
168,1159502999,217.2842350120656,195.83985958763702,0.7282916949619135,526,True,False,False,32.81682015249994,0.1311651619324877,28.859461834375605,0.1260456744530726,0.602298385958978,0.12604595772339974,0.17673378878967297,0.0,0.0055939676240086555,0.1260448396205902,0.0005309081170707941,0.16539923954372623,0.0,0.0,0.49149803328416364,0.0,-0.04095830023288727,0.8593155893536122,0.0147295707825716,0.024500659811670655,0.0,0.0013845849714104813,1.0,0.09885931558935361,1.0,0.0817490494296578,0.0,0.0
169,895761983,220.15080875614655,197.59452423279583,0.8077523015567125,522,True,False,False,36.716154895708904,0.16826217887507752,32.202756412972484,0.014089435666250089,0.5206867180116275,0.014105847091490013,0.14454380818067492,0.0,0.0035910606384277344,0.014104175381362438,0.0002171611849917099,0.3275862068965517,0.2260536398467433,0.0,0.5239627099902836,0.3051674404740334,-0.04039234295487404,0.9080459770114943,0.005131465068022062,0.01978794790351017,2.600743251833515e-09,0.0015474182022159244,1.0,0.04980842911877394,1.0,0.08045977011494253,0.0,1.0
170,800114759,222.0259195305319,198.9134840003724,0.8421623686773018,524,True,False,False,25.86009813898913,0.16772478190604173,21.354550980200464,0.011435625394447245,0.5398640671447581,0.02458114084824734,0.21804183050239426,0.0,0.0005239486927166581,0.02458028867840767,0.00020467996364459395,0.28053435114503816,0.21755725190839695,0.0,0.4892935971410093,0.11175582548603416,-0.04029789939522743,0.8702290076335878,0.004431107341660795,0.03687177588951216,2.600743251833515e-09,0.0016071800928956134,1.0,0.08587786259541985,1.0,0.06297709923664122,0.0,1.0
171,331813085,202.34716661710968,168.46795051784102,1.2946144066179237,723,True,False,False,33.21151170013295,0.23116925669509134,27.745370104762248,0.09017882977291944,0.4847494459283251,0.09020553157192601,0.1808784984921025,0.0,0.01222238503396511,0.09020061790943146,-0.0009415173553861678,0.38589211618257263,0.06915629322268327,0.0,0.538725281013646,0.2607806664588861,-0.039228927344083786,0.9363762102351314,0.00017533558787545997,0.034901014891206006,5.201486504073606e-09,0.0017906146702875857,1.0,0.04149377593360996,1.0,0.20885200553250347,0.0,1.0
172,1765720776,228.36512525918658,202.19164328370488,0.9075654650321198,628,True,False,False,27.199095729250303,0.22802523581962453,21.782347405752095,0.11870557586030085,0.6597149275452372,0.11872397934062284,0.258944256181134,0.0,0.014591693878173828,0.11870946735143661,0.0018562412587925792,0.17197452229299362,0.0,0.0,0.5234036598297853,0.08273687899112701,-0.03946710377931595,0.9044585987261147,0.001770566988047338,0.0498111524754125,0.0,0.0014451679379492354,1.0,0.07006369426751592,1.0,0.0589171974522293,0.0,0.0
173,1119702354,185.59886956725393,162.77122939173537,0.8418426783679007,510,True,False,False,22.343892720670752,0.15558929903656724,18.021937689297626,0.07718306813384507,0.45890982469719094,0.07718801527157479,0.1290779591328764,0.0,0.00023279190645553172,0.07718801498413086,6.6614152274269145e-06,0.3686274509803922,0.24313725490196078,0.0,0.5249514969012143,0.16762431062757968,-0.04080238193273544,0.9019607843137255,0.011359402840914372,0.01293760801232864,0.0,0.0016506719183684332,1.0,0.06862745098039216,1.0,0.18627450980392157,0.0,1.0
174,2085610471,109.71234084018494,14.174940703088675,5.035826675806439,1000,False,False,False,27.413385016303778,0.23576462167425333,21.877002033684796,0.39994231434585004,0.6064018869010342,0.40474080347934643,0.13177126473876816,0.007608887512872843,0.014263915829360485,0.40244776010513306,-0.04302230104804039,0.0,0.0,0.0,0.2815524689075537,0.0,-0.02307381108403206,0.483,0.014949553350172973,0.031753834126381594,0.0011994510844918344,0.005035826675806444,1.0,0.391,1.0,0.515,1.0,0.0
175,1933203818,187.84000674635166,163.9452844958907,0.8556481500307329,553,True,False,False,29.47656515214862,0.16242239504260778,25.04794345695149,0.020193091289214996,0.3957307101662784,0.02040495104352932,0.12176216954777687,0.0,4.920959327137098e-05,0.0204041488468647,0.00018093347898684442,0.48282097649186256,0.3616636528028933,0.0,0.5443502583997375,0.28015199705958366,-0.04062486067414284,0.9475587703435805,0.007462953046076943,0.012667052696044439,7.802229756367907e-09,0.0015472841772707655,1.0,0.05063291139240506,1.0,0.23508137432188064,0.0,1.0
176,326661076,148.63968172781162,114.38462763149633,1.2543369397543631,772,True,False,False,22.797336283180353,0.13608138172952713,18.75696944389,0.10366856076004605,0.37872956802999036,0.10369611820903396,0.10509487152505223,0.0,0.004200649447739124,0.10368575900793076,0.0014657116262242198,0.5207253886010362,0.0,0.0,0.5312731479839881,0.14393333598971367,-0.041166435927152634,0.9326424870466321,0.013154095136099811,0.015971335283163832,0.0,0.0016247887820652366,1.0,0.054404145077720206,1.0,0.41321243523316065,0.0,0.0
177,333569769,-28.780378562831753,-75.81885497765677,1.8025650943216638,1000,False,False,False,25.618547608519222,0.23044478630639798,20.16196215641805,0.5804125780896982,0.8945632000399182,0.9937174730030998,0.15584084101615048,0.023446657574999405,0.014013958163559437,0.9881934523582458,-0.10463324934244156,0.0,0.0,0.502625253982842,0.4977165674587886,0.4454588080360554,0.005250507965683937,0.918,0.012157862228206763,0.04685747049889093,0.0017403894262688555,0.0018025650943216634,0.0,0.0,0.0,0.313,1.0,0.0
178,1104070446,177.23672262594337,152.25422947561896,0.8881662100216308,583,True,False,False,25.954431309160015,0.16275638591858413,21.51879173951961,0.06256766641630619,0.4199799560536561,0.06694799694795789,0.1149650120974753,0.0,5.1975250244140625e-05,0.06693629920482635,0.001251456793397665,0.4391080617495712,0.2006861063464837,0.0,0.5324089075145144,0.20491672843694686,-0.04106466472148895,0.9365351629502573,0.010616203396055315,0.010750028682455733,1.040297300733406e-08,0.0015234411835705508,1.0,0.058319039451114926,1.0,0.23842195540308747,0.0,1.0
179,1731446520,8.516547607784645,-109.95247410352461,6.75260144742062,859,False,True,False,53.70592650140082,0.24117919434283303,48.08859476021008,0.1231835777178234,0.3080510433367833,0.21364048110422423,0.09751239097834871,0.02327927023473535,0.00745811453089118,0.20952172577381134,-0.04174807295203209,0.6181606519208381,0.0,0.0,0.3095856666772903,0.1015741461981088,-0.03266168385744095,0.5285215366705471,0.007070738207167288,0.017613014006825377,0.006550579519517698,0.007861002849150898,0.0,0.3131548311990687,1.0,0.6146682188591386,1.0,0.0
180,30398144,225.29933616742477,189.07543810861068,1.409593203920951,754,True,False,False,29.597779101822297,0.22573711941602057,24.21274552516752,0.06552792749211721,0.6390244947767693,0.06555548200755129,0.22367290135508444,0.0,0.014500236138701439,0.06554470211267471,0.0011888003209605813,0.1830238726790451,0.08620689655172414,0.0,0.5260262766689932,0.14261585518717765,-0.040096208453178406,0.9137931034482759,0.0016834337992352002,0.03978428572254283,5.201486504100711e-09,0.0018694870078527182,1.0,0.05172413793103448,1.0,0.04509283819628647,0.0,1.0
181,601571461,33.9069846200756,-24.985431243326868,2.59282772422684,1000,False,False,False,62.50081359784202,0.2113814446683883,57.330178270311,0.12466306491219396,0.31499915517424404,0.16059972518973845,0.09528713244945111,0.01022492657834624,0.008346175774931908,0.16057948768138885,-0.002549483673647046,0.572,0.0,0.5325531736016273,0.5510472669443116,0.5439055136963725,0.0651063472032547,0.975,0.008027836430975408,0.022531219594449217,0.0011736796694216522,0.002592827724226842,0.0,0.025,1.0,0.481,1.0,0.0
182,1761571900,-3.1268523777543322,-25.83194999010223,0.8150065074898559,524,False,True,False,33.35634666219318,0.22347109807805288,28.014604760824344,0.20983203790483484,0.5454904654625744,0.22506742322413736,0.2024781920548044,0.022446937928136918,0.01127634011209011,0.22090721130371094,-0.04307376220822334,0.0,0.0,0.5081284930929542,0.5363188430655593,0.3750183327810373,0.016256986185908318,0.9255725190839694,0.02066557480033058,0.040501465312173766,0.0005302148271630856,0.0015553559303241537,0.0,0.0,0.0,0.23473282442748092,1.0,0.0
183,2037228746,-18.132417173805862,-117.28482833650851,5.472827410846859,853,False,True,False,32.022411549870284,0.18759608067259836,27.208848652539377,0.11857342044702303,0.35968128129019766,0.20871495601003767,0.0993127391577846,0.01887939297731218,0.004288577940315008,0.20451012253761292,-0.04168384149670601,0.5885111371629543,0.0,0.0,0.35777041471555365,0.10162849924527109,-0.03895137831568718,0.6236811254396248,0.006666648374568861,0.01766363732033984,0.006186539751355689,0.006415975862657505,0.0,0.23329425556858147,1.0,0.5439624853458382,1.0,0.0
184,1125891444,17.838142404612043,-47.7127252106418,3.036724507683601,1000,False,False,False,31.555327793246235,0.13616583040732239,27.512926679631267,0.12496594652975564,0.34045229887100903,0.15776210114373948,0.08726336915930057,0.0075209938844232665,0.004616737365722656,0.15775355696678162,-0.0016418957384303212,0.588,0.0,0.5386995896697044,0.4984383996007964,0.5486349329538643,0.07739917933940887,0.884,0.009077985997412115,0.01444817683666299,0.0018194000062655416,0.003036724507683601,0.0,0.098,1.0,0.52,1.0,0.0
185,529454605,-12.317257137858533,-25.45016655929038,0.43819396142879175,328,False,True,False,22.419680008766505,0.18457137725161146,17.725133567226937,0.7652276211000788,1.0598449613833474,0.7652276211000788,0.34234546244672587,0.04826726963256401,0.014959907159209251,0.7462928891181946,0.1691751629114151,0.0,0.0,0.5050583346746862,0.5403105595740759,0.5066803231171798,0.010116669349372387,0.9420731707317073,0.07664421572652926,0.0798009015949108,0.000779078648578263,0.0013359571994780227,0.0,0.0,0.0,0.003048780487804878,1.0,0.0
186,881468436,8.036579933008836,-44.72299472543627,2.1839716438963364,1000,False,False,False,29.30667602799218,0.1808257551433174,24.59437604333738,0.30917198325998485,0.5375663420663492,0.30917198325998485,0.12588459644010436,0.05823813532871392,0.011237049475312233,0.30876654386520386,-0.015828348696231842,0.0,0.0,0.5199443567544222,0.5441618193313771,0.5581321883574129,0.039888713508844376,0.985,0.017437577788917226,0.02967163279487171,0.0011331087248757886,0.0021839716438963354,0.0,0.0,0.0,0.413,1.0,0.0
187,519090013,220.02772704274383,199.6546378990791,0.7222059429109914,477,True,False,False,37.18818435200944,0.18763961200948015,32.390148550862804,0.06591081249988302,0.503325139507933,0.06593856753529403,0.17576698847000424,0.0,0.00797271728515625,0.06593675911426544,0.0004883504007011652,0.29350104821802936,0.1320754716981132,0.0,0.5440784289630469,0.24387337327003478,-0.03991813585162163,0.9329140461215933,0.0016872385240664675,0.030896407031863568,1.0402973007984581e-08,0.0015140585805261885,1.0,0.0649895178197065,1.0,0.06918238993710692,0.0,1.0
188,1945122004,242.70958514846865,171.80367943404474,3.6657270476282715,796,True,False,False,32.29070258264588,0.21654610570874852,27.043181877092305,0.1473658178675841,0.5210861602738734,0.14737554540768105,0.18011156641497247,0.0,0.014714717864990234,0.14727076888084412,0.0055562593042850494,0.38819095477386933,0.0,0.0,0.32019425893492587,0.0,-0.042031507939100266,0.5753768844221105,0.016099670935917042,0.03551188679213651,7.802229754633183e-09,0.004605184733201349,1.0,0.3065326633165829,1.0,0.33291457286432163,0.0,0.0
189,696915611,196.8994486023207,167.55738556856193,1.0614708689172558,671,True,False,False,33.774464764481976,0.2171485564214775,28.519592799476406,0.028857935685500883,0.4007144977054236,0.04537115053606372,0.168478846022328,0.0,2.7370453608455136e-05,0.045371055603027344,9.28139706957154e-05,0.4262295081967213,0.338301043219076,0.0,0.5460045449359373,0.2878698791563511,-0.04072548449039459,0.9463487332339792,0.009169399521977735,0.03178495979248995,1.5604459512735813e-08,0.0015819237986844335,1.0,0.040238450074515646,1.0,0.06259314456035768,0.0,1.0
190,1488107244,217.28289373302835,195.6114264020528,0.7900978220650323,491,True,False,False,40.69048381546077,0.2048514774931196,35.632096675482686,0.07964693475688481,0.4605627197882962,0.07967468371944567,0.17348048686089743,0.0,0.008449459448456764,0.07965993881225586,0.0015327668515965343,0.3014256619144603,0.1710794297352342,0.0,0.5566537771658505,0.2781803177297115,-0.03999567776918411,0.945010183299389,0.0007487515440627838,0.03144371112847814,2.6007432520503554e-09,0.0016091605337373366,1.0,0.05295315682281059,1.0,0.14052953156822812,0.0,1.0
191,1286599432,202.5405680585186,179.03653230205026,0.8456023837645633,541,True,False,False,29.212049400890184,0.1662163805582719,24.72750671835525,0.023681389571257296,0.45259024596863257,0.023708658297462708,0.13680125883276473,0.0,0.003214549971744418,0.023698139935731888,0.0007061457727104425,0.46210720887245843,0.34011090573012936,0.0,0.5315103214018928,0.255994697958231,-0.04042769968509674,0.9149722735674677,0.00447072316324735,0.01902821144754684,0.0,0.001563035829509359,1.0,0.053604436229205174,1.0,0.24953789279112754,0.0,1.0
192,395508860,206.96164530157114,188.7318839560303,0.6246507563693874,443,True,False,False,32.450932080664934,0.12256153832241187,28.63581250845174,0.06619439707546043,0.5153972886358699,0.0662214839101649,0.15361256704369786,0.0,0.0032265663612633944,0.06621427834033966,0.0009768700692802668,0.3047404063205418,0.16930022573363432,0.0,0.541196409906166,0.25546623080968855,-0.040999483317136765,0.9345372460496614,0.010574541439715224,0.011336814787137217,2.6007432527008767e-09,0.0014100468541069693,1.0,0.0654627539503386,1.0,0.10609480812641084,0.0,1.0
193,1782068829,-107.21039883541674,-136.73188439316726,0.9800990371833679,741,False,False,True,25.873721739760157,0.17680408600337294,21.22282647828177,0.6038076223554553,0.8722593364205519,1.011613033598105,0.2060303316278208,0.16936395273866728,0.012986850924789906,1.0009164810180664,-0.1467212587594986,0.0,0.0,0.5044515603221953,0.4883932108887276,0.30177368310687597,0.008903120644390583,0.8906882591093117,0.04951117112377238,0.05717169418316795,0.00010816491185194899,0.001322670765429647,0.0,0.0,0.0,0.008097165991902834,1.0,0.0
194,1405674971,230.33749370741128,205.63445867474115,0.8548690021780028,594,True,False,False,28.702714458764696,0.16058828510879594,24.298999178414537,0.0413294485141658,0.5927298922366783,0.041356813241795784,0.21071915984565204,0.0,0.009417342953383923,0.04134692996740341,0.0009040927980095148,0.1936026936026936,0.12626262626262627,0.0,0.45080721283738967,0.030823267810046674,-0.04089883714914322,0.8097643097643098,0.008867925265317237,0.03404623237154668,0.0,0.001439173404340072,1.0,0.11447811447811448,1.0,0.05723905723905724,0.0,1.0
195,1733842020,240.99656581452007,217.96134419592744,0.8983481079061659,478,True,False,False,60.9602786800249,0.20267192970213463,55.93659252969843,0.00040054646949079715,0.40571670110621877,0.003529736417650014,0.18591856074395374,0.0,0.00020866394334007055,0.0035131454933434725,0.0003418302512727678,0.301255230125523,0.20292887029288703,0.0,0.5188366891581235,0.055732410764321685,-0.040505874902009964,0.8765690376569037,0.005838710212700518,0.03447848809396299,2.600743251833515e-09,0.0018793893470840297,1.0,0.09832635983263599,1.0,0.07740585774058577,0.0,1.0
196,443800521,194.04204570912992,173.70019310615686,0.7254568401981987,473,True,False,False,29.723545103269643,0.165497333393626,25.25832271195675,0.0758193036627393,0.4532817152771635,0.07919373303573544,0.1375096996430453,0.0,7.162093970691785e-05,0.07918939739465714,0.0008286690572276711,0.37209302325581395,0.20084566596194503,0.0,0.5417660334717037,0.21590353414416313,-0.040994223207235336,0.9281183932346723,0.01147435309191087,0.014555985066630937,5.20148650366703e-09,0.0015337353915395315,1.0,0.06976744186046512,1.0,0.1014799154334038,0.0,1.0
197,405230516,-17.443926531210167,-60.27045013372326,1.9444349068342033,683,False,True,False,35.91791747482095,0.23126655392441028,30.451007826705837,0.15292900321233413,0.4969011735103783,0.1902160859452246,0.1654552241920961,0.061032125399329874,0.012075329199433327,0.1855836808681488,-0.041723575443029404,0.26061493411420206,0.0,0.5041335579007864,0.5061079382315711,0.14244711369276047,0.0082671158015728,0.8887262079062958,0.006211587225159701,0.035666870819222006,0.012328240819762158,0.0028469032310896097,0.0,0.04685212298682284,1.0,0.1595900439238653,1.0,0.0
198,57367581,209.8536168545019,180.5887902569491,1.090988439836851,645,True,False,False,53.35376141932524,0.23091803912458084,47.89305089646642,0.05930296856410176,0.37636589846291096,0.05932996511315623,0.14740868646346594,0.0,0.010921764187514782,0.05931701511144638,0.0012395477388054132,0.5224806201550387,0.23255813953488372,0.0,0.5574196751576004,0.28170372888445855,-0.04018508642911911,0.9612403100775194,0.002089525228858971,0.02620650205063231,5.201486504100711e-09,0.0016914549454834886,1.0,0.040310077519379844,1.0,0.25116279069767444,0.0,1.0
199,2005015799,180.85675080567609,156.82236457342637,0.8756257488166411,545,True,False,False,30.39732932722672,0.13419227972634043,26.392805223227615,0.11337118062905553,0.4362447519114318,0.11337281707068486,0.12080772631543431,0.0,0.0012917518615722656,0.11337003856897354,0.000793728802818805,0.44587155963302755,0.0,0.0,0.5424561962348605,0.2152969014644623,-0.04101874679327011,0.9412844036697248,0.013843198471130823,0.014093302192790457,7.802229756367907e-09,0.0016066527501222775,1.0,0.05688073394495413,1.0,0.29724770642201837,0.0,0.0
200,1177321486,157.98635899861102,115.14332708058663,1.705535461201627,863,True,False,False,33.08976114196113,0.21123890158524414,27.921519757459574,0.051711176045502565,0.3564269256682766,0.11950624455778149,0.14155393446680842,0.0,0.00023469925508834422,0.11949386447668076,0.0017201281152665615,0.5724217844727694,0.25608342989571264,0.0,0.542909533148421,0.2717830089852214,-0.04122388735413551,0.9490150637311703,0.01424633318076994,0.027438182016788392,0.0,0.0019762867453089537,1.0,0.031286210892236384,1.0,0.14947856315179606,0.0,0.0
201,378063510,131.6271091786329,12.428137276763673,6.613264793457948,1000,False,False,False,32.13080159728201,0.23764460918700575,26.566218801971807,0.2247145068956876,0.49844371848913294,0.22474771679207045,0.1358545807376166,0.012721137489071296,0.013886069878935814,0.22474618256092072,-0.0008304381626658142,0.0,0.0,0.0,0.2829900816787267,0.0,-0.04158371314406395,0.487,0.0068833227967536525,0.028452632357912146,0.004802334182526565,0.006613264793457955,1.0,0.343,1.0,0.489,1.0,0.0
202,363459266,184.01616922384122,159.28269061603453,0.9008985738537867,561,True,False,False,27.198372082475206,0.19250674193364034,22.31788921868254,0.0582560055651287,0.3979683924359973,0.07023687625337054,0.13137892563236353,0.0,8.75473051564768e-05,0.07022342830896378,0.0013743734452873468,0.44919786096256686,0.29233511586452765,0.0,0.5387676596000738,0.22330667413771152,-0.04110083356499672,0.93048128342246,0.010839419337704775,0.019794549746726783,2.6007432527008767e-09,0.0016058798107910631,1.0,0.0570409982174688,1.0,0.1657754010695187,0.0,1.0
203,1915122341,210.200811194256,189.33947271591734,0.7347558985559074,492,True,False,False,43.34340627790597,0.16751156271532375,38.8449740093705,0.009931159799831078,0.4178964582839657,0.010717749797302742,0.13229416100451774,0.0,5.807876732433215e-05,0.01063461322337389,0.0013323521707206964,0.3821138211382114,0.2967479674796748,0.0,0.5476855533954695,0.25659930154681204,-0.040840405970811844,0.943089430894309,0.0067596320978728945,0.011071642988297435,0.0,0.0014934062978778616,1.0,0.05894308943089431,1.0,0.15853658536585366,0.0,1.0
204,525847875,186.94180859848842,164.0953001766755,0.8071005614542006,537,True,False,False,28.016319892807807,0.13753755948493207,23.962316527588456,0.09604806402113703,0.4713648135304277,0.09771926969905327,0.12693997415616742,0.0,0.0021354674827307463,0.09771814197301865,0.0004694676317740232,0.3817504655493482,0.10986964618249534,0.0,0.5272055418547972,0.24573474884033203,-0.040938232094049454,0.9162011173184358,0.012766043436950845,0.008857562337194314,7.802229756367907e-09,0.0015029805613672265,1.0,0.055865921787709494,1.0,0.186219739292365,0.0,1.0
205,1595926393,19.192541023250804,-31.51475332281476,2.0471529564043798,1000,False,False,False,33.2549061097123,0.19642159784076735,28.308668484595525,0.2341307363560301,0.48074191140884226,0.2341307363560301,0.11419829256395098,0.0077031047584180815,0.011220550164580345,0.23412275314331055,-0.001933434046804905,0.0,0.0,0.5281780119985342,0.5511683467356489,0.5476543192379176,0.056356023997068405,0.998,0.004650068467349935,0.027225092364392446,0.0019796578054556615,0.0020471529564043797,0.0,0.0,0.0,0.467,1.0,0.0
206,1118392748,169.33912060139698,144.431279432385,0.8845227446007989,582,True,False,False,19.159321532715722,0.16146694755817823,14.74308117705854,0.10835535050904416,0.45836288868443154,0.10839017747341685,0.11796472625182867,0.0,5.779266211902723e-05,0.10838260501623154,0.0012812113855034113,0.34192439862542956,0.0,0.0,0.5324616398121458,0.2960315777361393,-0.04112672433257103,0.936426116838488,0.013484858963264677,0.018022292196141664,0.0,0.0015197985302419224,1.0,0.044673539518900345,1.0,0.23024054982817868,0.0,0.0
207,1471502701,222.82847512029113,198.91615469945685,0.8648213613889489,547,True,False,False,72.20875113174668,0.18965891859434203,67.37206107889888,0.007752208226385123,0.2955256507784673,0.012870731328352892,0.1306276675725849,0.0,7.314681715797633e-05,0.012778853997588158,0.0015351271722465754,0.56672760511883,0.48080438756855576,0.0,0.5563802816300658,0.19188386276364328,-0.04090200737118721,0.9396709323583181,0.006898027399100633,0.011452310692689753,1.0402973008201422e-08,0.0015810262548244054,1.0,0.062157221206581355,1.0,0.2303473491773309,0.0,1.0
208,1862173400,196.06307353451837,175.18233276075824,0.7360493849173476,492,True,False,False,37.9015634076348,0.14050740814831103,33.80819345760454,0.10729563342753758,0.4734757740951461,0.10763522979611585,0.13262108310989532,0.0,0.0008634567493572831,0.10763072967529297,0.0009842371800914407,0.3150406504065041,0.0,0.0,0.5467167043134691,0.3022372116148472,-0.04106003791093826,0.9491869918699187,0.013440119677471623,0.01237557605265444,2.6007432527008767e-09,0.0014960353351978586,1.0,0.052845528455284556,1.0,0.08943089430894309,0.0,0.0
209,1731489190,197.69965420733203,180.69030378466584,0.5792900281777463,416,True,False,False,22.212073492687267,0.146068869415216,18.05160872762202,0.091451313459686,0.5040886020479239,0.09146627307680931,0.16472232779976193,0.0,0.002236270811408758,0.09146614372730255,0.00015382528363261372,0.32211538461538464,0.15384615384615385,0.0,0.5286564688643781,0.097955052703619,-0.04086006432771683,0.8846153846153846,0.01234167235828727,0.017484290743978913,0.0,0.0013925241061965056,1.0,0.10336538461538461,1.0,0.10336538461538461,0.0,1.0
210,1210527958,199.2636410456616,174.78663282624757,0.846467214627605,589,True,False,False,34.62758178874341,0.13729265752572306,30.573564217904444,0.0545460307616194,0.4724636921903514,0.05455583002118634,0.12419350033880469,0.0,0.0019003867637366056,0.054555606096982956,-0.00015630960115231574,0.3921901528013582,0.20543293718166383,0.0,0.5087092578615077,0.12138161808252335,-0.04070189222693443,0.8964346349745331,0.009806830639891592,0.010963003158894638,1.0402973009068783e-08,0.0014371260010655434,1.0,0.06960950764006792,1.0,0.21222410865874364,0.0,1.0
211,1081300311,-10.712314587319312,-22.148885529414784,0.35577139613969766,305,False,True,False,15.115825098365036,0.16806972788149033,10.688053984742627,0.9883941250321607,1.234637250664617,0.9883941250321607,0.4123715703075924,0.014671870920956143,0.015740204602479935,0.9510816335678101,0.2690105438232422,0.0,0.0,0.5016239344840869,0.5084974072808706,0.4437213687575422,0.0032478689681738615,0.8852459016393442,0.028373445690123553,0.08223983917438142,0.00027854740452222526,0.0011664635939006489,0.0,0.0,0.0,0.003278688524590164,1.0,0.0
212,718095887,101.2414087426791,-10.665831073318506,6.127149321066514,1000,False,False,False,23.343784128762167,0.24073994589041744,17.73277128290072,0.37473773863887416,0.6271900329997588,0.3790246866827205,0.15531582176800637,0.003208567657503887,0.014815998263657093,0.3773420453071594,-0.03567483648657799,0.0,0.0,0.0,0.32626501905516486,0.0,-0.021335795521736145,0.563,0.00438776107897211,0.034741578122587116,0.017813477840313986,0.006127149321066514,1.0,0.296,1.0,0.417,1.0,0.0
213,861582776,25.32619733458852,-35.57980444861666,2.7270667855470174,1000,False,False,False,29.202632017176587,0.18016561814392523,24.50023408751255,0.11714839535377862,0.34784829509728876,0.129560575280502,0.10973966147697356,0.031058269039189224,0.008855151943862438,0.12954339385032654,-0.0021099233999848366,0.642,0.0,0.5383236519992352,0.5134814049520064,0.31598966922611,0.0766473039984703,0.916,0.003676988676258087,0.020832279501609253,0.000783477155603255,0.002727066785547013,0.0,0.073,1.0,0.523,1.0,0.0
214,1868788392,220.69078860264267,198.2873052201764,0.7948988921644288,524,True,False,False,62.38911554376332,0.14391897774929377,58.240655447325864,0.03207472898538507,0.3926927388573598,0.03210181229420527,0.1287621912512492,0.0,0.00162420270498842,0.03209982067346573,-0.00035758258309215307,0.3416030534351145,0.16603053435114504,0.0,0.5428481626765134,0.1703776403516531,-0.04056011140346527,0.933206106870229,0.008277163834875256,0.011177546221348762,2.6007432509661532e-09,0.0015169826186344055,1.0,0.06679389312977099,1.0,0.26908396946564883,0.0,1.0
215,1767213773,98.01052462109348,49.722014499251365,1.8859006747894396,1000,False,False,False,32.95305889051387,0.21896347866027793,27.668693053104498,0.15785406873139451,0.4467331987613649,0.1578662754568843,0.12137302785171866,4.346740903834026e-08,0.011973381042480469,0.1578095406293869,0.004231998696923256,0.379,0.0,0.0,0.3907086567399092,0.0,-0.03931007534265518,0.682,0.004328578565528904,0.025638966345431478,0.0,0.0018859006747894405,1.0,0.297,1.0,0.365,1.0,0.0
216,555081244,193.71308842122096,165.32194444128874,1.0314095986621459,646,True,False,False,32.70219246506428,0.20731364480722655,27.59551725632567,0.0038343919179667277,0.39076996257490376,0.0038497374116533245,0.13642751322006905,0.0,0.0001312255917582661,0.0036665915977209806,0.0011732792481780052,0.43808049535603716,0.28637770897832815,0.0,0.5437866728403246,0.2909283006191254,-0.04075673967599869,0.9473684210526315,0.006293273969962728,0.023647627679334586,7.802229756367907e-09,0.0015966092858547153,1.0,0.04024767801857585,1.0,0.10371517027863777,0.0,1.0
217,1644187044,197.79948127027595,179.21338420897536,0.6590731374200438,435,True,False,False,21.250699119666038,0.1472509817972184,17.067188943358374,0.03309997208556149,0.47366818855358866,0.03312686594228987,0.15492332176931617,0.0,0.002017116639763117,0.03312549740076065,-0.00030111311934888363,0.3425287356321839,0.18620689655172415,0.0,0.5341165851544717,0.20411428581923247,-0.04057842865586281,0.9011494252873563,0.00834524154042622,0.011566739893632607,5.20148650366703e-09,0.0015151106607357327,1.0,0.07816091954022988,1.0,0.11494252873563218,0.0,1.0
218,1329619353,10.922455017152274,-3.4934047761845477,0.5597239862224513,301,False,True,False,28.549910966458576,0.2276494126412631,23.23227074710076,0.6346285881694315,1.055267980661257,0.6346285881694315,0.36286148967410714,0.12196472824600203,0.014958763495087624,0.5992314219474792,0.20898599922657013,0.0,0.0,0.5211604870855808,0.5433990918030263,0.5855149229289964,0.04232097417116165,0.9136212624584718,0.023836243628239426,0.07783271079557665,0.010491703866023177,0.0018595481269848895,1.0,0.0033222591362126247,1.0,0.0,1.0,0.0
219,498403083,125.81794724017392,67.71847333916782,2.539964926733742,1000,False,False,False,70.46387255065632,0.22946953428294442,65.02191587890695,0.16983120967670715,0.30704437796776696,0.16983369324047728,0.07322564696727968,1.220082879391898e-08,0.007918739691376686,0.16983136534690857,0.0008892154437489808,0.641,0.0,0.0,0.28085302402079104,0.0,-0.04097869247198105,0.475,0.01776483711454998,0.020927411028115052,7.802229754633183e-09,0.0025399649267337436,1.0,0.526,1.0,0.629,1.0,0.0
220,503935537,-2.4488667198338736,-53.745805174677045,2.086462563656196,1000,False,False,False,30.23992986196866,0.17837693062663998,25.56436224506392,0.13126247530236995,0.3450308411172459,0.13502870544401713,0.09766308730154061,0.03236169130301382,0.007475090213119984,0.13488388061523438,0.00625220313668251,0.585,0.0,0.5347013771533966,0.5493212377853924,0.543085049726069,0.06940275430679321,0.984,0.0019615450916233485,0.018354633483383752,0.0007414763711813617,0.002086462563656196,0.0,0.011,1.0,0.486,1.0,0.0
221,1671847364,27.29897766968351,8.818155252005852,0.6747214945118479,418,False,True,False,51.733134111647324,0.22680369133844222,46.361038709038034,0.30507941546801587,0.6641923523211618,0.30507941546801587,0.2423199614648294,0.01652357042006698,0.014752197079360485,0.30304843187332153,0.035143956542015076,0.0,0.0,0.5087253097444773,0.5305115179289366,0.41722917269158644,0.017450619488954544,0.9234449760765551,0.059671286727019796,0.05690603010767263,0.00022101116155755218,0.001614166254813034,0.0,0.0,0.0,0.22727272727272727,1.0,0.0
222,166999091,200.62091773042923,174.75341539372664,0.9231668224468338,601,True,False,False,41.95968372159095,0.195269774481056,37.03539902277189,0.10810485794886371,0.4619111165604228,0.10818578763805566,0.13929298318551703,0.0,0.008649731054902077,0.10818271338939667,0.0008155799005180597,0.2895174708818636,0.0,0.0,0.5452503450296218,0.28619161520618946,-0.03938479721546173,0.956738768718802,0.0010542458183318815,0.029637938824523855,5.20148650388387e-09,0.0015360512852692746,1.0,0.04326123128119801,1.0,0.15141430948419302,0.0,0.0
223,355439929,-1.2214150022862071,-86.55823349162299,4.477121232622462,909,False,True,False,29.2793022619242,0.22591826998633757,23.890743699531022,0.17988743396106804,0.5177918875905742,0.2242383176253422,0.15617619784383024,0.02567184668626319,0.01298990286886692,0.22033706307411194,-0.04164614900946617,0.19581958195819582,0.0,0.0,0.4099785611266206,0.09123412212356925,-0.030580267310142517,0.724972497249725,0.00820162069581934,0.03374471322288829,0.005972360132772021,0.0049253258884735555,0.0,0.1573157315731573,1.0,0.35753575357535755,1.0,0.0
224,1825701294,222.18755444334815,203.67737389642727,0.6913453697947267,407,True,False,False,33.987928801654306,0.19936262544060881,29.030951597412077,0.13494437231062806,0.57271277868435,0.13498737638262462,0.19834865237683308,0.0,0.0072991373017430305,0.13498668372631073,-0.00043243408435955644,0.21621621621621623,0.0,0.0,0.5364109738512509,0.26558978009969,-0.03859313577413559,0.8943488943488943,0.0026876394481138025,0.03391053240420741,2.600743251833515e-09,0.0016986372722229152,1.0,0.07125307125307126,1.0,0.07125307125307126,0.0,0.0
225,1070062479,-10.49808028172704,-68.98607980882299,2.5658666351397406,1000,False,False,False,31.58784329318935,0.18182107825378632,26.860613461877403,0.12766830461684356,0.329702983411962,0.147199217847939,0.09618058266574564,0.056740041106241534,0.0070053101517260075,0.14719896018505096,0.00027541874442249537,0.657,0.0,0.5511156395077705,0.5545787271801382,0.5508378592506051,0.10223127901554108,0.988,0.006977592587595815,0.01649415362027061,0.0008942590653525598,0.002565866635139739,0.0,0.006,1.0,0.487,1.0,0.0
226,1921061091,167.02141935639085,120.71071112374494,2.024713882176393,797,True,False,False,54.07764462746997,0.22893040280579405,48.644352756659984,0.32333423691047586,0.5639735362513923,0.45664710817544996,0.15267842236628756,0.0,0.014794540591537952,0.44265785813331604,-0.11216328293085098,0.0,0.0,0.0,0.5423822733088673,0.19779501412063838,-0.02371358498930931,0.9598494353826851,0.034374494296615814,0.03816164707152075,5.201486505401753e-09,0.0025404189236843087,1.0,0.04140526976160602,1.0,0.3124215809284818,0.0,0.0
227,665337882,256.2296558720992,238.49321544457086,0.6517626951685577,398,True,False,False,67.31147447147336,0.2277505558857053,61.93184617762212,0.09766517311120926,0.5345823885603813,0.09766698551689244,0.2014111390872029,0.0,0.009939002804458141,0.09766674041748047,0.00021880626445636153,0.27386934673366836,0.11809045226130653,0.0,0.5211629768852238,0.0,-0.04088166356086731,0.8743718592964824,0.012769055097636695,0.030917420656263628,2.6007432527008767e-09,0.0016375947114787898,1.0,0.12814070351758794,1.0,0.11557788944723618,0.0,1.0
228,425038141,208.08594464771457,181.66802670007968,0.9625278631756636,599,True,False,False,66.62005978295086,0.17645025512074447,61.978164560768725,0.029473266305231373,0.3076827618076705,0.029482507323094428,0.111645618712446,0.0,0.00042085646418854594,0.029451847076416016,0.0013442253693938255,0.5742904841402338,0.3989983305509182,0.0,0.5578954497380229,0.2900797175616026,-0.04094836115837097,0.9582637729549248,0.008040012460695602,0.007051474617262705,5.20148650366703e-09,0.001606891257388421,1.0,0.04340567612687813,1.0,0.44073455759599334,0.0,1.0
229,1206333416,211.8670820509082,184.17483415900205,1.0101498594604206,627,True,False,False,55.629860457912,0.20926807280547352,50.49450624845229,0.04646203411667826,0.39658650863605943,0.046489675270340834,0.14387884208818527,0.0,0.009034347720444202,0.04647207260131836,0.0012792086927220225,0.34290271132376393,0.1371610845295056,0.0,0.5495781549750166,0.19947588846087455,-0.04034150391817093,0.9473684210526315,0.002934314256443032,0.02949758519318989,0.0,0.0016110843053595213,1.0,0.05422647527910686,1.0,0.11323763955342903,0.0,1.0
230,1493229266,246.621849058941,228.68985689264605,0.6754661444196648,390,True,False,False,70.66190440088306,0.188978278228948,65.86692706304763,0.035208491685957896,0.4435514649537804,0.0475427969052559,0.1742065618359146,0.0,4.539489600574598e-05,0.04753293842077255,0.0009681439260020852,0.32051282051282054,0.23333333333333334,0.0,0.5400796792541559,0.10421059608459472,-0.04025358706712723,0.8948717948717949,0.002876790041915902,0.01567561902656606,2.600743251833515e-09,0.0017319644728709348,1.0,0.1076923076923077,1.0,0.08717948717948718,0.0,1.0
231,259402439,265.6308681912079,242.8844071111816,0.8737640720017579,482,True,False,False,29.244229966407165,0.20394679525612816,24.20077489123249,0.02988596098654673,0.7178354394822222,0.029913223272642824,0.33834361607907837,0.0,0.014546394348144531,0.029900740832090378,0.0008640742162242532,0.21369294605809128,0.15352697095435686,0.0,0.44972833100219906,0.0,-0.04083722084760666,0.8112033195020747,0.00808666784407959,0.06631133026060489,2.6007432509661532e-09,0.0018127885311239795,1.0,0.11618257261410789,1.0,0.06846473029045644,0.0,1.0
232,1260069654,210.25695130134102,189.3739222837085,0.734868601175503,493,True,False,False,40.60864991652514,0.17739156529210084,35.96187519761615,0.11703144544266576,0.48910609547793976,0.11734554851284608,0.15612879078565195,0.0,0.007870674133300781,0.11733903735876083,0.001236150274053216,0.30628803245436104,0.0,0.0,0.5484675589390902,0.2878171791136265,-0.04111702740192413,0.947261663286004,0.014108119281384031,0.020067887515084506,0.0,0.0014906056818975734,1.0,0.05273833671399594,1.0,0.16024340770791076,0.0,0.0
233,1118662154,-6.470911331786326,-32.143298082619026,0.9168257833888515,596,False,True,False,34.837423070822126,0.22907772003738844,29.406264597516955,0.22180058962505764,0.5691801023781367,0.23569425704928543,0.1876471495999446,0.016667260987463316,0.012828350067138672,0.23168262839317322,-0.043300606310367584,0.0,0.0,0.5101456930860877,0.5294913108435311,0.354569662984577,0.020291386172175407,0.9295302013422819,0.02158115605923491,0.03958464224266657,0.0014796148509451934,0.001538298294276596,0.0,0.0,0.0,0.2600671140939597,1.0,0.0
234,947303217,199.13681402700024,180.24232418917052,0.7009659891886489,419,True,False,False,23.013722477973882,0.18091407547968313,18.329671713571273,0.052752285343310265,0.49042430970041834,0.05277555586233171,0.16345351990701795,0.0,0.0002502441348042339,0.05276641994714737,0.0009819483384490013,0.30071599045346065,0.18377088305489261,0.0,0.5480313668658775,0.29002533987164497,-0.04096028581261635,0.9212410501193318,0.009648862144949071,0.021070328905365827,2.6007432527008767e-09,0.0016729498548655093,1.0,0.06205250596658711,1.0,0.081145584725537,0.0,1.0
235,958743842,196.37782461969192,172.9717501763855,0.8470716295537547,535,True,False,False,28.21725593280076,0.1576679695241546,23.86148037224088,0.011388981765934402,0.4304945402162494,0.013730190902857639,0.131507144597506,0.0,0.00010032653517555445,0.013729763217270374,0.00010837078298209235,0.411214953271028,0.205607476635514,0.0,0.5268548518123332,0.218775048032403,-0.040369145572185516,0.908411214953271,0.005160667513627487,0.016126866987648748,5.201486504534392e-09,0.0015833114571098205,1.0,0.0616822429906542,1.0,0.2411214953271028,0.0,1.0
236,1043039138,223.9117358501999,200.22465938032803,0.8684717646581357,533,True,False,False,50.685796409708495,0.22910870090324872,45.2585975687467,0.10451192541965397,0.4570005774035386,0.10791751147609299,0.1761748554291182,0.0,0.010911750607192516,0.10790958255529404,-0.0013081574579700828,0.33771106941838647,0.0,0.0,0.5546336723858487,0.29186435855925086,-0.03885793313384056,0.9530956848030019,0.0009407190678997389,0.030458580266755655,5.2014865039922906e-09,0.001629402935568736,1.0,0.05065666041275797,1.0,0.14821763602251406,0.0,0.0
237,899532012,-31.723780580460204,-86.31426256883985,2.3060321325586446,1000,False,False,False,29.690690115439004,0.22903829506250042,24.25520203199625,0.36089143153988995,0.6372192058525791,0.6867254427976519,0.17852139396195532,0.11209771282602968,0.013523483648896217,0.6597315669059753,-0.19064651429653168,0.0,0.0,0.5454157367348671,0.5372257072001666,0.49247320790309457,0.09083147346973419,0.957,0.058817285866837044,0.03964770413929701,0.0007114593240254638,0.002306032132558644,0.0,0.0,0.0,0.068,1.0,0.0
238,526938441,234.70621067881584,217.22997657005845,0.6437489405838305,391,True,False,False,49.568529183066346,0.19849060541904293,44.63046996902344,0.008673449248518173,0.4870506692343119,0.008700090425177748,0.17520165659112683,0.0,0.0001865387021098286,0.008654499426484108,0.0008895015926100314,0.33248081841432225,0.24808184143222506,0.0,0.560649280200529,0.3028473947942257,-0.04072194546461105,0.9360613810741688,0.006641034954651239,0.026500644527568153,0.0,0.0016464167278358844,1.0,0.06649616368286446,1.0,0.09718670076726342,0.0,1.0
239,987523132,202.72544281993174,176.21791132652896,0.9511687662268568,612,True,False,False,38.45217220206521,0.20094442367164062,33.442269374694924,0.05773840168965591,0.4399191465952727,0.057766334510523605,0.1398414990677037,0.0,0.008468913845717907,0.05774641036987305,0.001517066964879632,0.36437908496732024,0.1568627450980392,0.0,0.5340167955097664,0.13876443088054657,-0.04027218371629715,0.934640522875817,0.0021812162202202922,0.02579317676910935,0.0,0.0015541973304360399,1.0,0.06372549019607843,1.0,0.15522875816993464,0.0,1.0
240,2135997726,12.302329552890937,-26.589660186045595,1.259465982595774,1000,False,False,False,27.570640827175495,0.1869468637603412,22.7665242132652,0.5080197680458883,0.6610733920962348,0.5341239578039498,0.12206863444159693,0.009300557526629281,0.013859843835234642,0.5339891314506531,-0.01200040802359581,0.0,0.0,0.5127926589921117,0.49277879233915883,0.4370329505749396,0.025585317984223366,0.915,0.07432530981923478,0.06919676240222271,0.001389353455640216,0.0012594659825957756,0.0,0.0,0.0,0.624,1.0,0.0
241,78310008,215.56906370618356,192.81632769502917,0.8181824007436375,524,True,False,False,43.34002748629549,0.21271206109031535,38.15967113974267,0.06327826032676166,0.4420052072671491,0.06347561875243242,0.15791864407735257,0.0,0.008908748626708984,0.06346321105957031,0.0012549972161650658,0.45038167938931295,0.16793893129770993,0.0,0.5527032571604816,0.29858734741806986,-0.040138423442840576,0.9484732824427481,0.001816939540602668,0.026035444969685392,2.6007432520503554e-09,0.0015614167953122854,1.0,0.04961832061068702,1.0,0.1450381679389313,0.0,1.0
242,1854171446,194.52089114075068,168.86140189255207,0.9092992832132406,601,True,False,False,26.609496096121802,0.1720205050680323,22.033950438498124,0.6288674692622644,0.9514289751022539,0.6409909857130665,0.24902918179916947,0.0,0.015688706189393997,0.6207714080810547,-0.15972571074962616,0.0,0.0,0.0,0.5019419604580007,0.1452955431304872,-0.02325258031487465,0.8851913477537438,0.041412235573772965,0.05463224287528976,0.0,0.0015129771767275226,1.0,0.07154742096505824,1.0,0.18635607321131448,0.0,0.0
243,1861226083,206.37998790373095,187.7795315733951,0.6133637553557274,470,True,False,False,26.666296046616868,0.13412183478572975,22.672233780274336,0.09976210002675746,0.532568627359187,0.09976286743401393,0.16170168990716774,0.0,0.004804802127182484,0.09976253658533096,0.00025692940107546747,0.2765957446808511,0.11063829787234042,0.0,0.4965176467615318,0.0,-0.04089217260479927,0.851063829787234,0.012913196090893982,0.020326129720830602,5.20148650366703e-09,0.0013050292667143154,1.0,0.1276595744680851,1.0,0.12340425531914893,0.0,1.0
244,891323740,-19.704793561171485,-56.57407634270145,1.1246188521020033,1000,False,False,False,25.811247559408216,0.16856874166808122,21.282802776881844,0.6533117510214288,0.9119961391327245,0.909502653098111,0.17153259697503584,0.08916050409886003,0.014549827203154564,0.9076212048530579,-0.0584707148373127,0.0,0.0,0.5147157162427902,0.46707788344446455,0.3478785891123698,0.029431432485580444,0.874,0.06951515195082031,0.051698639261105996,0.0012982286135755777,0.0011246188521020022,0.0,0.001,1.0,0.17,1.0,0.0
245,706394901,217.31294797798606,193.55462389947547,0.8558882719007098,546,True,False,False,39.37899228639811,0.16050885217695787,34.97963599472089,0.05785890734912332,0.5158671550784959,0.06860870689613052,0.13701863881122692,0.0,0.0031997680198401213,0.06860246509313583,0.0009254431934095919,0.3717948717948718,0.25457875457875456,0.0,0.5101593438000332,0.17396625839173793,-0.03999224677681923,0.8901098901098901,0.001494667952887948,0.016372786778622243,1.0402973007984581e-08,0.0015675609375470875,1.0,0.06593406593406594,1.0,0.15384615384615385,0.0,1.0
246,1139894538,-12.836076214257588,-29.11206045248433,0.6130656158817845,354,False,True,False,34.95535305129029,0.23220770727296167,29.529239283300917,0.4283057635373117,0.7991199816956481,0.4283057635373117,0.278039614765499,0.10761201683745085,0.013749790377914906,0.4186345636844635,0.0905037522315979,0.0,0.0,0.6271824985742569,0.5728435696597279,0.6087153261899948,0.2543649971485138,0.980225988700565,0.008735671619279168,0.0633313745087829,0.0376578065162566,0.0017318237736773565,0.0,0.0,0.0,0.0,1.0,0.0
247,1835732848,234.28310295976692,213.7252322003787,0.7838580506258875,440,True,False,False,70.02280803666874,0.2190391470324344,64.7612376575656,0.05129197515256559,0.35659545814833205,0.05403377251737736,0.15363743813828362,0.0,0.00023212432279251516,0.05401124805212021,0.0015600180486217141,0.5,0.3931818181818182,0.0,0.5715875555591827,0.27600576385855674,-0.04109897464513779,0.9409090909090909,0.009716553640127109,0.01876364890483642,0.0,0.0017814955696042886,1.0,0.06136363636363636,1.0,0.25,0.0,1.0
248,1888787672,161.05011957984254,95.9343064463235,3.10772087556793,925,True,False,False,33.489331615849714,0.22072197114116934,28.17868552715502,0.305123874333905,0.5182320298460912,0.40648344911523526,0.12824293089729857,0.0,0.010894775390625,0.4018779397010803,-0.06101570278406143,0.0,0.0,0.0,0.4068722486459789,0.03022079340997152,-0.015332415699958801,0.7178378378378378,0.014117468953375081,0.03189684075936618,7.802229756367907e-09,0.003359698243857223,1.0,0.2,1.0,0.3264864864864865,0.0,0.0
249,2018239246,189.93369046959546,164.6303961918954,0.9242196185133502,572,True,False,False,30.66231339858296,0.15824346918684867,26.295034615928458,0.36958132119495407,0.6898349994470788,0.39682691349597826,0.19412882129772716,0.0,0.010404777713119984,0.3919607996940613,-0.06195426359772682,0.0,0.0,0.0,0.5314500992234399,0.28494433015584947,-0.03021834045648575,0.9178321678321678,0.03224422549887763,0.04361743003736986,0.0,0.001615768563834527,1.0,0.045454545454545456,1.0,0.19230769230769232,0.0,0.0
250,2073379549,194.11816766643906,165.42192403783844,1.0224162419067073,668,True,False,False,30.798405367036306,0.1628242109218723,26.358470713715338,0.010472681245029801,0.4230489213704178,0.010500061138691936,0.13739133901427086,0.0,0.004644584842026234,0.010431384667754173,0.0011989569757133722,0.437125748502994,0.27095808383233533,0.0,0.533248125298038,0.2652115442603826,-0.04065924882888794,0.9281437125748503,0.005341443226518688,0.026156447843650323,5.20148650366703e-09,0.001530563236387286,1.0,0.041916167664670656,1.0,0.17365269461077845,0.0,1.0
251,567737517,68.67571417953432,-57.5191673657858,7.079658769688011,1000,False,False,False,44.81501712392025,0.23224590728208808,39.331414857183695,0.5472170795803047,0.6746484563984129,0.5807112671380731,0.10405379313607438,0.021766262142122336,0.01380004920065403,0.5716699361801147,0.1020737960934639,0.0,0.0,0.0,0.3173620552332577,0.18165136321098543,-0.053284645080566406,0.578,0.044471346820257586,0.04363168131169881,0.004561643846966709,0.007079658769688015,0.0,0.316,1.0,0.648,1.0,0.0
252,622946395,242.05755197871483,218.75314461213588,0.8869604911052655,500,True,False,False,75.94499536402222,0.22665202575156873,70.55835594383355,0.028861954792023706,0.36428012946802746,0.028863383974981553,0.16752250203111174,0.0,0.008397961035370827,0.028863143175840378,-0.00011790037387982011,0.408,0.226,0.0,0.5643426791913807,0.26578961700201037,-0.040179505944252014,0.946,0.004158080989969727,0.03159174525700006,0.0,0.0017739209822105306,1.0,0.054,1.0,0.078,0.0,1.0
253,10045030,238.4372634682804,218.8153042847129,0.7107972789045013,448,True,False,False,46.257507575670296,0.24104883656378018,40.66393642633593,0.25454431085356827,0.6815799495039457,0.25457077626611424,0.2363822672227955,0.0,0.014740372076630592,0.2545686364173889,0.001043782220222056,0.0,0.0,0.0,0.5296332638993461,0.13891105994582176,-0.035946037620306015,0.9017857142857143,0.00989506605620323,0.047096955105272766,2.6007432527008767e-09,0.0015866010689832624,1.0,0.08928571428571429,1.0,0.07589285714285714,0.0,0.0
254,2059325906,20.6031821611336,-35.75860629437474,2.4241192303672423,1000,False,False,False,34.313916573515556,0.18930728970431718,29.47439357044561,0.11900567608958644,0.440687885375729,0.11900567608958644,0.12121253375499728,0.05187484685489699,0.011211586184799671,0.11839761584997177,0.012014803476631641,0.206,0.0,0.5453892834484577,0.5419532002201304,0.5414194707944989,0.09077856689691544,0.983,0.005749007977194734,0.02502286244263729,0.0015966525234943534,0.002424119230367242,0.0,0.015,1.0,0.41,1.0,0.0
255,54597384,232.7346310365013,212.30262972215985,0.7434667542894439,464,True,False,False,44.961338107020815,0.1551024081886783,40.653671479691624,0.03733160793568367,0.5235384646556659,0.050910621779579474,0.16181630408635597,0.0,1.716613724056515e-06,0.05090322345495224,0.0008679008460603654,0.375,0.28663793103448276,0.0,0.5185749580549751,0.20225344482809304,-0.0401914156973362,0.8728448275862069,0.00265845309460725,0.01487917622271159,7.802229755934226e-09,0.0016022990394169016,1.0,0.06896551724137931,1.0,0.09913793103448276,0.0,1.0
256,123792145,168.18686056267467,130.48966886328552,1.5358127799592742,733,True,False,False,36.67886218192378,0.18400985268514877,31.919978044073037,0.11188217871866486,0.3651379006426427,0.11188427977402197,0.11378749875543907,0.0,0.006717967800796032,0.11188383400440216,0.0003158306935802102,0.5416098226466576,0.0,0.0,0.5384893816289724,0.17081136034801603,-0.04091200605034828,0.9399727148703957,0.013751818756227479,0.020646047160023707,0.0,0.0020952425374614926,1.0,0.058663028649386086,1.0,0.451568894952251,0.0,0.0
257,1843121429,29.396446819324158,-25.26585303446276,2.3108199902524516,1000,False,False,False,54.10604106245162,0.22969539256367513,48.660696516491306,0.13864533165443313,0.3864686611942941,0.1619643446280966,0.12486441270485324,0.047913701889577845,0.013884926214814186,0.1619032919406891,0.00444668298587203,0.374,0.0,0.5381485037505627,0.5534597695032135,0.537304513938725,0.07629700750112534,0.993,0.025852498442551847,0.02658355471628353,0.0014413709214240872,0.002310819990252452,0.0,0.007,1.0,0.414,1.0,0.0
258,186855761,189.77938782558775,163.78083767591812,1.0079033433113067,544,True,False,False,21.390818502482723,0.13225877934132194,17.41538134963161,0.06613056052467679,0.4859900487605335,0.06615755397032116,0.138479027692213,0.0,0.003289890242740512,0.06615753471851349,5.0470829592086375e-05,0.33639705882352944,0.11764705882352941,0.0,0.4993431628416361,0.06747738564386964,-0.040785741060972214,0.875,0.010598030702581751,0.015132250320683304,2.6007432509661532e-09,0.0018527634987340193,1.0,0.0974264705882353,1.0,0.0974264705882353,0.0,1.0
259,416940264,227.54372313721115,207.9523686345739,0.6687569668424721,478,True,False,False,42.92724153306012,0.1439514257184132,38.78436294248958,0.06372463850419538,0.5496020650613263,0.06372559228612687,0.1559288624679737,0.0,7.629394644936838e-07,0.06372527778148651,0.00020020961528643966,0.2928870292887029,0.13389121338912133,0.0,0.505996056132907,0.1111909145861864,-0.04081353917717934,0.8598326359832636,0.010426150181798306,0.017760693036060125,5.201486505401753e-09,0.00139907315239011,1.0,0.0899581589958159,1.0,0.09832635983263599,0.0,1.0
260,1682078888,233.49263336881987,212.60971498324045,0.7855278923719743,455,True,False,False,68.27515942162856,0.20845050408846752,63.16905773248465,0.03041099919561978,0.37855251336243784,0.0418706422599235,0.15125793453970587,0.0,0.0001777648867573589,0.041855812072753906,0.0011143065057694912,0.44395604395604393,0.3010989010989011,0.0,0.55464794503136,0.19274126052856444,-0.0409502349793911,0.9274725274725275,0.008896026296155426,0.018819624618222834,7.802229754633183e-09,0.0017264349282900535,1.0,0.07472527472527472,1.0,0.08791208791208792,0.0,1.0
261,224953861,245.37947030402697,224.88363634453287,0.7757222639662881,443,True,False,False,69.11140673417921,0.22059152396253498,63.825837377364344,0.021867138309694834,0.40233071006767274,0.021895555685880475,0.1717207935125587,0.0,0.0073566436767578125,0.021866321563720703,0.0011310791596770287,0.417607223476298,0.23702031602708803,0.0,0.5639157790110423,0.26884984344244,-0.040547218173742294,0.9390519187358917,0.004576937842753183,0.027170246007898125,1.0402973008201422e-08,0.001751066058614645,1.0,0.06320541760722348,1.0,0.0654627539503386,0.0,1.0
262,1426919372,-6.003394308889824,-89.58733784152793,4.552262902175877,765,False,True,False,35.7512681236801,0.2313886301615343,30.281354794417865,0.12485935688772455,0.4102399457202464,0.1978293922824602,0.13634452381070036,0.038481647430855026,0.009009838104248047,0.193315789103508,-0.04201754555106163,0.5424836601307189,0.0,0.511743638664484,0.38767082787863,0.11186826387420297,0.023487277328968048,0.6666666666666666,0.01778476921083354,0.02286152577140047,0.00735427318706109,0.005950670460360628,1.0,0.2065359477124183,1.0,0.45751633986928103,1.0,0.0
263,1341884941,198.779890280473,172.39146817615216,0.9765614736213925,587,True,False,False,42.71500515663926,0.19496716551817142,37.79597904520312,0.03383475002134092,0.4136732441118357,0.03386192571201831,0.1224800921279583,0.0,8.22067231638357e-05,0.03385276719927788,0.0007875061128288507,0.31175468483816016,0.18057921635434412,0.0,0.5383021381712999,0.23826138839125632,-0.040838152170181274,0.948892674616695,0.008359051487094501,0.016935528151972322,5.20148650366703e-09,0.001663648166305609,1.0,0.05110732538330494,1.0,0.17717206132879046,0.0,1.0
264,441544513,96.49318088195287,-24.38688879051974,6.7253379781648395,1000,False,False,False,66.00286048420759,0.22571079057345667,60.61728496810049,0.1897336558737677,0.34945705391825976,0.22424768899022535,0.09995297914930869,0.01355797506128215,0.010406685061752796,0.22293448448181152,-0.024233069270849228,0.133,0.0,0.5044339150190353,0.37154549396364017,0.1109171827416867,0.008867830038070679,0.649,0.01729386331755327,0.026116502590053485,0.006541914127458226,0.006725337978164838,1.0,0.23,1.0,0.539,1.0,0.0
265,1089976364,234.98089987025602,216.16321007819664,0.6998459861372953,416,True,False,False,49.20490704258954,0.21869386266747348,43.955067378740445,0.11588729992931977,0.5304836233134954,0.11592430269758273,0.19142965208174714,0.0,0.009510422125458717,0.11592207103967667,0.0007193064666353166,0.24759615384615385,0.0,0.0,0.5480168029104019,0.21162696167826653,-0.03923000022768974,0.9206730769230769,0.0015416676096599237,0.02957333300140625,2.600743251833515e-09,0.0016823220820608063,1.0,0.08173076923076923,1.0,0.08173076923076923,0.0,0.0
266,338926726,207.26481733564287,181.11003966889496,0.9636518444498681,585,True,False,False,60.29968403277997,0.173605304338806,55.7011971330753,0.00043525761487491014,0.3034042809978247,0.001126550247251293,0.11617669790427446,0.0,3.2711028325138614e-05,0.0010370254749432206,0.00044010637793689966,0.5948717948717949,0.24102564102564103,0.0,0.5530431774468758,0.20465998608618974,-0.0405476950109005,0.9452991452991453,0.0060020576948740505,0.008875882819827315,5.201486504534392e-09,0.0016472681101707156,1.0,0.0547008547008547,1.0,0.38461538461538464,0.0,1.0
267,933695220,247.18858146518468,227.08377657719342,0.7616536591994132,434,True,False,False,64.52468978708772,0.21991526480863696,59.2514704620799,0.035885795904371194,0.4325891710258935,0.035913435433220314,0.1776853744471975,0.0,0.00830764789134264,0.035891342908144,0.0012595034204423428,0.37327188940092165,0.21658986175115208,0.0,0.5431964686870026,0.09595484808087348,-0.04044681787490845,0.9032258064516129,0.0036365773523293174,0.028034780638784295,2.600743251833515e-09,0.0017549623483857446,1.0,0.09907834101382489,1.0,0.08064516129032258,0.0,1.0
268,1493096170,253.50089990797267,228.58160813812492,0.9586194513231939,527,True,False,False,49.17320073697128,0.22266489702482897,43.84324520135307,0.034950364027187375,0.5680957545764465,0.034977911736084076,0.236240800084508,0.0,0.01338891964405775,0.03496398776769638,0.0009868479100987315,0.2239089184060721,0.1461100569259962,0.0,0.4856360878730109,0.0,-0.04089031368494034,0.857685009487666,0.008428456221889813,0.04678302637260241,2.6007432509661532e-09,0.0018190122415999883,1.0,0.09867172675521822,1.0,0.06261859582542695,0.0,1.0
269,776974686,251.8194375139428,236.94631629726388,0.5488747477785983,332,True,False,False,67.627463506593,0.16266855797954913,63.25854250461871,0.002888558655296719,0.4508857540835103,0.002915366362631799,0.1995367670640844,0.0,0.0023069381713867188,0.0029075623024255037,-0.0002131724322680384,0.33433734939759036,0.21385542168674698,0.0,0.5688466364061965,0.24248433619271964,-0.0404193177819252,0.9096385542168675,0.00629175058460285,0.01703830847200266,2.600743251833515e-09,0.0016532371921042129,1.0,0.0963855421686747,1.0,0.0963855421686747,0.0,1.0
270,375303292,205.0164572493172,185.0331959725191,0.7242174184532129,456,True,False,False,21.907666522292363,0.13725794150636902,17.86924671315799,0.014431936447898462,0.5286543298259984,0.014457492235457866,0.1597975560517041,0.0,0.0019780159927904606,0.014456653967499733,0.00015568494563922286,0.31359649122807015,0.19078947368421054,0.0,0.5139547155847315,0.150399548728019,-0.04058357700705528,0.8881578947368421,0.007060043300729125,0.01725585562996393,2.6007432527008767e-09,0.0015881960930991506,1.0,0.08114035087719298,1.0,0.07894736842105263,0.0,1.0
271,87231768,225.31563273607742,204.36037225271573,0.7703506988907874,470,True,False,False,32.60871305121965,0.15398767256577758,28.316663218176394,0.4012235854294546,0.8336687879165182,0.4012414090883648,0.2471584959867224,0.0,0.010944652371108532,0.3971738815307617,0.05698750913143158,0.0,0.0,0.0,0.46671513691445454,0.0,-0.050012461841106415,0.8106382978723404,0.03341207625248566,0.04738601002163521,5.2014864984628595e-09,0.0016390440401931649,1.0,0.13191489361702127,1.0,0.08297872340425531,0.0,0.0
272,250319891,213.59789458577285,184.41068507515257,1.1004806340413489,634,True,False,False,38.61319060878277,0.1319385909307173,34.63752951904911,0.0059506839473119615,0.46623103124966186,0.006036829625156021,0.15250587753006864,0.0,0.0050910948775708675,0.005995273590087891,0.000707111379597336,0.39274447949526814,0.26498422712933756,0.0,0.5110526390097174,0.2470263520628214,-0.0406607948243618,0.8990536277602523,0.006467473703541169,0.018899188568416398,0.0,0.0017357738707276776,1.0,0.05993690851735016,1.0,0.15930599369085174,0.0,1.0
273,697129427,227.0551896452904,205.2003598181637,0.7729886551417775,513,True,False,False,54.140983649741365,0.2187323982650585,48.871529149767504,0.10974792842251312,0.46770613036150555,0.10977596204857454,0.1678110840344679,0.0,0.010487651452422142,0.10976457595825195,0.0015810466138646007,0.3216374269005848,0.0,0.0,0.5487928797162299,0.21007312789559365,-0.03955041989684105,0.9376218323586745,0.001189771687020364,0.028166641340420278,5.201486504100711e-09,0.0015068004973523928,1.0,0.06432748538011696,1.0,0.12280701754385964,0.0,0.0
274,731000721,207.07967250933882,182.82941095037316,0.8913507705977116,544,True,False,False,45.341305216607616,0.16299442867605515,40.90483332373543,0.07967502009420141,0.4572730381857684,0.07970228935997377,0.13623384828241444,0.0,0.005289554595947266,0.07970075309276581,0.00049485923955217,0.3235294117647059,0.09926470588235294,0.0,0.5364374864267816,0.18214994702488185,-0.04091889038681984,0.9375,0.01151909367807555,0.017635769551645232,5.20148650366703e-09,0.0016385124459516744,1.0,0.0625,1.0,0.15808823529411764,0.0,1.0
275,2074768177,21.997690652939482,-31.435389457958593,2.2288720073932105,1000,False,False,False,38.03753746100875,0.20365704395419226,32.982768144190565,0.20995304716054453,0.44667755695956507,0.21637161365901375,0.12328210576858517,0.016160463644538516,0.014205073937773705,0.2157326638698578,0.01661604456603527,0.0,0.0,0.5580406524240971,0.5490015968510416,0.533663730211556,0.11608130484819412,0.994,0.027398609096964958,0.02436950370349884,0.0014130202192337016,0.002228872007393209,0.0,0.0,0.0,0.537,1.0,0.0
276,95137055,158.67968518172864,128.73152905903623,1.0552104081794922,706,True,False,False,22.952940752072827,0.16267106908776996,18.51453230676196,0.0567625122578207,0.3578229846317294,0.05678291312317711,0.10400031371646541,0.0,7.781982276355848e-05,0.05676545947790146,0.0014077759115025401,0.5637393767705382,0.3626062322946176,0.0,0.536768485650502,0.2860454075783491,-0.04107232391834259,0.943342776203966,0.009910753739499479,0.01335796590479197,0.0,0.0014946323062032464,1.0,0.036827195467422094,1.0,0.37252124645892354,0.0,1.0
277,91816320,212.72659659655636,105.73450829897118,5.844805886505672,966,True,False,False,42.572908673565195,0.20823670873961303,37.44947955693531,0.14252419466647637,0.4071829815050541,0.1425333699359305,0.10814538227244401,0.0,0.011186981573700905,0.14242973923683167,0.005434236489236355,0.38198757763975155,0.0,0.0,0.3192416785655785,0.010300008226186036,-0.04201500490307808,0.5714285714285714,0.01576317897173958,0.033394655778018645,0.0,0.006050523692034858,1.0,0.2950310559006211,1.0,0.45652173913043476,0.0,0.0
278,203351094,-0.7667437462601878,-59.6005296456609,2.5889190599600473,1000,False,False,False,23.11198012352712,0.18252053080680228,18.37425850391988,0.3725352682370035,0.6021122145123524,0.4344615333413143,0.14376715310346494,0.03943954826895028,0.013484763912856579,0.42964285612106323,-0.06452782452106476,0.0,0.0,0.5215935837477446,0.5417778939898126,0.5340717945620418,0.04318716749548912,0.982,0.014804444880425932,0.034974795503607464,2.746384874144185e-05,0.002588919059960048,0.0,0.0,0.0,0.539,1.0,0.0
279,708172857,228.653157388774,210.41913385737217,0.6342682354267875,436,True,False,False,39.96751470181636,0.14797416612941905,35.77290421501921,0.012982932624344957,0.5254926710293643,0.013010604399703888,0.15928184501902343,0.0,0.0014705657958984375,0.013010025024414062,0.00012278318172320724,0.30963302752293576,0.20412844036697247,0.0,0.52924756127329,0.2954269713163376,-0.040378596633672714,0.8876146788990825,0.005208354741896718,0.013482078743283771,0.0,0.0014547436592357507,1.0,0.06192660550458716,1.0,0.08027522935779817,0.0,1.0
280,1205478087,17.21856974144749,-34.73868955113251,2.1304839528386763,1000,False,False,False,20.107691971993198,0.21352837586296528,14.904852676543602,0.6989772987094871,0.9199868163913497,0.8289827893013548,0.1557748955241436,0.011782131237176,0.013752078637480736,0.8285732269287109,-0.02605518326163292,0.0,0.0,0.5014937354717404,0.474462906566594,0.3419998914201278,0.00298747094348073,0.865,0.033145190580705544,0.05323359348033007,8.081549581358954e-05,0.0021304839528386737,1.0,0.256,1.0,0.417,1.0,0.0
281,119173112,113.57193848603195,-12.501255941616916,7.071546295176606,1000,False,False,False,37.687111805495576,0.2511048270028755,31.920625742947333,0.15240080385897872,0.41118746634077,0.1968786531735304,0.14188229263727978,0.015112779612484532,0.014816761016845703,0.1958199441432953,-0.020390035584568977,0.551,0.0,0.0,0.3363490391733503,0.10067595163360238,-0.024598754942417145,0.591,0.0015903161376536869,0.029376295640129318,0.013790275296509441,0.0070715462951766025,1.0,0.26,1.0,0.494,1.0,0.0
282,1282681837,219.07111217861512,193.69452126390843,0.9051060609804502,590,True,False,False,35.71851457721973,0.2025967195306238,30.684882353386765,0.0544899037426645,0.5179190876599342,0.05459012390306224,0.17114316125733012,0.0,0.009072685614228249,0.054581545293331146,0.000967750558629632,0.3169491525423729,0.17966101694915254,0.0,0.5312377556633615,0.30240800946950913,-0.04017395153641701,0.923728813559322,0.0024120274699908554,0.030898992608043827,2.600743251833515e-09,0.0015340780694583903,1.0,0.0423728813559322,1.0,0.12203389830508475,0.0,1.0
283,40365026,45.62022402485585,-29.874020789112816,3.699616320931268,1000,False,False,False,27.810297297541158,0.16302456236226462,23.365015204602017,0.49877065313808105,0.7056649558631081,0.5423241582854614,0.1351444068544341,0.015465219532542544,0.012713050469756126,0.5380048751831055,0.06830993294715881,0.0,0.0,0.0,0.4264531071119709,0.3848537442818633,-0.010995311662554741,0.796,0.016504727594819413,0.03545869255488673,0.0013155378602894667,0.0036996163209312653,0.0,0.086,1.0,0.583,1.0,0.0
284,930897256,196.7921934625747,155.25771508112106,1.9796318920969016,592,True,False,False,35.30421980085085,0.19864987238511528,30.3296844446749,0.11165926130793691,0.3992713245652973,0.1134984469095993,0.12733615937805015,0.0,0.005962085910141468,0.11349792778491974,-0.0003432774683460593,0.5304054054054054,0.0,0.0,0.48941414070444855,0.054167972918367016,-0.03900536522269249,0.8378378378378378,0.0013394659173065488,0.02505981346755868,5.201486504079027e-08,0.0033439727907042254,1.0,0.052364864864864864,1.0,0.35135135135135137,0.0,0.0
285,916093942,59.724353976597136,-3.6246528757656264,2.8899337901575177,1000,False,False,False,25.232084929440994,0.17915132632275832,20.544901377094494,0.1747034593452561,0.5279802942832916,0.18832652569831562,0.18275750744869815,0.0291430124264177,0.014400864019989967,0.18832644820213318,0.00017084837600123137,0.418,0.0,0.5427878238260746,0.5118078034866194,0.4950204287841916,0.0855756476521492,0.934,0.0021572097345395184,0.035382805413336646,0.0011925717934973081,0.00288993379015752,0.0,0.027,1.0,0.437,1.0,0.0
286,1334586113,200.59557522926497,178.96886253176757,0.752447513166479,517,True,False,False,36.30950214630132,0.17082917335855335,31.758141633838694,0.10560886778254315,0.4763499222213394,0.10563633634724025,0.14315490658195182,0.0,0.005294895265251398,0.10562582314014435,0.001490316353738308,0.2495164410058027,0.0,0.0,0.5366057175710596,0.1736622041463852,-0.04117274284362793,0.9303675048355899,0.013288168652228488,0.01948811467706132,5.20148650366703e-09,0.0014554110506121436,1.0,0.06963249516441006,1.0,0.11605415860735009,0.0,0.0
287,1382261388,202.64651922597548,171.83635405334738,1.1153443448418656,704,True,False,False,34.01094330826859,0.2277134602944914,28.596932650668542,0.08005489852441044,0.4763534578377915,0.08008283827670129,0.17550160096512155,0.0,0.012108040042221546,0.08006592094898224,0.001645991811528802,0.30823863636363635,0.11363636363636363,0.0,0.5369466925033273,0.18292575962841512,-0.040018230676651,0.9318181818181818,0.0007175115786658467,0.030302230861565884,5.2014865039922906e-09,0.00158429594437765,1.0,0.04971590909090909,1.0,0.12215909090909091,0.0,1.0
288,1034182229,74.9293079720517,-17.919871594667626,4.856611971114646,1000,False,False,False,24.46101655313397,0.23688370802892528,18.90784727519494,0.3386570699536902,0.6614407336668874,0.4055880165416816,0.17962598535365226,0.01066073835896094,0.015394210815429688,0.40335923433303833,-0.04246136173605919,0.0,0.0,0.0,0.3906599107230431,0.07036506522912532,-0.026405679062008858,0.688,0.014979660854430105,0.03783478489456216,0.004232592609233308,0.004856611971114643,0.0,0.185,1.0,0.34,1.0,0.0
289,845918869,211.14126027452306,193.4349502922554,0.6537539988178402,395,True,False,False,29.81581086148258,0.18776680500982013,25.03706008200223,0.039005789913754634,0.5335243617655393,0.0409253367154931,0.16527206206002448,0.0,5.359649730962701e-05,0.0409235954284668,0.0003775215009227395,0.2683544303797468,0.1670886075949367,0.0,0.5409211337124292,0.2419269448518753,-0.04077364131808281,0.9164556962025316,0.008855844812911556,0.014393758291297267,0.0,0.0016550734147287095,1.0,0.08354430379746836,1.0,0.0810126582278481,0.0,1.0
290,1616531344,225.30544490441685,196.29768416171197,1.0538507161803228,660,True,False,False,60.648528375933694,0.23642215985468348,55.10482781173103,0.013957253035070971,0.4065035435773223,0.014554444353204516,0.16285358439689857,0.0,9.107589721679688e-05,0.014538097195327282,0.0006896233535371721,0.35454545454545455,0.1893939393939394,0.0,0.5494284668542219,0.2604746417701244,-0.04071119427680969,0.9575757575757575,0.0070469927710904365,0.03077822944908414,2.600743251833515e-09,0.0015967435093641254,1.0,0.04393939393939394,1.0,0.04393939393939394,0.0,1.0
291,521090321,-13.858431697756245,-38.68708394400864,0.9245768164168375,548,False,True,False,36.71837041324576,0.22019692929830578,31.423528262577776,0.23508709500057984,0.5042826344480161,0.24928215018299005,0.16340282101637205,0.020976406572843897,0.01014165859669447,0.24540194869041443,-0.04381180182099342,0.0,0.0,0.5064853173680604,0.5317968253691976,0.3954500770883169,0.0129706347361207,0.9215328467153284,0.020301954483291185,0.0355444501649802,0.0007274434920524452,0.0016871839715635725,0.0,0.0,0.0,0.25547445255474455,1.0,0.0
292,1192931531,-20.306578846693583,-81.18599932062327,2.7252946982619908,1000,False,False,False,31.198646468716966,0.16038374414291443,26.792976649068024,0.48849244935177066,0.6877248154655958,0.693082813486134,0.1277282514112267,0.07560723426074797,0.010514927096664906,0.6818591952323914,-0.12422489374876022,0.0,0.0,0.5093243503943086,0.5277965775195771,0.5040788969327695,0.018648700788617134,0.961,0.03199125900498238,0.04088659540985884,0.001189785422195666,0.0027252946982619887,0.0,0.0,0.0,0.438,1.0,0.0
293,1308769600,16.51846277994632,-7.48089625902216,1.0066239359312346,445,False,True,False,33.47652546210508,0.2434736207217028,27.84726091420034,0.4443510858869939,0.762851573757993,0.446086497894296,0.24420056016481723,0.012210501666035876,0.014306259341537952,0.44600844383239746,-0.008344557136297226,0.0,0.0,0.0,0.5289847011212914,0.29294691007875373,-0.02132352627813816,0.9123595505617977,0.013886685499048024,0.054500360331696675,0.020012301254896978,0.002262076260519628,1.0,0.02247191011235955,1.0,0.14382022471910114,1.0,0.0
294,1807250352,20.02315002320112,-29.457468250730138,1.9653745515954109,1000,False,False,False,26.13660512308949,0.1837294883895507,21.380749139741116,0.29187916985572854,0.5303027610927716,0.3037086906280053,0.13293590773834393,0.01183999155842083,0.0121307373046875,0.3036041259765625,-0.007968905381858349,0.0,0.0,0.5270711295306683,0.5455739003539783,0.5547098059952259,0.05414225906133652,0.986,0.0016057590259913376,0.03104155280747166,0.0032501537184561205,0.00196537455159541,0.0,0.0,0.0,0.456,1.0,0.0
295,1493381989,216.18676895191885,192.28803242371652,0.8612491018801601,549,True,False,False,41.04228612428284,0.1678095875980198,36.53317298123097,0.06993847431724821,0.4946446933938151,0.08252089266902961,0.15117751118727601,0.0,0.0002382278471486643,0.08251495659351349,0.000989780412055552,0.3788706739526412,0.2167577413479053,0.0,0.5218466517238968,0.226102953851223,-0.04103683680295944,0.8961748633879781,0.011699703593584434,0.023097742664074324,5.20148650366703e-09,0.0015687597484155943,1.0,0.058287795992714025,1.0,0.14025500910746813,0.0,1.0
296,370827654,0.8825819786870996,-56.41485713865582,2.4864959411561927,1000,False,False,False,27.462786661705174,0.1880207888397102,22.64256117160443,0.35547580968920905,0.580386680150131,0.35547580968920905,0.13539060635055172,0.009910049316287951,0.012794876471161842,0.3533056378364563,-0.039219606667757034,0.0,0.0,0.554405365139246,0.5517783156048972,0.5327363132406027,0.10881073027849197,0.993,0.026692083382888594,0.03396575274841604,0.0009878403094187478,0.0024864959411561916,0.0,0.0,0.0,0.453,1.0,0.0
297,784475336,219.31906001877508,196.2594480895292,0.8173074619497189,540,True,False,False,36.399134574847025,0.13782626582800597,32.340531522618136,0.11377937200167923,0.5706294806202737,0.11380541707072496,0.16874693044726125,0.0,0.005595302674919367,0.11380157619714737,0.0009349918109364808,0.23333333333333334,0.0,0.0,0.48555192430374317,0.0,-0.04105024039745331,0.8444444444444444,0.01386970784709877,0.024665155034682584,5.20148650366703e-09,0.0015135323369439232,1.0,0.10925925925925926,1.0,0.07037037037037037,0.0,0.0
298,691761627,231.37803076792613,207.4892498851728,0.8779187255168964,536,True,False,False,37.59065506009687,0.22504845599470574,32.224079762655684,0.09904244432993804,0.5560409080169239,0.09906971974269037,0.20595010399318428,0.0,0.01064224261790514,0.09906549751758575,0.000914642820134759,0.2126865671641791,0.05783582089552239,0.0,0.5254779586121275,0.16492919161915778,-0.03955616429448128,0.8917910447761194,0.0004760462622535007,0.03362465477118117,5.201486504046501e-09,0.0016379080699942092,1.0,0.06902985074626866,1.0,0.061567164179104475,0.0,1.0
299,157069139,207.7152200698853,180.71412525445152,0.9854063210289171,611,True,False,False,66.5723131830347,0.17258061904121713,61.98791049105708,0.05143639902913517,0.32775144159246533,0.05146432856300166,0.1116173329602447,0.0,1.773834264895413e-05,0.051442623138427734,0.0014945364091545343,0.5351882160392799,0.3649754500818331,0.0,0.549374716176534,0.22128738820552826,-0.04107518121600151,0.9492635024549918,0.009541932586141838,0.010970916029135722,0.0,0.0016127763028296503,1.0,0.05237315875613748,1.0,0.40425531914893614,0.0,1.0
300,567179518,25.02312869194429,-35.270718409170904,2.6862564734076724,1000,False,False,False,25.96975594572597,0.16807695182396526,21.4486880108613,0.3278521277697001,0.5998319100075785,0.3415146182941434,0.13460348311067333,0.015454746474937948,0.011723709292709827,0.34138089418411255,-0.009556128643453121,0.0,0.0,0.5243821609765291,0.5321142063417937,0.5268976188823581,0.04876432195305824,0.977,0.006438542385419769,0.027821729090139292,0.0017503756301708393,0.0026862564734076726,0.0,0.0,0.0,0.453,1.0,0.0
301,855903052,133.20252375478162,19.2503319386678,6.263479454407598,1000,False,False,False,36.87288760948657,0.21673888763265833,31.621890637491614,0.22497678370795343,0.44859737009186074,0.22634011789696937,0.12461153043304055,0.009513458157650579,0.013965701684355736,0.22623786330223083,0.006802806630730629,0.0,0.0,0.0,0.24421072785474826,0.010049330862239003,-0.04651544243097305,0.427,0.02223864085817936,0.03734016217905306,0.002008793281922345,0.006263479454407595,1.0,0.436,1.0,0.52,1.0,0.0
302,784824579,10.896446108465867,-117.04870226244716,7.296343224727544,925,False,True,False,61.843828683788686,0.2338362434567914,56.33646851035962,0.16396090708101946,0.3258596879634546,0.232220989892236,0.10145612194577334,0.020274111936235947,0.009340858086943626,0.22842693328857422,-0.04180579259991646,0.34594594594594597,0.0,0.0,0.32062102352303606,0.10150542047806084,-0.032041650265455246,0.5524324324324325,0.0077146536281942684,0.02208655763150055,0.006233766851252377,0.007887938621327072,0.0,0.29405405405405405,1.0,0.587027027027027,1.0,0.0
303,1462490656,185.70652193194258,161.8260797370977,0.8626961463229894,547,True,False,False,21.15711776647861,0.16664727679042352,16.66560234068955,0.002757459881834037,0.4155806179838104,0.0034986200112220194,0.12635930161759412,0.0,3.3664702641544864e-05,0.0034131049178540707,0.0007688021869398654,0.40219378427787933,0.26508226691042047,0.0,0.5344442595290173,0.24207853019237519,-0.040658049285411835,0.9287020109689214,0.006290642667977486,0.014900620086221431,0.0,0.0015771410353253924,1.0,0.054844606946983544,1.0,0.1809872029250457,0.0,1.0
304,577808039,37.30768296988683,-18.15855988297172,2.3644161901905782,1000,False,False,False,31.269697752488128,0.1501626574603639,27.01734423307749,0.11987343291258744,0.47045144929746313,0.12259997442559116,0.138442981077595,0.024769134588842966,0.009638595394790173,0.1221039742231369,0.011016950942575932,0.245,0.0,0.5465617440640926,0.5254858049461618,0.5433363306894898,0.09312348812818527,0.947,0.0004863217582056599,0.023441679598864493,0.0011129181390949433,0.0023644161901905797,0.0,0.027,1.0,0.349,1.0,0.0
305,1212847275,226.6431452569144,205.012017669484,0.7580751724953643,513,True,False,False,38.811626023763125,0.164513499425056,34.355455006389285,0.0012773631684526265,0.5064460468345071,0.0018224686302743941,0.15729227578336596,0.0,6.31332368357107e-05,0.0014501571422442794,0.0011038279626518488,0.3586744639376218,0.21637426900584794,0.0,0.5245809903252392,0.25300634622573853,-0.04072478413581848,0.8966861598440545,0.006145934062505443,0.0248310232115021,2.600743251833515e-09,0.001477729381082581,1.0,0.05847953216374269,1.0,0.05847953216374269,0.0,1.0
306,2028284104,215.49901688639068,192.03056988706075,0.8525631332886734,534,True,False,False,33.83143133283327,0.19228842166669957,28.95644236369379,0.04669456393754261,0.500474477895579,0.046725781555161584,0.16237387598932626,0.0,0.006899738218635321,0.04671964794397354,0.0007570719462819397,0.30711610486891383,0.16104868913857678,0.0,0.5314274933712368,0.30604334697127344,-0.040210697799921036,0.9176029962546817,0.002939036881095813,0.026133394689134868,2.600743252267196e-09,0.0015965601746978893,1.0,0.04868913857677903,1.0,0.09176029962546817,0.0,1.0
307,714405881,245.74046063388224,228.58530323053162,0.6450104935567038,374,True,False,False,65.44535128362197,0.1989160591652909,60.50823259743824,0.07529650742015767,0.47231451796437446,0.07532359138102548,0.193940933428519,0.0,0.0051666260696947575,0.07532262802124023,0.0003809547342825681,0.28609625668449196,0.15240641711229946,0.0,0.5562286389733909,0.18893036308232694,-0.04088404402136803,0.9090909090909091,0.0112200511163557,0.02707093006028194,2.6007432509661532e-09,0.0017246269881195265,1.0,0.09358288770053476,1.0,0.09090909090909091,0.0,1.0
308,1761756941,181.26002375653474,154.4111716766951,1.0632568053226426,545,True,False,False,24.622360769072678,0.1545416331930648,20.312596363072792,0.08848208212417648,0.42835649304474277,0.08848208212417648,0.12724466566478587,0.0,0.000620937324129045,0.08848199993371964,0.00012060165317961946,0.3908256880733945,0.10275229357798166,0.0,0.5164250500965863,0.12236058752983808,-0.04084840789437294,0.8917431192660551,0.012136222743978242,0.016416981088078587,5.20148650366703e-09,0.0019509299180231986,1.0,0.09174311926605505,1.0,0.22568807339449543,0.0,1.0
309,1081362068,181.11677219481209,132.6049312891481,2.2047893937109215,772,True,False,False,37.146117245581934,0.1387242100025542,33.066107982196066,0.08477888578267899,0.39876241532413476,0.13483177883077693,0.10302525030505222,0.0,0.00134191510733217,0.13474082946777344,0.004951510578393936,0.5582901554404145,0.12305699481865284,0.0,0.45002241200137727,0.0,-0.04192294180393219,0.7901554404145078,0.015235469960699825,0.014124268958783964,5.201486505401753e-09,0.0028559448105063756,1.0,0.14766839378238342,1.0,0.38860103626943004,0.0,0.0
310,1210001589,145.78321411535438,101.45380396675814,1.8046273432397515,863,True,False,False,29.06834141164608,0.17203173602991562,24.488207510474417,0.28998440513819285,0.5936518516638668,0.4432297479475513,0.16308216274904072,0.0,0.011530113406479359,0.43304958939552307,-0.09444925934076309,0.0,0.0,0.0,0.5246340642827344,0.13484896887093784,-0.025999343022704124,0.9316338354577057,0.0341370100272999,0.03995800390002642,0.0,0.002091109320092412,1.0,0.04519119351100811,1.0,0.24333719582850522,0.0,0.0
311,109654569,2.1416307618667645,-12.644104101282224,0.5043823242099341,361,False,True,False,31.85022535461513,0.16645164765694517,27.406580080621925,0.3692349794398632,0.8619087903476172,0.3692349794398632,0.28346446183784146,0.2434466779664766,0.011213111691176891,0.3552510142326355,0.10065379738807678,0.0,0.0,0.5027225688099861,0.5136284535685284,0.32306540487450547,0.005445137619972229,0.889196675900277,0.0043268441948727055,0.04969248397749696,0.002082366032871944,0.0013971809534901213,0.0,0.0,0.0,0.0,1.0,0.0
312,713413783,240.15076465566224,210.3873166806095,1.1162298650035258,651,True,False,False,30.503020328556584,0.18382051307355174,25.74859362197455,0.055214961293952966,0.6370924593898845,0.055242238133697,0.2331847493363999,0.0,0.012700462713837624,0.055242158472537994,9.381532436236739e-05,0.2119815668202765,0.1259600614439324,0.0,0.45475559752437533,0.14696909433230756,-0.04076234996318817,0.8202764976958525,0.00984627871353839,0.04345708485706875,0.0,0.0017146388095292246,1.0,0.09216589861751152,1.0,0.05222734254992319,0.0,1.0
313,2072021362,173.79922142502897,129.65146381695575,1.6485171738715685,971,True,False,False,33.79986778791732,0.24040904630593682,28.19384765237482,0.031086141413827862,0.43882510934636487,0.04267829227840105,0.16773400605275543,0.0,7.705688767600805e-05,0.04266357421875,0.0011207438074052334,0.3419155509783728,0.22142121524201855,0.0,0.5382212865570463,0.2098592510819435,-0.040955010801553726,0.9474768280123584,0.00895115685161197,0.03288968161631528,5.20148650366703e-09,0.001697751981330144,1.0,0.04016477857878476,1.0,0.06282183316168898,0.0,1.0
314,1827985142,70.4429524976846,-29.2178649603322,5.310721163867811,1000,False,False,False,55.41614242514157,0.2428508181451835,49.77346649545873,0.2647710553719504,0.41895866668003545,0.34414854408456885,0.10335388157636803,0.002792356444136857,0.012407684698700905,0.3424730896949768,-0.03391759470105171,0.0,0.0,0.0,0.38106250331175395,0.2833427942491835,-0.04038675129413605,0.678,0.013226466018574065,0.027571211553882164,0.0005443264600486029,0.005310721163867813,0.0,0.184,1.0,0.502,1.0,0.0
315,1414100907,66.41413328492202,-20.484886487701676,4.459934651508248,1000,False,False,False,32.7641686183846,0.20276830580596955,27.722730373789805,0.5103950896933795,0.6757297287787742,0.5873534255915887,0.12040718068825114,0.004027235284225715,0.014785575680434704,0.5873109102249146,0.007066914811730385,0.0,0.0,0.0,0.35245672154944624,0.10216896453872323,-0.04209234192967415,0.639,0.043850700249106526,0.042742736470579946,0.0010638002175808042,0.004459934651508246,1.0,0.323,1.0,0.626,1.0,0.0
316,1725152872,234.76864561755212,217.12628730500847,0.6481572208362392,396,True,False,False,53.725701718659344,0.15577053673613175,49.42651745032768,0.02209177188612949,0.48444955272644447,0.022118570143001146,0.17123029035955503,0.0,0.0024051666259765625,0.022118281573057175,0.00011298418394289911,0.30808080808080807,0.18434343434343434,0.0,0.5418773986107548,0.17268782671540975,-0.04061844199895859,0.9090909090909091,0.00758181416473868,0.014348196888237054,1.0402973008201422e-08,0.0016367606586773717,1.0,0.09343434343434344,1.0,0.08333333333333333,0.0,1.0
317,957739242,217.61772789682726,196.00977838754523,0.7711966339521402,502,True,False,False,34.55172000765023,0.20784180403150534,29.44697240803739,0.3656844789214761,0.745024578351,0.36569842770996114,0.24517592247430825,0.0,0.014808177947998047,0.3653951585292816,0.01489020325243473,0.0,0.0,0.0,0.5209137899648079,0.13527623306959868,-0.04284418374300003,0.9123505976095617,0.031074073087491542,0.047672757654446625,0.0,0.0015362482748050598,1.0,0.0796812749003984,1.0,0.07370517928286853,0.0,0.0
318,1221443584,220.458150524646,194.27925512228273,0.9545930268242292,593,True,False,False,44.02659895369181,0.23322955644883397,38.53331620926418,0.10351422226520844,0.49260592740059195,0.10354168425714712,0.18991257278071091,0.0,0.012971306219696999,0.10353555530309677,0.0011265730718150735,0.24620573355817876,0.0,0.0,0.5460030519565282,0.2618305419385433,-0.03953837603330612,0.9477234401349073,0.0007717186264482387,0.03417791671682154,2.6007432520503554e-09,0.0016097690165669976,1.0,0.048903878583473864,1.0,0.0657672849915683,0.0,0.0
319,267845655,247.45215252984784,228.59434192998617,0.7025207066574432,416,True,False,False,72.5581814323471,0.22634713849873145,67.1935426310293,0.0006984869469118066,0.3963609387711911,0.0007700055914297557,0.16352556101930102,0.0,2.288818359375e-05,0.00040264130802825093,-0.0006563448696397245,0.3557692307692308,0.20673076923076922,0.0,0.5656506672032544,0.2940759810106829,-0.040295206010341644,0.9375,0.006138768364660286,0.01633382905349857,0.0,0.001688751698695776,1.0,0.0673076923076923,1.0,0.08413461538461539,0.0,1.0
320,1794051217,240.37709691878985,216.16873571745782,0.9285574134221406,514,True,False,False,32.900522164367665,0.1640020287467161,28.451907892428846,0.004950087164748995,0.5790518610854001,0.02394169298176533,0.23352238307935305,0.0,0.00029115675715729594,0.023879146203398705,0.0017294621793553233,0.26653696498054474,0.20233463035019456,0.0,0.4754557975769226,0.010335368774831296,-0.040674712508916855,0.8443579766536965,0.004419346130489301,0.03524355527602824,7.802229756367907e-09,0.0018065319327279009,1.0,0.0933852140077821,1.0,0.06420233463035019,0.0,1.0
321,1386520342,190.51991761336103,170.45086021260315,0.7259371600505273,459,True,False,False,19.86385437907168,0.16681355278578655,15.381493035686947,0.06562075712738466,0.4556997938348924,0.06667756438620237,0.14407201388415883,0.0,0.0016656875377520919,0.06667117774486542,-0.0009228491690009832,0.4553376906318083,0.2766884531590414,0.0,0.5381725512724979,0.2647463099472225,-0.039560239762067795,0.9150326797385621,0.0016986114117611437,0.014259755166636539,7.802229756151066e-09,0.0015815624401972277,1.0,0.06535947712418301,1.0,0.17647058823529413,0.0,1.0
322,1126324268,10.093413397508343,-14.413520365412893,0.9377955841947493,522,False,True,False,66.33117782767158,0.222371402873468,61.00614098495934,0.2701184598036395,0.4888931530234332,0.2958707343481042,0.16999184331628,0.03867867506798766,0.010702705010771751,0.28866276144981384,-0.06490994989871979,0.0,0.0,0.5209797937422991,0.5226248466238075,0.4066482162894681,0.04195958748459816,0.9022988505747126,0.019515619761039764,0.03852821332059488,0.0007291326747946372,0.0017965432647408987,0.0,0.0,0.0,0.37547892720306514,1.0,0.0
323,241523200,169.26234771893652,132.92250204888285,1.2973230446702402,844,True,False,False,37.043511071475045,0.20433234433240935,31.978940034146586,0.002187264372983768,0.3287020378120814,0.0022101749246328834,0.1255763778052404,0.0,0.00010166168067371473,0.0018383025890216231,0.0012269950238987803,0.48459715639810425,0.36018957345971564,0.0,0.5478189661162666,0.26902917832136153,-0.04075700789690018,0.9644549763033176,0.0061677217890993286,0.026419809760783886,2.600743251833515e-09,0.0015371126121685287,1.0,0.031990521327014215,1.0,0.2665876777251185,0.0,1.0
324,863387912,221.31673371046782,202.48998065927657,0.6791168700794232,432,True,False,False,46.10855044298789,0.1606292143906143,41.72513982341659,0.00970790378512712,0.45130565642437276,0.010056222338095791,0.14975518929635698,0.0,1.7833710444392636e-05,0.010041427798569202,0.0005452847690321505,0.3958333333333333,0.2523148148148148,0.0,0.551483812397001,0.2724556912481785,-0.0406486913561821,0.9351851851851852,0.006747119271901563,0.01280982756676734,7.802229755500545e-09,0.0015720297918505163,1.0,0.06712962962962964,1.0,0.1087962962962963,0.0,1.0
325,216581036,218.69635977441214,187.67569649254943,1.297377552124184,578,True,False,False,30.13183761700354,0.18327873747289586,25.388656848119254,0.4161317114633632,0.7839074161733612,0.42132864353022603,0.2349312126380362,0.0,0.014972877688705921,0.41536855697631836,-0.0706171914935112,0.0,0.0,0.0,0.46402218351829444,0.05321878176182508,-0.029191678389906883,0.8079584775086506,0.03348130543711147,0.045890240952989644,5.201486505401753e-09,0.0022445978410453016,1.0,0.16089965397923875,1.0,0.19204152249134948,0.0,0.0
326,1840851141,248.355243981615,224.74812334509215,0.9218080424348596,489,True,False,False,32.1461090330174,0.18763748010222395,27.346223928125777,0.07424825912240471,0.6694861585337605,0.07427281236025872,0.27432744403721143,0.0,0.01293792761862278,0.07427263259887695,0.00016340971342287958,0.21267893660531698,0.12269938650306748,0.0,0.48604475492500826,0.0889705436490476,-0.04083190858364105,0.869120654396728,0.011153872603564532,0.04823140998569376,0.0,0.0018850880213391805,1.0,0.08588957055214724,1.0,0.07566462167689161,0.0,1.0
327,1662776305,20.775793923530706,-44.29650316442556,3.0048198058637534,1000,False,False,False,56.58359851687007,0.22984690794295837,51.13598124022051,0.3086080893765624,0.47836685478081803,0.3117928880515216,0.1176621459855193,0.03926309345258821,0.013663291931152344,0.311789333820343,0.001488742884248495,0.0,0.0,0.5312866270542145,0.549793526683934,0.533464135415852,0.06257325410842896,0.996,0.035706399934561935,0.028570918976280463,0.0006311067605107301,0.0030048198058637552,0.0,0.0,0.0,0.581,1.0,0.0
328,200706954,213.63484297902312,183.50782430533332,1.336467911579322,504,True,False,False,32.00758818743398,0.18299421078907477,27.275298185186493,0.10908413349021691,0.5161485248159527,0.10958684698134748,0.1509858568227639,0.0,0.005528354551643133,0.10958156734704971,-0.0010756993433460593,0.3333333333333333,0.0,0.0,0.4903815151423231,0.06755236277356744,-0.038888152688741684,0.8392857142857143,0.001057496666123693,0.026819653880002358,0.0,0.0026517220467843702,1.0,0.06349206349206349,1.0,0.15079365079365079,0.0,0.0
329,546315261,184.44790496164933,164.2641934229912,0.7149141025772081,473,True,False,False,13.980438121454569,0.1492511187043843,9.758908950480297,0.06845260999745204,0.5146334236303751,0.06847997513004976,0.14418789879624508,0.0,0.0005390167352743447,0.06847886741161346,0.000389502034522593,0.26849894291754756,0.12896405919661733,0.0,0.528210132583645,0.23995508700609208,-0.04086996242403984,0.9133192389006343,0.010747906334709765,0.013463031900729798,2.6007432527008767e-09,0.0015114463056600596,1.0,0.06553911205073996,1.0,0.06976744186046512,0.0,1.0
330,759939275,205.51045851444366,181.43500601158877,0.9410301668569895,498,True,False,False,26.79413541465422,0.13915336513896437,22.72024271849496,0.09368041881071647,0.5410322671380811,0.09370779261705149,0.1582908025164654,0.0,0.005176067352294922,0.09370660781860352,0.00047122000250965357,0.27710843373493976,0.08032128514056225,0.0,0.4918112139003426,0.14073901375755668,-0.04093455523252487,0.8594377510040161,0.012488229442025694,0.01776587561437425,0.0,0.0018896188089497776,1.0,0.09839357429718876,1.0,0.06626506024096386,0.0,1.0
331,1967397134,200.2853099607862,175.79121134684897,0.882273240929148,563,True,False,False,30.651743280288127,0.1703451816636553,26.10354216706751,0.0037795408694109123,0.41518803643456337,0.003807391208061132,0.12531095855016766,0.0,0.0037027359940111637,0.0038046836853027344,0.0001435613667126745,0.4706927175843694,0.35346358792184723,0.0,0.5300198923846042,0.20956560522317885,-0.04045603796839714,0.9129662522202486,0.005826308568503211,0.015139461171824416,2.6007432527008767e-09,0.0015670927902826785,1.0,0.0586145648312611,1.0,0.3392539964476021,0.0,1.0
332,1558142637,25.815262116939962,8.355539765617863,0.6933148234214856,353,False,True,False,43.487638043848605,0.21146785734308957,38.3731978009802,0.370865224264083,0.7711874392440132,0.37089305846819925,0.257275133276363,0.006174483662308118,0.01234445534646511,0.3672958314418793,0.05153089389204979,0.0,0.0,0.0,0.5718313664774721,0.48412837961805055,-0.02749030664563179,0.9773371104815864,0.04097844200230728,0.05448854596318978,0.02250412472934664,0.0019640646555849467,1.0,0.014164305949008499,1.0,0.031161473087818695,1.0,0.0
