episode,reset_seed,task_return,train_return,variation,length,success,crash,out_of_bounds,discounted_task_return,discounted_variation,discounted_train_return,min_distance_to_pad,mean_distance_to_pad,final_distance_to_pad,mean_speed,final_speed,min_abs_x,final_abs_x,final_y,near_pad_fraction_0p2,near_pad_fraction_0p1,final_m_power,mean_m_power,last50_mean_m_power,final_main_cmd,positive_main_fraction,final_theta_abs,mean_theta_abs,final_theta_variation,mean_theta_variation,final_both_legs_contact,both_legs_contact_fraction,ever_both_legs_contact,low_velocity_fraction,final_lander_awake,landing_candidate
0,464507548,133.6352337092161,-143.39374045117313,1.304744870801944,804,True,False,False,6.131158717957808,0.1338435680409333,-22.63693583919663,0.007417648918993416,0.4097389985202368,0.022041897427399624,0.09593225519738463,0.0,0.0006255150074139237,0.022037887945771217,0.0004204011056572199,0.43656716417910446,0.28233830845771146,0.0,0.5483444301569047,0.28002467889338734,-0.054733891040086746,0.9577114427860697,0.0005832603586271524,0.01480573006102196,1.8205202764135647e-08,0.0016228170034850052,1.0,0.033582089552238806,1.0,0.31467661691542287,0.0,1.0
1,172674724,177.42156564183526,-99.85211091636143,1.307968382790982,784,True,False,False,66.8972790988437,0.1943871673261245,26.02060250582988,0.10212184024596764,0.3388657035020803,0.10577781910341028,0.09356858634278029,0.0,0.09984111785888672,0.10576887428760529,0.0013755894033238292,0.5267857142857143,0.0,0.0,0.5632474000176073,0.3030167382955551,-0.05569039285182953,0.9693877551020408,0.006612201814587602,0.011997613349738081,4.1611892032805686e-08,0.0016683270188660494,1.0,0.03188775510204082,1.0,0.5178571428571429,0.0,0.0
2,163903425,226.2739957012236,73.64350649877566,0.7170524460122385,461,True,False,False,29.46671947476469,0.18258135073586249,-9.030103578778853,0.126492004782578,0.627613284288319,0.12649850325856246,0.21661125318638655,0.0,0.0020301819313317537,0.12647047638893127,0.0026626919861882925,0.24945770065075923,0.0,0.0,0.5289467067787031,0.09025197964161634,-0.05602278560400009,0.8872017353579176,0.007783187114000151,0.0399289325048417,5.201486504534392e-09,0.0015554282993757915,1.0,0.0911062906724512,1.0,0.1279826464208243,0.0,0.0
3,1019325551,-108.50200818115844,-136.91527842374052,0.13716635121291038,49,False,False,True,-71.45734931293038,0.12988588138276783,-98.21229111041819,1.5775919432538568,1.6882280044771392,1.7388184870040966,0.710711253056657,0.5834412127739533,0.6701469421386719,1.0042930841445923,1.419466495513916,0.0,0.0,0.5987730696797371,0.38957449541028055,0.38957449541028055,0.19754613935947418,0.6938775510204082,0.11340589844452159,0.11390671242652262,0.00040011914783838476,0.0027993132900593952,0.0,0.0,0.0,0.0,1.0,0.0
4,1629015762,211.72545994035892,6.761209072029118,0.9625212543416501,623,True,False,False,37.171680276578165,0.15844686433801738,3.486124708426437,0.011311538650878392,0.5148465569078042,0.015726689892907667,0.13131282001745206,0.0,0.00016565322584938258,0.01571941375732422,0.0004783368203788996,0.28731942215088285,0.17335473515248795,0.0,0.5316252227137119,0.19415343329310417,-0.05505236238241196,0.9069020866773676,0.0014982815230901911,0.02130380187753656,7.802229756151066e-09,0.0015449779363429365,1.0,0.056179775280898875,1.0,0.12199036918138041,0.0,1.0
5,1449951718,186.5432592961007,-59.252632920178755,1.1495794610813974,794,True,False,False,47.61370766859837,0.13011132594794886,19.59212698066927,0.030578791214718664,0.44577137844407044,0.030606697588116745,0.1277872027803712,0.0,0.03054218366742134,0.030570125207304955,0.0014957881066948175,0.3790931989924433,0.17506297229219145,0.0,0.5608798388182948,0.21474098227918148,-0.05491642281413078,0.9609571788413098,0.001104399363936304,0.012363886039166985,7.802229755934226e-09,0.00144783307440982,1.0,0.04030226700251889,1.0,0.21914357682619648,0.0,1.0
6,1892108963,-65.22710324674844,-97.08430249852057,0.15188599625886062,74,False,False,True,-23.81040221269352,0.13582646237024903,-52.02501460273191,1.3984374087279674,1.4771332208109473,1.3984374087279674,0.3792501883368368,0.23016126363450543,0.7975255846977234,1.0006296634674072,0.9769173264503479,0.0,0.0,0.565412163734436,0.6163629025623605,0.5956367599964142,0.13082432746887207,1.0,0.06659441324905996,0.08075400826843748,0.0008308646482126925,0.0020525134629575752,0.0,0.0,0.0,0.0,1.0,0.0
7,1353470719,203.93126400420437,-53.35896587193926,1.2096511493807178,768,True,False,False,50.59958525557923,0.1964635689923338,9.307760370499174,0.07697461369324986,0.4150581478092589,0.07702519165214917,0.13904749550779102,0.0,0.0003525734064169228,0.07701797783374786,0.0010541534284129739,0.4440104166666667,0.3346354166666667,0.0,0.5595293182280633,0.3041824905574322,-0.05551907420158386,0.9622395833333334,0.004957021514763742,0.030264734847395183,5.20148650366703e-09,0.0015750666007561434,1.0,0.033854166666666664,1.0,0.34375,0.0,1.0
8,676069518,-5.909840290562547,-331.6921156333945,1.528911376714158,1000,False,False,False,27.09722448598579,0.14236049699186143,-3.374788569891611,0.038284763260117545,0.31924699954498137,0.05909479214818429,0.087224926583359,0.023970635648591542,0.03693952411413193,0.05037803575396538,0.030890904366970062,0.586,0.53,0.575640358030796,0.5614800983826863,0.5642988362908363,0.1512807160615921,0.983,0.0051488991504120485,0.013585111606156008,0.0009009810113803389,0.0015289113767141592,0.0,0.0,0.0,0.497,1.0,0.0
9,1315085260,3.185391585994423,-314.7066017011412,1.4894599664356787,1000,False,False,False,29.158488349896146,0.18636090606917977,-10.113606521444943,0.039549151000008165,0.36598826837420506,0.039549151000008165,0.09684695721263083,0.038623950013809055,3.9577484130859375e-05,0.013148212805390358,0.03729959577322006,0.532,0.401,0.5829950571060181,0.5714599445099011,0.5727101616561413,0.16599011421203613,1.0,0.0052395961702117345,0.018283608181580556,0.0011104019606352168,0.0014894599664356778,0.0,0.0,0.0,0.4,1.0,0.0
10,1377954153,183.87330344386868,39.320511677146754,0.6733639588336089,494,True,False,False,16.22399940698229,0.12572471266204957,-10.906985352559863,0.14450945428406664,0.5873524423353077,0.14453700639671688,0.15415322634726158,0.0,0.1445087492465973,0.14453630149364471,0.0004514074244070798,0.2165991902834008,0.0,0.0,0.5440735203569362,0.25349886684212836,-0.05558745935559273,0.9352226720647774,0.008904027482770298,0.009031982122628707,5.201486505401753e-09,0.001363084936910141,1.0,0.058704453441295545,1.0,0.07489878542510121,0.0,0.0
11,681462722,202.06072365747536,-0.2611178723810639,0.9534092076492817,582,True,False,False,25.459923879054415,0.16878024766985708,-10.290361797201447,0.0413410346961962,0.5412599435408776,0.041368777651869026,0.1599080902520736,0.0,0.04132223129272461,0.04134998470544815,0.0012468076311051846,0.2542955326460481,0.14604810996563575,0.0,0.5180103297093707,0.07668069537729025,-0.055393658578395844,0.9072164948453608,0.002907459631808378,0.027048503507934505,2.0805946015969162e-08,0.0016381601506001411,1.0,0.07216494845360824,1.0,0.05670103092783505,0.0,1.0
12,1906037396,-81.2820550247794,-112.88133657750446,0.15129640776362527,67,False,False,True,-41.86727542005579,0.1382493191826508,-70.49716776408681,1.466917643879959,1.5117974653683,1.466917643879959,0.526527030796738,0.3589879010066239,0.6877586245536804,1.000594139099121,1.0726876258850098,0.0,0.0,0.5853086188435555,0.5916943858871098,0.5973339207470417,0.1706172376871109,1.0,0.08469513895535294,0.10352252816362512,0.00021309449909837075,0.0022581553397556017,0.0,0.0,0.0,0.0,1.0,0.0
13,1887175263,210.59604361597434,-51.92387258771102,1.230999581018428,816,True,False,False,64.89357009319494,0.19087295963510167,24.71952688364444,0.014466674112300732,0.335575590581019,0.01670525162890745,0.15381238375251938,0.0,0.0001125335693359375,0.016683291643857956,0.0008562779403291643,0.4840686274509804,0.19730392156862744,0.0,0.554701249464415,0.24033298283815385,-0.05514880642294884,0.9632352941176471,0.0015343557825532933,0.0342977095533242,2.3406689268236358e-08,0.0015085779179147393,1.0,0.03799019607843137,1.0,0.20710784313725492,0.0,1.0
14,297761393,-110.08375767166726,-137.12277456847085,0.12949508448401803,57,False,False,True,-66.57881097805802,0.11619492147199284,-90.6899848915518,1.5621869837706837,1.6609362906300378,1.6831318096544594,0.6862603953344404,0.6256132188040576,0.6311996579170227,1.0025418996810913,1.3519772291183472,0.0,0.0,0.5695011839270592,0.3481056183462211,0.396840404914692,0.13900236785411835,0.6491228070175439,0.10558129189348961,0.09459300815651112,0.0002511485743620784,0.002271843587438913,0.0,0.0,0.0,0.0,1.0,0.0
15,241769223,56.542637488118096,-306.3223864030214,1.714325119455699,1000,False,False,False,46.822464595773305,0.1706517134181363,10.692208254640873,0.1278167730040553,0.42680939237220133,0.13331615869361682,0.14232336154620298,0.02742650841524363,0.0009079932933673263,0.1271675080060959,0.040020283311605453,0.532,0.0,0.5856181159615517,0.5532186741932528,0.5764615695178509,0.17123623192310333,0.972,0.008846571212660628,0.026948338995660598,0.00023430941199099713,0.0017143251194556984,0.0,0.003,1.0,0.436,1.0,0.0
16,233261862,197.99914228013657,-19.220669919949543,1.01919906100043,669,True,False,False,28.77642010211069,0.13551869366116678,-0.3249144047206585,0.0633825360751723,0.5696281783842382,0.06341009410657587,0.14142306097109034,0.0,0.06337299197912216,0.06340055167675018,0.0011000371305271983,0.26606875934230195,0.12855007473841554,0.0,0.48956467317460245,0.19027290239930153,-0.05547107756137848,0.85949177877429,0.004172147760034147,0.021012382529810247,5.201486504534392e-09,0.0015234664588945155,1.0,0.08669656203288491,1.0,0.052316890881913304,0.0,1.0
17,1516995425,16.87490861638505,-302.27709505746253,1.49576001836924,1000,False,False,False,25.128310690663287,0.15487470379353072,-7.846543725548127,0.06822721660033856,0.4467456148971876,0.09118055268863041,0.10994730574132258,0.010130568351606944,0.047489069402217865,0.04771919175982475,0.07769666612148285,0.454,0.261,0.5531145669519901,0.5582162883207493,0.5183437191142002,0.10622913390398026,0.979,0.01146311007883234,0.022168114795121936,0.0038856365545813006,0.0014957600183692396,0.0,0.0,0.0,0.406,1.0,0.0
18,956231059,9.808039573859599,-330.2495338905977,1.6002878673222851,1000,False,False,False,41.27778339042542,0.12357808167848922,14.56225339722239,0.06932014704686501,0.3479367111440879,0.06932014704686501,0.10124528530599793,0.014411984409671955,0.00011301040649414062,0.051486968994140625,0.04641524329781532,0.512,0.057,0.5659740716218948,0.5715711024468765,0.5828705336153507,0.13194814324378967,1.0,0.004084522868200922,0.014720306551416965,0.0010362294132731202,0.0016002878673222849,0.0,0.0,0.0,0.428,1.0,0.0
19,1399996587,45.104244086193,-279.25763006303714,1.5218093707461493,1000,False,False,False,40.049519725122174,0.17948250452121983,2.153105163372968,0.003794022772891796,0.3800660317679764,0.003794022772891796,0.1446467501623173,0.06054956460236966,0.0005476951482705772,0.0027895928360521793,0.0025715327356010675,0.51,0.315,0.6112765446305275,0.5673391156294383,0.5783587820827961,0.222553089261055,0.975,0.02520130094041918,0.029759501084566604,0.0014705642644281293,0.0015218093707461513,0.0,0.0,0.0,0.315,1.0,0.0
20,908945483,22.845584821701284,-287.2770207650926,1.4506130279339668,1000,False,False,False,25.679615663604135,0.1684027517008078,-10.000848334062583,0.05512474968783911,0.4376926223046642,0.055176978840039276,0.13458358258124864,0.05105260971207856,0.05084114149212837,0.05084114149212837,0.021440086886286736,0.418,0.106,0.5375117883086205,0.5659449610710144,0.5713406364619732,0.0750235766172409,0.982,0.003068056827992888,0.030796977749203546,0.0008079462484899837,0.0014506130279339675,0.0,0.0,0.0,0.369,1.0,0.0
21,988018957,217.56271482249716,55.964106123518995,0.7556930434948909,523,True,False,False,41.9710768050496,0.17575801253487947,4.8299031564595065,0.05350304454102926,0.46344052719063633,0.053513915094085276,0.14991072366290442,0.0,0.05350303649902344,0.05351390689611435,2.9621123758261092e-05,0.28680688336520077,0.15105162523900573,0.0,0.5444235934948916,0.2892505483329296,-0.05517682433128357,0.9292543021032504,0.0036507722089989,0.028036948465835636,2.600743251833515e-09,0.001444919777236886,1.0,0.05353728489483748,1.0,0.16634799235181644,0.0,1.0
22,1811609170,196.24066264154405,14.745710294182217,0.8515747617368081,559,True,False,False,26.3362159170803,0.17124021760656488,-9.904564809403633,0.13996481412163148,0.5560783833986578,0.13999000000842168,0.15483875517830706,0.0,0.0011075973743572831,0.13998909294605255,0.000503942952491343,0.18425760286225404,0.0,0.0,0.5418388314948339,0.20838508278131485,-0.0555887371301651,0.924865831842576,0.008636589803234937,0.026926996447572207,1.0402973009068783e-08,0.0015233895558798003,1.0,0.06082289803220036,1.0,0.15742397137745975,0.0,0.0
23,1520953939,175.13012673985213,-107.23159557743945,1.3241086115864569,877,True,False,False,37.47108614075754,0.12458698696895124,10.553985979031555,0.010892756204289561,0.42880789382513235,0.010917042326777933,0.11244350662196247,0.0,0.00031719208345748484,0.01083383522927761,0.0013452982529997826,0.44469783352337516,0.2451539338654504,0.0,0.540086276895083,0.27755567196756603,-0.055224210023880005,0.9475484606613455,0.001184168466957091,0.017819959096028633,0.0,0.0015098159767234392,1.0,0.03078677309007982,1.0,0.32839224629418473,0.0,1.0
24,1762306363,192.06407510284913,-49.54307139821563,1.1356357325053235,724,True,False,False,32.397282484088116,0.17032696971053227,-3.6667281755132834,0.0338146211029801,0.5374545892684025,0.03384161087164384,0.14346481618761361,0.0,0.03381462022662163,0.033841609954833984,7.877350071794353e-06,0.18370165745856354,0.12430939226519337,0.0,0.5181859140455606,0.23374727437389084,-0.05506032705307007,0.9240331491712708,0.002537037558432659,0.032905343320670084,1.0402973008201422e-08,0.001568557641581939,1.0,0.04696132596685083,1.0,0.09944751381215469,0.0,1.0
25,1960256931,195.20162726957338,-103.37236065271138,1.4061699396114227,867,True,False,False,57.58029203506245,0.19829520331048597,15.921580030589634,0.024691885604102813,0.3852584530651952,0.03612350105536174,0.12253807791043189,0.0,0.00020294189744163305,0.036081600934267044,0.0017393684247508645,0.4244521337946944,0.2722029988465975,0.0,0.5569338000464363,0.2880173978954554,-0.05547907575964928,0.9711649365628604,0.0025869146125201,0.02180890639624043,7.802229755934226e-09,0.0016218799764837657,1.0,0.029988465974625143,1.0,0.3344867358708189,0.0,1.0
26,261608047,-82.25765769034624,-112.04792881598613,0.14225135562819943,67,False,False,True,-41.23632791427606,0.1286029412599645,-67.93694467376983,1.4671110156327511,1.5177788242772403,1.4671110156327511,0.43767326675899415,0.3035763702673031,0.7537481188774109,1.0018389225006104,1.0717898607254028,0.0,0.0,0.5770892649888992,0.5929359633531144,0.5886022800207138,0.15417852997779846,1.0,0.07509052130479323,0.09051443031098302,0.0002102076740886083,0.002123154561614917,0.0,0.0,0.0,0.0,1.0,0.0
27,628052497,206.57614118719349,-48.86752967832783,1.207818354327606,694,True,False,False,27.274110969181788,0.197161689597126,-14.156356892372864,0.07616682148418381,0.5407237734917186,0.07618589045093528,0.18918445463451672,0.0,0.0003372192441020161,0.07618550956249237,0.00024090766964945942,0.3357348703170029,0.15273775216138327,0.0,0.5367470574470455,0.29831937097012995,-0.05533168092370033,0.9380403458213257,0.004939808170457271,0.037110054579450595,5.201486504534392e-09,0.0017403722684835822,1.0,0.037463976945244955,1.0,0.11815561959654179,0.0,1.0
28,2107186230,177.99919005664992,-48.33664819170838,1.0636791912417909,680,True,False,False,28.221854472860095,0.1612277495862071,-6.021542849406969,0.012847403607777844,0.3678712847298228,0.013489805761925407,0.11067528837786753,0.0,1.277923547604587e-05,0.01348876953125,0.00016720056009944528,0.5338235294117647,0.40441176470588236,0.0,0.5441914997248473,0.2720351108442992,-0.05474895238876343,0.9397058823529412,0.00010297382832089585,0.021076119069416182,2.600743252036803e-09,0.0015642341047673403,1.0,0.041176470588235294,1.0,0.3779411764705882,0.0,1.0
29,1280894744,0.5023462425917131,-108.13220703136352,0.5084727663697762,347,False,True,False,44.37773211923965,0.17705197169092443,7.028494266737987,0.3831504310334537,0.8107022348884091,0.3831504310334537,0.21603611020257743,0.10620605466526355,0.37294405698776245,0.37294405698776245,0.08784636110067368,0.0,0.0,0.5115011753514409,0.5991979166892188,0.5449058069474995,0.023002350702881813,0.9971181556195965,0.012636506917425334,0.03832890336794491,0.011880407054577165,0.0014653393843509401,0.0,0.0,0.0,0.0,1.0,0.0
30,1308163710,-45.41690575661343,-149.45964993433682,0.478613720888617,416,False,True,False,12.302698712278938,0.11856975543902358,-13.38068409936282,0.30434216758996147,0.9390478180214311,0.30434216758996147,0.22423860919537214,0.3592673809932845,0.30230921506881714,0.30230921506881714,0.03511827811598778,0.0,0.0,0.0,0.506881730454447,0.30304225521453193,-0.002785080811008811,0.8966346153846154,0.061974817040208255,0.024655235334204106,0.001217761617357753,0.001150513752136099,0.0,0.0,0.0,0.0,1.0,0.0
31,12673048,196.3506563052533,-41.25754907624133,1.1293410269074735,587,True,False,False,30.63809447337571,0.1694743280931325,-5.251289773914339,0.138171019727777,0.4766802997086736,0.1381819928117505,0.13283037674112347,0.0,0.13809747993946075,0.13810844719409943,0.004507765639573336,0.262350936967632,0.0,0.0,0.4895908609921116,0.020098957046866418,-0.05643956735730171,0.8364565587734242,0.008416830899553238,0.017130283916672047,5.201486505401753e-09,0.001923919977695867,1.0,0.13458262350936967,1.0,0.28620102214650767,0.0,0.0
32,889932132,222.08017780248204,17.677460957919635,0.9629135842228118,591,True,False,False,56.14389300554651,0.20402907785952185,13.343342817077353,0.07945562423555479,0.5067595356380364,0.0794824256766187,0.14785242180565583,0.0,0.07945451885461807,0.07948131859302521,0.00041950703598558903,0.24196277495769883,0.12013536379018612,0.0,0.5174528858885398,0.27539695642888545,-0.05538564547896385,0.8917089678510999,0.005122800041692109,0.026273273350118923,2.3406689268236358e-08,0.0016292954047763305,1.0,0.07952622673434856,1.0,0.0829103214890017,0.0,1.0
33,1075134211,7.417302852403514,-320.3943934983718,1.5390584817538764,1000,False,False,False,38.12771603144959,0.14910827983149774,6.306146407644978,0.042728286622506086,0.3254577018544475,0.0778496159525413,0.08902152400573926,0.03764371180815109,0.03329954296350479,0.06692953407764435,0.03976179286837578,0.637,0.491,0.575918972492218,0.5593145410036668,0.57575440146029,0.15183794498443604,0.976,0.0180504221303122,0.015209590183853717,0.0028257673604259424,0.0015390584817538769,0.0,0.0,0.0,0.552,1.0,0.0
34,865824620,183.80045120224824,-39.73568605174569,1.0469806862699698,707,True,False,False,18.554421638097235,0.13540539472905824,-10.525016292618837,0.05890722738997296,0.5302107412916575,0.058932891154501184,0.16084036087286138,0.0,0.05890302732586861,0.058928679674863815,0.000704536447301507,0.39462517680339465,0.33663366336633666,0.0,0.5152870903039928,0.27276675090193747,-0.0553593784570694,0.9066478076379066,0.003931993502677117,0.0339573111774768,2.0805946016402843e-08,0.0014808779155162232,1.0,0.03818953323903819,1.0,0.297029702970297,0.0,1.0
35,1400560478,7.1360394235757925,-318.60113211085036,1.5286858576721298,1000,False,False,False,26.864474984550117,0.11959838182372098,0.9448849623007549,0.014706539160667616,0.37930366829257706,0.036463718264238804,0.10147023921117905,0.04119817316073388,1.2683868590102065e-05,0.026227284222841263,0.025332435965538025,0.533,0.323,0.56224150583148,0.5632810475838487,0.5556901437044144,0.12448301166296005,0.986,0.018590466466596334,0.01539133076698516,0.002729486544864143,0.0015286858576721318,0.0,0.0,0.0,0.389,1.0,0.0
36,1099137468,-107.67598692541942,-132.50223622294945,0.11993124648765018,42,False,False,True,-74.29470799351941,0.11030545341283617,-97.04448023493836,1.5998443105332618,1.701683984918547,1.7389522628888323,0.7169823382523115,0.6361170488936412,0.7181223034858704,1.0029478073120117,1.4205811023712158,0.0,0.0,0.5341010130941868,0.2620906918753116,0.2620906918753116,0.06820202618837357,0.5,0.10096481657654034,0.09077527083880803,0.0001543385075484932,0.0028555058687535755,0.0,0.0,0.0,0.0,1.0,0.0
37,308651950,3.5696373968268054,-434.48932465184856,2.0902948102433783,1000,False,False,False,17.733646740209515,0.13873495253780865,-12.013257424857454,0.13638722580683393,0.4222721366921467,0.16196235991105495,0.1001870627449518,0.024983581205874225,0.13638678193092346,0.1608136147260666,0.01925583928823471,0.537,0.0,0.5406804420053959,0.5034659573141252,0.5302660392597318,0.08136088401079178,0.895,0.0023600488528093206,0.015068273176742345,0.001094520034327333,0.002090294810243379,0.0,0.102,1.0,0.486,1.0,0.0
38,2135886441,203.30020979586976,-40.79394138928373,1.1493707559257658,711,True,False,False,54.72134620198378,0.145132966718596,23.696329210817748,0.004437127621102372,0.4219715873854478,0.0044645887836427854,0.1388235317938537,0.0,4.444122168933973e-05,0.004463386721909046,-0.00010359525913372636,0.45850914205344584,0.16455696202531644,0.0,0.5682831606978312,0.28965404227375985,-0.054759882390499115,0.9634317862165963,0.00040664420947466727,0.016225109881371436,3.380966227638357e-08,0.001616555212272528,1.0,0.03938115330520394,1.0,0.1729957805907173,0.0,1.0
39,2123588507,27.222818539105162,-331.69082110184496,1.6945681982047536,1000,False,False,False,60.73873970934876,0.22213818524385873,14.311189003071899,0.009516998235181597,0.3048653039321532,0.078622269342663,0.1051786814958573,0.06539066778526231,8.172988600563258e-05,0.06081390380859375,0.04983101785182953,0.588,0.468,0.5464325658977032,0.5729416094701737,0.5628258822113276,0.09286513179540634,1.0,0.027529592930110224,0.02330926353422612,0.001729439646991994,0.0016945681982047526,0.0,0.0,0.0,0.386,1.0,0.0
40,1731118266,7.0261836944613965,-316.76299593256863,1.5189458981351505,1000,False,False,False,33.98789762111185,0.175230654237022,-3.0581468837976202,0.03621191367665672,0.3376863440828797,0.1546603071195201,0.12530859249239498,0.028532077265953897,0.0003296852228231728,0.14037847518920898,0.06491297483444214,0.572,0.194,0.553320549428463,0.5652408358459361,0.5798036513477564,0.10664109885692596,0.982,0.021509294922438055,0.03251515781935913,0.00020579291241829695,0.0015189458981351503,0.0,0.0,0.0,0.247,1.0,0.0
41,4716089,-115.46749544031918,-144.47235571014335,0.1401243013491208,49,False,False,True,-75.68827327252875,0.13388595470279968,-103.24322973402295,1.5807027067621993,1.6672699294080375,1.7154951805197722,0.6682337638281596,0.6164184134826565,0.6888719797134399,1.0056275129318237,1.3898334503173828,0.0,0.0,0.5945966392755508,0.4411357716486162,0.4411357716486162,0.18919327855110168,0.7959183673469388,0.11662429741296333,0.11417625621713548,0.0009017713122360521,0.0028596796193698123,0.0,0.0,0.0,0.0,1.0,0.0
42,954698821,-71.80105980336666,-109.55947261964482,0.17839206408139086,104,False,False,True,-20.201705849801833,0.15169140831699682,-51.83676910008516,1.3938967216907379,1.4848067319612328,1.3938967216907379,0.33052079259475486,0.18993250794592584,0.7265608310699463,1.0003899335861206,0.9706534147262573,0.0,0.0,0.5985701084136963,0.6098593797248143,0.6111675535142421,0.19714021682739258,1.0,0.07774550565808808,0.09730446365452244,0.0013325376185563675,0.0017153083084749125,0.0,0.0,0.0,0.0,1.0,0.0
43,722439037,233.19086460482785,-26.130248446140797,1.2207055652548437,759,True,False,False,82.21604393616782,0.18053926248144012,44.10916450676945,0.030848358070388444,0.2373513109040887,0.0308746811766076,0.1510942173682221,0.0,7.82012921263231e-06,0.030873965471982956,0.00021022319560870528,0.7562582345191041,0.6152832674571805,0.0,0.5556619463906266,0.23721130944788457,-0.05508941411972046,0.9604743083003953,0.0023607575553454985,0.030639581553950034,0.0,0.0016083077276084902,1.0,0.039525691699604744,1.0,0.48484848484848486,0.0,1.0
44,143133740,199.73861569472348,30.11156369036111,0.7944352600218132,537,True,False,False,38.53337656700513,0.14130172510767863,8.282091572524052,0.03053249520504206,0.47399097838601106,0.03055432542036767,0.12474211397416042,0.0,0.02996225282549858,0.030541324988007545,0.0008912181947380304,0.33147113594040967,0.186219739292365,0.0,0.5550599989680282,0.28692678694380447,-0.05524725839495659,0.9515828677839852,0.002311415766728616,0.01163444221464867,7.802229755934226e-09,0.0014793952700592411,1.0,0.05027932960893855,1.0,0.1154562383612663,0.0,1.0
45,851876933,239.74463131063376,66.81588414118738,0.8080437358472314,566,True,False,False,59.15568874165348,0.11297746301374798,34.56696553829292,0.07609576948969693,0.49846763148291073,0.07612362152532882,0.1778545612624994,0.0,0.0760955810546875,0.0761234313249588,0.00017016887431964278,0.2508833922261484,0.12014134275618374,0.0,0.4878392094791893,0.2176343504153192,-0.05531543865799904,0.842756183745583,0.004938944723697597,0.01366021881241882,5.20148650366703e-09,0.0014276391092707273,1.0,0.10954063604240283,1.0,0.07597173144876325,0.0,1.0
46,1892204776,-67.50495105978334,-115.98059069323132,0.22547819816723993,169,False,False,True,-1.6181383146213015,0.16037405983856423,-35.327037245716,1.2501994782555463,1.3908553218732498,1.2501994782555463,0.2873599859917751,0.16502920920047748,0.6350866556167603,1.0005099773406982,0.7496522665023804,0.0,0.0,0.5759695470333099,0.5685600851760273,0.5804427809268237,0.15193909406661987,1.0,0.054564862590307,0.07035154553296259,0.0011272297447545779,0.0013341905216996447,0.0,0.0,0.0,0.0,1.0,0.0
47,1103841343,-108.61189407891943,-134.9998167136176,0.12413961317349091,78,False,False,True,-54.74935180732532,0.11180789154817798,-78.19771062147309,1.6152685185860076,1.6552514744733418,1.6650001076997858,0.2879117295817319,0.2199799212156698,0.7859511375427246,1.0017962455749512,1.3298983573913574,0.0,0.0,0.5731042250990868,0.542871705343714,0.5550036346167326,0.14620845019817352,1.0,0.07582100766645054,0.08080395985013009,0.0009236955778506722,0.0015915335022242425,0.0,0.0,0.0,0.0,1.0,0.0
48,1871136645,-98.95171695528552,-126.02074589752797,0.1243451447112123,110,False,False,True,-32.735767894759185,0.10420016243539205,-54.91373420519558,1.5599947873304247,1.6810737815397616,1.689180611629287,0.37530381678327995,0.2615212555797163,0.6165568232536316,1.0005687475204468,1.3609530925750732,0.0,0.0,0.5725633874535561,0.4518570300614969,0.5684214096516371,0.14512677490711212,0.8181818181818182,0.08206031556374782,0.08276311356159168,0.0006072319374570978,0.0011304104064655664,0.0,0.0,0.0,0.0,1.0,0.0
49,368689141,41.186861065775,-248.33840401536466,1.3476263254056975,1000,False,False,False,21.659586664389316,0.18099239495563393,-16.538805984242735,0.1853461134340405,0.6540740036490793,0.18548995345399683,0.17079141449352478,0.0302950116255152,0.10272760689258575,0.18074722588062286,0.04167689010500908,0.101,0.0,0.5370922721922398,0.5542829957678914,0.5568944762274622,0.07418454438447952,0.977,0.02534552255671728,0.03467595324899946,0.0014034832937285073,0.001347626325405698,0.0,0.0,0.0,0.218,1.0,0.0
50,711874407,218.9831827334711,69.96481105612877,0.6981918583867109,469,True,False,False,35.76169490183933,0.13179677584157262,7.420284435992887,0.03138269594288738,0.5683447146926339,0.03140987226315062,0.1537416982211244,0.0,0.0001104354887502268,0.031407833099365234,-0.0003579044423531741,0.2771855010660981,0.16844349680170576,0.0,0.5371344008650293,0.22149021618068218,-0.05495945364236832,0.8891257995735607,0.002416280823033098,0.010198546810326722,0.0,0.0014886820008245447,1.0,0.07462686567164178,1.0,0.07036247334754797,0.0,1.0
51,1949523453,7.850933985318907,-302.7772373399359,1.4531408566262747,1000,False,False,False,25.65002098429195,0.1835634914720112,-13.062590967615499,0.09843019039294874,0.5326110322417351,0.12115132281453517,0.13660623625623483,0.0699497030320362,0.00019168853759765625,0.057970333844423294,0.10638178139925003,0.351,0.009,0.5637701153755188,0.5710471631539985,0.5675719068199396,0.1275402307510376,0.999,0.03348470200779862,0.02974826810828457,0.0009156228707963704,0.0014531408566262742,0.0,0.0,0.0,0.049,1.0,0.0
52,965219006,-90.76336030862294,-125.73110846766136,0.16463874079519203,102,False,False,True,-34.3796023304243,0.13948156024460573,-63.558417783981696,1.534995355592418,1.6453260798246176,1.6937461066696284,0.4373680209966092,0.23645106511336764,0.5685643553733826,1.0017868280410767,1.365722894668579,0.0,0.0,0.5479737929999828,0.4670167732664256,0.5522059343010187,0.09594758599996567,0.8627450980392157,0.07425075171168558,0.09330142744796349,0.00011009986483145884,0.001614105301913649,0.0,0.0,0.0,0.0,1.0,0.0
53,608969183,-90.42970296933781,-110.70221190636009,0.09466254468511139,67,False,False,True,-43.48435526055594,0.07461945136706183,-59.388274041469174,1.626525201281466,1.7103837757623528,1.681383434663297,0.4031955919915578,0.3416777600515924,0.7694393396377563,1.001197099685669,1.3507977724075317,0.0,0.0,0.5493382029235363,0.34430618084091413,0.461370282326825,0.0986764058470726,0.6417910447761194,0.06195700194893185,0.04804956585760659,0.0007000784715545799,0.0014128738012703197,0.0,0.0,0.0,0.0,1.0,0.0
54,174629327,187.68158591259257,-95.14020698211061,1.3237089644735185,904,True,False,False,43.84848129087979,0.17885053717254729,6.078600449068962,0.03951992961308384,0.3960145138382909,0.0395550860207868,0.141314516329421,0.0,0.0005450248718261719,0.039530180394649506,0.0014034486375749111,0.4225663716814159,0.1570796460176991,0.0,0.5457378466576502,0.2719853112101555,-0.054805319756269455,0.9446902654867256,0.0015841902494699823,0.029382036562675698,2.6007432520503554e-09,0.0014642798279574315,1.0,0.030973451327433628,1.0,0.2643805309734513,0.0,1.0
55,529795964,169.83100869143385,-121.60028704164105,1.3724564786653723,847,True,False,False,68.50402263257972,0.20663442496941664,25.17753946634848,0.03661885103823487,0.2946751586351817,0.06520512712369288,0.08895950471990247,0.0,2.57492069977161e-06,0.06519050896167755,0.0013806319329887629,0.5631641086186541,0.4167650531286895,0.0,0.5666315484464327,0.3182508671283722,-0.05554329603910446,0.9716646989374262,0.0042637352093047465,0.012793366772667451,5.201486504534392e-09,0.0016203736465943029,1.0,0.0295159386068477,1.0,0.45336481700118064,0.0,1.0
56,120278483,-20.143620369746326,-356.93151164262565,1.5839394563643965,1000,False,False,False,22.819184482029332,0.13392492043018045,-5.965713261511995,0.05506544344284523,0.3390615654524711,0.12481252867361177,0.08352732036432317,0.02009151594630486,6.389617738022935e-06,0.10412798076868057,0.0688151940703392,0.598,0.229,0.5481871142983437,0.5636559323400725,0.5576383206993342,0.09637422859668732,0.987,0.017721949557952373,0.011895591526441526,0.001074703833664939,0.0015839394563643952,0.0,0.0,0.0,0.518,1.0,0.0
57,2011373962,188.25575540163248,-69.54848996871686,1.2088212268517486,802,True,False,False,40.391562404509486,0.16988567777689884,4.4150584694054595,0.04028730937082239,0.41120702941591103,0.04031494980343231,0.12505711609386144,0.0,5.14030471094884e-05,0.040285490453243256,0.0015409206971526146,0.3640897755610973,0.11346633416458853,0.0,0.5351527612166815,0.2543285855650902,-0.05545633286237717,0.9376558603491272,0.002834230178968049,0.027809644373328873,1.3003716260468617e-08,0.0015072583875956962,1.0,0.03740648379052369,1.0,0.2543640897755611,0.0,1.0
58,1117234558,176.72810484159268,-70.91370873645897,1.1649090678902598,733,True,False,False,31.815089138256724,0.12537411358173933,4.741530074335431,0.01810822918099363,0.420909749655369,0.031212773123057785,0.10927310955952167,0.0,0.00015163421630859375,0.031193256378173828,0.0011036134092137218,0.4324693042291951,0.21828103683492497,0.0,0.5344920691282528,0.12316819911822677,-0.05481439828872681,0.9236016371077762,0.001117181854473581,0.013468091791523033,5.20148650388387e-09,0.0015892347447343232,1.0,0.05320600272851296,1.0,0.27012278308321963,0.0,1.0
59,1707184565,4.650834074630737,-543.4635843629324,2.6661720921878147,744,False,True,False,64.2423138207446,0.21779955894834227,18.683533427433776,0.15272505431985273,0.40841636189082814,0.19855190436381345,0.13330045845895483,0.04490086457465896,0.06802158057689667,0.19416217505931854,-0.041519977152347565,0.35618279569892475,0.0,0.0,0.4866537014188721,0.13240058218478226,-0.04866978898644447,0.8306451612903226,0.008453542341113087,0.03122146898547017,0.006635631422905786,0.0035835646400373873,0.0,0.11155913978494623,1.0,0.2701612903225806,1.0,0.0
60,2024064892,-24.268201422582152,-444.6721082460944,2.0114195341175627,906,False,True,False,39.783761472043736,0.18633453524083374,0.5170765073810859,0.20135361905375584,0.46421392398585243,0.2290723858821051,0.13756935348378743,0.012907103774429442,0.0017862319946289062,0.22518333792686462,-0.04203120619058609,0.0,0.0,0.0,0.49637576102117675,0.111867432333529,-0.04294354096055031,0.8752759381898455,0.0017509383659919974,0.03379914503827776,0.0069215738783187045,0.0022201098610569116,0.0,0.05187637969094923,1.0,0.34105960264900664,1.0,0.0
61,2087047656,169.74143422604243,-12.450383987818256,0.8481590910693035,628,True,False,False,11.181908262427589,0.14626519006768704,-20.067499537313687,0.37031086125267126,0.7553857278547411,0.3703618785947502,0.15540532111997768,0.0,0.3688778877258301,0.3689294755458832,0.03254171460866928,0.0,0.0,0.0,0.5027274815393015,0.21572975173592568,-0.06126219406723976,0.8996815286624203,0.022219676238385555,0.029899562265915957,0.0,0.0013505718010657706,1.0,0.07006369426751592,1.0,0.25477707006369427,0.0,0.0
62,714619600,-40.71947597003595,-133.97653613770657,0.42758530083835294,387,False,True,False,13.442560968319484,0.1599762144718727,-20.51176996427963,0.7784341371522207,1.1742956903448039,0.7784341371522207,0.2694021041595709,0.26255069906708645,0.33929815888404846,0.7318494915962219,0.265247106552124,0.0,0.0,0.5064867418259382,0.49951210142964875,0.23628247705928515,0.01297348365187645,0.8863049095607235,0.013348418770776653,0.05625446923937033,0.0003369679001925842,0.0011048715783936764,0.0,0.0,0.0,0.0,1.0,0.0
63,1075806674,-86.837439936772,-123.91257527002531,0.17527567666626692,101,False,False,True,-34.56730587801578,0.1499630661114594,-65.83517506458668,1.4547569904501427,1.4674646099922881,1.4547569904501427,0.6447324224449741,0.42826560301323563,0.3834266662597656,1.0016320943832397,1.0550123453140259,0.0,0.0,0.5832033157348633,0.5047762061626014,0.5763193399459123,0.16640663146972656,0.8910891089108911,0.09851215964528044,0.11476213666208364,9.222235571700044e-05,0.0017354027392699684,0.0,0.0,0.0,0.0,1.0,0.0
64,1380583167,173.2759216418492,-123.47192672597208,1.3995392418391037,842,True,False,False,61.72100838406295,0.1654021061649699,26.641009687195552,0.013978795377732873,0.30738617556830355,0.021642810478587047,0.10665920207409714,0.0,0.00017824172391556203,0.021631812676787376,0.0006898737046867609,0.5463182897862233,0.3812351543942993,0.0,0.5715317140508116,0.25777727901935577,-0.05514281988143921,0.9667458432304038,0.001819406345577219,0.01635105604888657,5.201486504100711e-09,0.0016621606197614069,1.0,0.0344418052256532,1.0,0.2826603325415677,0.0,1.0
65,1527789836,208.29037660546598,13.358156983140205,0.9175610981116287,571,True,False,False,54.3000952819549,0.1943497993085406,13.436573051709628,0.10947895852026518,0.3762007394253234,0.1119641550124003,0.13358542128343853,0.0,0.0008857726934365928,0.11195888370275497,0.0010864472715184093,0.45359019264448336,0.0,0.0,0.5636245165274669,0.23981538087129592,-0.05380416661500931,0.9492119089316988,0.005352326361749716,0.029870956799354368,5.201486504534392e-09,0.0016069371245387546,1.0,0.050788091068301226,1.0,0.3957968476357268,0.0,0.0
66,1377783636,162.7046027364209,-150.9891202415262,1.4791686148897352,893,True,False,False,58.47479067820313,0.20919758750072567,14.635526258608913,0.04092087299291049,0.2797714012494753,0.041742785493176955,0.0898422582983619,0.0,0.0319787971675396,0.04172353819012642,0.001267478452064097,0.6080627099664053,0.3964165733482643,0.0,0.5651952882400586,0.28350932724773886,-0.05474928021430969,0.9708846584546472,0.001694883246309358,0.01973638318920885,1.3003716260251777e-08,0.001656403824064654,1.0,0.030235162374020158,1.0,0.5498320268756999,0.0,1.0
67,282964358,-46.13898434381408,-165.4242128944212,0.5554261427530359,410,False,True,False,6.5887459707002645,0.11830640223781712,-19.040066159626267,0.38329460105432833,0.8301569410005388,0.38329460105432833,0.17340023366294574,0.045391812720752274,0.3788682818412781,0.3788682818412781,0.058082494884729385,0.0,0.0,0.5211542118340731,0.5721035824515771,0.5825802811514587,0.04230842366814613,0.9829268292682927,0.053107660944707806,0.022194835347222927,0.003685284397046247,0.001354697909153746,0.0,0.0,0.0,0.0024390243902439024,1.0,0.0
68,679598937,-21.65610528383409,-391.3019560055969,1.7482292536088135,1000,False,False,False,27.218107993858855,0.17582197233476948,-9.94620013060022,0.16032105008649059,0.367432323767226,0.1659644156482319,0.09566503862692084,0.07611209275945935,0.16026000678539276,0.16184625029563904,0.03674205392599106,0.52,0.0,0.5644864290952682,0.5665036654602736,0.5399061950668692,0.1289728581905365,0.989,0.01670588858350584,0.015717584479205002,8.485705082725281e-05,0.0017482292536088147,0.0,0.004,1.0,0.529,1.0,0.0
69,964498172,191.06862568495555,-109.92938923533616,1.4109900746014599,940,True,False,False,51.04343851795109,0.16331406206183077,16.380783907735463,0.0011530133421303514,0.3266286369228896,0.001170641303948655,0.12910739363694015,0.0,4.301071021473035e-05,0.0007594108465127647,0.000890896306373179,0.5595744680851064,0.33297872340425533,0.0,0.5408187090209933,0.26008163291960956,-0.055040642619132996,0.9446808510638298,0.0006458314373446878,0.030190304711524923,0.0,0.0015010532708526147,1.0,0.030851063829787233,1.0,0.4106382978723404,0.0,1.0
70,538463003,294.14573169397494,175.62399609100896,0.5568086780148297,358,True,False,False,94.91557384044484,0.17922602481160757,57.125124619251466,0.07604216817714816,0.38477487757148876,0.07606943413980395,0.2691158024097894,0.0,0.00037364958552643657,0.07606200873851776,0.0010628438321873546,0.5363128491620112,0.3240223463687151,0.0,0.5654533326138212,0.27909492946520914,-0.05430300906300545,0.9273743016759777,0.0035048727882103343,0.053569599544971,2.600743252267196e-09,0.0015553315028347195,1.0,0.07541899441340782,1.0,0.26536312849162014,0.0,1.0
71,569527992,18.316894253995237,-332.2706129091651,1.6529375358157987,1000,False,False,False,57.21992572101601,0.14777371808883774,25.665268445743276,0.13801132892576815,0.3292711226196816,0.13813553091710784,0.09202380139638296,0.014808753658478686,0.13800477981567383,0.13811512291431427,-0.0023743892088532448,0.586,0.0,0.5466410219669342,0.5764916492803023,0.5728154673427344,0.09328204393386841,1.0,0.0023379916241959434,0.013690138561917904,0.0006744369311005444,0.0016529375358158005,0.0,0.0,0.0,0.449,1.0,0.0
72,828003095,175.3203625593801,-152.89673323696508,1.5419854789817278,991,True,False,False,52.6096152923643,0.1674889306912423,17.111923670661753,0.03980463093441942,0.30239337576527614,0.06101027286142723,0.11787994478873239,0.0,0.00013236999802757055,0.06099872663617134,0.001186904963105917,0.669021190716448,0.3975782038345106,0.0,0.5465585793590306,0.30684993639588354,-0.05547994747757912,0.9465186680121089,0.0040309000936447435,0.0235734437074907,4.6813378536472716e-08,0.0015559893834326203,1.0,0.025227043390514632,1.0,0.5227043390514632,0.0,1.0
73,954833235,186.46321801412853,-5.392225282883373,0.8995772164850594,597,True,False,False,30.2290241385828,0.12688134533152312,2.8577123262613657,0.07595853315351708,0.44793713660140905,0.07598816865622948,0.12661063886920348,0.0,0.05739765241742134,0.07596826553344727,0.0017390823923051357,0.39865996649916247,0.24623115577889448,0.0,0.5570813743319594,0.30828473195433614,-0.054473791271448135,0.9396984924623115,0.0035398986230499615,0.012253583227044822,1.5604459512302132e-08,0.0015068295083501832,1.0,0.04355108877721943,1.0,0.2797319932998325,0.0,1.0
74,530674831,192.50611886586995,-24.789856935340808,1.0162798790060532,702,True,False,False,51.24379878869026,0.2049294331343333,8.259637747801964,0.2496090565026331,0.5943933055715145,0.2496333401607323,0.138794318130215,0.0,0.24957522749900818,0.24959950149059296,0.004110155161470175,0.0,0.0,0.0,0.5631146240963513,0.2205993016064167,-0.05168252810835838,0.9558404558404558,0.012046833898034327,0.02774992747377832,2.6007432527008767e-09,0.0014476921353362587,1.0,0.045584045584045586,1.0,0.20655270655270655,0.0,0.0
75,268805063,151.53756029047088,-137.15785183982533,1.3562770606514818,872,True,False,False,28.898065807186217,0.17023934588119938,-7.149490818923023,0.03061995880165343,0.36143457122465567,0.030650951489797032,0.10000384224640338,0.0,0.026455115526914597,0.030650902539491653,-5.477905142470263e-05,0.5401376146788991,0.26376146788990823,0.0,0.5465425069939448,0.25744317915290593,-0.05502575635910034,0.9564220183486238,0.0023601437799380194,0.016349492875540796,2.600743252267196e-09,0.0015553636016645426,1.0,0.03211009174311927,1.0,0.40711009174311924,0.0,1.0
76,386459433,202.95653682071713,-24.404815461428356,1.0683067614107276,685,True,False,False,46.831075693059134,0.15681446274360497,13.470230240740234,0.06121552663363918,0.44395969853343803,0.08002176089198274,0.14447778365354,0.0,0.038792990148067474,0.08001718670129776,0.0008555984240956604,0.41605839416058393,0.17956204379562044,0.0,0.5590752299820637,0.22646796764805913,-0.05420003458857536,0.9562043795620438,0.003698896037041566,0.019421825369987395,2.600743251833515e-09,0.0015595719144682147,1.0,0.043795620437956206,1.0,0.11678832116788321,0.0,1.0
77,1842675722,50.854111019056226,-259.6731972085918,1.4526365411382405,1000,False,False,False,33.23095103526801,0.19691205437713485,-8.151373497664139,0.0536404820570881,0.45652352792402234,0.05366775014757515,0.12821311043802858,5.2627318868836115e-06,0.05363111570477486,0.053658388555049896,0.0010023689828813076,0.376,0.169,0.0,0.5683354876330122,0.372115426659584,-0.05454650893807411,0.981,0.0023092911220381606,0.028916517072724888,8.116594596680772e-06,0.0014526365411382401,1.0,0.02,1.0,0.209,1.0,1.0
78,215035549,43.08657123688585,-298.562841206054,1.6082470622146987,1000,False,False,False,51.12630354408579,0.2037125234780641,8.383885190967646,0.03610044690222187,0.39288608362229255,0.03610044690222187,0.13379880005896802,0.03171805004299319,0.012281608767807484,0.019344234839081764,0.03048020415008068,0.456,0.175,0.575717069208622,0.5769389406163246,0.563415864482522,0.15143413841724396,1.0,0.009202580454572954,0.029149696716493333,0.0022636778239659705,0.0016082470622146997,0.0,0.0,0.0,0.295,1.0,0.0
79,839465270,188.42357450202104,-74.23201942389042,1.2357779696295574,775,True,False,False,49.89062957465896,0.2156874660163463,4.753964896754794,0.02515552184753441,0.37583791085178,0.027827728987765362,0.12775392064364605,0.0,0.00028486252995207906,0.02780914306640625,0.0010168886510655284,0.4374193548387097,0.15225806451612903,0.0,0.5605834302306175,0.22561946332454683,-0.05525985360145569,0.96,0.002151710625479553,0.025556991796589792,1.3003716260034937e-08,0.0015945522188768472,1.0,0.04129032258064516,1.0,0.17419354838709677,0.0,1.0
80,609512609,8.160077280621104,-429.4366833837023,2.0879838033216176,1000,False,False,False,25.574639180717053,0.1958922497953408,-15.603724435856273,0.21414872243236152,0.527262669704474,0.2488440563204108,0.13338742985496152,0.04054852568983991,0.18967942893505096,0.24810056388378143,0.019221721217036247,0.0,0.0,0.5659691691398621,0.5410924619210419,0.5366374254785478,0.13193833827972412,0.965,0.042170282011672056,0.029994570501466925,9.6235302554884e-05,0.0020879838033216165,0.0,0.027,1.0,0.406,1.0,0.0
81,1146558410,196.07100362800983,-4.930013814557071,0.9453050872128352,597,True,False,False,32.312736844653976,0.1443581171647062,1.4460706656959363,0.011640680893873503,0.43215193940923746,0.011669035297923356,0.13247875251381122,0.0,0.01160440407693386,0.011632824316620827,0.0009185767266899347,0.4053601340033501,0.25795644891122277,0.0,0.5686347797408488,0.28606376841664316,-0.054946690797805786,0.9547738693467337,3.951829371460354e-05,0.020498747809979963,1.0402973008120106e-08,0.001583425606721667,1.0,0.04522613065326633,1.0,0.2629815745393635,0.0,1.0
82,1891899470,233.2371475539171,50.72214461281839,0.8596750147054933,529,True,False,False,44.82354056557226,0.18437704514677372,5.9579500993686825,0.09684499799653665,0.509208452407351,0.09687217615174896,0.17694481811871113,0.0,0.0011591911315917969,0.09686660766601562,0.0010386682115495205,0.30623818525519847,0.06805293005671077,0.0,0.5320214940770222,0.1938880880177021,-0.054016150534152985,0.8903591682419659,0.004580753783289725,0.03694048209665743,5.201486504534392e-09,0.001625094545757076,1.0,0.0661625708884688,1.0,0.1285444234404537,0.0,1.0
83,1915251784,13.77840284905256,-345.1188691036421,1.694486359763473,1000,False,False,False,46.20539775311903,0.1979155393005381,4.622376235506327,0.2005565276693754,0.5026636799073886,0.2005565276693754,0.111962854449964,0.042204834281065855,0.19913940131664276,0.19913940131664276,0.02379957213997841,0.0,0.0,0.5315140187740326,0.5672154154909512,0.538476486876607,0.06302803754806519,0.999,0.0019433332244545517,0.022664549984522765,0.0014201707189854802,0.0016944863597634723,0.0,0.0,0.0,0.343,1.0,0.0
84,1313639606,171.04448725460094,-87.15997788106554,1.2127223256783322,783,True,False,False,48.234182444957966,0.19166985738237433,7.900975485867957,0.018935798791960206,0.29489997495205245,0.020219678720686755,0.09661199469467509,0.0,2.5653838747530244e-05,0.020209217444062233,-0.0006503367330878973,0.6296296296296297,0.334610472541507,0.0,0.5591063409422835,0.2850762255862355,-0.05449036508798599,0.9655172413793104,0.00042774403947839075,0.01926466507014871,5.201486504046501e-09,0.0015488152307513816,1.0,0.034482758620689655,1.0,0.5070242656449553,0.0,1.0
85,695909292,192.1580965343368,40.90295080234767,0.6986757286599458,576,True,False,False,24.30534501196292,0.19369150604430305,-16.42683407343166,0.6163081875572003,0.9931757203247504,0.616321728416142,0.2199679019578379,0.0,0.3062871992588043,0.6162236928939819,0.010992417111992836,0.0,0.0,0.0,0.4936706565508757,0.0,-0.060172922909259796,0.8680555555555556,0.03415440379816948,0.049861794813030304,1.560445951620526e-08,0.0012129786955901837,1.0,0.12152777777777778,1.0,0.07465277777777778,0.0,0.0
86,657540159,172.16888496283215,-44.418856049358254,1.0118387050609516,711,True,False,False,27.31169511386076,0.15156293545204538,-4.999315623995093,0.13933165860992666,0.47891656353919715,0.13937457575279294,0.12963233753374187,0.0,0.13830356299877167,0.1393585205078125,0.002115449868142605,0.3558368495077356,0.0,0.0,0.5429707712763344,0.3076259179413319,-0.05593053996562958,0.9437412095639943,0.008556057788435812,0.013191338553179147,1.8205202763701966e-08,0.0014231205415765839,1.0,0.035161744022503515,1.0,0.3319268635724332,0.0,0.0
87,1508100295,206.54067742438048,-58.49335601364287,1.2463701671901177,788,True,False,False,55.567476864978524,0.1898838062114379,15.591442671116923,0.03449633563809682,0.34525364901090644,0.034523407645329685,0.1496216190226732,0.0,0.00045948027400299907,0.03450822830200195,0.001023647841066122,0.5368020304568528,0.30583756345177665,0.0,0.5535774853388982,0.29797395288944245,-0.05476236343383789,0.9530456852791879,0.0012923866127724796,0.03324583745680021,1.5604459512085292e-08,0.0015816880294290826,1.0,0.03426395939086294,1.0,0.22208121827411167,0.0,1.0
88,226019867,-105.64947562944144,-137.01247198655741,0.15171498178558013,51,False,False,True,-68.43199080111307,0.1444796361874841,-98.13000602567759,1.5731175391335244,1.6376198858569504,1.6895641232580967,0.6213217717735224,0.4868142308301136,0.6961639523506165,1.004517674446106,1.3585180044174194,0.0,0.0,0.5764317810535431,0.5452904244337011,0.5460145516321063,0.15286356210708618,1.0,0.10457688484955542,0.11477507594595217,0.00146525874819399,0.0029748035644231374,0.0,0.0,0.0,0.0,1.0,0.0
89,667780743,4.989748312812263,-319.2897705502438,1.521397594315282,1000,False,False,False,22.77085571512259,0.18249513089708227,-15.728084121798986,0.09026485405939498,0.3990701328852185,0.09026485405939498,0.10373140369054923,0.06071488373645816,0.08971796184778214,0.08971796184778214,0.009921249933540821,0.482,0.019,0.5816792771220207,0.5314019637843594,0.5574976413697005,0.16335855424404144,0.929,0.012558496323209054,0.01848430938106793,0.0009367604115772428,0.00152139759431528,0.0,0.068,1.0,0.391,1.0,0.0
90,498383730,8.940714549087017,-315.6754980470589,1.5230810629807294,1000,False,False,False,44.575058849415406,0.14894942118905927,12.785260954098314,0.05100025712929081,0.32429382781982025,0.05100025712929081,0.08666133257123601,0.028295761088232903,0.023482799530029297,0.023482799530029297,0.0452723354101181,0.586,0.279,0.5568378008902073,0.5729648281764239,0.5590939719602466,0.11367560178041458,1.0,0.00794189487021206,0.01209898206778698,0.002295954998281108,0.0015230810629807295,0.0,0.0,0.0,0.531,1.0,0.0
91,588981715,61.03303989274424,-556.5619071459023,2.987974735193233,1000,False,False,False,23.166624772475092,0.13043401913262037,-4.920092711554157,0.16552947374864996,0.6206301130194718,0.1774646155602989,0.11649987656592597,0.010618498771187595,0.16549472510814667,0.17737893760204315,-0.005513825453817844,0.255,0.0,0.0,0.46846169523056597,0.10071502563310787,-0.05824941396713257,0.818,0.0024233179466337327,0.02104853314645492,0.0068782272905371115,0.002987974735193233,0.0,0.107,1.0,0.269,1.0,0.0
92,742924764,29.97336726719519,-378.9070570529307,1.9444021216006306,1000,False,False,False,30.93411327726002,0.1861000553504795,-8.285811450341061,0.1963198131330547,0.4974478841089593,0.1963198131330547,0.13143978479412669,0.031576914134275075,0.0029916763305664062,0.1934059113264084,0.033698998391628265,0.088,0.0,0.5390821322798729,0.53013275287766,0.539018650893122,0.07816426455974579,0.938,0.002874057961129644,0.02735112903762482,0.0010584868991169033,0.0019444021216006306,0.0,0.047,1.0,0.376,1.0,0.0
93,2053789632,192.97365126628426,-44.81623062069369,1.1188494094348906,701,True,False,False,42.333216901983974,0.1930569147184983,1.723576974423936,0.021426050814436663,0.3441100117396234,0.028109455991767125,0.12126463171061906,0.0,4.19616708313697e-06,0.02808856964111328,0.0010834074346348643,0.5477888730385164,0.34807417974322397,0.0,0.5469661529884061,0.19557947859168054,-0.05527722090482712,0.9358059914407989,0.0021644537797751427,0.024988320376008,1.8205202764135647e-08,0.001596076190349345,1.0,0.04992867332382311,1.0,0.38231098430813126,0.0,1.0
94,1243069214,163.83970393538476,-121.8853045804367,1.3445250425791055,841,True,False,False,39.75436857790504,0.15230333879238653,7.294127623596041,0.033446600086878595,0.39318090356275426,0.033468454093515704,0.10503487173195705,0.0,1.5544890629826114e-05,0.033465005457401276,0.0004804468189831823,0.4423305588585018,0.089179548156956,0.0,0.5554400598109832,0.33178931802511213,-0.055168699473142624,0.9714625445897741,0.002494793360697021,0.01569846464498907,1.3003716260468617e-08,0.0015987218104388894,1.0,0.029726516052318668,1.0,0.36504161712247324,0.0,1.0
95,432678313,-91.57271220358088,-127.08876532552593,0.16678026560972517,108,False,False,True,-34.46363476367604,0.1402518208780869,-63.83849013749561,1.553240624954566,1.6014819061499035,1.6134582175805134,0.3440285469707462,0.1504994130890598,0.6432994604110718,1.0006245374679565,1.2657005786895752,0.0,0.0,0.5357892476022243,0.5284897190673897,0.5600589909404516,0.0715784952044487,0.9629629629629629,0.06965336585020622,0.09008404460237578,7.168688699896175e-05,0.0015442617186085658,0.0,0.0,0.0,0.0,1.0,0.0
96,634649199,195.17226760682524,-73.30160778500334,1.2680693769591436,743,True,False,False,60.3667742017836,0.176226495779511,23.12261787048508,0.06442219160300139,0.41438779047899243,0.06444927440370025,0.11689157926138756,0.0,0.06441831588745117,0.06444539874792099,0.0007067894912324846,0.3768506056527591,0.08748317631224764,0.0,0.534048282910401,0.14121281100902705,-0.055385932326316833,0.9327052489905787,0.0042476961005765675,0.01636043323243404,1.8205202763701966e-08,0.001706688259702751,1.0,0.05114401076716016,1.0,0.2395693135935397,0.0,1.0
97,37235637,175.19628978401875,-118.8718564836124,1.375740731338157,946,True,False,False,24.959897103063792,0.16760240683936414,-10.560435697216903,0.056844293152452374,0.5131299330195592,0.06096497259632152,0.15165337366142326,0.0,0.03820924833416939,0.060964010655879974,0.0003424739697948098,0.41226215644820297,0.2769556025369979,0.0,0.545777613360358,0.2628081397712231,-0.0543079674243927,0.945031712473573,0.0026692364263159814,0.029751211248964106,0.0,0.0014542713861925552,1.0,0.02959830866807611,1.0,0.21141649048625794,0.0,1.0
98,1305772342,191.61024216229566,-34.588994887506615,1.0633961852490115,676,True,False,False,31.75964140412245,0.17758934110020203,-5.755985920732099,0.10081622741623855,0.47788120485164376,0.11445490732633028,0.14222215288677148,0.0,0.04702644422650337,0.11445455253124237,-0.0002849841257557273,0.44970414201183434,0.0,0.0,0.548093275273475,0.284746686629951,-0.05341651290655136,0.9334319526627219,0.0053919522612163725,0.029112309670869127,7.802229756367907e-09,0.001573071279954159,1.0,0.03994082840236687,1.0,0.28402366863905326,0.0,0.0
99,1165275128,178.94582012761379,-2.1157084121804246,0.8481076426989711,572,True,False,False,25.02337766141436,0.14268791587613863,-5.507832258665139,0.09071332467171739,0.48207326469912776,0.09073784078582886,0.12531260916641784,0.0,0.0907130241394043,0.09073753654956818,0.00023497104120906442,0.3094405594405594,0.09090909090909091,0.0,0.5553519570959041,0.26976567804813384,-0.05538781359791756,0.9475524475524476,0.005779015352836662,0.01766413367560733,1.560445951186845e-08,0.0014827056690541454,1.0,0.050699300699300696,1.0,0.11363636363636363,0.0,1.0
100,583811102,13.234583182178906,-305.5369393041797,1.4938576124317944,1000,False,False,False,9.375795521487056,0.16029457714063267,-24.683033564144747,0.06177170505807017,0.5311049876524011,0.09216174699401049,0.13982727280749946,0.012843668766020512,5.90324416407384e-05,0.05625448375940323,0.07300151139497757,0.368,0.214,0.5580853261053562,0.5617545213863486,0.5637950455397367,0.11617065221071243,0.988,0.008616272796950075,0.02708768309058337,0.00022288174614157504,0.0014938576124317931,0.0,0.0,0.0,0.239,1.0,0.0
101,1168068246,65.49158345134927,-250.27063381387575,1.478811086326125,1000,False,False,False,20.953730941424958,0.1773520399610858,-16.516590708297308,0.060853406494826595,0.5805285862510885,0.060853406494826595,0.15670203031230237,0.004407661967166576,0.06085224077105522,0.06085224077105522,0.00037666319985873997,0.337,0.159,0.0,0.5588229255387559,0.5322098471969366,-0.05006895586848259,0.975,0.0019483760656202388,0.02883460392614084,0.0014681267178151638,0.001478811086326125,1.0,0.008,1.0,0.201,1.0,1.0
102,555937879,200.402957755071,-58.90999806927263,1.2151647791217184,814,True,False,False,38.54172219000254,0.176692389022464,1.203804244166891,0.06890712101375002,0.4722592038091082,0.07024049281980665,0.1713122134552905,0.0,0.0028560638893395662,0.0702352523803711,0.0008579945424571633,0.3181818181818182,0.14127764127764128,0.0,0.5502765171612551,0.2556683987379074,-0.05432479828596115,0.9312039312039312,0.003187579835812267,0.034785272970030916,1.0402973008201422e-08,0.001492831423982455,1.0,0.036855036855036855,1.0,0.14619164619164618,0.0,1.0
103,800230316,164.43860951410602,-65.60941390365,1.0771401170887813,731,True,False,False,24.177435945317203,0.12234716560015713,-2.290707865024856,0.017841587978831817,0.42523857461923537,0.017876152679893974,0.1048070703483454,0.0,0.00015897750563453883,0.01786813698709011,0.0005352711887098849,0.40902872777017785,0.2024623803009576,0.0,0.545489867811541,0.28561374692246316,-0.055080775171518326,0.9493844049247606,0.0016157314134447954,0.014289862236673636,5.201486504100711e-09,0.0014735158920503159,1.0,0.036935704514363885,1.0,0.31053351573187415,0.0,1.0
104,1458649717,-9.854523959755923,-103.66697998048839,0.4364622801036623,326,False,True,False,46.12814684392215,0.17133228204598316,9.937217643413087,0.391771491344537,0.8580062633950544,0.391771491344537,0.231246493941215,0.13463870810107423,0.38604623079299927,0.38604623079299927,0.06673236936330795,0.0,0.0,0.6188097894191742,0.6017119952140411,0.6006376895308495,0.2376195788383484,1.0,0.014800102939566667,0.03148870228477993,0.001528871627767027,0.0013388413500112347,0.0,0.0,0.0,0.0,1.0,0.0
105,1478023289,144.39855379334173,-190.20285010862338,1.5780070195098235,950,True,False,False,31.537348025848036,0.15664924656937398,-1.7923585745904347,0.0946841693722867,0.4249543424833082,0.09471163792673361,0.0998535289940006,0.0,0.0946834534406662,0.09471092373132706,-0.00036781071685254574,0.4663157894736842,0.0431578947368421,0.0,0.529136955721647,0.27162176216486844,-0.05526804178953171,0.9347368421052632,0.006029803074072524,0.010542510411461913,1.040297300733406e-08,0.0016610600205366592,1.0,0.04736842105263158,1.0,0.35368421052631577,0.0,1.0
106,952651705,25.490177447444946,-655.8229696919628,3.306565735697041,1000,False,False,False,15.036273381245639,0.1724658885190882,-21.45681798007711,0.5235020787547884,0.7155963003028116,0.5614355607100066,0.0996277398543948,0.014735003377364855,0.35316142439842224,0.5495840311050415,0.11474877595901489,0.0,0.0,0.0,0.3876864995729702,0.2626760419120546,-0.011611578986048698,0.714,0.01923621021012949,0.03043448601781047,0.004181696063791072,0.0033065657356970393,0.0,0.198,1.0,0.621,1.0,0.0
107,621463961,-53.68037745952605,-93.0279467187548,0.18803784629614362,87,False,False,True,-7.891758170016686,0.17039190919253072,-43.135898248656446,1.3147933801043121,1.3599395116150015,1.3147933801043121,0.5823912534291189,0.3863574262987553,0.5645166635513306,1.001002311706543,0.8524529337882996,0.0,0.0,0.609537161886692,0.6348382389579696,0.6112569890916347,0.2190743237733841,1.0,0.09958130439024417,0.11902274134294341,0.0007589384928345377,0.0021613545551280883,0.0,0.0,0.0,0.0,1.0,0.0
108,1251300265,167.40199811765928,-84.8756961711326,1.1830884714439585,783,True,False,False,41.7088447474795,0.17697552744004236,4.314503776855878,0.11526767416063917,0.42344414235205274,0.1153532524440217,0.1140108843556886,0.0,0.11526517570018768,0.11535082012414932,0.0007490968564525247,0.3384418901660281,0.0,0.0,0.5579228781670389,0.23507017724215984,-0.055580053478479385,0.9616858237547893,0.0071910388372190236,0.01883970997382066,4.941412178830623e-08,0.0015109686736193598,1.0,0.03959131545338442,1.0,0.31928480204342274,0.0,0.0
109,413166735,-91.43793025137857,-128.93260234568467,0.17867336047153057,88,False,False,True,-42.31241917226307,0.15792826622832798,-75.07217307566088,1.4722058024063212,1.4748387904674445,1.4722058024063212,0.6537214388369369,0.45645256988281097,0.45422354340553284,1.0010807514190674,1.0794569253921509,0.0,0.0,0.5800426453351974,0.5460792884802107,0.5738019364327193,0.1600852906703949,0.9772727272727273,0.10062070703537768,0.11758164962299311,0.001457435712491878,0.0020303790962673918,0.0,0.0,0.0,0.0,1.0,0.0
110,78844491,194.73683741744588,-67.09807981159547,1.223574586145208,856,True,False,False,51.701578562626075,0.21245507520599843,7.210930597917123,0.12776488685441084,0.5883036053002891,0.12778138790530663,0.1608549704388662,0.0,0.12773342430591583,0.12774991989135742,0.002835676772519946,0.1483644859813084,0.0,0.0,0.5622870304434621,0.22608519062399865,-0.05399832874536514,0.9637850467289719,0.006257212064030072,0.026587732116316622,0.0,0.0014294095632537466,1.0,0.037383177570093455,1.0,0.05957943925233645,0.0,0.0
111,288548080,203.71672034403312,-31.692098052145113,1.1091440919808901,679,True,False,False,52.96110324053452,0.21336503612248833,8.290270354394766,0.09199889160226041,0.48438942063064355,0.09202492599568979,0.14449501168324266,0.0,0.09199857711791992,0.09202460944652557,0.00024137258878909051,0.2709867452135493,0.07216494845360824,0.0,0.566415221413902,0.27756906881928445,-0.0538831502199173,0.9602356406480118,0.004283378297994426,0.02187751835551615,1.560445951186845e-08,0.0016334964535801046,1.0,0.041237113402061855,1.0,0.19734904270986744,0.0,1.0
112,1758747646,28.909764778800156,-296.87589744288687,1.528928311108433,1000,False,False,False,43.582123541368865,0.19506645581139176,2.5689187215852747,0.017425818364003157,0.3577631503782284,0.03714796218802947,0.12470784319524486,0.016944446055247676,9.126662916969508e-05,0.0016667365562170744,0.037110552191734314,0.463,0.259,0.5471835471689701,0.578676555911079,0.553510019518435,0.09436709433794022,1.0,0.004450475076658667,0.02682627863971747,0.0009434875590915255,0.0015289283111084334,0.0,0.0,0.0,0.265,1.0,0.0
113,60265409,239.1557131798006,6.7176871039448685,1.0967901303792786,654,True,False,False,60.215904818291214,0.2108096688987846,16.056766459785674,0.04244407231896002,0.4339674753527498,0.053041814413507936,0.17137877589834302,0.0,0.0001319885195698589,0.05303621292114258,0.000770840619225055,0.3837920489296636,0.2400611620795107,0.0,0.5539572318967443,0.20440712444484233,-0.054505109786987305,0.9510703363914373,0.002272892582400821,0.03862526582495748,2.600743252267196e-09,0.001677049129020304,1.0,0.047400611620795105,1.0,0.2018348623853211,0.0,1.0
114,721080364,-85.23806711090728,-118.33283336942819,0.1550738312926045,104,False,False,True,-30.616771806109792,0.12277382512492332,-56.46831841797841,1.4994997605403098,1.567126360763256,1.4994997605403098,0.5335561701031821,0.38299046881957954,0.49532002210617065,1.0008118152618408,1.1166356801986694,0.0,0.0,0.606677956879139,0.45667782326479656,0.5927814320474863,0.2133559137582779,0.8076923076923077,0.08357584147751705,0.08767308739426766,0.0010076163611071887,0.0014910945316596587,0.0,0.0,0.0,0.0,1.0,0.0
115,229601205,176.34520955062465,-7.0658595022960355,0.8598553452646035,572,True,False,False,19.368467522940385,0.1443732441508864,-11.499808052088714,0.05353479800489299,0.4993442092023443,0.053708462599391195,0.11726838071211482,0.0,0.00027360915555618703,0.053708456456661224,2.568721720308531e-05,0.3181818181818182,0.12937062937062938,0.0,0.5508400596396581,0.30120497269555924,-0.05517685413360596,0.9493006993006993,0.003662029526165314,0.014106197056633673,1.5604459512302132e-08,0.0015032436106024543,1.0,0.04895104895104895,1.0,0.18181818181818182,0.0,1.0
116,1515063585,-64.13772137510534,-236.1634371056457,0.8011285786527023,590,False,True,False,6.941214240878859,0.12673664161302356,-20.40079551259948,0.30297544540395815,0.6141313551492851,0.30297544540395815,0.11786113714834448,0.02315968525863282,0.29649773240089417,0.29649773240089417,0.0623154491186142,0.0,0.0,0.5129784038290381,0.5075898918402638,0.46132294204318897,0.025956807658076286,0.9101694915254237,0.06501442531304591,0.040924910228074325,0.0016894220105730107,0.0013578450485639006,0.0,0.0,0.0,0.4271186440677966,1.0,0.0
117,582664441,165.098670535069,-96.57978893104428,1.2304922973305648,779,True,False,False,42.311273292787945,0.1891074181539011,2.4905855401674923,0.06416993173072323,0.3045630854128455,0.08565828696919268,0.1158417360754898,0.0,0.0012426376342773438,0.08563985675573349,0.001776812132447958,0.6251604621309371,0.24646983311938384,0.0,0.5581321783437942,0.2957441859692335,-0.05571465566754341,0.9602053915275995,0.005428642571737299,0.025024966644586578,4.941412178830623e-08,0.00157957932905079,1.0,0.03337612323491656,1.0,0.36585365853658536,0.0,1.0
118,1930167067,25.794016211712638,-283.4829830801845,1.446384996459486,1000,False,False,False,26.15503294592846,0.18818347840147992,-13.481576391872748,0.0817473145834693,0.5088354851347091,0.0817473145834693,0.15210724636441175,0.056068608433208406,0.05220355838537216,0.05220355838537216,0.06290796399116516,0.286,0.111,0.5483354739844799,0.5710299004134722,0.5573162569850684,0.09667094796895981,0.991,0.0174863118163454,0.031059560034741147,0.0022689976442879997,0.0014463849964594857,0.0,0.0,0.0,0.129,1.0,0.0
119,1027610996,186.11608882956205,-7.965273634400134,0.9079068123198099,625,True,False,False,24.901523637173256,0.13929085237603117,-4.952905502840271,0.09914802888102016,0.5228877247113001,0.09917549326366151,0.1383935153700702,0.0,0.09914693981409073,0.09917440265417099,0.00046510458923876286,0.3488,0.048,0.0,0.5380838370740414,0.24622052744030953,-0.05546852946281433,0.9296,0.00625950526939255,0.02156053233988622,3.380966227643778e-08,0.0014526508997116973,1.0,0.048,1.0,0.2016,0.0,1.0
120,2058213044,61.2690623043076,-647.3097361022828,3.4428939920329484,1000,False,False,False,40.002370685581354,0.17043593045165542,3.9152709377450514,0.720088664022352,0.8888970171730418,0.7649072512878345,0.09618979093035883,0.010130295597811494,0.7177450060844421,0.7620027661323547,-0.06659495085477829,0.0,0.0,0.0,0.32961365930302416,0.10077092194231227,-0.06729815900325775,0.582,0.028137714321759506,0.03336078340871252,0.0060188064814171265,0.0034428939920329504,1.0,0.285,1.0,0.539,1.0,0.0
121,739874895,57.686313958908606,-284.1260954672878,1.6090620471309818,1000,False,False,False,92.51018576175075,0.1844916968075838,53.61193274272871,0.049584513531862585,0.2273543749434983,0.08411035178686262,0.12306015790485254,0.06554855244622262,0.0002731323183979839,0.03951730579137802,0.07424913346767426,0.733,0.31,0.5486704483628273,0.5676357258295175,0.5227581037953496,0.0973408967256546,0.998,0.033677159609192125,0.030478822504013875,0.0023844810476511616,0.0016090620471309815,0.0,0.0,0.0,0.423,1.0,0.0
122,594460151,191.09576434022762,-143.1134737485189,1.5723461904437317,987,True,False,False,62.80138516365898,0.22345329575804324,16.11082440569854,0.018183025074680864,0.42299509079394104,0.018210549765472615,0.16464852246809403,0.0,0.0005251884576864541,0.01817912980914116,0.0010692811338230968,0.4275582573454914,0.07801418439716312,0.0,0.5610305409016996,0.23714238695800305,-0.05520958453416824,0.9665653495440729,0.0016081165997493033,0.03387228774201279,1.3003716260251777e-08,0.0015930559173695361,1.0,0.03242147922998987,1.0,0.1033434650455927,0.0,1.0
123,9883956,199.89954259786745,-17.649674805623263,1.0215460870174533,662,True,False,False,35.557836098200376,0.13630580791602537,6.299253975123813,0.09436123469981139,0.49774672766678807,0.09438775112216831,0.14451986310280343,0.0,0.09436120837926865,0.0943877249956131,-7.022857607807964e-05,0.4350453172205438,0.061933534743202415,0.0,0.5252841602802681,0.19633607720956206,-0.05533302575349808,0.9108761329305136,0.006000743669345962,0.01677048749134892,7.802229755500545e-09,0.001543120977367755,1.0,0.05740181268882175,1.0,0.2583081570996979,0.0,1.0
124,2050880929,-1.1251832698676196,-128.0672413819944,0.5895102905606345,452,False,True,False,36.474018729351094,0.13042604154010262,8.41009857290339,0.35903399884630144,0.8348402389796413,0.35903399884630144,0.18008517591133544,0.016966807509554753,0.34544554352760315,0.34544554352760315,0.09784062951803207,0.0,0.0,0.511789164505899,0.5185184023223649,0.4074015371408313,0.023578329011797905,0.9092920353982301,0.07039600808582352,0.02891214162068646,0.00042371829210731404,0.0013042263065500756,0.0,0.0,0.0,0.16592920353982302,1.0,0.0
125,749775730,184.7895770441275,13.829412438349578,0.7998008230288893,550,True,False,False,22.632136248770927,0.1545142183828755,-10.262757063594801,0.08058224508016858,0.5228951063085693,0.08060932809554185,0.135656053266413,0.0,0.08058223873376846,0.08060932159423828,3.23748572554905e-05,0.27454545454545454,0.11090909090909092,0.0,0.5411679150054062,0.24519892252981662,-0.05530301108956337,0.94,0.005202175375929894,0.014372109413688085,2.6007432527008767e-09,0.0014541833145979817,1.0,0.05454545454545454,1.0,0.06545454545454546,0.0,1.0
126,1664184446,234.94675171580155,31.688422037996673,0.9543916483890251,619,True,False,False,53.351727783650574,0.17988936844197803,15.377827981687911,0.05212497608843418,0.451587016333284,0.052154183163345094,0.15455096753442957,0.0,0.05211696773767471,0.052146147936582565,0.0009154653525911272,0.4378029079159935,0.19547657512116318,0.0,0.5330649632840193,0.30652582973241804,-0.05537422001361847,0.9143780290791599,0.0035360004340080744,0.023375254105069687,2.600743251833515e-09,0.0015418281880275042,1.0,0.0420032310177706,1.0,0.3247172859450727,0.0,1.0
127,1005736261,151.02035959185446,-84.09773435004377,1.1012904697094936,743,True,False,False,16.482500683565384,0.15142841525196826,-15.80203954222462,0.0213494390450949,0.40883342106859416,0.02137678158917306,0.09376848690518572,0.0,0.02132558822631836,0.02135295793414116,0.0010089492425322533,0.40915208613728127,0.27052489905787347,0.0,0.5415223410466973,0.26230152408010327,-0.055216483771800995,0.9475100942126514,0.001788962857801216,0.011459546623829179,5.201486504100711e-09,0.0014822213589629771,1.0,0.03768506056527591,1.0,0.35800807537012114,0.0,1.0
128,537036580,189.77265730099754,29.901960631184025,0.7441534833490674,552,True,False,False,19.280909054076698,0.1417605504890626,-11.063408891774225,0.2429215607392107,0.6851184768562242,0.2429481769891276,0.17368609088542142,0.0,0.24291181564331055,0.24293842911720276,0.002176318084821105,0.0,0.0,0.0,0.5328334708026596,0.18995645448565482,-0.05607002228498459,0.9166666666666666,0.01464283989623126,0.020227742195437756,2.6007432520069873e-08,0.0013481041365019334,1.0,0.059782608695652176,1.0,0.12318840579710146,0.0,0.0
129,828663290,42.449099417703145,-284.3937008316761,1.5342140012468974,1000,False,False,False,47.67685242357457,0.2000159496302261,5.673748840024201,0.03656435967155641,0.45169684541871047,0.04225046041120581,0.1362277436147553,0.0037463461875875703,0.00012693405733443797,0.03555307537317276,0.022827181965112686,0.362,0.131,0.5507099702954292,0.5734436023361923,0.5938144696503878,0.10141994059085846,0.999,0.005793638681957016,0.028628588218684775,0.0004276603686915797,0.0015342140012468979,0.0,0.0,0.0,0.109,1.0,0.0
130,1427199343,282.2886756437366,159.56012704571737,0.5736427429900948,400,True,False,False,75.3292603990813,0.17339649923954656,38.68586165772197,0.09347326102614156,0.42550469550765085,0.09349606214746893,0.26919151175604816,0.0,0.0007118225330486894,0.09349603950977325,6.506204954348505e-05,0.515,0.125,0.0,0.5457350067154039,0.3052482008188963,-0.05381790176033974,0.91,0.0043482645664822414,0.05434415581443153,2.080594601553548e-08,0.0014341068574752374,1.0,0.065,1.0,0.285,0.0,1.0
131,761445496,170.4272418029199,-110.51017051899626,1.3130870616095796,916,True,False,False,17.56181989515037,0.1716978720805763,-18.77755367262484,0.041359118587937324,0.5890200804988197,0.04246876408478106,0.14880920962921204,0.0,0.040715791285037994,0.042467404156923294,0.0003398632979951799,0.2576419213973799,0.10262008733624454,0.0,0.5457385953658237,0.2853072865307331,-0.054513126611709595,0.9519650655021834,0.0016838876289326796,0.027414777156037053,2.600743251833515e-09,0.0014335011589624244,1.0,0.03056768558951965,1.0,0.06550218340611354,0.0,1.0
132,2057742878,205.53633651435382,22.89570125279178,0.8542031763078088,590,True,False,False,43.8245148784784,0.14115927928336416,13.59797759093194,0.09080054685704003,0.5132193323012909,0.09089681743990966,0.15645965704605855,0.0,0.09058971703052521,0.09089012444019318,0.0011030412279069424,0.29322033898305083,0.11864406779661017,0.0,0.5770614451776117,0.29822205021977427,-0.054116275161504745,0.9576271186440678,0.0042772489963352036,0.01396868008403568,5.201486504534392e-09,0.0014478019937420503,1.0,0.04406779661016949,1.0,0.10508474576271186,0.0,1.0
133,1654955899,-98.5296871176688,-127.80429858044468,0.1381730573138794,82,False,False,True,-46.49117229187852,0.1216024493361356,-71.93442715548582,1.5961936396408072,1.6594743508146474,1.6711513689396256,0.34306872616444023,0.20939455722598752,0.7303549647331238,1.0002079010009766,1.3387796878814697,0.0,0.0,0.563948467373848,0.5001305389223711,0.5595630528405309,0.12789693474769592,0.9146341463414634,0.07525887261698366,0.08529400392117166,0.0006254683491403318,0.0016850372843156027,0.0,0.0,0.0,0.0,1.0,0.0
134,999665527,11.328063979302545,-406.9493792366333,1.991387216079679,1000,False,False,False,60.02543406698202,0.1719919586030051,23.627128688875903,0.1736495242308286,0.3828773381848599,0.1736495242308286,0.09496422539210712,0.027354870885438937,0.16648654639720917,0.16863402724266052,0.04143334552645683,0.239,0.0,0.5633111894130707,0.5736541366095189,0.5699049454182387,0.12662237882614136,1.0,0.011319322786657331,0.015483718980500964,0.0032459148320482176,0.001991387216079679,0.0,0.0,0.0,0.549,1.0,0.0
135,1601570055,-58.49974718466401,-92.50839737873247,0.16424325097034237,58,False,False,True,-26.430644337587786,0.15367192158066162,-58.04849637662438,1.3760169172055396,1.4247546299209186,1.376032591652698,0.6491199729776976,0.40840684261494997,0.6933845281600952,1.002770185470581,0.9422938227653503,0.0,0.0,0.5941430181264877,0.6637851746174795,0.6537338699400425,0.18828603625297546,1.0,0.10176026950463338,0.12027239584490725,0.0018963787555965755,0.002831780189143833,0.0,0.0,0.0,0.0,1.0,0.0
136,12271510,240.01563576031478,102.97936949965192,0.639481331303314,457,True,False,False,42.10716781277555,0.15418637118467404,9.290138396167318,0.08712420002636735,0.5506845225518365,0.08715185591869881,0.20602783012568168,0.0,0.08711986243724823,0.08714751899242401,0.0008694386342540383,0.29978118161925604,0.10284463894967177,0.0,0.5204981193639322,0.15604367680847644,-0.055516429245471954,0.8927789934354485,0.005548800811095987,0.030544256090438635,1.3003716260034937e-08,0.0013993026943179743,1.0,0.08315098468271334,1.0,0.07439824945295405,0.0,1.0
137,1787728803,48.850924713836825,-546.5634141264635,2.877071694201501,1000,False,False,False,42.33094452242369,0.14695780810292303,10.939469244333909,0.3326344892058073,0.5138372681279673,0.3417531736878898,0.09099824613170948,0.007434598495424061,0.33218318223953247,0.3414197862148285,0.015091762878000736,0.0,0.0,0.0,0.44133063242360365,0.37498710066080093,-0.055831991136074066,0.784,0.022278635087909084,0.017400744248374317,0.00011339240578852813,0.002877071694201501,1.0,0.21,1.0,0.623,1.0,0.0
138,1945554712,8.83400913998475,-340.52960579159543,1.6468180746579022,1000,False,False,False,40.945971282607026,0.17495796246523085,3.9544651320555824,0.05980791363079286,0.3974901931351966,0.07062137073340374,0.11027139412578027,0.08902471273852028,0.003358554793521762,0.003358554793521762,0.07054146379232407,0.469,0.275,0.6126857921481133,0.567055937550962,0.5859655180573463,0.2253715842962265,0.999,0.030967010890778454,0.01922465570288233,0.002193201582950822,0.0016468180746579027,0.0,0.0,0.0,0.306,1.0,0.0
139,628675380,-81.13046628627926,-121.09798647183206,0.1866376009277642,132,False,False,True,-21.080669774988017,0.14084782191478531,-50.71950165844966,1.422357548568602,1.483976589935811,1.422357548568602,0.490943101073804,0.3107842715589855,0.4031071662902832,1.0014188289642334,1.0100798606872559,0.0,0.0,0.576698787510395,0.48712782351525896,0.579155915081501,0.1533975750207901,0.8712121212121212,0.07959845720286225,0.0919637712827379,0.0011726959382865748,0.0014139212191497282,0.0,0.0,0.0,0.0,1.0,0.0
140,485269103,240.14113913448526,13.09465820883301,1.0654324046282617,698,True,False,False,54.65510567246918,0.18045403880824112,16.56609428094973,0.0024738434337953407,0.472412485382947,0.0024921487020714114,0.16803129609731968,0.0,0.00013608932204078883,0.002022266387939453,0.0014564490411430597,0.32808022922636104,0.14756446991404013,0.0,0.5436636492580623,0.2979916904121637,-0.05518605187535286,0.9441260744985673,0.0006879997258866571,0.036762860052199725,2.860817577233707e-08,0.0015264074564874807,1.0,0.03724928366762178,1.0,0.21203438395415472,0.0,1.0
141,1372997985,45.032583944214245,-275.8106909539958,1.5042163744910524,1000,False,False,False,20.325278642811387,0.18522808240968108,-18.720251496629974,0.16121315151968224,0.6292297277088083,0.16121315151968224,0.1632204321688245,0.04086763623293656,0.16115112602710724,0.16115112602710724,-0.004471554886549711,0.056,0.0,0.5438135713338852,0.5336330580969225,0.5396677967347204,0.08762714266777039,0.963,0.01676042356875767,0.031410529080016986,0.0010127957412936067,0.0015042163744910502,0.0,0.01,1.0,0.267,1.0,0.0
142,89323474,243.45258876727894,39.83022887130247,0.9556117994798812,625,True,False,False,57.46907913820732,0.18272060074941798,18.92870032351641,0.06921043015599354,0.41539207468830147,0.06923942892268188,0.18733557001418463,0.0,0.0019744872115552425,0.06923513114452362,0.0007714485982432961,0.4832,0.144,0.0,0.5428610650673509,0.29065488442778586,-0.0543154776096344,0.9184,0.0031299860514031447,0.035493009216024905,1.8205202764135647e-08,0.001528978879167812,1.0,0.0432,1.0,0.368,0.0,1.0
143,1586705974,1.8364525063895425,-341.5667002783036,1.6170157639234641,1000,False,False,False,35.08867972721905,0.183129824985289,-3.537198927344002,0.07914711729513776,0.30798739916739465,0.08371230492883618,0.09133330159948773,0.016506101189056644,4.444122168933973e-05,0.07871265709400177,0.028496799990534782,0.651,0.084,0.5517328567802906,0.5644363561524078,0.5541087340191007,0.10346571356058121,0.983,0.004616177531846913,0.01927614062519854,0.0028998345776863306,0.0016170157639234654,0.0,0.0,0.0,0.5,1.0,0.0
144,391638893,149.92135669249092,-174.4588135939793,1.5312008514323519,907,True,False,False,21.507164788556892,0.18206530189278783,-16.905675727331698,0.0019346678737533552,0.4043906224514133,0.01273527044121735,0.12603518515517914,0.0,0.00012807846360374242,0.012630844488739967,0.0016275382367894053,0.41565600882028664,0.2932745314222712,0.0,0.5628319725393223,0.22134383335709573,-0.0553041473031044,0.960308710033076,0.0012711180595502806,0.028505245996814102,1.8205202764352488e-08,0.0016882038053278408,1.0,0.03528114663726571,1.0,0.21389195148842338,0.0,1.0
145,1169248461,188.1106262456626,-65.63024713213069,1.1979043668889664,708,True,False,False,65.99804474936715,0.2124023945159887,21.519190451114106,0.03126453163444558,0.27943474405578095,0.03920235015484795,0.10178241471122788,0.0,6.29425039733178e-06,0.03918161243200302,0.0012749528978019953,0.5480225988700564,0.4138418079096045,0.0,0.5722197209995261,0.27142861887812614,-0.055388111621141434,0.961864406779661,0.002783152556776889,0.01519405968169989,7.802229755934226e-09,0.0016919553204646405,1.0,0.03954802259887006,1.0,0.4548022598870056,0.0,1.0
146,1148949906,243.13653103541586,121.46700670522182,0.5710476216509703,373,True,False,False,56.79449989879425,0.15305490781184763,24.23061146904664,0.2495652977772212,0.6906037952265552,0.24959029545503805,0.2252224111033918,0.0,0.24953746795654297,0.24956245720386505,0.003727672155946493,0.0,0.0,0.0,0.5195088666331912,0.0,-0.056368205696344376,0.8632707774798928,0.015018150554188531,0.016920443931293907,1.0402973009068783e-08,0.0015309587711822249,1.0,0.12332439678284182,1.0,0.09115281501340483,0.0,0.0
147,1856387900,208.53534438200296,-10.848836866069504,1.0294209062403625,675,True,False,False,36.67026828650961,0.14204443538188424,6.263644740623539,0.0012126651681173344,0.4818640270879787,0.0012218472126574495,0.14381694231945297,0.0,1.163482647825731e-05,0.00120716099627316,0.0001888728147605434,0.3748148148148148,0.18666666666666668,0.0,0.5495929422698639,0.3015003272891045,-0.05485664680600166,0.9451851851851852,0.0005717260623043971,0.022800758623780858,2.6007432520503554e-09,0.0015250680092449812,1.0,0.03851851851851852,1.0,0.2577777777777778,0.0,1.0
148,1452815149,-88.21995118949562,-118.32387698053289,0.1413196289551864,92,False,False,True,-34.33525045127187,0.11074073155718187,-57.6900411498642,1.5437662579233897,1.6188602188336005,1.578938808041998,0.5054262017924974,0.3919176723666247,0.5773810148239136,1.0004279613494873,1.2215529680252075,0.0,0.0,0.5745145007967949,0.4163007519774787,0.5619517087936401,0.14902900159358978,0.75,0.07949985782469127,0.07708494115509901,6.928900172059604e-05,0.0015360829234259393,0.0,0.0,0.0,0.0,1.0,0.0
149,118590695,277.4187934279442,142.78889056239916,0.6297495143277249,434,True,False,False,86.26911704965363,0.19040334836228148,46.213957024319235,0.03740788716443796,0.3847660419707961,0.0374216181583085,0.21382447655143255,0.0,0.0009878159034997225,0.03741493076086044,0.0007074332097545266,0.44930875576036866,0.27419354838709675,0.0,0.5707029941993924,0.30583730697631833,-0.05465564876794815,0.9423963133640553,0.001432205739657478,0.04534728832883671,5.201486504100711e-09,0.0014510357472989064,1.0,0.059907834101382486,1.0,0.16359447004608296,0.0,1.0
150,816655702,163.21963063403962,-62.72490208278272,1.0588226635841116,709,True,False,False,25.273284253685127,0.14217766513279148,-5.1606404139779345,0.009922499208772854,0.39443168641666587,0.009949939611334684,0.09939584397778307,0.0,0.009911537170410156,0.009939002804458141,0.00046639202628284693,0.4132581100141044,0.24259520451339917,0.0,0.5452706776296639,0.1456350152939558,-0.055008240044116974,0.9478138222849083,0.0011763975273932504,0.011962826682506726,7.802229756151066e-09,0.0014934029105558694,1.0,0.0535966149506347,1.0,0.25952045133991536,0.0,1.0
151,1777571204,252.8349002838135,37.984175856996394,1.0125536221340858,617,True,False,False,69.99540396152968,0.2282798404323032,22.34349044749317,0.005351743532641057,0.4014728564156184,0.005378523885942145,0.17261008555602678,0.0,6.532669067382812e-05,0.005177211947739124,0.0014577364781871438,0.40032414910858993,0.27228525121555913,0.0,0.5621437384977913,0.2215459194034338,-0.05513019487261772,0.9497568881685575,0.0002890257381297342,0.038527322830308464,1.0402973008147211e-08,0.001641091770071451,1.0,0.05186385737439222,1.0,0.21231766612641814,0.0,1.0
152,25063030,183.28183431591606,-54.74354464845841,1.1128268948218722,773,True,False,False,28.708494445360092,0.15900500268143436,-5.091660743140772,0.11184939110964008,0.5470096969727507,0.11187733696624436,0.1415427670658817,0.0,0.11183824390172958,0.11186619102954865,0.0015791868790984154,0.22121604139715395,0.0,0.0,0.5491132078230572,0.2807550029456615,-0.05393091216683388,0.9366106080206986,0.005378621176399371,0.029212149021946972,7.802229756367907e-09,0.0014396208212443366,1.0,0.03492884864165589,1.0,0.1448900388098318,0.0,0.0
153,1360549999,194.19017499347683,-29.40411178718037,1.053571433903286,644,True,False,False,35.44033384851731,0.17245764971855135,-1.048105121445617,0.05806375798365086,0.44529052969329586,0.07611175548996209,0.12466396520778834,0.0,7.028579420875758e-05,0.07610349357128143,0.0011214232072234154,0.41770186335403725,0.2531055900621118,0.0,0.527484259329178,0.1979619445465505,-0.054317161440849304,0.9177018633540373,0.0035104793404758987,0.026487875907481227,1.3003716260468617e-08,0.0016359804874274617,1.0,0.052795031055900624,1.0,0.18012422360248448,0.0,1.0
154,1128058892,165.20735858511185,-120.97009615217655,1.342887273686441,880,True,False,False,37.31283027362398,0.19547249607876313,-3.78138053815411,0.0290534468303616,0.35000721107259425,0.03457850152528566,0.11810652691642028,0.0,0.00046100615873001516,0.03455657884478569,0.0012311077443882823,0.5431818181818182,0.2988636363636364,0.0,0.5612314082068306,0.29390444830060003,-0.05535111203789711,0.9659090909090909,0.0025230801821312775,0.027249423069365494,2.600743252267196e-09,0.0015260082655527746,1.0,0.029545454545454545,1.0,0.35113636363636364,0.0,1.0
155,1835097532,93.20780788385167,-1379.3742512186432,7.26291029551248,1000,False,False,False,24.871471153221336,0.13687219646765547,-4.502881797814946,0.405030602391033,0.6724899852800728,0.405030602391033,0.09095735923285263,0.01647428218111724,0.40334635972976685,0.40334635972976685,0.036898549646139145,0.0,0.0,0.0,0.250435262172643,0.12296481389552355,-0.010411461815237999,0.443,0.04741506048790636,0.030916286563526938,0.015384670699953938,0.007262910295512477,1.0,0.377,1.0,0.572,1.0,0.0
156,131059846,157.2820905906149,-65.46099350255491,1.0438154204658483,699,True,False,False,1.4431558940443645,0.13436210786494482,-27.427487272516963,0.07901663675713773,0.5443216209812571,0.08458924826294772,0.13884826845342024,0.0,0.06493749469518661,0.08458385616540909,0.0009550905087962747,0.2932761087267525,0.18168812589413447,0.0,0.55382967598667,0.2702049563825131,-0.05416473373770714,0.9585121602288984,0.003942132500245158,0.017253321009684037,2.600743251833515e-09,0.0014932981694790394,1.0,0.03862660944206009,1.0,0.14878397711015737,0.0,1.0
157,1371903228,3.871303539676663,-335.8282490526627,1.598497762961699,1000,False,False,False,27.960182541714378,0.18536514209627564,-11.112759535045853,0.038794486915390704,0.3876389180593074,0.038805182183185835,0.11397197698673443,0.02916005498654605,0.00010833740088855848,0.006743431091308594,0.03821476548910141,0.456,0.35,0.5524678342044353,0.583235851985868,0.5806299137324095,0.1049356684088707,0.999,0.024058508348044454,0.021243522025156763,0.000372527862677597,0.0015984977629616974,0.0,0.0,0.0,0.218,1.0,0.0
158,1386590529,196.7305141398682,16.508315015389726,0.8470109956223928,541,True,False,False,38.19104139638778,0.14183881431438475,7.831981559349983,0.06460425583990749,0.4637567882464084,0.07639573860650377,0.13745571193621958,0.0,0.00014162063598632812,0.07638950645923615,0.0009757971856743097,0.35304990757855825,0.18484288354898337,0.0,0.5483449946799748,0.1817353482171893,-0.05427704006433487,0.9371534195933456,0.0035168479105143085,0.02282871253502809,2.600743252267196e-09,0.0015656395482853845,1.0,0.06284658040665435,1.0,0.06839186691312385,0.0,1.0
159,1177456203,10.227226463239589,-412.031226048951,2.011292262560951,1000,False,False,False,20.72498935391372,0.1196873273242382,-5.212389768439043,0.33283259378225144,0.7155352819278384,0.3514706339033112,0.1272777916168048,0.0569802535943628,0.33236703276634216,0.3506380021572113,-0.024178460240364075,0.0,0.0,0.5356004014611244,0.541196097641252,0.5390024421736598,0.07120080292224884,0.974,0.020420050333251012,0.02369540187698786,0.00021340008643048677,0.0020112922625609526,0.0,0.0,0.0,0.36,1.0,0.0
160,882685052,26.606341772258784,-554.948498475152,2.8077742012370495,1000,False,False,False,47.61277179791805,0.22764304701828225,0.08424873675623569,0.3178775645638122,0.5302399359384403,0.3289081265967836,0.11313206798612034,0.05091551817686527,0.00011091232590842992,0.32767829298973083,0.028416404500603676,0.0,0.0,0.5423016250133514,0.5122598157558823,0.5426271498762071,0.08460325002670288,0.918,0.012402429621769582,0.030542683360443128,0.0007405031242925172,0.002807774201237051,0.0,0.08,1.0,0.511,1.0,0.0
161,867409381,165.36115842205467,-99.14758110284598,1.2421436976245042,804,True,False,False,25.258200348952652,0.17168560999994592,-11.07830260000429,0.0879528992929576,0.4320791504468378,0.08798017506949253,0.13033239489554088,0.0,0.0010934829479083419,0.08797655254602432,0.0007983779651112854,0.48880597014925375,0.06218905472636816,0.0,0.5443590946515225,0.21394895942881703,-0.055503588169813156,0.9440298507462687,0.005599325450253183,0.025056250239092793,1.3003716260034937e-08,0.0015449548477916722,1.0,0.041044776119402986,1.0,0.31094527363184077,0.0,1.0
162,241021414,172.36937248590397,-29.9666965345981,0.9514803451025097,602,True,False,False,16.249131637804254,0.135605285950516,-12.867211253086134,0.007709445706881382,0.44001769848982336,0.007737874352066338,0.1152466051103411,0.0,0.007708930876106024,0.007737350650131702,9.002447040984407e-05,0.3853820598006645,0.23255813953488372,0.0,0.5464663055448474,0.23336740754544735,-0.05490214377641678,0.9418604651162791,0.0010720594466902113,0.012045246291046667,5.201486504100711e-09,0.0015805321347217775,1.0,0.04983388704318937,1.0,0.18604651162790697,0.0,1.0
163,674548240,207.65369961373517,-10.265270103885513,1.0252948485881026,643,True,False,False,33.67437605065423,0.19475373706601037,-7.2732491668433,0.08783594357987477,0.6423596252046897,0.09113482650603559,0.18060999047752552,0.0,0.07968521118164062,0.09112691879272461,0.001200530561618507,0.18506998444790046,0.1150855365474339,0.0,0.560094578634849,0.2619208466634154,-0.05413762480020523,0.9564541213063764,0.004295370975315352,0.0388902297898549,2.600743251833515e-09,0.0015945487536362408,1.0,0.04354587869362364,1.0,0.05909797822706065,0.0,1.0
164,783109940,223.61881284993143,13.885075648317397,0.98836868600807,603,True,False,False,32.75235032435064,0.16975697012500376,-3.1943765444293737,0.11357430720325681,0.5814006377005833,0.11359968246979994,0.18724434366049195,0.0,0.0018503188621252775,0.11359510570764542,0.0010197139345109463,0.26865671641791045,0.0,0.0,0.4957336991821504,0.0,-0.05563463270664215,0.8507462686567164,0.007079823253532443,0.03411232509245189,2.6007432520069873e-08,0.0016390857147729194,1.0,0.10945273631840796,1.0,0.07960199004975124,0.0,0.0
165,2026472473,-1.7458732143976246,-348.9195106150363,1.6358681870031924,1000,False,False,False,44.286196875680325,0.1849636978834795,5.293543641479281,0.10960427637981518,0.3523214967581121,0.10960427637981518,0.10382174064754456,0.06262098099876225,0.0001832962007028982,0.09905977547168732,0.046906910836696625,0.603,0.0,0.5673795938491821,0.5759204061878845,0.5761672639101744,0.13475918769836426,1.0,0.020716115043947287,0.01880218025208085,0.0016289495284767877,0.0016358681870031935,0.0,0.0,0.0,0.225,1.0,0.0
166,1224070920,213.98337977742773,-8.132075180474189,1.0481772747895115,624,True,False,False,58.778690597824884,0.193262436501238,18.129982424034452,0.056247036209702,0.43110191857515484,0.05709097929172988,0.13036284932883363,0.0,0.05175580829381943,0.057082273066043854,0.0009970045648515224,0.3685897435897436,0.1282051282051282,0.0,0.5661030231709353,0.30966346932575106,-0.054515548050403595,0.9599358974358975,0.0025008657710976056,0.015995264794275613,1.3003716260034937e-08,0.0016797712737011378,1.0,0.041666666666666664,1.0,0.2564102564102564,0.0,1.0
167,856913638,32.28062516832724,-295.19397838562463,1.537373017769757,1000,False,False,False,19.118872432619202,0.20107807906776035,-23.096657038438057,0.02549473068548337,0.5066973300135252,0.03598902519673289,0.15957225313846468,0.05391366374632157,0.00020084381685592234,0.0008177757263183594,0.0359797328710556,0.387,0.239,0.54534862190485,0.5756251309188083,0.5545552032068372,0.09069724380970001,0.995,0.013193835793362464,0.029020468836353418,0.0020951873720115484,0.001537373017769759,0.0,0.0,0.0,0.175,1.0,0.0
168,626537496,1.3375026669122208,-317.3808617570732,1.493591822119926,1000,False,False,False,24.907683834475527,0.14595242655595567,-6.2827151342209016,0.043768753267688754,0.41895329932868575,0.08191103790543564,0.10199707911819615,0.0462097186105248,4.482269105210435e-06,0.036934755742549896,0.0731111615896225,0.431,0.335,0.6049519330263138,0.5547615744385402,0.5714973778277636,0.20990386605262756,0.981,0.024685037800431613,0.019159424521457347,0.001047181468200327,0.001493591822119925,0.0,0.0,0.0,0.326,1.0,0.0
169,154517276,2.3561788064894635,-331.4455521534614,1.569008654799754,1000,False,False,False,52.11978027534096,0.19298109314363673,11.523647989108325,0.06895316787579693,0.2697071506410049,0.1086907080261381,0.08298267057776562,0.021852292749289688,0.02515878714621067,0.09500446170568466,0.052799832075834274,0.672,0.315,0.5889817550778389,0.5714881370919757,0.5709470090270042,0.1779635101556778,0.999,0.014466073879248876,0.016078634684475273,0.0020148335081251866,0.0015690086547997537,0.0,0.0,0.0,0.509,1.0,0.0
170,916885238,-33.9697340388491,-413.92989813608847,1.8210008204861958,788,False,True,False,57.24764396879614,0.14826720430297174,25.594930156627733,0.33001414003239815,0.5363573503308364,0.37094610182048454,0.10262422002759228,0.01072294015709887,0.32198047637939453,0.3673582077026367,0.051468025892972946,0.0,0.0,0.0,0.5136658973480855,0.27429533223010366,-0.05085345730185509,0.9289340101522843,0.03718269363637429,0.04285479737630312,0.0100368117649254,0.002310914746809895,0.0,0.0266497461928934,1.0,0.5152284263959391,1.0,0.0
171,515494164,24.401282247388608,-304.7777595982432,1.5458952092281601,1000,False,False,False,39.61113951007136,0.20122997600302775,-2.634769348039367,0.08821752417430899,0.4434491312029958,0.08821752417430899,0.12366292563602331,0.02808979861260863,1.182556115963962e-05,0.012980747036635876,0.0872572734951973,0.338,0.061,0.5862602964043617,0.5687726181861944,0.5560012653283775,0.17252059280872345,1.0,0.0056505093778247695,0.026312296021298014,0.0010174845562841098,0.001545895209228161,0.0,0.0,0.0,0.226,1.0,0.0
172,1344467073,77.31243626698858,-177.72793056079945,1.1752018341389523,1000,False,False,False,59.29377848808707,0.1958916423845757,18.11553635366677,0.13571413536482954,0.30488950108282803,0.13574293499091572,0.07688231775142822,1.762006141505808e-08,0.13571366667747498,0.13574247062206268,0.0003550624824129045,0.572,0.0,0.0,0.4208122152611613,0.0,-0.05554736778140068,0.718,0.008392395616328784,0.010978482707435804,5.201486505401753e-09,0.0011752018341389383,1.0,0.283,1.0,0.669,1.0,0.0
173,743363182,194.26741918572236,9.213043698508386,0.8593718774360686,659,True,False,False,21.392357654240065,0.1879351286293292,-18.192009653830407,0.2724452991426096,0.7870081891882306,0.27247224129726166,0.18953627053504,0.0,0.27243655920028687,0.27246350049972534,0.0021824694704264402,0.0,0.0,0.0,0.5495412681818472,0.1812874446809292,-0.05053533986210823,0.9377845220030349,0.012886779041311481,0.03996179316788303,0.0,0.0013040544422398626,1.0,0.054628224582701064,1.0,0.051593323216995446,0.0,0.0
174,1926328121,159.85073155346325,-73.72352412318568,1.0902712783832462,776,True,False,False,16.864477404428417,0.15594596912781486,-16.323896181023166,0.10093446151628256,0.5260556351943366,0.10096201877925488,0.1284893218455042,0.0,0.10092554241418839,0.1009531021118164,0.0013417935697361827,0.23067010309278352,0.0,0.0,0.5352085206541233,0.1742753524519503,-0.055668361485004425,0.9420103092783505,0.006333095250266193,0.02460588953250036,1.8205202764569328e-08,0.0014049887608031505,1.0,0.04639175257731959,1.0,0.14304123711340205,0.0,0.0
175,1395484617,-69.29111869335175,-102.29261129000386,0.16030746298326065,47,False,False,True,-39.51508526485985,0.15535840759814745,-71.33971599470694,1.416386912102764,1.4795659884351637,1.416386912102764,0.6480678613375899,0.4892335239921174,0.7608370780944824,1.0016237497329712,1.0014498233795166,0.0,0.0,0.6623528450727463,0.6901714151844065,0.6901714151844065,0.32470569014549255,1.0,0.12141990152213945,0.12923046096085256,0.0005877783779319051,0.0034107970847502265,0.0,0.0,0.0,0.0,1.0,0.0
176,126288124,149.57589988841073,-194.2965355688676,1.6331621772863922,862,True,False,False,19.522346903656352,0.17802278859456838,-18.08186522002791,0.1052235374729757,0.4512795268450067,0.10525042663124597,0.11178444281778604,0.0,0.10522327572107315,0.10525016486644745,-0.00023473739565815777,0.3851508120649652,0.0,0.0,0.537361413488845,0.14589511344674974,-0.05357085540890694,0.9222737819025522,0.004929966307805775,0.018927192490041222,1.0402973008201422e-08,0.0018946196952278331,1.0,0.05104408352668213,1.0,0.29350348027842227,0.0,0.0
177,244472222,255.59954864019522,63.904637683526346,0.8984745547833444,600,True,False,False,74.25158950167352,0.17376774656900235,37.50285020645569,0.04750132763941873,0.3128269917636756,0.04752908818672236,0.1920291881536829,0.0,0.0002567291376180947,0.047521114349365234,0.000870583055075258,0.625,0.435,0.0,0.5479370100501304,0.19496991023421287,-0.05533969774842262,0.9383333333333334,0.0032744141016968742,0.039278371204008684,1.040297300776774e-08,0.001497457591305575,1.0,0.056666666666666664,1.0,0.4116666666666667,0.0,1.0
178,624263177,220.5012022512965,21.431473146006738,0.935548645526449,598,True,False,False,43.35384209871142,0.18359490851782845,4.639768076589091,0.0209746035226105,0.451591543270511,0.023653751068212905,0.1406502847054669,0.0,4.100799742445815e-06,0.023653697222471237,5.0470829592086375e-05,0.4431438127090301,0.1605351170568562,0.0,0.5344597517082897,0.21455983117222785,-0.054628852754831314,0.9046822742474916,0.0006518131061877447,0.02089434651762506,5.2014865039922906e-09,0.0015644626179372057,1.0,0.056856187290969896,1.0,0.2976588628762542,0.0,1.0
179,1916746531,181.72482945118074,-93.54940959406953,1.287671195226254,887,True,False,False,46.074841444027264,0.20124583000951834,3.825944253474645,0.06672083618117695,0.44562453147782477,0.06674867723301427,0.14960685382087852,0.0,0.03235368803143501,0.06672868877649307,0.0016334033571183681,0.2491544532130778,0.13641488162344984,0.0,0.5651517157477517,0.28275375194847585,-0.05456119403243065,0.9706877113866967,0.0030481133534575986,0.03360753142964913,7.802229755934226e-09,0.0014517149889811194,1.0,0.030439684329199548,1.0,0.21082299887260428,0.0,1.0
180,1882517521,29.427713328041467,-287.9635137785221,1.4869561355328158,1000,False,False,False,41.050329614026424,0.11525620076547867,15.99917580342559,0.033533936978127656,0.36615847425888,0.08122473914794112,0.11640359230997654,0.034767653515474964,0.00017805099196266383,0.05834197998046875,0.05651257932186127,0.569,0.446,0.585817776620388,0.564794438900426,0.5555371853709221,0.17163555324077606,0.982,0.003950217235737002,0.01803524970113867,0.0002982399073336922,0.0014869561355328165,0.0,0.0,0.0,0.372,1.0,0.0
181,893071467,-5.178472140297509,-401.59437710062144,1.882079524801618,1000,False,False,False,19.66610107597768,0.1407004328767766,-10.47389915688278,0.19491710008240723,0.46604996234011065,0.1967807349624599,0.09807654417149682,0.019546174926436767,0.19489756226539612,0.19677981734275818,-0.000600948347710073,0.063,0.0,0.5292432717978954,0.5609287567233551,0.5529554625600577,0.05848654359579086,0.997,0.0029538354352927733,0.01043309507278248,0.0005196260635588965,0.0018820795248016184,0.0,0.0,0.0,0.466,1.0,0.0
182,171120969,16.005600166786394,-331.03402062523696,1.6351981039601164,1000,False,False,False,24.507177817319235,0.1887690567088967,-15.246547181965253,0.22680705308462282,0.5566763142850116,0.23316324319137627,0.12143530987680907,0.03396289202411997,0.22680597007274628,0.23316220939159393,-0.0006943249609321356,0.0,0.0,0.5186834298074245,0.5540446211481467,0.5341809397190809,0.03736685961484909,0.993,0.002940159101809064,0.025216902654440494,0.00021990974679031742,0.0016351981039601164,0.0,0.0,0.0,0.428,1.0,0.0
183,790228919,26.730432683936687,-389.9614847968052,1.9834595874037109,1000,False,False,False,24.271103161439754,0.18910457938008748,-15.549726372082908,0.2982525942096002,0.5945778839934094,0.29827718652905416,0.12142189126424227,0.00014698847605023178,0.18021468818187714,0.298257052898407,0.003465602407231927,0.0,0.0,0.0,0.5420360813713342,0.2849472711980343,-0.05656588077545166,0.964,0.017637573644626744,0.03363737940811597,8.761904016090644e-05,0.0019834595874037115,1.0,0.028,1.0,0.397,1.0,0.0
184,1786810991,-7.336735991015948,-365.52313664773453,1.6909320032835928,1000,False,False,False,22.320474783126173,0.18300039633264134,-16.2795181409073,0.007451229604312787,0.34772529616167186,0.06490211128841047,0.10330703554232426,0.03214569495541079,0.0001319885195698589,0.04409503936767578,0.047622594982385635,0.535,0.339,0.5470432303845882,0.57284902979061,0.5474506941065193,0.09408646076917648,0.997,0.019335420762964697,0.022797499291862994,0.0008316526734180561,0.0016909320032835913,0.0,0.0,0.0,0.35,1.0,0.0
185,52965927,-35.930950833887735,-515.722600564716,2.2999582486541406,990,False,True,False,38.706753920083926,0.1965733090746717,-2.607812423591996,0.18838301811786265,0.5413527469646939,0.22500365722426258,0.13678039913284012,0.017642276705210038,0.18835535645484924,0.22098183631896973,-0.04235178604722023,0.19292929292929292,0.0,0.0,0.5071165255074374,0.12185026339255273,-0.02119363658130169,0.8797979797979798,0.0029709210180869877,0.027966799368212007,0.010378588764483892,0.002323190150155699,1.0,0.06161616161616162,1.0,0.31717171717171716,1.0,0.0
186,1729187195,212.866702618869,-26.316176554971634,1.1273143958692033,686,True,False,False,42.82401614847067,0.18185188871186078,4.455665031536478,0.009409551431732078,0.48062990353364216,0.013673101539349789,0.1391432533250015,0.0,1.0013580322265625e-05,0.013641834259033203,0.0009241556981578469,0.32798833819241985,0.1880466472303207,0.0,0.5395068345413578,0.1964046948775649,-0.054930929094552994,0.9475218658892128,0.00015016690521308808,0.02170876552393025,5.201486504073606e-09,0.0016433154458734755,1.0,0.04664723032069971,1.0,0.1618075801749271,0.0,1.0
187,1240058640,193.99536272378185,-89.65084853349956,1.3371310562864056,811,True,False,False,44.52718478261427,0.1978164210752947,2.964477563571128,0.028157980168884912,0.37660974708160033,0.028355041726295428,0.13040838080555936,0.0,0.00046033860417082906,0.028351878747344017,0.000423512450652197,0.48212083847102344,0.3156596794081381,0.0,0.5565821993622341,0.2893089815787971,-0.055123619735240936,0.9654747225647349,0.0022091511285832585,0.02640866882097997,1.3003716260034937e-08,0.0016487435959141874,1.0,0.032059186189889025,1.0,0.3970406905055487,0.0,1.0
188,821825863,159.80609259842902,-172.15906861042356,1.5605258060442597,993,True,False,False,71.00013240095949,0.2365377499874547,21.692675039135086,0.0756136287542092,0.332936256577629,0.07652856840758834,0.08020390683853355,0.0,0.0013132095336914062,0.07652588188648224,0.0006412363145500422,0.5176233635448136,0.15709969788519637,0.0,0.5553530258874991,0.27593918979167936,-0.05542362853884697,0.972809667673716,0.004944303880261312,0.01668320909159934,1.8205202764569328e-08,0.0015715264914846524,1.0,0.028197381671701913,1.0,0.5619335347432024,0.0,1.0
189,1952289020,177.9181925373152,-119.9211575664492,1.4022967505188237,869,True,False,False,61.253102578351026,0.14788375461968867,29.676673771750952,0.04601788590174299,0.373208435970326,0.05310221698884293,0.11344739629361734,0.0,0.03121967241168022,0.0530974380671978,0.0007124042604118586,0.4050632911392405,0.29344073647871116,0.0,0.562181020421335,0.2537100911140442,-0.05448992922902107,0.9677790563866513,0.0022728561719952923,0.008902402261566453,0.0,0.001613690161701752,1.0,0.0333716915995397,1.0,0.2612197928653625,0.0,1.0
190,457488617,198.07747802911317,12.424806956351105,0.8702633553638108,580,True,False,False,36.69585992738369,0.13534165411149038,7.633409992459882,0.10972480851383988,0.5502525379915926,0.10973386623345137,0.12648723665559491,0.0,0.10971784591674805,0.1097269058227539,0.001235935720615089,0.25517241379310346,0.0,0.0,0.5367913925683062,0.30388622216880323,-0.05567118525505066,0.9189655172413793,0.006847362319807826,0.01571950779046145,6.241783804834117e-08,0.0015004540609720876,1.0,0.04310344827586207,1.0,0.1396551724137931,0.0,0.0
191,815712761,36.56176542304463,-261.7084037086725,1.391350845658584,1000,False,False,False,35.02086295911095,0.20452191379646706,-7.8834334576876115,0.10809315061230786,0.6008134178114668,0.108137270672152,0.14692769403312053,0.0650112336205311,0.09896955639123917,0.09896955639123917,0.04357403144240379,0.136,0.0,0.5264116581529379,0.5722483388893306,0.5770338248834014,0.05282331630587578,1.0,0.0010028152265174855,0.03151427921807875,0.004051961075046139,0.0013913508456585837,0.0,0.0,0.0,0.065,1.0,0.0
192,134902683,50.736974808143,-275.93039459707563,1.533336847026094,1000,False,False,False,47.34658065578877,0.18420606002308657,8.505454993666305,0.04634770799669867,0.3678639998562999,0.04634770799669867,0.15487310735349993,0.06211009031442845,0.00021829604520462453,0.0045642852783203125,0.046122416853904724,0.466,0.224,0.5937366858124733,0.5635548874650849,0.5704187639802695,0.1874733716249466,0.978,0.011131684362509834,0.03046886113379647,0.0007278036949928506,0.0015333368470260944,0.0,0.0,0.0,0.262,1.0,0.0
193,934119719,191.35227649930175,-159.86872217292537,1.657804993361134,983,True,False,False,81.75264931162594,0.2428203575279768,31.188680235821323,0.02524967165812339,0.3138065882072154,0.02527665141727287,0.10883822648447336,0.0,0.0005491256597451866,0.02526416815817356,0.0007943010423332453,0.4933875890132248,0.18921668362156663,0.0,0.5549563091218193,0.2355420245602727,-0.05519123747944832,0.9674465920651069,0.002018596458517969,0.028263230271351258,1.0402973008201422e-08,0.0016864750695433728,1.0,0.03153611393692777,1.0,0.43540183112919634,0.0,1.0
194,22390618,-106.26486850895452,-136.80976221090094,0.147024468509732,57,False,False,True,-64.91049645966625,0.13759931560873626,-93.3025492005087,1.5855142180015305,1.658381914888504,1.6961246208282654,0.5192626782297641,0.3937829232227624,0.7145047187805176,1.0015195608139038,1.3688671588897705,0.0,0.0,0.5927851796150208,0.505882444738394,0.5465056792274118,0.1855703592300415,0.9298245614035088,0.09761082525791073,0.10303358372788769,0.0003662886796159809,0.002579376640521614,0.0,0.0,0.0,0.0,1.0,0.0
195,590562343,156.9907229806879,-88.75604285153209,1.1525338291610991,762,True,False,False,18.73760381531028,0.12926833348057123,-9.115118714973915,0.10741042014989152,0.5143837264908774,0.10744707117323175,0.11357125659927028,0.0,0.10740642249584198,0.10744304955005646,0.0009296273929066956,0.3425196850393701,0.0,0.0,0.5529555275676017,0.2677657501772046,-0.05383322015404701,0.9461942257217848,0.005113720196813458,0.015141325394141371,1.5604459512735813e-08,0.0015125115868255894,1.0,0.03674540682414698,1.0,0.2677165354330709,0.0,0.0
196,1269560368,43.70603240476927,-287.2683565016082,1.5548719445318866,1000,False,False,False,56.30343785751631,0.20122434261661426,14.058655676688362,0.039299711331518355,0.31337788273837114,0.041711106341550834,0.12711930791040754,0.03178526990373968,4.2629242670955136e-05,0.0005205154302529991,0.04170785844326019,0.534,0.459,0.5324472077190876,0.569200494655408,0.5684986639767885,0.0648944154381752,1.0,0.022610398900854357,0.029679599116623528,0.0016394305237824695,0.0015548719445318846,0.0,0.0,0.0,0.427,1.0,0.0
197,1785119941,2.310176010586896,-337.00065170865855,1.596554138596226,1000,False,False,False,31.906037741475505,0.1391162719975215,2.0828696844660533,0.07509308765000716,0.41387654990967393,0.13164544275296333,0.09545523862892369,0.04884462778639057,0.07367143779993057,0.127925306558609,0.031074725091457367,0.381,0.175,0.6118374988436699,0.5244585001612432,0.570156576782465,0.22367499768733978,0.926,0.01610960837588305,0.020663045498378173,0.0006681855570549299,0.0015965541385962268,0.0,0.031,1.0,0.297,1.0,0.0
198,965189358,154.63808638751505,-132.2704880444029,1.345242872159589,893,True,False,False,35.41151096730398,0.12546985011244127,8.3177940253668,0.02282699089519065,0.3827388501865183,0.022873233494989372,0.08703778694080398,0.0,6.608963303733617e-05,0.022847462445497513,0.0010854816064238548,0.5083986562150056,0.3673012318029115,0.0,0.5429521980304334,0.30571597144007684,-0.05524434521794319,0.9473684210526315,0.0018693573583008895,0.013043120722397073,2.6007432520503554e-09,0.0015064309878606824,1.0,0.027995520716685332,1.0,0.44456886898096304,0.0,1.0
199,1798176648,188.95406499623766,-42.46937311958722,1.0825171905791255,746,True,False,False,40.20660811851016,0.1585309875153918,6.5015194970019445,0.05292879599500992,0.39844469380056585,0.052956826203120824,0.1178034690637825,0.0,7.06672653905116e-05,0.05293159559369087,0.001634511980228126,0.5428954423592494,0.3512064343163539,0.0,0.5405287164892008,0.278595876917243,-0.054720357060432434,0.9316353887399463,0.0023159773078462245,0.025759961689310655,7.802229755934226e-09,0.001451095429730731,1.0,0.036193029490616625,1.0,0.3753351206434316,0.0,1.0
200,69892020,171.82543500717708,-90.68094368265498,1.2386318934491602,739,True,False,False,47.15317125760345,0.21121104121278347,2.9121527187220564,0.06223679553671539,0.3492833121346037,0.06226445060111227,0.09368609825431823,0.0,0.06222343444824219,0.06225109100341797,0.0012897587148472667,0.4912043301759134,0.16914749661705006,0.0,0.5592015939707967,0.2800774919986725,-0.055509261786937714,0.9648173207036536,0.004098609143839732,0.015533973232728397,1.5604459512735813e-08,0.0016760918720556991,1.0,0.036535859269282815,1.0,0.462787550744249,0.0,1.0
201,1722285593,220.8137504917105,-37.75966961561335,1.2175671005366193,753,True,False,False,82.8830935048416,0.20098665180356806,40.686796694214244,0.019226012449426382,0.261852317858579,0.019254227597861887,0.1379013280801052,0.0,9.994507126975805e-05,0.01923694647848606,0.0008155799005180597,0.547144754316069,0.3798140770252324,0.0,0.5668396220027975,0.24840564050711691,-0.05515654757618904,0.9628154050464808,0.0016792973170928456,0.031402302193084014,1.3003716260034937e-08,0.0016169549807923235,1.0,0.03718459495351926,1.0,0.3346613545816733,0.0,1.0
202,1838200024,188.70835164892185,-62.09007162072612,1.1777921163482379,762,True,False,False,35.55333186403086,0.15999714433707485,1.554847162445974,0.029756443329032992,0.4173190201828777,0.029783897476987637,0.12507710477977116,0.0,0.029735755175352097,0.029763221740722656,0.0011095857480540872,0.21391076115485563,0.12598425196850394,0.0,0.5066511093324042,0.12915761976968498,-0.05529380589723587,0.8884514435695539,0.0022576788845622554,0.026349411252117694,1.0402973008201422e-08,0.0015456589453388978,1.0,0.06692913385826772,1.0,0.32677165354330706,0.0,1.0
203,2126813241,31.88453756337979,-262.97260749031165,1.374285725268459,1000,False,False,False,12.366752909345658,0.17339688977937456,-24.31253870403452,0.10706989190747515,0.6899079092256581,0.10706989190747515,0.16717045134764955,0.033355193257528774,0.09687395393848419,0.09687395393848419,0.04560042545199394,0.123,0.0,0.5726279467344284,0.5681271493909881,0.5863207983970642,0.1452558934688568,0.988,0.002114085835398881,0.030744676371748547,0.0005568539152007272,0.0013742857252684569,0.0,0.0,0.0,0.104,1.0,0.0
204,1376935700,238.35568303577602,38.30414335186963,0.9451576984195319,551,True,False,False,58.17616563148166,0.22062782007167436,12.058472477713982,0.0019318523073560486,0.47721274417027726,0.0027765296735642007,0.15250198129028275,0.0,4.482269105210435e-06,0.002776527311652899,3.621578116508317e-06,0.308529945553539,0.2159709618874773,0.0,0.5597773267804711,0.25571291033178567,-0.054799534380435944,0.9473684210526315,0.0004942761314419952,0.02351063199099694,5.2014865039922906e-09,0.0017153497248993323,1.0,0.0544464609800363,1.0,0.11252268602540835,0.0,1.0
205,1075994928,-28.68327942613537,-121.14171256958082,0.42559216571722686,367,False,True,False,16.029378356452657,0.10697201183491344,-7.315003696610668,0.4038751605194311,0.9106619355963563,0.4038751605194311,0.2060723608113981,0.16649413600588878,0.39398765563964844,0.39398765563964844,0.08881932497024536,0.0,0.0,0.5120876356959343,0.5361975137929338,0.30296036992192965,0.02417527139186859,0.9373297002724795,0.00503604964977738,0.01402827987882152,0.001899467463301273,0.001159651677703616,0.0,0.0,0.0,0.0,1.0,0.0
206,2130197154,-16.775265743653275,-343.037058983378,1.5313089661986217,1000,False,False,False,6.530759994252892,0.14855425602798833,-25.180004868850002,0.050752453314188435,0.41440393966938754,0.053529475700416045,0.09142167109388694,0.014462252142467302,0.04617643356323242,0.04818124696612358,0.023323211818933487,0.461,0.221,0.5703627243638039,0.56733494139486,0.5655771189182996,0.14072544872760773,0.993,0.0014685699819931817,0.014850277705468333,0.0014213066748740314,0.0015313089661986227,0.0,0.0,0.0,0.338,1.0,0.0
207,1512169714,161.1673897326927,-139.67100585262048,1.413391977926564,908,True,False,False,29.688294176048824,0.16949061845905045,-6.209611851718947,0.06736080120471286,0.43289732988512064,0.06737433929613944,0.11777055232810794,0.0,0.06735944747924805,0.06737299263477325,0.0004259800771251321,0.44052863436123346,0.2290748898678414,0.0,0.5489977205855288,0.2957967698760331,-0.054252028465270996,0.9493392070484582,0.003012002033403155,0.024587406490912667,5.201486504100711e-09,0.0015565990946327785,1.0,0.028634361233480177,1.0,0.31718061674008813,0.0,1.0
208,1813899210,22.180707887187555,-291.36617583167765,1.4677344185943264,1000,False,False,False,24.96279895038656,0.18492687601198493,-14.022489909515723,0.06612180175062786,0.5136841710105465,0.06612180175062786,0.13214767786982462,0.02686012688123054,0.05690326541662216,0.05864067003130913,0.030551014468073845,0.355,0.179,0.5726789385080338,0.5783377108462154,0.5666549383103847,0.1453578770160675,1.0,0.009874069605743776,0.023031395364803114,0.002448316940958062,0.0014677344185943264,0.0,0.0,0.0,0.19,1.0,0.0
209,1329058962,161.43132661573475,-104.08662474485652,1.2469897568029562,806,True,False,False,25.782617080672072,0.11114312111500432,1.5545995895878602,0.010493986244654916,0.4254803759275106,0.010522610866618657,0.10349868275898834,0.0,0.00011024474952137098,0.010520458221435547,0.00021283388196025044,0.46898263027295284,0.3176178660049628,0.0,0.5441385670772334,0.24102123841643333,-0.05495203286409378,0.9590570719602978,0.0012209399694314172,0.011613464989954537,5.201486504100711e-09,0.0015471336933039156,1.0,0.038461538461538464,1.0,0.33002481389578164,0.0,1.0
210,230627142,294.01091823130844,179.7420086265456,0.534544548023814,368,True,False,False,82.22168073378371,0.16443482366822187,47.38423611091948,0.004912828913385546,0.42509192635570714,0.004955445941241854,0.27295240565447254,0.0,9.34600848268019e-06,0.004807663150131702,0.001201174221932888,0.46195652173913043,0.3070652173913043,0.0,0.5594973927363753,0.31207106694579123,-0.05514588952064514,0.9347826086956522,0.0008553021258142613,0.051476468042260984,1.8205202764244068e-08,0.001452566706586452,1.0,0.06793478260869565,1.0,0.1358695652173913,0.0,1.0
211,987606443,142.42379983887076,-172.41929136187468,1.479515456003725,947,True,False,False,47.13415738637626,0.15829100199837903,13.476104068616708,0.032930565620169924,0.319181048583851,0.03295792534975739,0.08789181638335933,0.0,0.00018033981905318797,0.032945919781923294,0.0008895015926100314,0.47940865892291445,0.2840549102428722,0.0,0.5555609980678735,0.20396082371473312,-0.05526146665215492,0.9651531151003168,0.0024472176392947203,0.013927026679236735,5.201486504100711e-09,0.0015623183273534608,1.0,0.03590285110876452,1.0,0.47940865892291445,0.0,1.0
212,1428704328,168.31013503198045,-99.15983472799411,1.2582498487998754,791,True,False,False,30.390303596716457,0.1875385731873065,-9.116705586384175,0.09116532001084475,0.4938731764566964,0.09958813022407768,0.12666130602912962,0.0,0.07614326477050781,0.09958286583423615,0.0010239696130156517,0.3501896333754741,0.19089759797724398,0.0,0.5618192648162474,0.25728880741167814,-0.05397329479455948,0.9646017699115044,0.004718982311856426,0.019694283245010217,2.600743251833515e-09,0.0015907077734511675,1.0,0.03666245259165613,1.0,0.23514538558786346,0.0,1.0
213,813158061,-17.669820202229293,-530.7840245344397,2.4655710216610527,1000,False,False,False,15.333489491109216,0.16645383391521454,-19.957190949438807,0.4994622654291546,0.7616452086278843,0.5880862070224495,0.1287693659011325,0.05056504212794739,0.4955065846443176,0.5770271420478821,-0.11351239681243896,0.0,0.0,0.5187499541789293,0.5535281543362071,0.5661126658692957,0.03749990835785866,0.991,0.012433188612211345,0.03235104979038704,0.017550072938283805,0.0024655710216610503,0.0,0.0,0.0,0.389,1.0,0.0
214,1749950354,179.5758283636299,-96.63187888177761,1.2992385362270378,818,True,False,False,42.69284886068277,0.1902272138099179,2.6479438966912667,0.0024228297194551006,0.3473003675593702,0.002453206990270139,0.1154684906464005,0.0,9.632110959501006e-06,0.0024209977127611637,0.00039622545591555536,0.4229828850855746,0.16136919315403422,0.0,0.5484477084259273,0.2968261642754078,-0.054934822022914886,0.9596577017114915,0.0007622740273284899,0.02505824468174196,2.3406689268236358e-08,0.0015883111689817104,1.0,0.03178484107579462,1.0,0.3740831295843521,0.0,1.0
215,889174518,26.28733898364024,-322.7691257966974,1.6452823239016878,1000,False,False,False,61.682559261151106,0.2269712593732499,14.288393728996018,0.10073179130004134,0.3432390052713694,0.10073179130004134,0.10099331514552809,0.04079720139550683,0.08977852016687393,0.09980106353759766,0.013661679811775684,0.562,0.0,0.5890635848045349,0.5753656490258873,0.5705422955751419,0.17812716960906982,0.995,0.006866698845886673,0.025173708207751746,0.002995125810440729,0.0016452823239016877,0.0,0.005,1.0,0.452,1.0,0.0
216,1871442016,168.44906436658937,-120.89708940766066,1.3647307688712498,820,True,False,False,40.23003703742222,0.1876690701672874,0.6967500997768755,0.08874260608146471,0.38967218726679825,0.09246834374782695,0.111150468594808,0.0,0.00023918152146507055,0.09245824813842773,0.00136636255774647,0.4560975609756098,0.16829268292682928,0.0,0.5595016358644566,0.2990063638240099,-0.055646345019340515,0.9670731707317073,0.005838724516788405,0.023666573006670917,3.901114878097217e-08,0.001664305815696646,1.0,0.03170731707317073,1.0,0.4268292682926829,0.0,1.0
217,1938763919,-8.45135473739947,-621.3032163271926,3.000259307948966,640,False,True,False,21.697141013237186,0.16129846193691524,-12.559333607555798,0.37538780543772415,0.7548047257001118,0.37538780543772415,0.1711352904713678,0.0861533795768989,0.12598972022533417,0.37188443541526794,0.0511661134660244,0.0,0.0,0.0,0.41588030132215864,0.1625158080016263,-0.04824240133166313,0.725,0.021890185475042557,0.04589239855860773,0.015360598220413146,0.004687905168670259,1.0,0.1578125,1.0,0.2171875,1.0,0.0
218,1242605113,201.04554342757905,-61.501260490098716,1.2358340195883888,769,True,False,False,42.34565000494356,0.123753710438459,15.595787941504533,0.03564610486331764,0.45345133544698746,0.03656180137352254,0.13100600433175588,0.0,0.02964954450726509,0.036559294909238815,-0.000428106781328097,0.4538361508452536,0.31729518855656696,0.0,0.5428449147694558,0.252718856446445,-0.05438555032014847,0.9323797139141743,0.0013244689751633948,0.01597301803257524,0.0,0.0016070663453685166,1.0,0.0377113133940182,1.0,0.29128738621586475,0.0,1.0
219,1828995021,228.86318288210327,-6.378655571670095,1.111309192268866,649,True,False,False,71.68806441873167,0.23847799559710964,21.995404784587986,0.07550175119374965,0.42226086522083234,0.07552940381737035,0.13789474780994015,0.0,0.0005421638488769531,0.07551689445972443,0.0013745879987254739,0.275808936825886,0.0970724191063174,0.0,0.545606579588158,0.121411103727296,-0.05558561906218529,0.9306625577812019,0.004858335011693819,0.029559795619990278,7.802229756367907e-09,0.0017123408201369273,1.0,0.0662557781201849,1.0,0.24961479198767333,0.0,1.0
220,1937516710,18.303665076836385,-312.1723288441189,1.5523799696047762,1000,False,False,False,28.890091379521273,0.17258222342915988,-7.626266963815934,0.1355972752615311,0.4636008934180682,0.17759893033968355,0.13307023655136474,0.024260955582269626,0.00042552949162200093,0.17286768555641174,0.04072030633687973,0.392,0.0,0.5652992427349091,0.5514997357953108,0.5473601556196809,0.13059848546981812,0.977,0.02730148434021788,0.024598566087675466,0.0026957275970811642,0.0015523799696047773,0.0,0.005,1.0,0.266,1.0,0.0
221,1972458574,212.21346547659493,16.27485578785462,0.9232930484437013,564,True,False,False,50.383976925840145,0.14945244636718955,18.500394498019133,0.022033288929744287,0.4713891235411195,0.022336316104404574,0.13103808959163948,0.0,0.01336746197193861,0.022307014092803,0.001143739209510386,0.28191489361702127,0.17198581560283688,0.0,0.563746903378992,0.30439277105033397,-0.054907605051994324,0.9556737588652482,0.0006358888365287884,0.013389080062024016,2.0805946016294423e-08,0.001637044412134222,1.0,0.04609929078014184,1.0,0.15070921985815602,0.0,1.0
222,1627593572,211.6803932664916,25.268750629724096,0.8757582131838372,563,True,False,False,39.982136338919226,0.17517468191527877,2.95417656759781,0.017877333087185292,0.39555992735435347,0.017904493718674155,0.14307262497160125,0.0,0.017863845452666283,0.01789102517068386,0.0006943440530449152,0.4724689165186501,0.2255772646536412,0.0,0.5427050206572029,0.17548334170132876,-0.05511869490146637,0.9307282415630551,0.001609539206308164,0.029882327852868172,1.0402973008201422e-08,0.0015555208049446495,1.0,0.06394316163410302,1.0,0.24511545293072823,0.0,1.0
223,550002066,-104.47600319925695,-133.6630129030074,0.1415350485187521,44,False,False,True,-70.72139010415682,0.13732864516331814,-98.901895932651,1.5756001239480673,1.5925058326112582,1.609599458003476,0.7058695344489251,0.6142860200985395,0.7101446390151978,1.00521981716156,1.2571171522140503,0.0,0.0,0.5636055395007133,0.5193424588492648,0.5193424588492648,0.1272110790014267,0.9545454545454546,0.11111394664029117,0.11609121290205282,0.00014070020993485477,0.003216705648153458,0.0,0.0,0.0,0.0,1.0,0.0
224,928135450,112.81336479580496,-206.83334778786502,1.5021335629183503,961,True,False,False,18.490115765071298,0.154433503492499,-14.396457156629687,0.012706357539000625,0.29316424274512626,0.01292199606531682,0.08171149789178794,0.0,1.5544890629826114e-05,0.012918186374008656,0.0003137564635835588,0.6253902185223725,0.4339229968782518,0.0,0.5582589312419237,0.2817324468493462,-0.05478934943675995,0.9698231009365245,7.9200434254085e-05,0.011283485989960982,2.600743252036803e-09,0.0015630942382084806,1.0,0.02809573361082206,1.0,0.5046826222684704,0.0,1.0
225,1388859855,256.6481784716251,76.77678402010937,0.8486569722575771,507,True,False,False,75.93196100403037,0.22005977275807365,29.93225469154138,0.08823264873241798,0.48606993165184625,0.08826039823578367,0.1758653042620015,0.0,0.08822021633386612,0.08824796974658966,0.0014811253640800714,0.33136094674556216,0.11637080867850098,0.0,0.5701802961043352,0.2147388604283333,-0.05424782261252403,0.9368836291913215,0.004163608219566104,0.023840852156723595,0.0,0.0016738796296993641,1.0,0.0650887573964497,1.0,0.11834319526627218,0.0,1.0
226,253571847,-99.8387585291639,-117.16841893681071,0.08154830203823409,51,False,False,True,-59.465636803643655,0.06891806344817744,-74.05133748034682,1.6368556706881947,1.7278070822887397,1.7334264751001653,0.45813408054361043,0.4150233022888944,0.7922477722167969,1.0000808238983154,1.415840983390808,0.0,0.0,0.5238290689885616,0.2792176664532984,0.28480201978236436,0.04765813797712326,0.5294117647058824,0.07157380668237058,0.052252226431181756,0.0014380341678317254,0.001598986314475178,0.0,0.0,0.0,0.0,1.0,0.0
227,424193372,214.58175524622192,-56.49778875177236,1.2834977199899715,719,True,False,False,70.28839276664937,0.21792001627139365,24.70584408332555,0.023339437939093224,0.36252906434225973,0.023366887635078007,0.1234114454613989,0.0,0.01803131029009819,0.02335510216653347,0.0007420515757985413,0.4937413073713491,0.37552155771905427,0.0,0.5600792704479087,0.16545808896422387,-0.0548001192510128,0.9499304589707928,0.0006719428183218475,0.018397076784446666,2.0805946016294423e-08,0.001785115048664773,1.0,0.05146036161335188,1.0,0.3226703755215577,0.0,1.0
228,463024751,-27.019655212294314,-348.03746885502943,1.5050890682136764,1000,False,False,False,7.844424734548916,0.12106675194117615,-18.368839311191522,0.1190316459867467,0.42617101399301716,0.13014541737064622,0.09576150492385456,0.025622608436884495,0.11535634845495224,0.12921380996704102,0.015544162131845951,0.46,0.0,0.5508388020098209,0.5560963439429178,0.5741972506791353,0.10167760401964188,0.985,0.01183774584391571,0.018499296541683648,0.00030857168499528846,0.001505089068213675,0.0,0.009,1.0,0.369,1.0,0.0
229,1373742587,230.14146847119554,30.813138924021672,0.9345416477358692,621,True,False,False,49.75670102247276,0.17167155608804543,13.426284610956683,0.009072126451551999,0.4183330617740542,0.01614042006498268,0.15247985107133552,0.0,0.00013532637967728078,0.01606588438153267,0.0015493608079850674,0.40096618357487923,0.29307568438003223,0.0,0.533734215406968,0.2259683983027935,-0.05530916154384613,0.9130434782608695,0.001467153877292451,0.033677378159213234,2.6007432520503554e-09,0.0015048979834716098,1.0,0.05152979066022544,1.0,0.27697262479871176,0.0,1.0
230,802303837,197.7305439637974,-45.52911809207515,1.1452983102793635,710,True,False,False,65.94778241137794,0.18376150570448926,27.197073545786587,0.05025058856283942,0.337599340288205,0.05027738794387882,0.10259380867151847,0.0,0.01630077324807644,0.05027732998132706,-7.63440111768432e-05,0.5507042253521127,0.2887323943661972,0.0,0.5532033997863322,0.19078848790377378,-0.05513525381684303,0.952112676056338,0.003471040369430482,0.02028838762766255,1.0402973008201422e-08,0.0016130962116610728,1.0,0.04929577464788732,1.0,0.4169014084507042,0.0,1.0
231,1783498037,156.38093506947627,-112.61719983468772,1.2598906745208183,851,True,False,False,19.750742720818085,0.1712401022756491,-16.49689174027245,0.12199398246313328,0.5354418580181859,0.12203985775218212,0.1370611735779656,0.0,0.12199392169713974,0.122039794921875,-0.00012383698776829988,0.14571092831962398,0.0,0.0,0.5439454814516004,0.1713735217601061,-0.05540933087468147,0.9565217391304348,0.007607030321124556,0.023726409183823457,7.802229756367907e-09,0.0014804825787553691,1.0,0.041128084606345476,1.0,0.19623971797884843,0.0,0.0
232,1601410155,206.2382882378995,-28.902423700514362,1.1123035596920692,634,True,False,False,61.734030038665836,0.22235025547429893,15.267396718033005,0.04630891847428598,0.376680632303971,0.046722384678599606,0.12490912046828631,0.0,0.034906674176454544,0.0467076301574707,0.0011741018388420343,0.4037854889589905,0.21451104100946372,0.0,0.5733177146583514,0.2869102168828249,-0.05467395856976509,0.9589905362776026,0.001957324898057569,0.01825184751817475,1.8205202764135647e-08,0.0017544220184417506,1.0,0.04258675078864353,1.0,0.20662460567823343,0.0,1.0
233,576219794,203.54335928400974,14.937566824272693,0.8881289622986849,549,True,False,False,27.506777466817827,0.14522239589333466,-3.5296710409305643,0.10762443540662228,0.5048429677835385,0.10765189746936821,0.16177263039655174,0.0,0.10761842876672745,0.10764589160680771,0.0011371230939403176,0.35154826958105645,0.0,0.0,0.5044841795043514,0.08816136755049228,-0.05564335361123085,0.8743169398907104,0.0067294114612843,0.02105454062279773,1.0402973008201422e-08,0.0016177212428027058,1.0,0.10382513661202186,1.0,0.15300546448087432,0.0,0.0
234,594444028,209.74342139234366,-13.75347220055012,1.0502844679644674,672,True,False,False,32.040148785838795,0.13888078321262695,2.2663249608168057,0.05288840903519218,0.5986210494306585,0.05291586965104696,0.161261394661937,0.0,0.052875421941280365,0.052902888506650925,0.001172027550637722,0.23511904761904762,0.16517857142857142,0.0,0.5044712441786032,0.21253740704618396,-0.05543728917837143,0.8958333333333334,0.0035684856677833743,0.02393112866650805,1.5604459512302132e-08,0.0015629233154233163,1.0,0.047619047619047616,1.0,0.11160714285714286,0.0,1.0
235,66531776,6.138231534420612,-418.3292395862941,2.0223373556035695,1000,False,False,False,8.01771369677472,0.11966012398259886,-17.914224757250242,0.5059891454708192,0.7485750436407487,0.5503442354461395,0.10296727086871847,0.01890941057760542,0.5050814747810364,0.5489935874938965,0.03853334113955498,0.0,0.0,0.0,0.43828501933594816,0.3541143308009487,-0.09482511878013611,0.812,0.02253448580607084,0.022415021345187955,0.00998866290472893,0.0020223373556035704,0.0,0.096,1.0,0.551,1.0,0.0
236,67451976,137.80609801729744,-1301.5427020640252,7.096744000406615,1000,False,False,False,64.69665783375234,0.15823690906184049,31.04936236387883,0.16075808215919102,0.33585275887738614,0.1607603264248599,0.08854330593785849,0.0036525737744505992,0.16064214706420898,0.16064214706420898,0.006163046229630709,0.561,0.0,0.0,0.2421886474781495,0.030032289769151246,-0.05058785155415535,0.41,0.016106806075028988,0.02207157042284989,0.004396400422962448,0.007096744000406612,1.0,0.411,1.0,0.652,1.0,0.0
237,1395986010,210.47983650252274,-9.364724887716903,1.0276228069511981,716,True,False,False,18.247510838944883,0.1634398873683449,-16.43896753913096,0.0076277417474286515,0.6456432867489189,0.007654819663443919,0.18534506182435542,0.0,0.007599926088005304,0.0076271058060228825,0.0006507849902845919,0.20670391061452514,0.1564245810055866,0.0,0.4704752201897722,0.20766552648507058,-0.05503521114587784,0.8547486033519553,0.001038879408100486,0.03345481451357126,1.8205202764352488e-08,0.001435227384010054,1.0,0.0712290502793296,1.0,0.06564245810055866,0.0,1.0
238,1372420504,28.683606430189762,-281.17042783340355,1.4492701713179648,1000,False,False,False,24.51651081602188,0.18551292943843675,-14.585988729170753,0.20407175404165168,0.6338867598104931,0.20407175404165168,0.16163805127976735,0.10030533141482306,0.07750940322875977,0.2040630280971527,-0.0018871569773182273,0.0,0.0,0.5239442717283964,0.5567378066503443,0.5704795857146382,0.04788854345679283,0.991,0.03697399439337185,0.030997359393386516,0.00045430823423769917,0.0014492701713179645,0.0,0.0,0.0,0.196,1.0,0.0
239,651841002,214.78764342181393,121.81462268670198,0.4294651036755595,354,True,False,False,49.62835515871002,0.1469073523940295,18.30388652100923,0.5581087365067288,0.933288484268889,0.5581379847979208,0.188903725784449,0.0,0.5299574136734009,0.5299878120422363,0.17501693964004517,0.0,0.0,0.0,0.5175445399610168,0.10575681388378143,-0.08141552656888962,0.884180790960452,0.03584905330267906,0.023103975682609627,1.5604459509266366e-08,0.0012131782589705066,1.0,0.11581920903954802,1.0,0.09322033898305085,0.0,0.0
240,1636612707,-14.616759002037108,-471.5178341624493,2.184505375802062,1000,False,False,False,13.188691535010042,0.17453854598892765,-23.71893132028065,0.5881787022448508,0.8256318305479444,0.6313414976593211,0.14938016842536642,0.023470436231850828,0.32884931564331055,0.6077291369438171,-0.1710478961467743,0.0,0.0,0.5080367363989353,0.5456967629983265,0.5081359276175499,0.016073472797870636,0.981,0.0077998962392086335,0.03154534141605064,0.0011969134092636663,0.002184505375802063,0.0,0.0,0.0,0.464,1.0,0.0
241,452221964,-1.73287273533621,-327.4716032162233,1.5286936524044312,1000,False,False,False,31.313991455770562,0.1524813875694421,-1.182199715623068,0.04419081485222813,0.33824211205735216,0.058223049293324676,0.07904494272027249,0.035848152040457125,2.86102294921875e-06,0.042940616607666016,0.03931954875588417,0.566,0.375,0.5335804298520088,0.5574171980582178,0.5583485496416688,0.06716085970401764,0.98,0.024877687856825773,0.01421031651604621,0.0008948143240368675,0.0015286936524044328,0.0,0.0,0.0,0.523,1.0,0.0
242,1821731862,88.9037608033045,-352.13637042722416,2.105200656152647,1000,False,False,False,58.658810937338465,0.1420515944340948,28.248578393014338,0.194550049447481,0.37207703459094243,0.19598710298904642,0.08720734701426744,0.02502031060502682,0.1945500373840332,0.1959857940673828,-0.0007162833353504539,0.582,0.0,0.0,0.34344205891899765,0.13084614597260952,-0.0487067736685276,0.592,0.009789152737821726,0.009236373768465518,0.001958416885130515,0.002105200656152644,0.0,0.405,1.0,0.581,1.0,0.0
243,123984911,300.83791300592134,197.94542676313708,0.48156243121392023,329,True,False,False,84.10455008879202,0.1696357971667423,48.250674630505905,0.07793395954376658,0.4557667300927403,0.07942341124798712,0.32919199660695775,0.0,0.0002536773681640625,0.07942314445972443,0.00020586013852152973,0.48936170212765956,0.3799392097264438,0.0,0.5412193975854724,0.24001918905531056,-0.05404474586248398,0.8905775075987842,0.003629393774374303,0.06175528061642624,5.201486504100711e-09,0.0014637155963948955,1.0,0.0972644376899696,1.0,0.1762917933130699,0.0,1.0
244,1686778320,129.96312460438355,-332.2757604545606,2.2170944252947185,941,True,False,False,16.978084879477755,0.12601152950409816,-10.224064797212899,0.12122460688584726,0.3868812848158617,0.1352905188391532,0.07891208695192652,0.0,2.994537317135837e-05,0.13521528244018555,0.004511306062340736,0.5069075451647184,0.0,0.0,0.46166935384196334,0.020649688355624675,-0.05643632635474205,0.8108395324123273,0.008245552450832638,0.015106723900657489,5.20148650366703e-09,0.0023561045964874813,1.0,0.155154091392136,1.0,0.4569606801275239,0.0,0.0
245,880264374,7.013159633433723,-358.0548934195386,1.7253402652648593,1000,False,False,False,15.917489047714142,0.17770864766658112,-21.624154143107223,0.5049854364335157,0.8491213974763657,0.5051199740200359,0.15917180048473853,0.0023923208298464904,0.28382205963134766,0.48433026671409607,-0.14342378079891205,0.0,0.0,0.518549358472228,0.5578047215913539,0.5491680982708931,0.0370987169444561,0.984,0.007474958727114129,0.037599598107724015,0.0012218324307329978,0.0017253402652648616,0.0,0.0,0.0,0.241,1.0,0.0
246,1171302208,12.826571331731952,-288.2152259026267,1.4052089861717934,1000,False,False,False,19.264008610140422,0.1803683030472344,-18.80956565681171,0.06888723293311132,0.5480953898239741,0.11183079870149203,0.14901393471072397,0.05666761633531463,0.00019674301438499242,0.038893986493349075,0.10484934598207474,0.261,0.107,0.5715942159295082,0.5696654673870652,0.5572091512009502,0.14318843185901642,1.0,0.03265408182945162,0.026666998865601258,4.332058034907382e-05,0.0014052089861717933,0.0,0.0,0.0,0.105,1.0,0.0
247,645818112,27.745392987888685,-304.9706562060741,1.563580245969816,1000,False,False,False,50.89727346558621,0.17639456351472776,13.618447105135523,0.0053473657516197245,0.2508199165477747,0.041742552399016836,0.13040348089461168,0.07393751699776076,0.0001697540283203125,0.03168010711669922,0.02718108706176281,0.616,0.438,0.553533673286438,0.5740025355095276,0.567804931923747,0.10706734657287598,0.991,0.028809189819028254,0.03037716307938539,0.002416608029043494,0.001563580245969816,0.0,0.0,0.0,0.378,1.0,0.0
248,1992289477,167.55374906981598,-101.30874405920565,1.255012465645109,893,True,False,False,29.695273736710565,0.10663515116989279,6.368496583283019,0.0759988406977175,0.5318104998535679,0.07602640478345167,0.11957190759436143,0.0,0.07599286735057831,0.07602043449878693,0.0009527659276500344,0.35498320268757,0.07278835386338185,0.0,0.5495047667716898,0.24703092992305756,-0.05427595600485802,0.9462486002239642,0.0034961895566776174,0.014197185859951604,1.3003716260468617e-08,0.001405389099266639,1.0,0.03471444568868981,1.0,0.2877939529675252,0.0,1.0
249,313246075,215.36104582361867,0.9144853063334324,1.0098328025864267,624,True,False,False,41.654121492715795,0.17646873474661534,4.364153669849962,0.044037988686282496,0.46602428621221237,0.047414975710107825,0.1380716541904963,0.0,0.0005956649547442794,0.04741096496582031,0.0006167030078358948,0.3926282051282051,0.27564102564102566,0.0,0.5327190599607255,0.21723067551851272,-0.054528698325157166,0.9118589743589743,0.0019640084831223812,0.024764166693130203,5.201486504100711e-09,0.0016183217990167094,1.0,0.052884615384615384,1.0,0.28205128205128205,0.0,1.0
250,1889010639,206.79088615414207,-36.69093274164388,1.1498090944789296,676,True,False,False,68.62856162875768,0.1873060384674661,29.16959483045025,0.027414764447779058,0.3666566722153013,0.027442570555869808,0.11771828836810831,0.0,0.00029582978459075093,0.02739877626299858,0.0015497541753575206,0.40532544378698226,0.1819526627218935,0.0,0.56854027620215,0.26333112590014934,-0.05538283661007881,0.9585798816568047,0.002104339875154803,0.014440142626116646,2.0805946016402843e-08,0.0017009010273356967,1.0,0.04142011834319527,1.0,0.27071005917159763,0.0,1.0
251,2024720233,218.7511181916575,47.34195584418656,0.8046458117373545,524,True,False,False,29.079238982879748,0.17517761205698137,-7.945958858714667,0.37784101116778585,0.8330397419043732,0.37785169578739813,0.2339088087170507,0.0,0.014363383874297142,0.3772621154785156,0.021099768579006195,0.0,0.0,0.0,0.5059409413996814,0.010073417210951447,-0.05939847230911255,0.8683206106870229,0.022548043480643674,0.04412713766946899,3.901114878010481e-08,0.0015355836101857924,1.0,0.08587786259541985,1.0,0.06679389312977099,0.0,0.0
252,1804064796,181.48636238239715,-11.158651686284813,0.9058250703434091,574,True,False,False,16.746458363917974,0.17049284303478546,-19.345863815668377,0.003753396510644242,0.46576608284478843,0.0049716188178494936,0.12182668859047545,0.0,5.4836273193359375e-05,0.004954338073730469,-0.0004141592944506556,0.313588850174216,0.14634146341463414,0.0,0.5482279552594606,0.2521697896718979,-0.05468113347887993,0.9320557491289199,0.000395089147842509,0.018546606078962607,5.201486504046501e-09,0.0015780924570442676,1.0,0.05400696864111498,1.0,0.2073170731707317,0.0,1.0
253,1786187759,-77.89643605686724,-119.66592215042743,0.1962474304678007,126,False,False,True,-16.649281326035066,0.16330385858534838,-50.746331652023855,1.4579060480920139,1.4972091064550916,1.4579060480920139,0.34422104871371995,0.18743091077048138,0.6043462157249451,1.0004791021347046,1.0604393482208252,0.0,0.0,0.5807270482182503,0.5765389706939459,0.5844539052248001,0.16145409643650055,1.0,0.0826744498737958,0.0984670613537145,0.0007879263771216755,0.0015575192894269913,0.0,0.0,0.0,0.0,1.0,0.0
254,989960034,54.4508212326562,-268.76415428700795,1.5160748775983188,1000,False,False,False,56.04766393850226,0.16942525205516734,20.16269986996352,0.025773843322616417,0.29563967844925415,0.025773843322616417,0.13049900159046154,0.04549617238045017,0.00011749267287086695,0.02398052252829075,0.00944592710584402,0.568,0.377,0.6129463538527489,0.5599430010323413,0.6063810382783413,0.22589270770549774,0.976,0.005765601369328502,0.030382233804145554,0.0008614389858835596,0.0015160748775983192,0.0,0.0,0.0,0.432,1.0,0.0
255,1905578091,153.92954494407604,-119.46874001424239,1.2841914247915944,828,True,False,False,26.464582416456054,0.1279022346086588,-1.1153781304116357,0.022629883267463756,0.39858055997528713,0.022657157618534603,0.10327485593603927,0.0,6.29425039733178e-06,0.022657107561826706,-4.7626494051655754e-05,0.4323671497584541,0.18115942028985507,0.0,0.5456583184348233,0.20673038113862277,-0.05497537925839424,0.9456521739130435,0.0019109655117649528,0.011703253344402632,7.802229756151066e-09,0.0015509558270429865,1.0,0.04106280193236715,1.0,0.3743961352657005,0.0,1.0
256,1958129221,-96.06319187935442,-123.44466775458525,0.1296073793761543,73,False,False,True,-49.085689669520036,0.10925769424747936,-71.97694560587307,1.5428825187743642,1.6590279888032786,1.6729391358657144,0.6274238704600124,0.4789315087461821,0.5733838081359863,1.0045158863067627,1.3377866744995117,0.0,0.0,0.527567544952035,0.36701759303065196,0.5358456858247519,0.0551350899040699,0.684931506849315,0.08585889353833903,0.0862993690070584,0.0001850064719764316,0.001775443553098004,0.0,0.0,0.0,0.0,1.0,0.0
257,1850992617,147.82289308775216,-142.85979351570256,1.3551134330172745,983,True,False,False,8.974585860783824,0.12892878195554433,-18.81106810053445,0.051197426569364456,0.5898439527805692,0.05122488720193178,0.12470596650702645,0.0,0.051183223724365234,0.051210690289735794,0.001205930719152093,0.358087487283825,0.1536113936927772,0.0,0.5416344126756564,0.24342476949095726,-0.05463311821222305,0.9593082400813835,0.0021999916359425136,0.02077602113809457,5.201486504100711e-09,0.0013785487619707782,1.0,0.030518819938962362,1.0,0.27568667344862663,0.0,1.0
258,1474258078,186.19419574495402,-75.30915593459022,1.2305167583977223,770,True,False,False,58.9999211529062,0.21413532161248092,14.173728054420295,0.09986822927827084,0.3994483174465899,0.09989511869713465,0.1152131477151618,0.0,0.09933070838451385,0.09989480674266815,-0.00024965047487057745,0.37402597402597404,0.03506493506493506,0.0,0.5647206162066235,0.2947668373957276,-0.05364653468132019,0.9662337662337662,0.004656515709871719,0.01881296858948084,1.3003716260034937e-08,0.0015980737122048329,1.0,0.03636363636363636,1.0,0.2831168831168831,0.0,1.0
259,292536559,207.15220217365857,17.322988425341023,0.8923460687415874,568,True,False,False,34.161511248782205,0.15105056117004015,1.9580337031154271,0.24246063218653277,0.6963102648039028,0.2424849624045891,0.16955547229589546,0.0,0.24242696166038513,0.2424512803554535,0.004041490610688925,0.0,0.0,0.0,0.49403282652188785,0.07503606638871134,-0.056422095745801926,0.8609154929577465,0.014598819715947392,0.020614435919929373,2.0805946016402843e-08,0.0015710318111647674,1.0,0.09683098591549295,1.0,0.06514084507042253,0.0,0.0
260,1081232581,-0.792091668932737,-340.39955936296286,1.598037338470155,1000,False,False,False,49.15592055850396,0.1620659312785806,14.742820645282471,0.020116213283672406,0.30286294902374583,0.13253471124171537,0.09392455275812231,0.048044736773817376,0.0001789093075785786,0.09882946312427521,0.08830734342336655,0.597,0.419,0.5810028612613678,0.5742490396939683,0.5667362807691098,0.1620057225227356,1.0,0.03322944946058483,0.014570158729584172,0.00107912119607851,0.0015980373384701534,0.0,0.0,0.0,0.418,1.0,0.0
261,1564819839,-29.729366832858048,-129.1898549973468,0.46200244082244385,353,False,True,False,15.26423576203309,0.17155498536869465,-20.989183694427926,0.5460177282288754,0.9866677989529963,0.5460177282288754,0.23778076406725226,0.17069214396410895,0.3019932806491852,0.5144540667533875,0.1829545646905899,0.0,0.0,0.5066043422557414,0.535936513208839,0.33260727144952396,0.013208684511482716,0.9291784702549575,0.02278620654394837,0.05102562297662568,0.0006420636918315382,0.0013087887841995573,1.0,0.0028328611898017,1.0,0.0,1.0,0.0
262,286497476,172.50409102421253,-129.31162329800287,1.4221785716110777,869,True,False,False,60.646753223492034,0.22544489951571062,13.558095437687745,0.0243512278247058,0.30026090488152457,0.027357114138754243,0.10372528069342202,0.0,0.013619422912597656,0.027352619916200638,0.0004958605859428644,0.5489067894131185,0.46029919447640966,0.0,0.5666290529402374,0.263877982404083,-0.05470259487628937,0.9666283084004603,0.0008763627821227511,0.020336529868988054,0.0,0.0016365691272854747,1.0,0.0333716915995397,1.0,0.32796317606444186,0.0,1.0
263,1605952649,221.63404536136068,21.392160204609993,0.9462094257837539,550,True,False,False,35.586194949812835,0.13614070309919504,6.3660046941832285,0.02593387430472714,0.5767790841059074,0.025961787390690282,0.18038103495378915,0.0,0.025905895978212357,0.02593383751809597,0.0012043571332469583,0.21454545454545454,0.14909090909090908,0.0,0.49118290092679673,0.18485384949482978,-0.05529224872589111,0.8727272727272727,0.002037503211774418,0.018697078359743234,7.802229755934226e-09,0.00172038077415228,1.0,0.06909090909090909,1.0,0.05818181818181818,0.0,1.0
264,200068483,238.71449995078146,-20.504500088786983,1.2254950001978455,706,True,False,False,86.46733531733273,0.24091832139632377,36.28532862907357,0.036821793180805695,0.3386331398282631,0.036849833361358254,0.14439882160781609,0.0,0.00027904511080123484,0.03684940189123154,0.00017832279263529927,0.5439093484419264,0.3002832861189802,0.0,0.5685821516075232,0.23655119389295579,-0.055118441581726074,0.9575070821529745,0.0026992056035413953,0.028972482341592477,5.201486504100711e-09,0.001735828612178248,1.0,0.043909348441926344,1.0,0.26062322946175637,0.0,1.0
265,585620245,176.03342913324008,-95.23038864621444,1.2778190888972714,785,True,False,False,51.94210665914313,0.20855912879612126,8.231030203407672,0.018905103901451295,0.28346189270358063,0.018914318641032466,0.09925687825576959,0.0,2.746581958490424e-05,0.01887817308306694,0.00116877316031605,0.6254777070063694,0.5528662420382165,0.0,0.5660226543012793,0.2999426932632923,-0.05523780733346939,0.9681528662420382,0.0016426978700392865,0.017415916174040865,1.3003716260251777e-08,0.0016277950177035318,1.0,0.033121019108280254,1.0,0.4789808917197452,0.0,1.0
266,1469933337,224.0658242939041,5.1496182317242045,1.031581030310898,630,True,False,False,56.262112158501495,0.21023397795519874,12.218874540003371,0.0167161390117779,0.42394577729454297,0.016743901843714083,0.14206077807769502,0.0,0.00016527176194358617,0.016686534509062767,0.0013848519884049892,0.40634920634920635,0.27936507936507937,0.0,0.5616180088164078,0.24552511904388666,-0.055274322628974915,0.953968253968254,0.0015096544107848673,0.026693789438194525,2.6007432520503554e-09,0.0016374302068426969,1.0,0.047619047619047616,1.0,0.2253968253968254,0.0,1.0
267,116008735,202.85917402487252,11.544183095547695,0.9044749546466243,521,True,False,False,37.56921676785622,0.18063232259093356,-0.546607143876215,0.08048567365057425,0.4790664918966064,0.08050099577880755,0.14284912616131812,0.0,0.08048057556152344,0.0804959312081337,0.000902984116692096,0.3474088291746641,0.1362763915547025,0.0,0.5515978523206516,0.19176825147122145,-0.05549876019358635,0.9366602687140115,0.005163284836617749,0.016149416245207153,1.0402973008201422e-08,0.0017360363812795087,1.0,0.05182341650671785,1.0,0.1017274472168906,0.0,1.0
268,581611928,234.5359991833102,28.496747484170854,0.9621962584956973,680,True,False,False,34.49852933211825,0.2029505525977436,-8.089428592456295,0.06293091935658242,0.5941271175077845,0.06295857637533131,0.21466508647987773,0.0,0.0006784439319744706,0.0629505142569542,0.0010075187310576439,0.1661764705882353,0.09852941176470588,0.0,0.4856772802407196,0.07410293174907565,-0.05544782802462578,0.8573529411764705,0.004150026163025282,0.03833412059949018,1.3003716260034937e-08,0.0014149944977877892,1.0,0.1,1.0,0.04852941176470588,0.0,1.0
269,744067628,219.81650701519106,-36.292068386141125,1.2036428770066607,769,True,False,False,69.22928860236331,0.19127454685180437,28.97525925625536,0.027160970771793858,0.40516912463605814,0.02716375426259162,0.1315068144671595,0.0,0.026615524664521217,0.0271440502256155,0.001034448156133294,0.4343302990897269,0.235370611183355,0.0,0.5624124498042352,0.3049909780174494,-0.05483614653348923,0.9687906371911573,0.000893634236786259,0.018750271613427835,1.0402973008201422e-08,0.001565205301699168,1.0,0.032509752925877766,1.0,0.3680104031209363,0.0,1.0
270,1345901386,3.180130696483098,-335.92084352114085,1.5955048710881212,1000,False,False,False,28.216839018946594,0.15220339855620715,-4.223754349799991,0.10858789681383482,0.4223800769168009,0.11195790211710137,0.0962703020893352,0.03949701007528024,0.00018234252638649195,0.08412456512451172,0.07387576997280121,0.5,0.0,0.5975917726755142,0.5553687009010464,0.5629618770629168,0.19518354535102844,0.981,0.024585585378473964,0.018180688190422827,0.0008036764782559623,0.0015955048710881187,0.0,0.0,0.0,0.442,1.0,0.0
271,223603263,29.30287783774545,-327.87592767017804,1.6858940275396166,1000,False,False,False,69.49206185291258,0.2093818395228365,25.61578029084029,0.06646460873963071,0.30418449032553024,0.08137299349876302,0.1005457774629549,0.0469179889449212,0.00024728773860260844,0.0732080489397049,0.035526689141988754,0.588,0.359,0.5938675329089165,0.5787628128319048,0.5588046310096979,0.18773506581783295,1.0,0.009157549235349859,0.017634573949533914,0.0012328764869527446,0.001685894027539616,0.0,0.0,0.0,0.437,1.0,0.0
272,1169030516,153.0132414897904,-121.39619447379732,1.2867471798179368,853,True,False,False,15.854033696330177,0.1578570516128216,-17.71699831347619,0.02736971400275759,0.4943110980694684,0.027398422893551364,0.12327025563259554,0.0,0.027369309216737747,0.027398014441132545,0.00014960527187213302,0.3376318874560375,0.18874560375146543,0.0,0.5597866519407783,0.27460179671645163,-0.05461757630109787,0.9683470105509965,0.0008604307915072655,0.015120194563809634,2.6007432520503554e-09,0.0015084961076411926,1.0,0.032825322391559206,1.0,0.16881594372801875,0.0,1.0
273,1599238136,-1.2923305083065948,-342.15806986214835,1.6043286967692083,1000,False,False,False,14.576086428929194,0.16033007583918044,-19.489842396412033,0.024274695219380624,0.41977020879078053,0.024274695219380624,0.11349914115463997,0.04962528975071356,0.0007257461547851562,0.0007257461547851562,0.024263843894004822,0.5,0.393,0.6061389446258545,0.5799774066768587,0.573682241588831,0.21227788925170898,1.0,0.018301003742645337,0.01785450550791468,0.0017727940370033425,0.0016043286967692097,0.0,0.0,0.0,0.335,1.0,0.0
274,1609733005,165.73279085024262,-31.41108998725292,0.9216194041874771,641,True,False,False,7.603814309945686,0.14618953056634806,-23.63090621439985,0.09734539853734094,0.5663673298300493,0.09737659532762648,0.1329973478591572,0.0,0.09733390808105469,0.09736776351928711,0.0013114666799083352,0.2948517940717629,0.06396255850234009,0.0,0.5603273181519333,0.293858518153429,-0.054077986627817154,0.9485179407176287,0.004623180033053005,0.023654719898632045,1.3003716260034937e-08,0.0014377837818837407,1.0,0.0405616224648986,1.0,0.1482059282371295,0.0,1.0
275,60405287,-149.44197403241995,-453.12462092454496,1.4289132344606266,895,False,False,True,21.127639390799352,0.18504598408167663,-17.8813093812879,0.5780932268448071,0.8586909448872591,1.0207422922883358,0.1557696173125033,0.17000438021927372,0.43176403641700745,1.001194715499878,-0.19880636036396027,0.0,0.0,0.5050565991550684,0.5178992998900085,0.3224299754376989,0.010113198310136795,0.9418994413407821,0.0339097882908565,0.044360032475797825,0.0001036370178501625,0.0015965510999560078,0.0,0.0,0.0,0.11843575418994413,1.0,0.0
276,1774614431,185.62460308817683,-21.40872023399885,0.9700666166108767,651,True,False,False,28.72987830803541,0.102919493898238,6.148860517909037,0.08896769056250108,0.5378028999329556,0.0889827944406311,0.12766185750725437,0.0,0.08714113384485245,0.08897504955530167,0.00117399450391531,0.2887864823348694,0.09062980030721966,0.0,0.5493222767048689,0.31531377041712405,-0.05416044592857361,0.9370199692780338,0.004182627129875297,0.011752491467415777,5.2014865040139746e-08,0.0014901176906465094,1.0,0.03840245775729647,1.0,0.1490015360983103,0.0,1.0
277,1043720662,203.57968048825867,-31.13221430447547,1.1055594739636707,680,True,False,False,44.71110038724849,0.2004672051703742,2.6198119481480715,0.09983549838621451,0.596766261959525,0.09986373393289472,0.1581409060526733,0.0,0.0998324379324913,0.09986066818237305,0.0007824993226677179,0.18823529411764706,0.041176470588235294,0.0,0.5687839935917188,0.282448113411665,-0.05390815809369087,0.9602941176470589,0.004718319122327158,0.03035729833657448,2.600743251833515e-09,0.0016258227558289269,1.0,0.041176470588235294,1.0,0.051470588235294115,0.0,1.0
278,1602030473,211.28291782352585,-64.01006534163906,1.2916649158258253,848,True,False,False,59.3755398026998,0.16355395928395647,24.665145755284133,0.05022574738169695,0.31317042092979547,0.05456346768054446,0.14365294302099496,0.0,6.88552827341482e-05,0.05455512925982475,0.0009538746089674532,0.6108490566037735,0.375,0.0,0.535857831758067,0.24671894267667085,-0.054533444344997406,0.9375,0.002364109750850913,0.033181180720474254,2.600743252267196e-09,0.0015231897592285681,1.0,0.03419811320754717,1.0,0.4705188679245283,0.0,1.0
279,1774598066,20.372291093412972,-317.2444060915117,1.5880834859246233,1000,False,False,False,29.40167508193104,0.14853357409194773,-2.304953393963705,0.1374925126294787,0.4853452947867324,0.13834780364037205,0.12249311954790278,0.006682044711272797,0.13738688826560974,0.1379844695329666,0.010020026937127113,0.202,0.0,0.5542163662612438,0.5553026437582448,0.56975521735847,0.10843273252248764,0.976,0.01139460520120223,0.022864181464663465,0.0012900785344095288,0.001588083485924622,0.0,0.0,0.0,0.371,1.0,0.0
280,1536042010,170.8727779760025,-79.43074743943383,1.177117627077184,744,True,False,False,40.43913545624357,0.19452782863085144,-0.46529887356911864,0.04608152896016185,0.3452463218230251,0.046109283057084983,0.09893056534360603,0.0,0.04607992246747017,0.04610767215490341,0.0003854250826407224,0.478494623655914,0.2916666666666667,0.0,0.5559667590742691,0.25005462422966956,-0.05521952733397484,0.9596774193548387,0.0032146669018750713,0.015069893844250799,0.0,0.0015821473482220184,1.0,0.04032258064516129,1.0,0.47446236559139787,0.0,1.0
281,1296415508,188.74771711342032,-30.112616486531465,1.0249016679997593,694,True,False,False,29.066771214704044,0.11978273540170258,3.112094192234079,0.10960740029676398,0.5995273543316217,0.11045692219962427,0.13345774588705359,0.0,0.10839442908763885,0.11044750362634659,0.0014424300752580166,0.2838616714697406,0.0,0.0,0.5462254240239303,0.2930191172659397,-0.05391787365078926,0.9380403458213257,0.005298183438543132,0.012178607106132411,1.3003716260034937e-08,0.0014768035561956187,1.0,0.037463976945244955,1.0,0.1786743515850144,0.0,0.0
282,1951647352,6.523449251055723,-337.97075812634534,1.6224710368870041,1000,False,False,False,31.56580636887193,0.1665795247012618,-3.7500122288856548,0.00921065350608457,0.4077153198337152,0.00921065350608457,0.09746813627738957,0.061489845028592206,0.005109214689582586,0.005893898196518421,0.0070780012756586075,0.449,0.207,0.6310807466506958,0.5704450946748256,0.5920075061172247,0.2621614933013916,1.0,0.01370446052197963,0.016010758416424832,0.00013358977788379897,0.001622471036887005,0.0,0.0,0.0,0.326,1.0,0.0
283,460733693,165.10998844557906,-126.61674761933982,1.3718336803245919,868,True,False,False,31.99182332654047,0.13843743594843133,2.3046615079024138,0.01384484748186125,0.3855678196970181,0.01661977088627653,0.11303352026176135,0.0,5.53131121705519e-06,0.01660747453570366,0.0006391978240571916,0.5057603686635944,0.35368663594470046,0.0,0.5518795442496521,0.23212071344256402,-0.05509675294160843,0.956221198156682,0.001540326926513502,0.014561595857157127,1.5604459512302132e-08,0.0015804535487610523,1.0,0.03686635944700461,1.0,0.35253456221198154,0.0,1.0
284,1887839194,187.784829017101,-96.50624527413997,1.3334553714562052,880,True,False,False,52.71909770649149,0.1628745174033974,18.144482629786797,0.05736191163032596,0.2862122656415504,0.07898027875986663,0.14265555305854943,0.0,8.20159948489163e-06,0.07897309958934784,0.0010648822644725442,0.6875,0.5579545454545455,0.0,0.550176899102834,0.294463907033205,-0.05552934855222702,0.9477272727272728,0.005069342739425342,0.034442406615018004,3.901114878097217e-08,0.0015152901948365957,1.0,0.029545454545454545,1.0,0.4090909090909091,0.0,1.0
285,904342164,133.95727908899994,-183.88877035468906,1.4907302472184483,985,True,False,False,24.11609927465469,0.16020622949532376,-9.925046232972226,0.05350531307870354,0.4334187927095991,0.05409225730222054,0.10742981800783309,0.0,0.05327262729406357,0.05408964306116104,0.000531802186742425,0.43147208121827413,0.18274111675126903,0.0,0.5609827836256871,0.2708268773369491,-0.054434020072221756,0.9725888324873097,0.0023154805658850866,0.017533736634602098,1.0402973008201422e-08,0.0015134317230644137,1.0,0.028426395939086295,1.0,0.3431472081218274,0.0,1.0
286,221337892,18.81892450898884,-297.4679021770864,1.4814341334303733,1000,False,False,False,39.20521181194604,0.14459075683480072,8.287146787480783,0.03591322702870654,0.3756883356158179,0.03591322702870654,0.09696191356475284,0.060216534564737134,0.02291727066040039,0.02291727066040039,0.027650652453303337,0.574,0.311,0.5696987733244896,0.5505801659077406,0.566396574601531,0.1393975466489792,0.975,0.025089939715110487,0.01408379021063455,0.00017482196140149175,0.0014814341334303753,0.0,0.0,0.0,0.428,1.0,0.0
287,1293998076,124.58448953512696,-1273.4740044804842,6.89029247007805,1000,False,False,False,51.15299035099978,0.22977432834688025,3.1982110241185264,0.1652060916636121,0.35681514263754494,0.1652060916636121,0.08467076699016302,0.002258059060861614,0.16508206725120544,0.16508206725120544,0.006400296464562416,0.566,0.0,0.0,0.24411015288421187,0.010017885997658595,-0.04566555842757225,0.412,0.02098999931581862,0.023005379407767725,0.007825060380729467,0.006890292470078044,1.0,0.406,1.0,0.618,1.0,0.0
288,959788703,206.07839680750598,-89.88522969505013,1.3845181325127796,953,True,False,False,48.57454861668991,0.16065354960165792,14.443977171062823,0.05533798994906636,0.41405202853400525,0.055365840628438114,0.1619657008170946,0.0,0.0012548447120934725,0.055361270904541016,0.0007113313768059015,0.4910807974816369,0.3987408184679958,0.0,0.5337454597669695,0.23812636254355313,-0.0553433857858181,0.9296956977964324,0.0037279066778321533,0.03388694452756571,5.201486504100711e-09,0.001452799719320863,1.0,0.03672612801678909,1.0,0.3357817418677859,0.0,1.0
289,62787811,131.54584755245597,-209.74956859184874,1.6135770807215253,929,True,False,False,27.45181705657089,0.15216955572534926,-4.981917839857971,0.10646304005979187,0.3827816975417372,0.10649078596524034,0.10057631862550916,0.0,0.1064569503068924,0.10648469626903534,0.0011388397542759776,0.4434876210979548,0.0,0.0,0.5405233557585655,0.1904683230444789,-0.0556403286755085,0.9429494079655544,0.006661720616292076,0.010153353774592656,2.8608175771903388e-08,0.0017368967499693472,1.0,0.05597416576964478,1.0,0.41227125941872983,0.0,0.0
290,1911790372,231.83031851926933,33.862000214823354,0.9304415915222295,594,True,False,False,54.36787633584262,0.15168034116822215,22.036917098479925,0.0007789027719678462,0.4527956849883574,0.004424054249219709,0.17249306567528505,0.0,0.0002780914364848286,0.004363632295280695,0.0007286763284355402,0.2239057239057239,0.16666666666666666,0.0,0.514437271573801,0.10975320334313438,-0.05496105179190636,0.898989898989899,0.0003704965602879219,0.023144758749236022,1.3003716260197567e-08,0.0015663999857276599,1.0,0.06902356902356903,1.0,0.1919191919191919,0.0,1.0
291,1452386286,136.49394082006773,-186.83659563432707,1.5178526822719713,988,True,False,False,31.58409414819023,0.11475812122338833,6.632567313224223,0.10331126198875791,0.4046201857557483,0.10333862855274711,0.10806979792004008,0.0,0.10330934822559357,0.10333671420812607,0.0006290054298005998,0.48582995951417,0.0,0.0,0.5446922682900395,0.18364153357222676,-0.05551832541823387,0.9645748987854251,0.006495545476017774,0.011031459942850753,2.0805946016402843e-08,0.0015362881399513888,1.0,0.03441295546558704,1.0,0.46963562753036436,0.0,0.0
292,861905043,202.29001490212966,-18.234816663912312,1.0390241578302095,636,True,False,False,40.27834483277862,0.20157920036987312,-2.0341454806760213,0.07939060499116073,0.4672643137088738,0.079417597162838,0.13778175975367357,0.0,0.0017554282676428556,0.07941265404224396,0.0008860683301463723,0.4009433962264151,0.13679245283018868,0.0,0.5540691698321475,0.25549649402499197,-0.05549069494009018,0.9528301886792453,0.00510141347974485,0.024479049481411237,2.6007432520069873e-08,0.0016336857827519034,1.0,0.04559748427672956,1.0,0.2893081761006289,0.0,1.0
293,33557341,19.085808651382123,-321.80625770537085,1.6044603317837645,1000,False,False,False,27.936406998259887,0.1853127942302355,-11.12606550529242,0.021610006558148254,0.2854007738146668,0.02352487994580561,0.08225011711066885,1.512650247065722e-07,0.00013065338134765625,0.023524856194853783,-3.342867057654075e-05,0.578,0.398,0.0,0.5512723767203279,0.2995524839684367,-0.054609742015600204,0.968,0.0006405467270565618,0.014809811077526722,7.802229756086014e-08,0.001604460331783765,1.0,0.026,1.0,0.477,1.0,1.0
294,1968158754,72.75990321128637,-255.45170161086924,1.5410580241107796,1000,False,False,False,56.9731394036878,0.20337512869546362,14.298200007089877,0.0028292390756795268,0.3711294213292415,0.0028292390756795268,0.14234676648766398,0.008921577333881185,1.9931792849092744e-05,0.0024412155617028475,0.001430056057870388,0.455,0.219,0.5057961735874414,0.5745413962374442,0.5984058419242502,0.011592347174882889,0.999,0.023923542776980333,0.030895797614862212,0.0167187726655764,0.0015410580241107784,1.0,0.001,1.0,0.23,1.0,1.0
295,1569880741,-12.072308713383954,-448.8424243785298,2.0838505783257277,1000,False,False,False,36.19577018563444,0.14542293694981343,5.111269138166545,0.12798568755132034,0.34211938819151305,0.1616431297287192,0.08247031893882,0.024456185548163423,0.11997060477733612,0.16136398911476135,0.009495493955910206,0.567,0.0,0.5546194948256016,0.5608210537638515,0.5511521514132619,0.10923898965120316,0.981,0.0019414940113360063,0.013830654513805602,0.00015501681389791847,0.002083850578325729,0.0,0.019,1.0,0.471,1.0,0.0
296,2094708717,259.28521129488956,100.99916682531267,0.7396302223478843,518,True,False,False,56.68185802543408,0.16465886066719013,21.761052209032517,0.024263432304231575,0.44425936528932075,0.024269753972951814,0.19964415199097282,0.0,0.0002601623418740928,0.02422485314309597,0.001475617871619761,0.47297297297297297,0.3030888030888031,0.0,0.5377627540969481,0.3055973399430513,-0.05497099831700325,0.9034749034749034,0.00075802181211142,0.037940717968661775,2.3406689268236358e-08,0.0014278575721001629,1.0,0.04826254826254826,1.0,0.28378378378378377,0.0,1.0
297,626209299,223.3610155294649,83.12945716269451,0.6520577918338518,491,True,False,False,37.342434677584905,0.1435116819954056,6.654483300922376,0.11459166085925035,0.5734057435043285,0.11460432882164075,0.1804906035404798,0.0,0.1145862564444542,0.11459894478321075,0.0011108731850981712,0.29938900203665986,0.0,0.0,0.5309407581876804,0.31300352603197096,-0.055657077580690384,0.9103869653767821,0.0071356794163563025,0.0246599088991722,2.3406689268236358e-07,0.001328019942635137,1.0,0.05091649694501019,1.0,0.15071283095723015,0.0,0.0
298,345113150,167.10675217113442,-99.46040529802539,1.2559357873457975,769,True,False,False,37.3442140101326,0.18594132859467954,-1.8431716845504098,0.072562117997801,0.36037934843906505,0.07258920125072685,0.11253847082885186,0.0,0.0725618377327919,0.07258892059326172,0.00020185470930300653,0.5084525357607282,0.09362808842652796,0.0,0.5535108380071742,0.23668423999100924,-0.05530739948153496,0.9544863459037711,0.004734625457424483,0.016702528104168675,1.0402973008201422e-08,0.0016332064854951867,1.0,0.0377113133940182,1.0,0.3862158647594278,0.0,1.0
299,286340482,191.26256447453068,-95.80506420471569,1.344438143396233,909,True,False,False,43.66643078358307,0.17249705947351143,7.167234376282541,0.014467709569574855,0.37186766487243567,0.014487540599742114,0.15136976571380714,0.0,0.0006268501165322959,0.014464855194091797,0.0008104300359264016,0.4961496149614962,0.28492849284928495,0.0,0.5451040865732532,0.3169294561445713,-0.05489625409245491,0.9504950495049505,0.00018947712930837584,0.034701680503905076,7.802229756096856e-09,0.0014790298607219267,1.0,0.027502750275027504,1.0,0.30583058305830585,0.0,1.0
300,588060534,97.12103137255765,-212.33486813874643,1.4472794975565066,1000,False,False,False,22.34964653496565,0.14667267564639075,-8.984802251817715,0.3176935363906709,0.5793356387870509,0.3250350401191372,0.10468253999329472,3.1249269088337e-08,0.31749582290649414,0.3248775601387024,0.010116729885339737,0.0,0.0,0.0,0.29169740488525714,0.0,-0.057562053203582764,0.506,0.019403991959547735,0.024732984483073876,0.0,0.0014472794975565072,1.0,0.464,1.0,0.481,1.0,0.0
301,1562456108,211.57025860766868,-70.25698906431938,1.328036238359939,811,True,False,False,49.73603167810738,0.18712534565253458,10.311539543616107,0.004895585005483485,0.37865959078944844,0.00587605759497153,0.14920754712985163,0.0,6.713867333019152e-05,0.005688667297363281,0.0014721131883561611,0.4722564734895191,0.33292231812577067,0.0,0.5447706905166066,0.2725180611759424,-0.05512947216629982,0.938347718865598,0.00026011329571521774,0.030689152540438695,2.6007432520286713e-08,0.0016375292704808142,1.0,0.032059186189889025,1.0,0.3033292231812577,0.0,1.0
302,1581055371,-2.1685521767270473,-281.3703775248725,1.3127091267407291,833,False,True,False,55.74035221533067,0.16745740757361754,20.249333238263493,0.18879485169739169,0.42136400581791716,0.22221020795076166,0.15638863096098604,0.01743969963174124,0.00047388076200149953,0.21802325546741486,-0.04293293133378029,0.27130852340936373,0.0,0.5177599377930164,0.505282561024834,0.41696344282565406,0.03551987558603287,0.8943577430972389,0.02561341211539268,0.04096844980094365,2.5162190963396586e-05,0.0015758813046107174,0.0,0.0,0.0,0.5306122448979592,1.0,0.0
303,939185871,-18.31806001641968,-421.7368448632437,1.9170939242341225,1000,False,False,False,14.687968194303808,0.1633797339244672,-19.987892248094816,0.5631994151695475,0.8345118060313332,0.6682936709301295,0.1690862779561022,0.0655597403210342,0.1658451110124588,0.6674232482910156,-0.03409748151898384,0.0,0.0,0.5533787347376347,0.5269617401751748,0.5354308209195733,0.10675746947526932,0.957,0.06766874387606824,0.04149617714439441,0.0001651628009634587,0.0019170939242341217,0.0,0.0,0.0,0.248,1.0,0.0
304,1235193594,-113.28706676303409,-139.63816473708113,0.12805548987023507,37,False,False,True,-82.38991466402467,0.12342592425452428,-107.6962013431914,1.609491222630558,1.7265590751603284,1.8030983740772002,0.744500752103182,0.6525711613675078,0.7390732765197754,1.0010569095611572,1.499682903289795,0.0,0.0,0.5513332411646843,0.3130029351450503,0.3130029351450503,0.10266648232936859,0.5945945945945946,0.10908770757263421,0.1081080556681993,0.00024882871138126594,0.003460959185682029,0.0,0.0,0.0,0.0,1.0,0.0
305,1550110083,170.96788361016655,-39.659624713907306,0.9758375416203688,773,True,False,False,17.633610930384368,0.12595531574865293,-9.55660687156018,0.04136434678828787,0.4906173488224234,0.04626218729805571,0.13820026751027886,0.0,0.040273189544677734,0.04624376446008682,0.001305458601564169,0.38421733505821476,0.314359637774903,0.0,0.510741610424581,0.2665048277378082,-0.05543382093310356,0.9029754204398448,0.0031832164388211725,0.019639907654840645,1.0402973008201422e-08,0.0012624030292630916,1.0,0.055627425614489,1.0,0.2652005174644243,0.0,1.0
306,767100266,149.84094831151896,-128.11446025834914,1.304777042849339,850,True,False,False,36.570615763696885,0.18818329359937827,-3.065653063209728,0.003495221007589323,0.3191374669219455,0.003497678728103277,0.08884738354158601,0.0,6.198883056640625e-06,0.00345268240198493,0.0005592322559095919,0.5176470588235295,0.3129411764705882,0.0,0.5600466458313167,0.29835168942809104,-0.05492764711380005,0.9682352941176471,0.0004292680750240806,0.011664508006368242,2.6007432520340924e-08,0.0015350318151168712,1.0,0.03058823529411765,1.0,0.48,0.0,1.0
307,1775315640,124.67364195669072,-160.7559560650775,1.3425479901088382,846,True,False,False,14.215509209408998,0.15916596467818578,-19.617277839710788,0.09367468399764477,0.3933825831403731,0.09370176750244412,0.09468082614833477,0.0,0.0002537727414164692,0.09370145946741104,0.00024026393657550216,0.48108747044917255,0.0591016548463357,0.0,0.5524578470677296,0.2522705677524209,-0.05539965257048607,0.9539007092198581,0.005950246337992912,0.01997010375881321,7.802229756367907e-09,0.0015869361585210868,1.0,0.034278959810874705,1.0,0.4078014184397163,0.0,1.0
308,253685681,157.16880113966772,-136.1689004786246,1.3765885080914588,901,True,False,False,37.46150667368928,0.18842610680055985,-2.2234811576869724,0.06490725079165063,0.3474715147450732,0.07025941547342611,0.1218321637931296,0.0,0.0008314132574014366,0.07025003433227539,0.0011481023393571377,0.5227524972253053,0.28190899001109876,0.0,0.5613205485856295,0.21567480757832527,-0.054397109895944595,0.9644839067702553,0.0032052817947572127,0.02691634557471935,2.600743251833515e-09,0.0015278451810116112,1.0,0.03662597114317425,1.0,0.36403995560488345,0.0,1.0
309,1633039757,155.09127780334111,-153.5713055171067,1.4482129166022353,951,True,False,False,37.49332807238309,0.137112051559078,8.071059046869264,0.05978428090671436,0.41616276914344386,0.0602821161411318,0.09746475902361051,0.0,2.1839141481905244e-05,0.060282040387392044,9.55677023739554e-05,0.5036803364879074,0.20189274447949526,0.0,0.5378534224292716,0.27844315343536435,-0.055226244032382965,0.9453207150368034,0.004033984250048746,0.015283655039965758,2.600743251833515e-09,0.001522831668351458,1.0,0.028391167192429023,1.0,0.4332281808622503,0.0,1.0
310,426878082,-68.98215595610955,-348.1896717806834,1.3023375791228713,937,False,True,False,6.908784274393944,0.14586867430748848,-24.264787954605396,0.19386690964459466,0.706148326617889,0.223241585435873,0.14296103942465427,0.014084853764130885,0.19345875084400177,0.21904397010803223,-0.043087638914585114,0.06510138740661686,0.0,0.5161626823246479,0.5410554150475441,0.4383301160245901,0.03232536464929581,0.9466382070437567,0.02679259950883632,0.030912297106292914,0.00038444966974490735,0.0013899013651257938,0.0,0.0,0.0,0.20277481323372465,1.0,0.0
311,931088333,6.364076539152261,-331.937470363623,1.591507734513875,1000,False,False,False,15.016021765641261,0.14393435289989118,-15.770762471842112,0.18482774710184832,0.5851990380503143,0.18482774710184832,0.12606145825337903,0.057502575721989864,0.18473473191261292,0.18473473191261292,-0.005863013211637735,0.017,0.0,0.5322126187384129,0.5552350046758074,0.5649723324552178,0.06442523747682571,0.999,0.027487263232940172,0.0222187676581243,0.001922685273590869,0.001591507734513876,0.0,0.0,0.0,0.336,1.0,0.0
312,233020741,81.78886205903254,-1065.3154269859979,5.6355214452251445,1000,False,False,False,19.35042736899775,0.15370222721532023,-13.389931731571483,0.2013110886282847,0.4347083696033311,0.20136048013513458,0.08917839732224019,0.007481362458080728,0.201198011636734,0.20124617218971252,0.0067838882096111774,0.0,0.0,0.0,0.2640599574330263,0.020083210836164652,-0.07081382721662521,0.453,0.015682414190419398,0.028129412693240815,0.0039031109484916927,0.005635521445225154,0.0,0.414,1.0,0.545,1.0,0.0
313,321104617,196.1882108257153,-7.757773459153711,0.957529921424345,622,True,False,False,32.85914224814338,0.1375507365401857,3.3528507981382742,0.10716859722785588,0.5919176529297702,0.10719597146296682,0.13629715925822034,0.0,0.10716657340526581,0.1071939468383789,0.0006588316173292696,0.21061093247588425,0.0,0.0,0.5126079007626849,0.12110139576718211,-0.055536899715662,0.8954983922829582,0.006718705501687317,0.01700910660478909,1.5604459512735813e-08,0.0015394371727079496,1.0,0.06913183279742766,1.0,0.06270096463022508,0.0,0.0
314,1639806757,-105.61354782441632,-135.0376554729408,0.14212053824262227,50,False,False,True,-67.9508506375889,0.13312126854194056,-95.36509221170195,1.608138974867722,1.6830159584334858,1.7444293065054488,0.5050469951034332,0.38593077200152276,0.7576499581336975,1.003572940826416,1.426840901374817,0.0,0.0,0.5346125587821007,0.46666400229558347,0.46666400229558347,0.06922511756420135,0.88,0.08546559353930747,0.0977925589545788,0.0006016871528437551,0.0028424107648524453,0.0,0.0,0.0,0.0,1.0,0.0
315,1415609443,200.37486246097836,-30.490513809025217,1.081026881350018,733,True,False,False,53.89645437011069,0.12932559353727444,26.032599315082315,0.002304144988869349,0.4470888022208844,0.002317013296098824,0.12475044437910181,0.0,0.0018270493019372225,0.0020881653763353825,0.0010040497872978449,0.3615279672578445,0.23874488403819918,0.0,0.5591147754564983,0.30902676612138746,-0.055045560002326965,0.965893587994543,0.000482492163767045,0.014258196862151394,0.0,0.0014747979281719214,1.0,0.03547066848567531,1.0,0.23328785811732605,0.0,1.0
316,1375016442,178.91523460512974,7.46067433428118,0.8038728013542424,534,True,False,False,8.75679789128098,0.12006467181256157,-17.24679911537027,0.25486158025046446,0.721048057890436,0.25488600422054714,0.1689602502236476,0.0,0.25482121109962463,0.25484561920166016,0.0045371269807219505,0.0,0.0,0.0,0.5142163870706178,0.10419189127278514,-0.05652332678437233,0.897003745318352,0.015322211250013174,0.014144156611468678,1.820520276543669e-08,0.001505379777816934,1.0,0.07303370786516854,1.0,0.06741573033707865,0.0,0.0
317,1625242512,35.862947670515965,-294.63052538257944,1.552467365265475,1000,False,False,False,54.17484406603949,0.187774256020356,14.620079204463082,0.06442386807455214,0.30205955546878227,0.08185227315930789,0.11944239940960656,0.03076438000180487,1.792907642084174e-05,0.07196416705846786,0.03899940103292465,0.569,0.218,0.5699094906449318,0.563541898038995,0.5714011512696743,0.1398189812898636,0.993,0.02009198087609525,0.032109406916224416,0.0014132724913291476,0.001552467365265475,0.0,0.0,0.0,0.469,1.0,0.0
318,924032943,156.95710857762026,-142.51853498678352,1.4074782178220178,899,True,False,False,32.52430091213988,0.13808381135812317,2.9077769108302634,0.004229670398533438,0.40604978221497545,0.004878553107958546,0.12016527761747467,0.0,6.771087555534905e-06,0.0047514913603663445,-0.0011061691911891103,0.44160177975528364,0.12791991101223582,0.0,0.562436443339159,0.2874821716733277,-0.054516445845365524,0.9699666295884316,0.0004408543455752632,0.015768573650873408,2.6007432519961453e-09,0.0015656042467430689,1.0,0.03225806451612903,1.0,0.27919911012235815,0.0,1.0
319,805957211,130.49346467778065,-154.7752128571007,1.3385433876744084,878,True,False,False,28.421680265148883,0.12777651296427134,0.8666719320383574,0.06882686249709763,0.37996039159748196,0.09534239245087381,0.08544874909499309,0.0,0.0003127098025288433,0.09533748775720596,0.0009670710423961282,0.44646924829157175,0.24031890660592256,0.0,0.5538260575833652,0.3188616117835045,-0.05556710064411163,0.9726651480637813,0.006019723243413468,0.014422961132822137,1.560445951186845e-08,0.0015245368880118535,1.0,0.02847380410022779,1.0,0.44646924829157175,0.0,1.0
320,353200484,225.80438736723747,34.39836847926641,0.8960300944398548,610,True,False,False,68.00623929661774,0.18638843034207464,28.732903322789284,0.1080431742577139,0.36997269389462883,0.10807102758622605,0.1442679055257101,0.0,0.10803642123937607,0.10806427150964737,0.0012083983747288585,0.5098360655737705,0.0,0.0,0.5582201114092328,0.2698813132941723,-0.055660296231508255,0.9557377049180328,0.006751452110159446,0.023684407418499608,1.560445951186845e-08,0.0014689017941636965,1.0,0.04590163934426229,1.0,0.4163934426229508,0.0,0.0
321,1440612902,206.52057486167192,33.09201822054135,0.815142783205652,520,True,False,False,26.90469014679493,0.17798391896918078,-10.6813455597138,0.10141698533375386,0.5874075813486631,0.10144426323230381,0.16865691129919136,0.0,0.08948583900928497,0.10144186019897461,0.0006982421618886292,0.19807692307692307,0.0,0.0,0.5349634958771415,0.19924253262579442,-0.05552751198410988,0.9153846153846154,0.006383199869388186,0.02871836838220727,5.201486504534392e-09,0.0015675822753954852,1.0,0.06346153846153846,1.0,0.0673076923076923,0.0,0.0
322,1072951446,-1.606135757407155,-316.2414585543196,1.4731766139845608,1000,False,False,False,11.818563138584288,0.13444608660621915,-17.070567840164674,0.0928670667407891,0.5269643638945666,0.0928670667407891,0.10416699778372092,0.05696119347113825,0.046994686126708984,0.046994686126708984,0.08009863644838333,0.384,0.007,0.6017325669527054,0.5550709642027505,0.5870308017730713,0.20346513390541077,0.99,0.009307406012089296,0.016957406434669465,0.0015960683315413655,0.0014731766139845614,0.0,0.0,0.0,0.306,1.0,0.0
323,1717708834,161.60291832573685,-117.75890660965379,1.3154091246769568,814,True,False,False,38.8111704055645,0.1963661989786758,-2.4615095315136473,0.04119143612680235,0.3603355032365906,0.04121908049187852,0.09574207962850469,0.0,0.0002038955717580393,0.041200924664735794,0.0012232756707817316,0.4398034398034398,0.20638820638820637,0.0,0.5550477597038708,0.28345337823033334,-0.055387336760759354,0.9680589680589681,0.0029000117533203758,0.019965525267748283,1.0402973008201422e-08,0.0016159817256473652,1.0,0.033169533169533166,1.0,0.4152334152334152,0.0,1.0
324,324576056,156.26429224661547,-97.13137666267261,1.18007834454644,869,True,False,False,22.311754670550364,0.13032948104331618,-5.753819420775222,0.10853510313177024,0.5653232107458451,0.10854920923873046,0.12739157871490495,0.0,0.10853347927331924,0.10854759067296982,0.0005927777383476496,0.25431530494821636,0.0,0.0,0.534685408856754,0.3166700756549835,-0.05552645027637482,0.952819332566168,0.006799599669984287,0.01429607745171889,2.6007432520069873e-08,0.0013579727785344537,1.0,0.028768699654775604,1.0,0.15880322209436135,0.0,0.0
325,1043075022,122.68960759242762,-917.8260334551958,5.102578205238122,1000,False,False,False,55.71381215838161,0.24407332422374883,4.899233656126657,0.17614369242876032,0.3726100877346637,0.17618257165864004,0.09144645334575022,0.01015944364357456,0.16815853118896484,0.17607983946800232,0.006015703547745943,0.564,0.0,0.0,0.2602871832185192,0.0,-0.056977931410074234,0.435,0.015185345836003441,0.027541592051382104,0.003021005156355871,0.005102578205238119,0.0,0.43,1.0,0.542,1.0,0.0
326,1970269961,176.5449892936275,-132.82838506761647,1.448766871806216,981,True,False,False,55.27341176796686,0.20175964946994565,12.921586383508103,0.017551346651359913,0.406234482616143,0.017559440002440786,0.14044684911370453,0.0,0.017466450110077858,0.01753559149801731,0.000914857373572886,0.454638124362895,0.1763506625891947,0.0,0.5663969475646844,0.3008813390135765,-0.05489463731646538,0.9734964322120285,0.0003630948449926431,0.030618698267543806,1.5604459512193712e-08,0.0014768265767647485,1.0,0.027522935779816515,1.0,0.2640163098878695,0.0,1.0
327,110878897,197.19655435833843,-1.0904447755977884,0.9298349956696803,616,True,False,False,29.11846309973252,0.14952476414464344,-2.7823942014948875,0.050557903519969846,0.5161840411471856,0.05058527107748892,0.14006655503649565,0.0,0.0505518913269043,0.0505792610347271,0.0007797455764375627,0.22402597402597402,0.137987012987013,0.0,0.5017537875461934,0.19256514597684146,-0.05533481016755104,0.8782467532467533,0.003452348177492326,0.018721189071329976,2.0805946016402843e-08,0.0015094723955676637,1.0,0.06655844155844155,1.0,0.11525974025974026,0.0,1.0
328,176865162,215.6580122750251,-6.4183958662458735,1.0462820407063564,641,True,False,False,38.681270889542,0.18053519073313376,0.5774183318392908,0.11009156431152414,0.5122855510005112,0.1101195015281905,0.17476344485571157,0.0,0.0007470130803994834,0.11010980606079102,0.0014612412778660655,0.22464898595943839,0.0,0.0,0.5459903300494281,0.23257865101099015,-0.055721577256917953,0.9297971918876755,0.006862524002781352,0.038119973580618076,5.201486504534392e-09,0.0016322652741128788,1.0,0.0499219968798752,1.0,0.14040561622464898,0.0,0.0
329,548674510,32.26493756435807,-270.2574868724477,1.4126121221840304,1000,False,False,False,15.391630469234755,0.1865685275150439,-23.9219886912792,0.05491244547717667,0.6470276599662282,0.05491244547717667,0.15096028155709654,0.020800243933940317,0.04800891876220703,0.04800891876220703,0.026655588299036026,0.245,0.114,0.5785375908017159,0.56887508655712,0.561491156667471,0.1570751816034317,1.0,0.00503235724454531,0.029836827440107634,0.0039627684226713,0.0014126121221840287,0.0,0.0,0.0,0.163,1.0,0.0
330,1188201133,246.03372020637636,64.6953349496448,0.8474919262836569,592,True,False,False,59.39229765417298,0.16908655201830597,23.580199980112646,0.06995322003167675,0.3895561287289057,0.07012994444448614,0.19575358705772256,0.0,0.0010637283558025956,0.07012615352869034,0.0007291769725270569,0.4831081081081081,0.15371621621621623,0.0,0.5440674698077822,0.28906490966677667,-0.05429398640990257,0.9256756756756757,0.0031743615582338217,0.04077203329474916,1.0402973008201422e-08,0.0014315741998034749,1.0,0.04391891891891892,1.0,0.40709459459459457,0.0,1.0
331,1768873092,-2.319626539782571,-345.0165072235032,1.6134844034186022,1000,False,False,False,14.720472256127502,0.17823273452853575,-22.925988307084875,0.05153932046631382,0.44821985909363093,0.08313889853181906,0.1141766908613181,0.05354711216077405,0.030062008649110794,0.030062008649110794,0.07751356065273285,0.488,0.208,0.5154923526570201,0.5723889564468991,0.512308818041347,0.030984705314040184,0.999,0.0011591828014419273,0.022023041943396944,0.0019142156280977246,0.0016134844034186022,0.0,0.0,0.0,0.298,1.0,0.0
332,1913795861,-102.39658364565112,-130.5205852283639,0.1355200079135639,51,False,False,True,-64.62716102318834,0.12938341461104974,-91.30593193246594,1.5602010347213051,1.5739788511951145,1.5602010347213051,0.5908168566333064,0.5212584355202536,0.7240915298461914,1.002823829650879,1.1952286958694458,0.0,0.0,0.5959172770380974,0.5542009303291493,0.5652849489357322,0.19183455407619476,0.9803921568627451,0.10278815605864688,0.10637168438715379,2.6361133602589848e-05,0.002657255057128705,0.0,0.0,0.0,0.0,1.0,0.0
