episode,reset_seed,task_return,train_return,variation,length,success,crash,out_of_bounds,discounted_task_return,discounted_variation,discounted_train_return,min_distance_to_pad,mean_distance_to_pad,final_distance_to_pad,mean_speed,final_speed,min_abs_x,final_abs_x,final_y,near_pad_fraction_0p2,near_pad_fraction_0p1,final_m_power,mean_m_power,last50_mean_m_power,final_main_cmd,positive_main_fraction,final_theta_abs,mean_theta_abs,final_theta_variation,mean_theta_variation,final_both_legs_contact,both_legs_contact_fraction,ever_both_legs_contact,low_velocity_fraction,final_lander_awake,landing_candidate
0,464507548,160.11410400378517,146.954104003785,1.052677152345567,658,True,False,False,7.359567168549185,0.1489187900058377,5.362252439049642,0.006914401436676347,0.44856243664747947,0.006941438578260365,0.11451822283631367,0.0,3.223419116693549e-05,0.006906986236572266,0.00069073197664693,0.3723404255319149,0.2857142857142857,0.0,0.5405025630984116,0.26970244720578196,-0.05632088705897331,0.9468085106382979,0.006549752117434033,0.012744438692101524,2.600743251833515e-09,0.0015998133014370325,1.0,0.0425531914893617,1.0,0.22036474164133737,0.0,1.0
1,172674724,196.99620161615306,183.39620161615372,1.1189785564524766,680,True,False,False,69.1900857983114,0.1893367502039142,67.19223839328586,0.10349423164875077,0.32991215810326147,0.10349470848077245,0.10774014898418613,0.0,0.1034931167960167,0.1034935936331749,0.00048037528176791966,0.5441176470588235,0.0,0.0,0.5516727573457448,0.1841908370703459,-0.05726519227027893,0.95,0.01249432688458008,0.008970864292950449,5.20148650366703e-09,0.0016455567006654083,1.0,0.051470588235294115,1.0,0.4764705882352941,0.0,0.0
2,163903425,241.98453195240577,232.66453195240587,0.8399593261053864,466,True,False,False,30.162634413872013,0.18971088334023362,28.18112840641252,0.055852276846637454,0.5957025206488392,0.05585599856769836,0.24849400583983072,0.0,0.0020301819313317537,0.055855847895145416,-0.00012973784760106355,0.2553648068669528,0.16738197424892703,0.0,0.45987333469277714,0.11182445276528596,-0.05676380917429924,0.7854077253218884,0.009950721961796683,0.038052770811331224,5.20148650366703e-09,0.0018024878242604858,1.0,0.15236051502145923,1.0,0.07939914163090128,0.0,1.0
3,1019325551,-107.632054305356,-108.632054305356,0.2083988155449384,50,False,False,True,-70.54471649571552,0.19895172672005224,-71.33470436144043,1.5775918606542325,1.6954976212660013,1.754460674027098,0.6952438215195115,0.5569680293691756,0.6701470017433167,1.004428505897522,1.4384907484054565,0.0,0.0,0.5888097211718559,0.3993395804055035,0.3993395804055035,0.17761944234371185,0.72,0.11819130764014976,0.12468512739298268,0.0014606502311513836,0.004167976310898767,0.0,0.0,0.0,0.0,1.0,0.0
4,1629015762,223.333883389458,212.21388338945857,0.9277893011528965,556,True,False,False,38.26447466480738,0.1976731155686873,36.27195977489103,0.008397912384982676,0.5341297480370701,0.008425092523407325,0.14780968811877582,0.0,0.008397484198212624,0.008424663916230202,8.498191891703755e-05,0.30035971223021585,0.15827338129496402,0.0,0.5274797165766358,0.275856144442223,-0.05617349222302437,0.9064748201438849,0.006487038444840382,0.019072017355535997,7.802229756367907e-09,0.0016686857934404607,1.0,0.05575539568345324,1.0,0.07733812949640288,0.0,1.0
5,1449951718,214.83105415478354,202.75105415478396,0.9347174499133393,604,True,False,False,49.13279841951839,0.1519948064585923,47.137418904176805,0.06331835073442996,0.5046856344744891,0.06452746681025105,0.16304940272864282,0.0,0.06166810914874077,0.06451892852783203,0.0010496830800548196,0.29635761589403975,0.15066225165562913,0.0,0.5611896439029879,0.2986378941684961,-0.05568036437034607,0.9602649006622517,0.0034458105591425345,0.010082015141984963,5.201486504100711e-09,0.0015475454468763894,1.0,0.041390728476821195,1.0,0.11258278145695365,0.0,1.0
6,1892108963,-64.87426876276731,-66.35426876276732,0.16570912869543042,74,False,False,True,-23.882003464537327,0.14693174225715974,-24.9313233805259,1.3754597962573867,1.4673214028477402,1.3754597962573867,0.39340072030967776,0.2475879227838301,0.7975084185600281,1.0008180141448975,0.9435321688652039,0.0,0.0,0.5667570307850838,0.6086613933580953,0.5918927617371083,0.13351406157016754,1.0,0.06897979935536283,0.08195882697069491,0.0012271555019840868,0.002239312549938249,0.0,0.0,0.0,0.0,1.0,0.0
7,1353470719,44.38233414250427,24.382334142505083,3.5897448013776514,1000,False,False,False,51.427331716777196,0.20626192616847938,49.427418059271936,0.14628677711000615,0.3532998166465426,0.15139899768415693,0.11927894964733317,0.02190131896464747,0.00041522979154251516,0.15139684081077576,0.0008081412524916232,0.586,0.0,0.5422434918582439,0.5264766839160584,0.5448108090460301,0.08448698371648788,0.932,0.013896711364284602,0.024064992652224296,0.0031433499706037035,0.003589744801377653,0.0,0.064,1.0,0.518,1.0,0.0
8,676069518,207.35396281685667,196.91396281685718,0.8808276652357533,522,True,False,False,28.41758650302719,0.14445428143479466,26.42812070341687,0.020037211833474435,0.5163649280319187,0.020057595233646402,0.1527438052152012,0.0,0.020029354840517044,0.02005586586892605,-0.00026338337920606136,0.28735632183908044,0.1743295019157088,0.0,0.5184737694239194,0.1707497417833656,-0.056401386857032776,0.9003831417624522,0.008028997662837439,0.016749334972474293,5.201486505401753e-09,0.0016874093203750051,1.0,0.06896551724137931,1.0,0.06896551724137931,0.0,1.0
9,1315085260,192.76276423409576,179.66276423409604,1.0875099767226772,655,True,False,False,29.781852282503664,0.2181236054546354,27.78461974954265,0.010525965944169215,0.49180704390050484,0.010553580364779004,0.14032781917076195,0.0,0.010442733764648438,0.010470581240952015,0.0013209795579314232,0.33587786259541985,0.23511450381679388,0.0,0.5522274557529515,0.2543029434978962,-0.056417111307382584,0.9572519083969465,0.006338245372091026,0.023642217319254068,2.600743251833515e-09,0.0016603205751491257,1.0,0.044274809160305344,1.0,0.10229007633587786,0.0,1.0
10,1377954153,198.31528153768738,189.6952815376875,0.6003340903626438,431,True,False,False,18.90870639785991,0.13418433840287194,16.934996899160872,0.13080441565715928,0.5994239968564645,0.1308047942418466,0.17759559363811375,0.0,0.13080330193042755,0.1308036744594574,0.0005412435275502503,0.21577726218097448,0.0,0.0,0.518622640640261,0.0986292215064168,-0.05746673420071602,0.8932714617169374,0.013954321728431956,0.008379656035179489,0.0,0.0013928865205629776,1.0,0.10208816705336426,1.0,0.08584686774941995,0.0,0.0
11,681462722,210.31309698258997,200.2130969825902,1.1155061303948517,505,True,False,False,26.645158522342104,0.18526856314081475,24.657655450334893,0.08572760363483174,0.5780476346878781,0.08676248706660883,0.18581585142165702,0.0,0.0857274979352951,0.08676233142614365,0.00016433953715022653,0.2396039603960396,0.1188118811881188,0.0,0.5068198667871443,0.04470484837889671,-0.05707685276865959,0.8851485148514852,0.011603958531132557,0.031204158561534318,5.20148650366703e-09,0.0022089230304848544,1.0,0.0891089108910891,1.0,0.09306930693069307,0.0,1.0
12,1906037396,-79.3171813979745,-80.6771813979745,0.16882252005432824,68,False,False,True,-40.29201722040308,0.15306135346615254,-41.28224544282895,1.4338485179637503,1.4941238261628202,1.4338485179637503,0.5358782875025325,0.378677328111243,0.6877910494804382,1.002692461013794,1.0249533653259277,0.0,0.0,0.5916764512658119,0.5842542704194784,0.5968237209320069,0.18335290253162384,0.9852941176470589,0.08595131355054318,0.10655678402693261,0.0012121128030143508,0.0024826841184460028,0.0,0.0,0.0,0.0,1.0,0.0
13,1887175263,220.2162452624643,205.15624526246518,1.301936415776612,753,True,False,False,64.0116419230451,0.26658358368593976,62.012675473131424,0.02002584921534002,0.35935095123072774,0.02014814865229046,0.17849530877416458,0.0,7.209777686512098e-05,0.020143795758485794,0.00041879178024828434,0.39575033200531207,0.23771580345285526,0.0,0.5541319693339763,0.28910652033984663,-0.056546516716480255,0.9667994687915007,0.00801397316907046,0.03605625226266802,5.20148650366703e-09,0.0017289992241389302,1.0,0.034528552456839307,1.0,0.07702523240371846,0.0,1.0
14,297761393,-109.72594082457363,-110.86594082457361,0.14244807584778307,57,False,False,True,-66.79728730329786,0.1297355323518106,-67.66947692239309,1.5621872386567817,1.6597734343135282,1.6782490028493795,0.6844105956168071,0.621255984894599,0.6311994791030884,1.0008621215820312,1.3471431732177734,0.0,0.0,0.5629687756299973,0.3441666045456945,0.3923499291820917,0.1259375512599945,0.6491228070175439,0.11134984445622335,0.10594343142945002,0.0003161359467438174,0.002499089049961106,0.0,0.0,0.0,0.0,1.0,0.0
15,241769223,52.71984635797565,32.71984635797626,2.4041089686639676,1000,False,False,False,47.12008888045887,0.1851123951313158,45.120175222953705,0.180473894250585,0.448936510222319,0.180473894250585,0.14830070868213915,0.04745854355104301,0.0006051063537597656,0.1799580603837967,0.013635358773171902,0.132,0.0,0.584173671901226,0.5440073343446711,0.5738836125284433,0.1683473438024521,0.974,0.00751873508771812,0.02665086588261871,0.00026278429967166624,0.002404108968663967,0.0,0.0,0.0,0.471,1.0,0.0
16,233261862,212.046883157878,200.2868831578784,1.6354414143819556,588,True,False,False,30.078355257727868,0.1400526350319382,28.083781815350992,0.13826707194692886,0.6139565999992942,0.13827622690043778,0.15410206585638603,0.0,0.13819046318531036,0.1381996124982834,0.004602394066751003,0.19047619047619047,0.0,0.0,0.42920165832807705,0.0,-0.05829976499080658,0.7551020408163265,0.014273161147786262,0.01909921617783496,0.0,0.0027813629496291777,1.0,0.15136054421768708,1.0,0.08843537414965986,0.0,0.0
17,1516995425,185.4149921048317,170.51499210483206,1.1760239924943396,745,True,False,False,25.218786437407353,0.2042729551126545,23.219906519801352,0.09649650187445644,0.5524808150236311,0.09652444461237965,0.1430161214575495,0.0,0.09649038314819336,0.09651832282543182,0.0010870909318327904,0.35704697986577183,0.052348993288590606,0.0,0.5385950683264512,0.2668889389932156,-0.05521059408783913,0.9355704697986578,0.0017377867324593857,0.024206771243627242,2.6007432520503554e-09,0.001578555694623275,1.0,0.038926174496644296,1.0,0.22416107382550335,0.0,1.0
18,956231059,160.2769627857953,143.85696278579573,1.3753784003395852,821,True,False,False,42.921413206101995,0.14992001641192465,40.92193503095591,0.09462437061366252,0.34344037708088127,0.1104469052058187,0.12365276398001039,0.0,0.00030498503474518657,0.11043815314769745,0.0013903952203691006,0.5310596833130329,0.08160779537149818,0.0,0.5580782124434623,0.30138318464159963,-0.05749468505382538,0.9707673568818515,0.01284715931861005,0.015876947091825144,2.6007432509661532e-09,0.0016752477470640494,1.0,0.030450669914738125,1.0,0.3507917174177832,0.0,0.0
19,1399996587,242.238217061339,233.9382170613389,0.7908140208169505,415,True,False,False,41.84982361573675,0.25879265308993915,39.88070066236601,0.3648266421561878,0.7706016447537314,0.36488563367246507,0.2709390335655611,0.0,0.0005661010509356856,0.3641771376132965,0.022727474570274353,0.0,0.0,0.0,0.516000305747905,0.19182550445199012,-0.05318550765514374,0.8578313253012049,0.01291640800881024,0.053797219601460965,0.0,0.0019055759537757832,1.0,0.08433734939759036,1.0,0.07951807228915662,0.0,0.0
20,908945483,187.1521609116229,171.67216091162356,1.3233897426636299,774,True,False,False,25.207975985390014,0.2398972937681798,23.208812879698176,0.10050229775571443,0.527742092571391,0.10077131685131499,0.1724966218342037,0.0,0.10001935809850693,0.10077085345983505,0.00030560255981981754,0.30361757105943155,0.0,0.0,0.5433910236799505,0.2602617917722091,-0.0549660362303257,0.9405684754521964,0.0015414946602336638,0.033282424175111146,1.3003716260251777e-08,0.0017098058690744606,1.0,0.037467700258397935,1.0,0.18604651162790697,0.0,0.0
21,988018957,227.5951536533422,218.23515365334282,0.7694795998910964,468,True,False,False,44.36079453087649,0.2166631524914015,42.37892049296544,0.047770575582114325,0.4577213856070244,0.047779160842259985,0.171257325037809,0.0,0.0009356498485431075,0.04777641221880913,0.0005124902818351984,0.41239316239316237,0.17094017094017094,0.0,0.5368679280484366,0.28143810868263247,-0.0568256750702858,0.9188034188034188,0.009499170515406139,0.02740905255142052,2.6007432527008767e-09,0.0016441871792544805,1.0,0.05982905982905983,1.0,0.14743589743589744,0.0,1.0
22,1811609170,202.02159916851667,192.121599168517,0.7423800875041388,495,True,False,False,28.13035847197591,0.17639822189034918,26.14417666711501,0.17936367217599095,0.5790274973483243,0.1793932483235653,0.17846140517022038,0.0,0.0011075973743572831,0.1793908178806305,0.0009338116506114602,0.14545454545454545,0.0,0.0,0.5411156909973032,0.27812638469040396,-0.05784660950303078,0.9272727272727272,0.01653089627342134,0.02737207944617974,0.0,0.001499757752533614,1.0,0.05454545454545454,1.0,0.12525252525252525,0.0,0.0
23,1520953939,202.3032266028809,189.48322660288142,1.0230838555440667,641,True,False,False,38.82229606569215,0.12417888074012158,36.825481654616205,0.12582376276414464,0.5248902414136033,0.13108238460698068,0.15004602932882963,0.0,4.39643845311366e-05,0.13107700645923615,0.0011874055489897728,0.3088923556942278,0.0,0.0,0.5284963016721163,0.267595364972949,-0.05759391188621521,0.9266770670826833,0.01395643873343911,0.01920504288633995,2.6007432527008767e-09,0.0015960746576350487,1.0,0.0436817472698908,1.0,0.14664586583463338,0.0,0.0
24,1762306363,-27.930143107126085,-36.950143107126216,0.6881973955807105,451,False,True,False,31.774252608831276,0.18544726579418377,29.79575579223823,0.3175025398401092,0.7397619082835177,0.3175025398401092,0.18512788100426017,0.21718780292071269,0.28495272994041443,0.3124122619628906,0.056625448167324066,0.0,0.0,0.5083702299743891,0.5255353155465806,0.2827691432679421,0.016740459948778152,0.9290465631929047,0.00352423727227914,0.03629526031949388,0.00043790307089679485,0.0015259365755669863,0.0,0.0,0.0,0.0,1.0,0.0
25,1960256931,224.9577460828705,211.65774608287097,1.1167188338713592,665,True,False,False,59.29246346405085,0.19555847098675627,57.29496631163407,0.08120345406489814,0.4260173381338878,0.0814430639014802,0.16025864300947126,0.0,0.00011110305786132812,0.08143653720617294,0.0010310506913810968,0.41353383458646614,0.15338345864661654,0.0,0.5498714324808154,0.27851600587368014,-0.057210687547922134,0.9609022556390977,0.011297492147799786,0.023977113719245966,1.3003716260034937e-08,0.0016792764419118176,1.0,0.0406015037593985,1.0,0.21654135338345865,0.0,1.0
26,261608047,-81.88726846538484,-83.22726846538484,0.1526068442660258,67,False,False,True,-41.12358430476695,0.13679343400232144,-42.10361281226781,1.448581805970315,1.510258152416511,1.448581805970315,0.4455684811573033,0.3166242966957845,0.7537404894828796,1.0010970830917358,1.0469927787780762,0.0,0.0,0.5755166634917259,0.5850577618537555,0.5827975705265999,0.15103332698345184,1.0,0.0776084828991116,0.09228439897038805,0.00018080367088116334,0.0022777140935227747,0.0,0.0,0.0,0.0,1.0,0.0
27,628052497,30.851673562999224,10.851673562999842,2.7065016246715476,1000,False,False,False,27.893829193640858,0.21095008185021946,25.893915536135683,0.13434810726545043,0.4356941101457214,0.18045419933315515,0.14234024324586306,0.043776253051937934,0.0003371238708496094,0.18043212592601776,0.0028224086854606867,0.432,0.0,0.5352295637130737,0.543094315662398,0.5361029165610671,0.07045912742614746,0.977,0.0023644140378114003,0.026175799227259926,0.0035747225751946504,0.002706501624671548,0.0,0.013,1.0,0.383,1.0,0.0
28,2107186230,182.77257895208885,170.29257895208934,1.143133600204466,624,True,False,False,29.359304066772868,0.18223561520927806,27.3630831932301,0.03825430706567761,0.36872610153095164,0.0695686981658614,0.12555520249072297,0.0,1.182556115963962e-05,0.06956692039966583,-0.0004973435425199568,0.5528846153846154,0.4599358974358974,0.0,0.5359024943079417,0.21375028303824364,-0.05526471138000488,0.9278846153846154,0.003231357171694977,0.02071510992896666,5.20148650366703e-09,0.0018319448721225422,1.0,0.049679487179487176,1.0,0.34455128205128205,0.0,1.0
29,1280894744,46.400204781274326,26.400204781274464,9.236132078093387,1000,False,False,False,46.97326296764903,0.21175470656483567,44.97334931014387,0.538965954482485,0.7227638838943715,0.6823339628382072,0.08829241727556349,0.005290531597172231,0.5105880498886108,0.682325541973114,0.0033899282570928335,0.0,0.0,0.0,0.31598799028800567,0.12264591118320822,-0.07184895128011703,0.564,0.04132771922031173,0.04896977198758873,0.0034466974125914734,0.009236132078093382,0.0,0.28,1.0,0.575,1.0,0.0
30,1308163710,186.91501017007397,172.4950101700755,7.474482120432346,721,True,False,False,16.276092751384553,0.20410662067627325,14.277518376377587,0.561797436023096,0.782038260930229,0.5872771712180361,0.0987368582310177,0.0,0.5466635823249817,0.5710933804512024,0.1369190514087677,0.0,0.0,0.0,0.2340210527758858,0.010170378871262074,-0.07862909138202667,0.4077669902912621,0.037915975797027546,0.03851187892906118,1.0402973003864613e-08,0.010366826796716147,1.0,0.40221914008321774,1.0,0.5700416088765603,0.0,0.0
31,12673048,207.12551198973085,197.3655119897314,0.7449386707168609,488,True,False,False,32.91732015794156,0.178635246844929,30.932145508084723,0.11734833402353828,0.48780558991695105,0.11735910837461903,0.1636085204578683,0.0,0.10791454464197159,0.11735515296459198,0.0009635305614210665,0.38934426229508196,0.0,0.0,0.5262526927740584,0.18986497074365616,-0.057458288967609406,0.9016393442622951,0.01322674819921691,0.015946707431695517,2.6007432509661532e-09,0.0015265136695017624,1.0,0.07377049180327869,1.0,0.22745901639344263,0.0,0.0
32,889932132,232.79865034599504,221.43865034599585,1.1823830704497476,568,True,False,False,56.50758065187484,0.2078496331020627,54.51421534021612,0.060764267354126766,0.5098161960493964,0.06076798223560981,0.16913580674053325,0.0,0.0607641227543354,0.06076784059405327,-0.00013120412768330425,0.20950704225352113,0.12147887323943662,0.0,0.48349857562471427,0.05643138241022825,-0.05680575594305992,0.8433098591549296,0.010214838492199202,0.028232058913678533,5.20148650366703e-09,0.0020816603352988507,1.0,0.11267605633802817,1.0,0.06690140845070422,0.0,1.0
33,1075134211,238.65877509585107,229.93877509585116,0.6687912192812872,436,True,False,False,41.341044107114584,0.16951212031250612,39.36604611225872,0.013391686133293881,0.6005453720038318,0.01339546257970824,0.1716055210978837,0.0,0.01338739413768053,0.013391208834946156,-0.0003375554224476218,0.26376146788990823,0.1536697247706422,0.0,0.5183519737078347,0.29169671446084977,-0.056317850947380066,0.8830275229357798,0.00767274330087361,0.0179828078834487,0.0,0.0015339248148653385,1.0,0.06422018348623854,1.0,0.06422018348623854,0.0,1.0
34,865824620,-32.19323986585516,-39.01323986585517,0.4890282268723717,341,False,True,False,16.766871821182885,0.13878239188849648,14.831829628017301,0.5590627995946849,0.9104019382066981,0.5614596577451783,0.20014512749591368,0.031555392299589875,0.34873589873313904,0.5279701352119446,0.19100911915302277,0.0,0.0,0.5116261830553412,0.5236558584783406,0.36377428360050545,0.023252366110682487,0.9120234604105572,0.07736842389397618,0.04681790063607967,0.0018284733492860694,0.0014341003720597417,0.0,0.0,0.0,0.12023460410557185,1.0,0.0
35,1400560478,184.10941118495543,169.269411184956,1.2925902006813046,742,True,False,False,28.54163187163437,0.13739823888258404,26.542786239920808,0.03210961710241111,0.444881558291548,0.03213679509933862,0.13354797436892243,0.0,0.03210859373211861,0.032135773450136185,0.0002562499139457941,0.4609164420485175,0.1495956873315364,0.0,0.5296571859123431,0.12349432505201548,-0.05593157187104225,0.9272237196765498,0.005208049154564604,0.013426010707283761,2.600743251833515e-09,0.001742035310891246,1.0,0.05390835579514825,1.0,0.22911051212938005,0.0,1.0
36,1099137468,-107.87908100346104,-108.71908100346103,0.13366970392542038,42,False,False,True,-74.89333090518004,0.12498352260699866,-75.58201246403175,1.5998443105332618,1.701345490021146,1.737202595552293,0.7157075469118251,0.6313706816897419,0.7181223034858704,1.0022447109222412,1.4189356565475464,0.0,0.0,0.5289221182465553,0.25936003745577874,0.25936003745577874,0.05784423649311066,0.5,0.10883901409990204,0.10494979601225042,0.00034875967009728726,0.0031826119982242946,0.0,0.0,0.0,0.0,1.0,0.0
37,308651950,154.65904060322805,137.93904060322785,2.421271093912512,836,True,False,False,19.53095257209962,0.15975784501622656,17.531401371924936,0.12254133943674189,0.4550342752697042,0.12273494900675605,0.12020239906977372,0.0,0.12254047393798828,0.12273339927196503,0.0006167745450511575,0.458133971291866,0.0,0.0,0.49942315039425444,0.011063558310270309,-0.0574270598590374,0.8947368421052632,0.013521589260213105,0.016937374361368652,0.0,0.0028962572893690363,1.0,0.09928229665071771,1.0,0.3492822966507177,0.0,0.0
38,2135886441,209.42900821510693,196.82900821510765,1.0550080449362826,630,True,False,False,56.24964697750965,0.15906749914474266,54.25320495005117,0.04977299356602989,0.4064760050162536,0.07679468953243297,0.1634803520111378,0.0,9.822845640883315e-06,0.07679128646850586,0.0007229542825371027,0.4793650793650794,0.4031746031746032,0.0,0.5650166571169856,0.30070450276136396,-0.05711192265152931,0.9603174603174603,0.011055062565190137,0.018357154048466707,1.0402973009068783e-08,0.0016746159443433053,1.0,0.04126984126984127,1.0,0.13333333333333333,0.0,1.0
39,2123588507,233.93039480708546,221.69039480708597,1.1289251126331334,612,True,False,False,62.146621292057176,0.21440648238867085,60.15088481976151,0.013148988680128823,0.4141068358208098,0.013175972933248825,0.15625263894994254,0.0,0.00017051697068382055,0.013174057006835938,-0.00022468804672826082,0.42810457516339867,0.27941176470588236,0.0,0.5460009768885238,0.1898326291516423,-0.056339576840400696,0.946078431372549,0.007657759768812849,0.024395235614265126,2.600743251833515e-09,0.0018446488768515256,1.0,0.05392156862745098,1.0,0.22712418300653595,0.0,1.0
40,1731118266,188.9269117974676,173.5669117974681,1.3816131005325705,768,True,False,False,33.45886839491298,0.2390326608928206,31.459757308299746,0.019775290422984693,0.39867018924571757,0.038699540035300066,0.15974172181917645,0.0,3.089904930675402e-05,0.038678549230098724,0.0012744521955028176,0.4309895833333333,0.22916666666666666,0.0,0.5354726046947084,0.14828255370259286,-0.0569026805460453,0.9283854166666666,0.008988464513562347,0.031142868806310425,1.5604459512735813e-08,0.0017989753913184529,1.0,0.049479166666666664,1.0,0.0859375,0.0,1.0
41,4716089,-116.48898820194881,-117.4689882019488,0.20966591846327362,49,False,False,True,-76.8262670408578,0.20176116210457565,-77.60403256179207,1.580702921349176,1.6747126497540106,1.7312446523000828,0.6623320329652406,0.6025705056314457,0.6888719797134399,1.003418207168579,1.4108011722564697,0.0,0.0,0.5888197794556618,0.4476461591892781,0.4476461591892781,0.17763955891132355,0.8163265306122449,0.12344501706871154,0.12444890141632846,0.001369998724358612,0.004278896295168852,0.0,0.0,0.0,0.0,1.0,0.0
42,954698821,-69.35945464819672,-71.4994546481967,0.23446670494288024,107,False,False,True,-18.158629233714212,0.19812926098655592,-19.47629711068612,1.3797462100845137,1.4781957661614125,1.3797462100845137,0.32698231907483216,0.15381793997405982,0.726548433303833,1.0003433227539062,0.950269877910614,0.0,0.0,0.5911007598042488,0.6080093781385466,0.609399933218956,0.18220151960849762,1.0,0.0735354172802146,0.09676547908792647,0.0021540395910617377,0.0021912776162885997,0.0,0.0,0.0,0.0,1.0,0.0
43,722439037,292.6793170120103,285.25931701201006,0.7083727703863701,371,True,False,False,87.3715041855089,0.22637725031517608,85.41955349947857,0.0740795044341408,0.39296061764746026,0.09111910334306732,0.2889578987031338,0.0,4.5108794438419864e-05,0.09111814200878143,-0.0004185581346973777,0.5633423180592992,0.444743935309973,0.0,0.5484211818425542,0.2559576569218189,-0.05495740473270416,0.921832884097035,0.0020812746959848107,0.048673726468402775,0.0,0.001909360567079167,1.0,0.07816711590296496,1.0,0.18867924528301888,0.0,1.0
44,143133740,210.54909445326774,200.98909445326825,0.7625467437650497,478,True,False,False,41.04658517583865,0.14913029159308164,39.06297797104431,0.03980103026090656,0.4780323068252332,0.039828495395384224,0.13810882245684364,0.0,0.039797592908144,0.03982505947351456,0.0005231475806795061,0.3472803347280335,0.16527196652719664,0.0,0.5370037109088387,0.15994292337447405,-0.05675620958209038,0.9225941422594143,0.00907079039101956,0.0076373710070678094,5.20148650366703e-09,0.0015952860748222792,1.0,0.0794979079497908,1.0,0.12343096234309624,0.0,1.0
45,851876933,251.90831576317424,240.98831576317428,1.061254532713603,546,True,False,False,60.57916213975173,0.14584630691421835,58.5874386307287,0.0010039541295064377,0.4492406702836563,0.002357236074372139,0.1989718040019739,0.0,0.00015630721463821828,0.002138423966243863,0.0009918189607560635,0.3443223443223443,0.21245421245421245,0.0,0.4753494139865421,0.03050587110221386,-0.05643768981099129,0.826007326007326,0.0067971192111076625,0.015576524151681927,2.600743251833515e-09,0.0019436896203545836,1.0,0.14285714285714285,1.0,0.06043956043956044,0.0,1.0
46,1892204776,-60.0140396282077,-63.75403962820769,0.25850753343829713,187,False,False,True,3.620016947764091,0.17394894732120897,1.9253764123159147,1.1622109762674961,1.339425391782783,1.1622109762674961,0.2889738799617872,0.16287018831359257,0.6351331472396851,1.0001554489135742,0.5919657349586487,0.0,0.0,0.5638390108942986,0.566754843183061,0.5783750703930854,0.1276780217885971,0.9946524064171123,0.050695591212639106,0.07057173118390027,0.0005273319032682092,0.001382393226942766,0.0,0.0,0.0,0.0,1.0,0.0
47,1103841343,-107.24934743903577,-108.90934743903577,0.17444193559601734,83,False,False,True,-51.65799620707053,0.1561415205251463,-52.7895335534869,1.615263095279297,1.6548637798105574,1.6567261550668755,0.2723344924439108,0.20587335045151473,0.7859352827072144,1.0013631582260132,1.3198535442352295,0.0,0.0,0.5748188942670822,0.5447103557547173,0.5574012897163629,0.14963778853416443,1.0,0.07924566117923781,0.08645054401562789,0.000994264145251264,0.0021017100674218954,0.0,0.0,0.0,0.0,1.0,0.0
48,1871136645,-94.81256890697405,-97.11256890697405,0.17706802049029569,115,False,False,True,-29.77937093133012,0.14897855446961372,-31.149752584968212,1.5599950063374834,1.6805261516389127,1.6843568283418988,0.3593091289376651,0.22084282560641744,0.6165568232536316,1.0000319480895996,1.3553575277328491,0.0,0.0,0.560579776763916,0.4563169452888162,0.5671946801990271,0.12115955352783203,0.8260869565217391,0.08316726991410957,0.09037062706431984,0.00045559300140420034,0.001539721917306919,0.0,0.0,0.0,0.0,1.0,0.0
49,368689141,47.183755158353755,27.183755158354085,1.7059243403231783,1000,False,False,False,21.77694822576232,0.26446118602963714,19.77703456825711,0.1624226905889877,0.6371756014058009,0.16255990280057142,0.1720574560278934,0.010203782627023286,0.10272760689258575,0.1577899008989334,0.03909052535891533,0.161,0.0,0.5516867898404598,0.5509012182587758,0.5500726924464107,0.10337357968091965,0.977,0.0185431940568758,0.033218715528023295,0.001928758009084361,0.001705924340323178,0.0,0.0,0.0,0.254,1.0,0.0
50,711874407,224.83708697082483,216.597086970825,0.687087975156834,412,True,False,False,38.78894527074517,0.14453329306746887,36.82076746846908,0.059364633216427314,0.58630563083459,0.05939362609243078,0.17313575277442214,0.0,0.00021257399930618703,0.059387873858213425,0.0008265948272310197,0.2766990291262136,0.14563106796116504,0.0,0.5352147936626581,0.3007322898507118,-0.056991007179021835,0.8883495145631068,0.01011610452556493,0.00970273348498922,5.20148650366703e-09,0.0016676892600894018,1.0,0.06553398058252427,1.0,0.06553398058252427,0.0,1.0
51,1949523453,9.065593503182713,-10.934406496817449,1.5799324382661677,1000,False,False,False,25.734259381996356,0.21019162390626428,23.7343457244911,0.07160640825996205,0.5337205281649959,0.11298330639276767,0.14295641049250657,0.08463038048056655,0.0002578735293354839,0.09648609161376953,0.05878487601876259,0.304,0.121,0.5629476830363274,0.5655638447660022,0.5683760583400727,0.12589536607265472,0.999,0.03127542783155025,0.02875538353837498,0.0008068597879964459,0.0015799324382661667,0.0,0.0,0.0,0.034,1.0,0.0
52,965219006,-90.54388340981677,-92.68388340981676,0.2350601633440745,107,False,False,True,-32.48337098107317,0.20331500306207767,-33.80103885804508,1.53499537767006,1.647615899693878,1.694070036305547,0.4159707475315809,0.21468541265791186,0.5685644149780273,1.0007548332214355,1.3668807744979858,0.0,0.0,0.5514984391629696,0.47112906086215073,0.5509999816864729,0.10299687832593918,0.8691588785046729,0.08021901534874275,0.09986927331532804,0.0006848953324492257,0.0021968239564866777,0.0,0.0,0.0,0.0,1.0,0.0
53,608969183,-89.34666125923395,-90.70666125923394,0.10712693441411728,68,False,False,True,-42.84648282822759,0.0880542013747429,-43.836711050653456,1.6265254113358092,1.7057328713245035,1.6659331597574953,0.40271102483396504,0.3547328877859727,0.7694393396377563,1.0006904602050781,1.3318978548049927,0.0,0.0,0.5551073849201202,0.3387269020518836,0.46066858679056166,0.11021476984024048,0.6323529411764706,0.06729027851654626,0.059694967221007804,0.0006617591204791523,0.001575396094325254,0.0,0.0,0.0,0.0,1.0,0.0
54,174629327,199.5871136769655,183.22711367696587,1.3678730761063567,818,True,False,False,43.18159874147884,0.2620731869479476,41.182136539470996,0.07211610624673374,0.44523129311397147,0.07214414244768112,0.1608123459635748,0.0,0.0005658149602822959,0.07212801277637482,0.001525471219792962,0.2946210268948655,0.11858190709046455,0.0,0.5407330835907558,0.26999280869960784,-0.05567830801010132,0.9388753056234719,0.00302191281575083,0.029677177027219438,2.600743251833515e-09,0.0016722164744576475,1.0,0.034229828850855744,1.0,0.16014669926650366,0.0,1.0
55,529795964,222.5888920185041,211.16889201850466,1.019029353258406,571,True,False,False,71.18897441514983,0.19943758403661058,69.19541204661279,0.01980345122895043,0.3532693907513035,0.01982366916654642,0.11759959843981029,0.0,0.019803429022431374,0.019823646172881126,3.0193328711902723e-05,0.4816112084063047,0.25569176882662,0.0,0.558085680775134,0.24392012079013511,-0.05603071302175522,0.9492119089316988,0.005876336465699269,0.009336732579472345,5.20148650366703e-09,0.0017846398480882775,1.0,0.05253940455341506,1.0,0.3380035026269702,0.0,1.0
56,120278483,172.32777633043014,158.7277763304301,1.1072257411507043,680,True,False,False,24.831728126126688,0.15233457228795894,22.833880721101092,0.015131255406972988,0.38990461619782774,0.018141206192595905,0.10979339467050579,0.0,2.002716064453125e-05,0.018090248107910156,0.001358780893497169,0.5161764705882353,0.37941176470588234,0.0,0.5406188806203907,0.22732864707708358,-0.05672525614500046,0.9352941176470588,0.007876044051070648,0.008123338209418645,0.0,0.001628273148751036,1.0,0.045588235294117645,1.0,0.4102941176470588,0.0,1.0
57,2011373962,194.71455227183174,179.6345522718325,1.2423875495698533,754,True,False,False,40.61034117138878,0.2312933253167098,38.61136438597437,0.042052463102084034,0.40830700763920214,0.04998965989717679,0.14078689362107566,0.0,0.00013246535672806203,0.04997653886675835,0.0011452770559117198,0.35809018567639256,0.2718832891246684,0.0,0.5333988467831688,0.29749668411910535,-0.05697624757885933,0.9389920424403183,0.009600882333063986,0.02838384732539754,0.0,0.0016477288455833598,1.0,0.034482758620689655,1.0,0.1419098143236074,0.0,1.0
58,1117234558,191.27527145193886,178.53527145193937,0.9894520682171931,637,True,False,False,33.63612853138763,0.13874260189451312,31.63944479430239,0.028622578576612143,0.4244135665801837,0.02865011638358784,0.12365765916752175,0.0,9.250640687241685e-06,0.02862834930419922,0.0011165952309966087,0.4662480376766091,0.3029827315541601,0.0,0.5364234129937725,0.24447933405637742,-0.05677618458867073,0.9262166405023547,0.008451086589297357,0.010425764685915283,2.6007432509661532e-09,0.001553299950105483,1.0,0.04709576138147567,1.0,0.28728414442700156,0.0,1.0
59,1707184565,-3.5621793906786507,-15.62217939067773,1.1343102799615712,603,False,True,False,63.01085813997138,0.2747756290322248,61.015525296192095,0.2563891194439536,0.5027262461794827,0.2714527069560557,0.15607567188158036,0.040758609369956525,0.06800918281078339,0.2669604420661926,-0.049180224537849426,0.0,0.0,0.5080907754600048,0.5480174868308536,0.41541350294020957,0.016181550920009613,0.9485903814262023,0.01542810181189122,0.03616908180790146,0.0010446938572797604,0.001881111575392324,0.0,0.0,0.0,0.2470978441127695,1.0,0.0
60,2024064892,-7.132486320109379,-27.132486320108985,3.6249236711225947,1000,False,False,False,38.876361306916316,0.26968481532075933,36.876447649411034,0.3163049378115786,0.6308101016015689,0.7114687804480886,0.16427156118176914,0.022237869898386234,0.0018206596141681075,0.6875202655792236,-0.18304018676280975,0.0,0.0,0.5638198181986809,0.5169971020240628,0.37242153166909703,0.12763963639736176,0.926,0.038727030583889516,0.037567294828326575,0.001301570568654438,0.003624923671122591,0.0,0.057,1.0,0.152,1.0,0.0
61,2087047656,58.551185214021686,38.55118521402092,5.402853976807376,1000,False,False,False,11.622971766746318,0.17983601728936202,9.623058109241157,0.5339956409452006,0.7315237105569017,0.5920201960958936,0.09547937960794653,0.0014604508096419519,0.5338143110275269,0.5920106768608093,0.0033572411630302668,0.0,0.0,0.5079393517225981,0.28160564553903533,0.09179088002070784,0.01587870344519615,0.507,0.013325066697116672,0.03442046017105042,0.022691305422681773,0.005402853976807378,1.0,0.478,1.0,0.61,1.0,0.0
62,714619600,-42.00074179637009,-48.06074179637015,0.5430273055704292,303,False,True,False,10.999852864534235,0.18193470598238515,9.095021525487189,0.9766820234799588,1.2330103167811244,0.9841544534390058,0.3004910999041628,0.07744515950395452,0.33929815888404846,0.9294279217720032,0.32361045479774475,0.0,0.0,0.5064377468079329,0.512067433577661,0.41634272890165447,0.012875493615865707,0.900990099009901,0.04695124913782575,0.07047537101932265,0.0304159888172275,0.0017921693253149487,0.0,0.039603960396039604,1.0,0.0,1.0,0.0
63,1075806674,-83.95944216712377,-85.99944216712377,0.19670775682192357,102,False,False,True,-33.094087395938864,0.16558783679468714,-34.37659080057507,1.4305452988446634,1.4589239402538878,1.4305452988446634,0.6437625372670172,0.4324128937264408,0.3834266662597656,1.0019361972808838,1.021069884300232,0.0,0.0,0.5798719674348831,0.5006287761224324,0.5727530182152987,0.15974393486976624,0.8921568627450981,0.0984043848449163,0.1187681565730474,0.0017855246752220277,0.0019285074198227802,0.0,0.0,0.0,0.0,1.0,0.0
64,1380583167,221.13923910111208,210.05923910111244,0.934572930979261,554,True,False,False,63.59711747940765,0.1797873087465427,61.60475456754537,0.04742830030361436,0.4100981032232591,0.047456039952971846,0.14589240938055426,0.0,0.04740476608276367,0.04743251949548721,0.001493928488343954,0.37906137184115524,0.23465703971119134,0.0,0.5636080090050662,0.2141646845638752,-0.056009307503700256,0.9422382671480144,0.004345609532714825,0.013595244893991642,2.6007432527008767e-09,0.0016869547490600354,1.0,0.05956678700361011,1.0,0.1371841155234657,0.0,1.0
65,1527789836,84.2248701136966,64.22487011369874,8.4877604098057,1000,False,False,False,53.68545523927216,0.2480676509719871,51.685541581766884,0.17075472741242237,0.31649817849962736,0.22838803526168,0.08811451422004143,0.024577888712265645,0.0012589454418048263,0.22652879357337952,-0.0290826465934515,0.341,0.0,0.0,0.31790706823876824,0.08095211260952055,-0.023594975471496582,0.552,0.01677325823670644,0.021259015017148417,0.022136983331036898,0.008487760409805695,0.0,0.294,1.0,0.658,1.0,0.0
66,1377783636,209.85263082496823,197.79263082496885,1.3971614210104668,603,True,False,False,59.010780326359786,0.23855440766227218,57.015447482580555,0.09417303291523271,0.37978024407714606,0.09420011636346169,0.12923884717961492,0.0,0.03375892713665962,0.0941983237862587,-0.0005811357405036688,0.472636815920398,0.06799336650082918,0.0,0.5472590570364326,0.16074155636131762,-0.054872144013643265,0.9303482587064676,0.0019237762853850954,0.02299180701032898,5.20148650388387e-09,0.002317017281941071,1.0,0.05970149253731343,1.0,0.34991708126036486,0.0,1.0
67,282964358,-39.372136953263535,-46.492136953263625,0.5391681753034337,356,False,True,False,6.33051036564727,0.12960018562492479,4.386377870114381,0.4178150279829396,0.8632687666699057,0.4178150279829396,0.19616875722108684,0.0796273669430718,0.4135952889919281,0.4135952889919281,0.059231195598840714,0.0,0.0,0.5194362848997116,0.5616754039348982,0.5265155576355756,0.03887256979942322,0.9747191011235955,0.018806144804115597,0.024752243196674323,0.0009604830911506372,0.0015145173463579594,0.0,0.0,0.0,0.0,1.0,0.0
68,679598937,-25.52099603232916,-45.520996032329045,2.4327207522157868,1000,False,False,False,29.07695233515317,0.18177740484218013,27.07703867764802,0.16777680157909206,0.3705139651317091,0.24959922035799034,0.09632861688430096,0.07657727441137771,0.16776618361473083,0.24959364533424377,0.001668236218392849,0.331,0.0,0.5693044066429138,0.5565646105944179,0.5395468878373504,0.13860881328582764,0.993,0.0010719749225345204,0.013249890377017695,0.0020048665659779135,0.0024327207522157877,0.0,0.0,0.0,0.563,1.0,0.0
69,964498172,208.04809797052275,191.38809797052357,1.402530733151487,833,True,False,False,51.02294544998856,0.23043481745375619,49.02340798764476,0.00755327964256247,0.35962682832865905,0.007563307022532219,0.15497499238243512,0.0,0.0012054443359375,0.007563114166259766,5.4011343308957294e-05,0.453781512605042,0.2785114045618247,0.0,0.5374281350970447,0.2900552009046078,-0.05617649108171463,0.9399759903961584,0.00653430110177372,0.031169683899256728,2.600743251833515e-09,0.0016837103639273554,1.0,0.031212484993997598,1.0,0.28331332533013204,0.0,1.0
70,538463003,274.52308921162046,264.6430892116204,1.0114822976005473,494,True,False,False,91.45342703578342,0.24042273127076433,89.46738480865122,0.07298491100316244,0.3109132095063598,0.07301246849362236,0.22352602902732943,0.0,2.880096508306451e-05,0.0730052962899208,0.0010233616922050714,0.6882591093117408,0.20040485829959515,0.0,0.5445964726155647,0.24718427762389183,-0.05555366352200508,0.9230769230769231,0.002993168751143576,0.03958795086555274,2.600743252267196e-09,0.0020475350153857223,1.0,0.07489878542510121,1.0,0.2975708502024291,0.0,1.0
71,569527992,11.388307958049598,-8.611692041949782,2.762048106999784,1000,False,False,False,58.82661203557094,0.1635575534638404,56.82669837806579,0.15924813773132354,0.3377919864398419,0.23231486923027214,0.09377856023744756,0.03343333258923689,0.15923461318016052,0.2323143035173416,-0.0005126858013682067,0.379,0.0,0.5341140441596508,0.5624395484752022,0.5291859537921846,0.0682280883193016,1.0,0.0009762410757879177,0.011942729062409424,0.0002515346221885552,0.002762048106999781,0.0,0.0,0.0,0.498,1.0,0.0
72,828003095,266.83121441756396,256.971214417564,0.826064637306619,493,True,False,False,54.46759778753875,0.21676596402489842,52.481696548011264,6.969373098445253e-05,0.4801339168962742,0.00014192043110047611,0.21087332267707812,0.0,1.659393274167087e-05,0.00012493133544921875,-6.733179179718718e-05,0.4239350912778905,0.2920892494929006,0.0,0.5191061866590583,0.22311428233981132,-0.056235164403915405,0.8762677484787018,0.006951340685209819,0.031779776026782815,7.802229755500545e-09,0.0016755874996077472,1.0,0.06693711967545639,1.0,0.20892494929006086,0.0,1.0
73,954833235,210.1703015498233,200.61030154982393,0.7424148596852382,478,True,False,False,33.64169443981215,0.13320096008016916,31.65808723501774,0.05195714327011389,0.47906529437809786,0.05198527577364236,0.15517179308952864,0.0,0.051943302154541016,0.051971435546875,0.0011994934175163507,0.3577405857740586,0.2175732217573222,0.0,0.5467868408704055,0.2490087205171585,-0.0558847077190876,0.9142259414225942,0.0041123521213692745,0.007252546747002305,2.6007432527008767e-09,0.0015531691625214191,1.0,0.06276150627615062,1.0,0.17782426778242677,0.0,1.0
74,530674831,87.33717406280333,67.33717406280522,4.493958754960784,1000,False,False,False,50.946092441031226,0.23687116097723632,48.94617878352589,0.28649331845613885,0.5128385809294851,0.28663087671170917,0.1005658364624355,0.002923209452583778,0.2864575982093811,0.28660017251968384,0.004195306450128555,0.0,0.0,0.0,0.4007506986297667,0.1478762735426426,-0.04592961072921753,0.684,0.00748292935499579,0.023341768626017157,0.000725539097806145,0.0044939587549607885,1.0,0.312,1.0,0.5,1.0,0.0
75,268805063,195.55086622731767,183.43086622731835,1.1281572104348607,606,True,False,False,30.72413868541693,0.17466070180774917,28.728667222430758,0.043279632587208336,0.4422027394834449,0.043290410318496904,0.14102531348081648,0.0,0.026455115526914597,0.04329032823443413,8.430242451140657e-05,0.41089108910891087,0.2590759075907591,0.0,0.5335938492221235,0.18982903337106108,-0.05669637396931648,0.9273927392739274,0.009269215397804852,0.018112177204024082,2.6007432509661532e-09,0.0018616455617736986,1.0,0.05115511551155116,1.0,0.1848184818481848,0.0,1.0
76,386459433,224.63498007412994,212.6749800741306,0.9404143762189014,598,True,False,False,49.17060551714205,0.1629530427920959,47.17551319858541,0.007725785608513562,0.42800826419959365,0.008010960639739509,0.1647187351031088,0.0,0.00620956439524889,0.007983970455825329,0.0006570434779860079,0.43478260869565216,0.2725752508361204,0.0,0.5581560801172685,0.2815155507624149,-0.05630165711045265,0.9548494983277592,0.006492877763627004,0.015005959200778601,1.0402973008201422e-08,0.0015725992913359548,1.0,0.046822742474916385,1.0,0.0903010033444816,0.0,1.0
77,1842675722,191.28916698287642,175.64916698287684,1.976632421277538,782,True,False,False,32.944352106968154,0.2639322604658853,30.945124346750763,0.10748594813207096,0.5737746338517361,0.1076445316820052,0.15880056755745614,0.0,0.10748548805713654,0.10764322429895401,-0.0005305313970893621,0.18925831202046037,0.0,0.0,0.5318774162422698,0.05605368800868746,-0.054663870483636856,0.9207161125319693,0.001209179489718962,0.03192066623888128,1.8205202764135647e-08,0.00252766294281015,1.0,0.05115089514066496,1.0,0.08184143222506395,0.0,0.0
78,215035549,97.7833250014229,77.78332500142456,6.94583835163459,1000,False,False,False,50.83491833753535,0.2911896687616295,48.83500468003033,0.19380775756159213,0.44282136795660276,0.22809775827568346,0.12772281941833813,0.012142857315529823,0.012255477719008923,0.22668056190013885,-0.025387205183506012,0.088,0.0,0.0,0.3719924996799091,0.11128330534789711,-0.053253401070833206,0.653,0.0046522696714198725,0.02859031529037861,0.0047508976577666255,0.006945838351634588,0.0,0.227,1.0,0.448,1.0,0.0
79,839465270,197.72291618958118,183.20291618958188,1.3817110861962907,726,True,False,False,49.90525935405813,0.2628907014508271,47.9066151092414,0.016750572932417836,0.3782274514792198,0.0319483446102593,0.14283182608330555,0.0,4.873275611316785e-05,0.031926535069942474,0.0011802888475358486,0.44077134986225897,0.19972451790633608,0.0,0.5508572621060632,0.14224642843008042,-0.05682067945599556,0.9490358126721763,0.008627056128658805,0.023385873098441826,5.20148650366703e-09,0.001903183314319959,1.0,0.05234159779614325,1.0,0.07713498622589532,0.0,1.0
80,609512609,3.642329897369155,-16.35767010263074,2.5824597141480834,1000,False,False,False,25.98381538031724,0.20463610116716205,23.98390172281209,0.29727955177509574,0.5524896571385133,0.3221646546924874,0.13532884705169088,0.043578958956046084,0.18967953324317932,0.32202595472335815,0.009452471509575844,0.0,0.0,0.5611993372440338,0.5319224811729946,0.528379121152684,0.12239867448806763,0.973,0.038506700817064,0.028319632165374246,0.0018855492606951255,0.002582459714148082,0.0,0.013,1.0,0.399,1.0,0.0
81,1146558410,215.4993873121449,206.03938731214532,0.7646102617239343,473,True,False,False,35.17350768750827,0.14811432833446073,33.19074529709978,0.02800586689707641,0.47110814081935404,0.028018283987453887,0.17399120746219032,0.0,0.00011501312110340223,0.028017615899443626,0.00019348620844539255,0.3763213530655391,0.21141649048625794,0.0,0.5633453012254074,0.29590598478913305,-0.056576065719127655,0.9429175475687104,0.008444302550524436,0.022371075465392562,5.20148650366703e-09,0.001616512181234534,1.0,0.05496828752642706,1.0,0.11839323467230443,0.0,1.0
82,1891899470,236.38087793877344,225.82087793877403,1.062961375843486,528,True,False,False,44.82221382555973,0.2429299310494968,42.83213156611639,0.09537411922564422,0.5091252196983631,0.09540158103025762,0.1931838601175394,0.0,0.001399135566316545,0.09539508819580078,0.0011130189523100853,0.24242424242424243,0.07196969696969698,0.0,0.515868444240892,0.08244554817676544,-0.055234264582395554,0.8731060606060606,0.0017965436992879785,0.036995277053771376,2.6007432520503554e-09,0.0020131844239459967,1.0,0.08333333333333333,1.0,0.08333333333333333,0.0,1.0
83,1915251784,-8.516708664852079,-28.51670866485198,2.7842961418848144,1000,False,False,False,45.86910382124365,0.21157095802171863,43.86919016373842,0.38474029892135586,0.5823473892821714,0.4275254374799077,0.11249582614188315,0.032646404492128626,0.37802982330322266,0.41763144731521606,-0.09144382923841476,0.0,0.0,0.538333386182785,0.5620250457285437,0.5429335865285247,0.07666677236557007,0.998,0.023055079183573038,0.027184326293750536,0.0014238445126486532,0.0027842961418848154,0.0,0.0,0.0,0.402,1.0,0.0
84,1313639606,195.82667402040693,183.5066740204075,1.022608163937856,616,True,False,False,49.32855463223356,0.20361838165436838,47.33265015993477,0.05809241549787581,0.3383954747686844,0.06721977783864741,0.12238691312821537,0.0,4.863739013671875e-05,0.06721945106983185,-0.00020959615358151495,0.5909090909090909,0.336038961038961,0.0,0.5495672435594221,0.203882734416984,-0.055362388491630554,0.948051948051948,0.0033463155500141357,0.018926962318266172,0.0,0.0016600781882108039,1.0,0.05357142857142857,1.0,0.400974025974026,0.0,1.0
85,695909292,193.74891039624922,184.68891039624947,0.960895563828924,453,True,False,False,26.22449256961843,0.22555177018646838,24.24556783967561,0.809357623339597,1.0711295206395839,0.8093635610195008,0.25016869361779503,0.0,0.3062872886657715,0.8091903924942017,0.016741642728447914,0.0,0.0,0.0,0.46577929771388626,0.0,-0.0686916932463646,0.8123620309050773,0.04527315596485859,0.06405415647032062,0.0,0.0021211822601079995,1.0,0.1545253863134658,1.0,0.13245033112582782,0.0,0.0
86,657540159,220.68318541630575,212.22318541630602,0.6750495343042766,423,True,False,False,31.012626080800388,0.1595692025804871,29.0411177117572,0.1604490308461819,0.6393075958905993,0.16047250311498293,0.20336335418125423,0.0,0.16044577956199646,0.16046924889087677,0.001021966920234263,0.16312056737588654,0.0,0.0,0.5082313664522145,0.14285983851179482,-0.057748422026634216,0.8723404255319149,0.015526152433236023,0.0137210251854688,5.20148650366703e-09,0.001595861783225239,1.0,0.09219858156028368,1.0,0.08274231678486997,0.0,0.0
87,1508100295,214.37187688535778,199.17187688535859,1.4114977609372024,760,True,False,False,54.81206078743006,0.27283133513342134,52.81302412365085,0.017049393357505757,0.35942991195780594,0.021418650438731594,0.1677413794420513,0.0,2.918243444582913e-05,0.02141427993774414,0.0004326677299104631,0.45657894736842103,0.2881578947368421,0.0,0.5434054107961281,0.19854512974619865,-0.056099265813827515,0.9421052631578948,0.0057779646525628415,0.03275164471230472,0.0,0.001857233895970004,1.0,0.04342105263157895,1.0,0.15,0.0,1.0
88,226019867,-104.66623034444638,-105.70623034444637,0.22746854697801888,52,False,False,True,-67.22619340324181,0.21815304317224019,-68.04026051043881,1.573110234205273,1.6393088178067214,1.6924230111542962,0.6072341754450321,0.46788308175211596,0.6961426138877869,1.003564476966858,1.36277437210083,0.0,0.0,0.5735489428043365,0.5486038432080442,0.5500618882849813,0.1470978856086731,1.0,0.11046801564324386,0.12349893407735522,2.244961575152693e-05,0.00437439513419267,0.0,0.0,0.0,0.0,1.0,0.0
89,667780743,-3.7676819034968325,-23.767681903496864,2.5970645074461878,1000,False,False,False,23.330971282867857,0.19804231163350414,21.331057625362636,0.1865531756655345,0.45190842812875476,0.1865531756655345,0.10777367823783393,0.06953603574590353,0.16414661705493927,0.18654175102710724,-0.0020645761396735907,0.021,0.0,0.5374838560819626,0.5552836507785832,0.5509250513091684,0.07496771216392517,0.995,0.023378252741556853,0.020669823636196724,0.001004412245420687,0.0025970645074461867,0.0,0.0,0.0,0.415,1.0,0.0
90,498383730,198.54244922231894,186.3224492223194,0.9904432625101276,611,True,False,False,46.669469974413985,0.1500026605727507,44.67377656805462,0.09381710826065297,0.4251310455822861,0.09718433579403578,0.12678792063591574,0.0,0.08240880817174911,0.09718246757984161,-0.0006025934126228094,0.44680851063829785,0.10965630114566285,0.0,0.5516445357840258,0.23596192616969347,-0.05481952801346779,0.9509001636661211,0.001766238050904333,0.01048996432123204,1.0402973008201422e-08,0.0016210200695746773,1.0,0.05073649754500818,1.0,0.35842880523731585,0.0,1.0
91,588981715,68.80512590081497,48.80512590081538,5.161417285191178,1000,False,False,False,23.469173291144966,0.1737905570622471,21.4692596336398,0.22212196222457378,0.6228023459245958,0.24316719451449129,0.11362474870825329,0.012911882961460923,0.22199448943138123,0.24254722893238068,-0.017352988943457603,0.0,0.0,0.0,0.4186126273582049,0.11091585180256516,-0.05533682182431221,0.739,0.006253697159524953,0.021323022575805234,0.004470617020413377,0.00516141728519118,0.0,0.156,1.0,0.323,1.0,0.0
92,742924764,12.273366544130809,-7.7266334558686465,2.4542429033232622,1000,False,False,False,31.111724484954127,0.19542898577439397,29.111810827448895,0.3158179311921201,0.553059819684563,0.33157117805442327,0.1296434720178656,0.04988801079372567,0.0029888153076171875,0.33114585280418396,0.016788993030786514,0.0,0.0,0.5402854159474373,0.5351613057537761,0.5364710928313434,0.08057083189487457,0.975,0.011225941799821549,0.027766619199599406,0.0004177482859722779,0.0024542429033232614,0.0,0.001,1.0,0.482,1.0,0.0
93,2053789632,220.18993410163085,209.80993410163148,1.090489988781029,519,True,False,False,43.86028292208356,0.2451123696423004,41.87113957594984,0.06317864211696661,0.4236844019175025,0.06386931771408548,0.1585526553200554,0.0,0.0007945060497149825,0.06386890262365341,-0.00023026704730000347,0.4393063583815029,0.24470134874759153,0.0,0.54013209174179,0.23159458928275853,-0.05540536344051361,0.9190751445086706,0.0035259209284419237,0.025430149738711532,0.0,0.002101136779924913,1.0,0.055876685934489405,1.0,0.23699421965317918,0.0,1.0
94,1243069214,168.45228761062032,152.09228761062042,1.3864390951596983,818,True,False,False,41.472785945232815,0.15381179565052028,39.473323743224874,0.046170491020973516,0.35034911720658474,0.04617707273230742,0.11256588355223553,0.0,5.435943421616685e-06,0.0461762435734272,-0.00027672291616909206,0.5831295843520783,0.15036674816625917,0.0,0.5442548713995221,0.18395311173051596,-0.05664747580885887,0.9572127139364304,0.009434158435963506,0.0135206252277881,5.20148650366703e-09,0.0016949133192661352,1.0,0.044009779951100246,1.0,0.3643031784841076,0.0,1.0
95,432678313,-92.31131240328686,-94.67131240328685,0.23201835484244582,118,False,False,True,-31.69602347260451,0.19674135188141967,-33.085105420747894,1.5532402994411993,1.6157707800937513,1.6290771999770033,0.3138559382641832,0.11943413360300266,0.6432994604110718,1.000062346458435,1.2859890460968018,0.0,0.0,0.5435018353164196,0.5286109409421057,0.5542508019506931,0.0870036706328392,0.9745762711864406,0.07149070253249519,0.09176636608021142,1.4272878967144798e-05,0.0019662572444275063,0.0,0.0,0.0,0.0,1.0,0.0
96,634649199,246.2003515688819,236.60035156888193,0.9295946590352028,480,True,False,False,62.983142764538314,0.19823035077011356,60.999209343119325,0.011892615271831018,0.4874080412223315,0.011919845188545934,0.18650847371038506,0.0,0.011873912997543812,0.011901187710464,0.0006666636327281594,0.2520833333333333,0.175,0.0,0.5064770655718651,0.030737536642700434,-0.05651594325900078,0.8791666666666667,0.007562906111110605,0.019174811278839778,2.6007432527008767e-09,0.0019366555396566735,1.0,0.1,1.0,0.07083333333333333,0.0,1.0
97,37235637,228.72250543180854,216.462505431809,0.9790815664841697,613,True,False,False,25.28234668918645,0.23609714571407947,23.28656758161367,0.12754400196602936,0.7293138755027028,0.12757185108834893,0.21388196757167868,0.0,0.12754221260547638,0.12757006287574768,0.0006754613132216036,0.1402936378466558,0.0,0.0,0.5163719118352476,0.06175414755940437,-0.05459139868617058,0.8874388254486134,0.00010912718685520003,0.03508579175128814,5.201486504060053e-09,0.0015971966826821683,1.0,0.07504078303425775,1.0,0.053833605220228384,0.0,0.0
98,1305772342,223.6549347881402,213.21493478814077,1.0017991207208536,522,True,False,False,32.74147177427962,0.23416950409849913,30.752005974669345,0.061174569366892265,0.5550587256649626,0.06118371871506815,0.1835547693027644,0.0,0.04702634736895561,0.06118287891149521,-0.0003205680986866355,0.3275862068965517,0.22796934865900384,0.0,0.5402789176779601,0.2612440977245569,-0.0554230660200119,0.9118773946360154,0.0036725508329914034,0.028353394776858918,5.201486504100711e-09,0.0019191554036797976,1.0,0.05172413793103448,1.0,0.17049808429118773,0.0,1.0
99,1165275128,186.89134468231356,176.33134468231373,0.91031768934696,528,True,False,False,27.210689692366024,0.15822899120597464,25.220607432922733,0.10688603325724659,0.4777012781727472,0.10689338033709657,0.1401222920661738,0.0,0.10688591003417969,0.10689325630664825,0.00016283750301226974,0.2878787878787879,0.0,0.0,0.5369121520109756,0.11447101911529899,-0.05722679942846298,0.9185606060606061,0.012683317695218632,0.01745881017470698,7.802229756367907e-09,0.0017240865328540917,1.0,0.07765151515151515,1.0,0.10416666666666667,0.0,0.0
100,583811102,169.59104731883855,152.7710473188382,1.3168657832345354,841,True,False,False,8.509370916684905,0.20813926550155204,6.509797720853174,0.056254691398537573,0.5768516547569936,0.05952957083161694,0.16855531450669212,0.0,8.993149094749242e-05,0.0595182403922081,0.0011614060495048761,0.36504161712247324,0.1581450653983353,0.0,0.5412907207918471,0.22219229750335218,-0.057061027735471725,0.9512485136741974,0.010114529775525825,0.029879464852558792,5.20148650366703e-09,0.0015658332737628247,1.0,0.03804994054696789,1.0,0.187871581450654,0.0,1.0
101,1168068246,208.57908329786738,193.37908329786774,1.2058424093675975,760,True,False,False,21.066762523718243,0.263696062308261,19.067725859939078,0.09602943720193785,0.703523648729444,0.09605690246712147,0.19804613682572875,0.0,0.09601917117834091,0.09604664146900177,0.0014039850793778896,0.22105263157894736,0.04868421052631579,0.0,0.532892700462406,0.17797951832413672,-0.055289462208747864,0.9289473684210526,0.0017509201607892333,0.03425222248441299,2.6007432520503554e-09,0.0015866347491678935,1.0,0.04736842105263158,1.0,0.0868421052631579,0.0,1.0
102,555937879,121.76824918715289,101.7682491871555,8.729570593428855,1000,False,False,False,38.8381117399401,0.2783957892159589,36.83819808243505,0.3824234049237147,0.5518215925065659,0.3980944880284344,0.11853610082963188,0.017622806193314907,0.0028541565407067537,0.3980723023414612,-0.004202797543257475,0.0,0.0,0.0,0.22710938879754394,0.0,-0.03389723598957062,0.375,0.006504985523836831,0.02881364538934699,0.02126983018713572,0.008729570593428857,0.0,0.343,1.0,0.603,1.0,0.0
103,800230316,177.18366203009504,164.86366203009516,0.954324298972859,616,True,False,False,25.64001288102989,0.13121868709607531,23.64410840873118,0.08218473175287258,0.45966834874667245,0.08221106048077666,0.12326215442309989,0.0,0.0001430511474609375,0.08220348507165909,0.0011160230496898293,0.4366883116883117,0.10551948051948051,0.0,0.5382861998335681,0.26056719683110713,-0.057233765721321106,0.9383116883116883,0.011336724359756667,0.013047588674974013,0.0,0.0015492277580728218,1.0,0.045454545454545456,1.0,0.2305194805194805,0.0,1.0
104,1458649717,1.0070087471976734,-5.432991252802097,0.5557757309224048,322,False,True,False,47.02406998095609,0.1940059861790465,45.10269534260779,0.42248222443417854,0.841872740453487,0.42248222443417854,0.23537876148650144,0.1487589446653709,0.4172561764717102,0.4172561764717102,0.06624585390090942,0.0,0.0,0.5080123413354158,0.5861851163092793,0.5096979204565286,0.01602468267083168,0.9906832298136646,0.034361339737247046,0.030128226223547563,0.000648750202732501,0.001726011586715544,0.0,0.0,0.0,0.0,1.0,0.0
105,1478023289,33.39696222925549,13.396962229256163,4.3742572934858766,1000,False,False,False,33.36386178221493,0.16463316889603263,31.36394812470976,0.13068560982985172,0.3866284252072247,0.14879187926380644,0.09213343595249189,0.01970830749317981,0.13068532943725586,0.14795351028442383,0.015772828832268715,0.555,0.0,0.5422568432986736,0.4474994752677158,0.489374462030828,0.08451368659734726,0.801,0.0077991160162330245,0.009635938239149853,0.0011806522620803452,0.0043742572934858765,0.0,0.179,1.0,0.5,1.0,0.0
106,952651705,91.09684591354451,71.09684591354663,9.340092590368215,1000,False,False,False,16.999159991979038,0.22030471620060552,14.999246334473794,0.582586579020558,0.7366272339541562,0.6035557538500069,0.09562148420676794,0.008356185815557724,0.35316142439842224,0.592375636100769,0.11563154309988022,0.0,0.0,0.0,0.19221105479990366,0.0,-0.0074876053258776665,0.335,0.013854489597959513,0.03388091476691897,0.0019020925885212918,0.009340092590368228,1.0,0.36,1.0,0.653,1.0,0.0
107,621463961,-52.74680272489787,-54.48680272489788,0.22154752844287812,87,False,False,True,-7.438006222191682,0.19920991648795397,-8.60376446232523,1.2882836208126147,1.3478405494351544,1.2882836208126147,0.5930366731581619,0.4057934527134037,0.5644882321357727,1.0013309717178345,0.8105621337890625,0.0,0.0,0.6064582616090775,0.6277061947460832,0.6071952582895755,0.2129165232181549,1.0,0.09949111061426376,0.11940271925886849,0.00043826684985916187,0.0025465233154353807,0.0,0.0,0.0,0.0,1.0,0.0
108,1251300265,10.643050458736367,-9.3569495412633,2.254132768334185,1000,False,False,False,41.91653792299485,0.1881414968296465,39.91662426548959,0.15263556286516144,0.3757241339044234,0.15263556286516144,0.09798329672111276,0.04257850633070517,0.15258178114891052,0.15258178114891052,-0.004051556810736656,0.384,0.0,0.5406272746622562,0.5620883901029592,0.5331939836218953,0.08125454932451248,1.0,0.01921672544168528,0.017533280147987797,4.354164352549442e-05,0.0022541327683341856,0.0,0.0,0.0,0.48,1.0,0.0
109,413166735,-89.16291470658034,-90.94291470658034,0.19895589130384406,89,False,False,True,-40.71336498869728,0.1733185252479668,-41.89572463985219,1.4496996724988913,1.4663341267724865,1.4496996724988913,0.6503526233761445,0.4566130723195371,0.4542236328125,1.0002790689468384,1.0493192672729492,0.0,0.0,0.5794276967644691,0.5412462728956108,0.569996976852417,0.1588553935289383,0.9775280898876404,0.10138147645146164,0.12129539219548736,0.0005428271315637972,0.00223545945285218,0.0,0.0,0.0,0.0,1.0,0.0
110,78844491,200.24198833266712,188.54198833266787,1.0067316048325836,585,True,False,False,51.68829989522535,0.27773277958350207,49.6938925606028,0.5109520422781698,0.8111794734533475,0.6321031170646662,0.19390753753641116,0.0,0.5107390880584717,0.6314837336540222,-0.027975788339972496,0.0,0.0,0.0,0.4950719808490746,0.0,-0.02932491898536682,0.8444444444444444,0.021985762789554678,0.03848975090095788,1.0402973010803507e-08,0.0017209087262095464,1.0,0.09572649572649573,1.0,0.08717948717948718,0.0,0.0
111,288548080,221.7097644260154,210.08976442601582,0.9990569786545517,581,True,False,False,53.58005866812199,0.22639994028355784,51.58588074662242,0.088999344087159,0.5130913026301285,0.08902690316946782,0.17278832522268664,0.0,0.08882217109203339,0.08902683109045029,-0.00011328697291901335,0.27882960413080893,0.10671256454388985,0.0,0.5616510047476335,0.27237110912799833,-0.05505858734250069,0.9535283993115319,0.0021810510730237882,0.023262398835078316,7.802229755934226e-09,0.0017195472954467318,1.0,0.04819277108433735,1.0,0.08777969018932874,0.0,1.0
112,1758747646,20.32406085575937,0.3240608557596959,1.8062079222556264,1000,False,False,False,42.88567512971981,0.2641913536687801,40.88576147221449,0.12086348536535334,0.4711834380397769,0.12086348536535334,0.12447779361719395,0.058162924870965076,0.05232229083776474,0.11373357474803925,0.040898118168115616,0.084,0.0,0.5511326864361763,0.5655881613544188,0.5578882103413343,0.1022653728723526,1.0,0.0046386908658081144,0.037225893778446935,0.0017621101837240012,0.0018062079222556245,0.0,0.0,0.0,0.387,1.0,0.0
113,60265409,260.8335250435863,249.57352504358647,1.0534807745942623,563,True,False,False,62.412897940147644,0.22111729896122348,60.419874551881975,0.0017152100860551977,0.4422913628986201,0.007782198760034483,0.21404941680356565,0.0,0.0004267692565917969,0.0077667236328125,0.0004905319074168801,0.35346358792184723,0.19715808170515098,0.0,0.5394367787393131,0.10102852606214582,-0.05626818537712097,0.9253996447602132,0.006509753336403617,0.04058192144354696,5.20148650366703e-09,0.0018711914291194723,1.0,0.07104795737122557,1.0,0.07815275310834814,0.0,1.0
114,721080364,-83.61478089606389,-85.73478089606388,0.17743704515181286,106,False,False,True,-29.284379002095505,0.13994783199254993,-30.595154635400466,1.4638846675571957,1.5535676057444312,1.4638846675571957,0.5333503139878,0.39528715593128383,0.49532002210617065,1.0012953281402588,1.0678791999816895,0.0,0.0,0.6082631722092628,0.4525551568664048,0.5907474567741156,0.2165263444185257,0.8018867924528302,0.08562896702891351,0.093507385460432,0.0003137120540329247,0.0016739343882246497,0.0,0.0,0.0,0.0,1.0,0.0
115,229601205,181.8801988753024,170.98019887530268,0.9174340806557627,545,True,False,False,21.31579137034892,0.15480694708108853,19.324151462244945,0.08216124495281747,0.48194348006856386,0.0821660120424608,0.12385096639079399,0.0,0.00021657944307662547,0.08216600120067596,4.220962364342995e-05,0.3834862385321101,0.14495412844036698,0.0,0.522162688743118,0.02076744260266423,-0.057016436010599136,0.9064220183486239,0.011360101140477542,0.012028659342826015,0.0,0.001683365285606904,1.0,0.09357798165137615,1.0,0.21100917431192662,0.0,1.0
116,1515063585,-38.67615332974239,-45.31615332974244,0.4765715587500813,332,False,True,False,5.691403898461877,0.12394578674411795,3.7625112661808333,0.3770815242484888,0.8012817292559533,0.3770815242484888,0.18921713810629884,0.02082901698409844,0.3647152781486511,0.3647152781486511,0.09577704221010208,0.0,0.0,0.5111049618571997,0.5564583341073153,0.463478528856067,0.022209923714399338,0.9578313253012049,0.05980222894827303,0.027635208173853492,0.0004164466139746359,0.001435456502259281,0.0,0.0,0.0,0.0572289156626506,1.0,0.0
117,582664441,175.42229383271172,161.28229383271227,1.25587452574131,707,True,False,False,43.58114017230037,0.21074033541619344,41.58278118739612,0.02876900800266137,0.28152741899735884,0.1038682073282659,0.13630881403084677,0.0,0.00014829635620117188,0.10385894775390625,0.0013868904206901789,0.693069306930693,0.42715700141442714,0.0,0.5543814861996803,0.28689845107495787,-0.057447828352451324,0.9561527581329562,0.012494222854849997,0.02444974203449091,5.20148650366703e-09,0.0017763430349947782,1.0,0.036775106082036775,1.0,0.25176803394625175,0.0,0.0
118,1930167067,-18.253952961016367,-29.75395296101597,1.1897706798825405,575,False,True,False,25.519225276029115,0.28160788171170736,23.525409239126162,0.3942070904788408,0.785600664853391,0.3942070904788408,0.21075782286711567,0.04824111575792425,0.07749108970165253,0.39420002698898315,0.0023598528932780027,0.0,0.0,0.5045402487739921,0.5437724880208565,0.41626309559040237,0.009080497547984123,0.951304347826087,0.027831000867817795,0.05066023590447808,8.868794563749241e-05,0.0020691663997957216,0.0,0.0,0.0,0.03130434782608696,1.0,0.0
119,1027610996,201.88606627201654,190.82606627201682,1.0114665749697622,553,True,False,False,25.95233723565464,0.15101926554732137,23.960051466096623,0.09940811088367432,0.5457511548521478,0.0994353870899166,0.16378011714008903,0.0,0.09940729290246964,0.09943456947803497,0.0004032349679619074,0.3074141048824593,0.054249547920433995,0.0,0.5092999455022202,0.21067723132669924,-0.05722019448876381,0.8842676311030742,0.012278393674222116,0.021579054428958133,5.20148650366703e-09,0.0018290534809579802,1.0,0.08860759493670886,1.0,0.0922242314647378,0.0,1.0
120,2058213044,-42.031701282411845,-46.07170128241185,0.26797948197408444,202,False,False,True,26.632451874651863,0.1721163426614341,24.895078833308418,1.0550381316771027,1.217078862184481,1.0550381316771027,0.2643211315691533,0.1423342600076951,0.764177143573761,1.0003904104232788,0.3351484537124634,0.0,0.0,0.571911633014679,0.6045118817819817,0.5708328817784786,0.1438232660293579,1.0,0.05951401458108301,0.06606843975776718,0.0005374748019511336,0.0013266310988816065,0.0,0.0,0.0,0.0,1.0,0.0
121,739874895,250.96006585787987,237.04006585788028,1.1791619165424243,696,True,False,False,91.86199277800688,0.23814103629326303,89.86382562172577,0.009400473541618715,0.29142058044994895,0.009427873959534532,0.17279016151430562,0.0,0.0010975837940350175,0.009312724694609642,0.0014690017560496926,0.4540229885057471,0.21408045977011494,0.0,0.5448668029710607,0.156217592805624,-0.05646194517612457,0.9468390804597702,0.0063959448116947615,0.034435542305053184,0.0,0.0016941981559517592,1.0,0.05459770114942529,1.0,0.22557471264367815,0.0,1.0
122,594460151,17.925807642378004,12.5858076423782,0.7608192573778311,267,False,True,False,57.27463866420286,0.30382975377454113,55.411294113132335,0.7466772343483752,0.955066613870335,0.7696172138112599,0.2993225591088558,0.05017029597525104,0.33809328079223633,0.7544022798538208,0.15227559208869934,0.0,0.0,0.0,0.5436751824709471,0.13960103143006564,-0.02254265546798706,0.8576779026217228,0.02765454824039728,0.07396929412782013,0.016988145948277085,0.0028495103272577946,1.0,0.149812734082397,1.0,0.052434456928838954,1.0,0.0
123,9883956,239.58636331800366,231.02636331800352,0.6859161739148618,428,True,False,False,39.113290712119294,0.15093309196122956,37.14038596966465,0.09767591657880577,0.6444622138274682,0.09767715288408019,0.2170809770800866,0.0,0.09767494350671768,0.09767618030309677,0.0004358863807283342,0.2616822429906542,0.09813084112149532,0.0,0.4960078427907532,0.0778303094021976,-0.05721372738480568,0.8481308411214953,0.01218335991504967,0.0186447414834345,2.6007432527008767e-09,0.00160260788297865,1.0,0.10046728971962617,1.0,0.09579439252336448,0.0,1.0
124,2050880929,9.409591298695943,1.969591298696102,0.5309184249278994,372,False,True,False,37.15235931045651,0.13655002975542493,35.199928131286626,0.36735189424715287,0.8941631642011904,0.36735189424715287,0.21586254050831594,0.02858623511471134,0.3538268208503723,0.35386496782302856,0.098625548183918,0.0,0.0,0.5100386859849095,0.5231787627908684,0.46267135720816444,0.02007737196981907,0.9112903225806451,0.058524686646524104,0.019031163119335778,0.0015193906182417519,0.0014272000670104818,0.0,0.0,0.0,0.043010752688172046,1.0,0.0
125,749775730,198.9741098357132,189.3141098357133,0.7508642267565618,483,True,False,False,25.22013689413619,0.15349819993404581,23.235726279266736,0.07129669309775423,0.5323541504445277,0.0713242511940933,0.15482843901671753,0.0,0.0712900161743164,0.07131757587194443,0.0009757971856743097,0.2587991718426501,0.12215320910973085,0.0,0.5209209726786909,0.08758292900398373,-0.05711975693702698,0.906832298136646,0.01075448361439415,0.01090518865889825,5.20148650366703e-09,0.00155458432040696,1.0,0.08695652173913043,1.0,0.06832298136645963,0.0,1.0
126,1664184446,248.10154545194268,236.5815454519422,1.0788260118006827,576,True,False,False,54.66074661745122,0.21524869726110635,52.66686874091732,0.003093318183591109,0.4233547079747603,0.0032803399453170687,0.17106131274215583,0.0,0.001783084822818637,0.00324840540997684,-0.00045660973410122097,0.484375,0.3541666666666667,0.0,0.52293542290277,0.24462937999283896,-0.0561855286359787,0.9010416666666666,0.007131098857303664,0.023839252680174634,0.0,0.00187296182604285,1.0,0.05381944444444445,1.0,0.3246527777777778,0.0,1.0
127,1005736261,175.83142972672357,163.45142972672335,0.9914350060678466,619,True,False,False,18.888902555741076,0.15632841925448215,16.892876442174142,0.004949607964715501,0.4297588583418917,0.004953223479706193,0.1126106848434831,0.0,0.004934501834213734,0.0049381256103515625,-0.00038644313463009894,0.3925686591276252,0.25040387722132473,0.0,0.522313057601464,0.13079699948430062,-0.05621873587369919,0.9159935379644588,0.007219762095880261,0.009705285819134702,1.0402973008201422e-08,0.0016016720614989448,1.0,0.06462035541195477,1.0,0.1938610662358643,0.0,1.0
128,537036580,190.48778913523998,180.0677891352402,0.9644856199799662,521,True,False,False,19.990683037513797,0.16237119452034812,18.001323643967968,0.3060301362999057,0.6982422796029975,0.306055708865106,0.17958973086081056,0.0,0.3060179650783539,0.3060435354709625,0.002729711588472128,0.0,0.0,0.0,0.5141751857406519,0.2509373490512371,-0.058908861130476,0.8905950095969289,0.02310036072433414,0.02294044648485636,7.802229754633183e-09,0.0018512199999615472,1.0,0.08253358925143954,1.0,0.2648752399232246,0.0,0.0
129,828663290,177.04810372211526,157.5681037221154,1.7052828382090242,974,True,False,False,47.06269948028494,0.26557074099298605,45.062811607112195,0.007481483831441971,0.45430450464314165,0.019983276230951797,0.144441724679018,0.0,0.00026388169499114156,0.019951630383729935,0.0011241770116612315,0.3665297741273101,0.15811088295687886,0.0,0.5469420561358979,0.09102312080562115,-0.05669389292597771,0.9568788501026694,0.007983207026584751,0.026019468615291877,1.040297300733406e-08,0.00175080373532754,1.0,0.044147843942505136,1.0,0.0811088295687885,0.0,1.0
130,1427199343,283.49906630930775,276.559066309308,0.683343907826163,347,True,False,False,77.28595689550124,0.23410758736162005,75.34711338118453,0.15030105933434817,0.48010096276394565,0.1899025239166106,0.32451501576466063,0.0,6.971359107410535e-05,0.18990249931812286,-9.665727702667937e-05,0.47262247838616717,0.0,0.0,0.5260373082161064,0.21626557551615405,-0.05315367504954338,0.8760806916426513,0.003115020074359335,0.06020233168454084,0.0,0.001969290800651766,1.0,0.0893371757925072,1.0,0.15273775216138327,0.0,0.0
131,761445496,182.27098126451023,164.9309812645102,1.3428224098900021,867,True,False,False,17.042271808616412,0.23743212849371764,15.042600466240824,0.021889351036561113,0.6001519400282692,0.02191686953612465,0.15918388108910236,0.0,0.02185955084860325,0.02188711240887642,0.0011417007772251964,0.28719723183391005,0.1303344867358708,0.0,0.5373927110512317,0.2026110012829304,-0.05624771490693092,0.9434832756632064,0.005729635040710359,0.026944385440221437,7.802229756367907e-09,0.001548814774959632,1.0,0.0392156862745098,1.0,0.040369088811995385,0.0,1.0
132,2057742878,-0.7329964052623694,-12.432996405261733,2.5911896981247344,585,False,True,False,44.701555564571315,0.177907336377297,42.70714822994886,0.12129916239208038,0.4821186965989122,0.18197039646245736,0.1649117943982053,0.04802202017371522,0.121282197535038,0.17719879746437073,-0.04139820486307144,0.3658119658119658,0.0,0.5027226640377194,0.4808091889878309,0.18301739387097768,0.005445328075438738,0.8068376068376069,0.013426233008877405,0.011797778195133099,0.01727694775834916,0.004429384099358519,0.0,0.12991452991452992,1.0,0.1641025641025641,1.0,0.0
133,1654955899,-94.94111381610855,-96.68111381610854,0.19712115016332055,87,False,False,True,-42.72511873626562,0.1730401936614229,-43.89087697639917,1.5961938516374983,1.6599485726647523,1.6672458195106337,0.3246835992554494,0.17261647856386564,0.7303549647331238,1.000417947769165,1.3337438106536865,0.0,0.0,0.5583186373114586,0.5035475375687425,0.5605810560286045,0.11663727462291718,0.9195402298850575,0.07607794029380514,0.0913850048749057,0.0013041583081902092,0.0022657603467048345,0.0,0.0,0.0,0.0,1.0,0.0
134,999665527,8.610414366575299,-11.389585633424165,2.983620453441509,1000,False,False,False,60.557992821350396,0.18739748050115065,58.55807916384519,0.31462591260511835,0.5004916745173659,0.36954334987494725,0.10198380411558022,0.002685626394927953,0.31385907530784607,0.36727580428123474,-0.040875066071748734,0.0,0.0,0.5165835730731487,0.5623789664750221,0.5414511501789093,0.033167146146297455,1.0,0.0010967714652513254,0.020423966290499685,0.0016213924187721996,0.002983620453441508,0.0,0.0,0.0,0.481,1.0,0.0
135,1601570055,-57.938407807797184,-59.098407807797194,0.19410721122638042,58,False,False,True,-26.204165963697825,0.18111179435733957,-27.08763368660211,1.359109556568081,1.417822900843496,1.359109556568081,0.6567757480457331,0.4207802465828623,0.6933711767196655,1.001633882522583,0.9186448454856873,0.0,0.0,0.5916313752532005,0.6538245893757919,0.6447209617495537,0.18326275050640106,1.0,0.10173080828507437,0.12197890617353892,0.0019905360642930997,0.0033466760556272487,0.0,0.0,0.0,0.0,1.0,0.0
136,12271510,254.3433278844691,246.74332788446907,0.6370110465139737,380,True,False,False,45.2712675469442,0.1715526715018589,43.3151614239855,0.08030995827287744,0.5891160444463639,0.080326743321283,0.24701279056501507,0.0,0.08030738681554794,0.08032417297363281,0.0006425952888093889,0.27631578947368424,0.14210526315789473,0.0,0.501274540718939,0.09354343937709927,-0.05712338536977768,0.8578947368421053,0.011246936299723564,0.029937115150531244,5.20148650366703e-09,0.0016763448592472994,1.0,0.11315789473684211,1.0,0.09473684210526316,0.0,1.0
137,1787728803,44.219995375309225,24.21999537531018,7.09161885697334,1000,False,False,False,43.516144938387555,0.20002879683584884,41.51623128088246,0.3547431434097037,0.5073355088626343,0.35826002997884027,0.08941763986204963,0.01453810110525448,0.35452431440353394,0.3580772280693054,0.011443243362009525,0.0,0.0,0.5279163140803576,0.42068847061583076,0.27093329971656205,0.0558326281607151,0.764,0.006904049420100709,0.014916979219925255,0.021005740964537348,0.00709161885697334,0.0,0.222,1.0,0.659,1.0,0.0
138,1945554712,204.90336593668894,191.4033659366895,1.0768511689056275,675,True,False,False,42.14686981495729,0.1828124437422977,40.14913334544785,0.0068820205451973065,0.49060173287450987,0.006908249154122687,0.154161512856718,0.0,5.760193016612902e-05,0.006903934292495251,0.00024412632046733052,0.3125925925925926,0.18074074074074073,0.0,0.551542004995324,0.28470364078879357,-0.056374065577983856,0.9614814814814815,0.007306531993369381,0.01998658804277511,2.600743251833515e-09,0.0015953350650453743,1.0,0.04,1.0,0.14222222222222222,0.0,1.0
139,628675380,-79.1511311174836,-81.8111311174836,0.21301406851255925,133,False,False,True,-20.254821472116497,0.15752288059073125,-21.729396297616038,1.3886744043382087,1.4715048069496028,1.3886744043382087,0.4947240871697583,0.32339710798212373,0.40310725569725037,1.001676321029663,0.9618009924888611,0.0,0.0,0.5807895585894585,0.4839538406979825,0.5771737986803055,0.16157911717891693,0.8721804511278195,0.08068508934545263,0.0952910498028649,0.000423541441566172,0.0016016095376884156,0.0,0.0,0.0,0.0,1.0,0.0
140,485269103,250.6100544428454,237.81005444284546,1.0523927272409772,640,True,False,False,56.46446000572169,0.18757829393573777,54.467677772311596,0.002150813472071429,0.45230452587484204,0.002176844980844029,0.19990307354672499,0.0,9.317397780250758e-05,0.0021708488930016756,-0.00016145945119205862,0.415625,0.1453125,0.0,0.535372394087608,0.28406497970223427,-0.05618991330265999,0.934375,0.006830822893096539,0.036715432752543256,2.6007432527008767e-09,0.0016443636363140273,1.0,0.04375,1.0,0.146875,0.0,1.0
141,1372997985,-13.947287316579548,-21.947287316579605,0.5567041839098508,400,False,True,False,19.309570894623217,0.19996899436144022,17.345472001173338,0.6015956199236103,1.0454123890391256,0.6015956199236103,0.2994465042653008,0.1286781260606784,0.17310667037963867,0.5993350148200989,0.052104029804468155,0.0,0.0,0.510386778973043,0.5305848482721194,0.4019814842788037,0.02077355794608593,0.94,0.04250913545072236,0.05589791230333702,0.001440689526692053,0.0013917604597746243,0.0,0.0,0.0,0.0,1.0,0.0
142,89323474,249.81956180098925,237.8195618009895,1.2490532274201855,600,True,False,False,57.1531072839225,0.25469146563718364,55.157917302505055,0.09284970598676644,0.433584039698592,0.09287698236411998,0.20541577120894247,0.0,0.00015211105346679688,0.09287691116333008,-0.00011500358232297003,0.42833333333333334,0.07333333333333333,0.0,0.5176170622770829,0.1823063962161541,-0.054997872561216354,0.8816666666666667,0.001976483923409465,0.034610686178248855,2.600743251833515e-09,0.0020817553790336437,1.0,0.075,1.0,0.20333333333333334,0.0,1.0
143,1586705974,11.077023301087449,-8.922976698912347,2.126236942948269,1000,False,False,False,36.267966612996844,0.21543417579500365,34.26805295549161,0.033234743258738396,0.2667342994771489,0.059175665604276485,0.09964779351392031,0.014688828000787241,0.0001105308547266759,0.05612935870885849,0.018741784617304802,0.717,0.529,0.5506546199321747,0.5434267956893891,0.5507364863157272,0.10130923986434937,0.952,0.0015930599217845792,0.016600228998085716,0.002137578389831086,0.0021262369429482677,0.0,0.023,1.0,0.383,1.0,0.0
144,391638893,167.99125489732256,152.33125489732242,1.5787160374877156,783,True,False,False,21.141365262745236,0.2361467623151636,19.142129780130038,0.0720074114481346,0.5182239434109303,0.07203496568690888,0.1436289429703945,0.0,0.0719977393746376,0.07202529907226562,0.0011800741776823997,0.17496807151979565,0.08556832694763729,0.0,0.5490414602182434,0.1940199200063944,-0.05560274049639702,0.9514687100893997,0.0030398618453047186,0.03195002797319869,2.600743251833515e-09,0.002016240150048168,1.0,0.04342273307790549,1.0,0.14814814814814814,0.0,1.0
145,1169248461,230.10371652217577,220.56371652217624,0.9512761305161531,477,True,False,False,69.16117925721342,0.21981581470745723,67.17773763620887,0.022892504068026055,0.3385368687230866,0.022898986145479257,0.14011741172927059,0.0,0.00012512206740211695,0.02289266511797905,-0.0005380058428272605,0.519916142557652,0.25366876310272535,0.0,0.5652133829958065,0.2248598693497479,-0.05587101727724075,0.9350104821802935,0.005729928924697839,0.013398179284935367,2.600743251833515e-09,0.0019942895817948694,1.0,0.06918238993710692,1.0,0.29559748427672955,0.0,1.0
146,1148949906,247.95861245067798,241.13861245067778,0.6894117813926909,341,True,False,False,59.9695247897346,0.16115223653891766,58.03448259656903,0.2641231375405863,0.6906156661300195,0.26414794566575667,0.24289392241670058,0.0,0.2640911042690277,0.2641158998012543,0.004114446695894003,0.0,0.0,0.0,0.5011061278808195,0.0,-0.05888933315873146,0.8328445747800587,0.02093855531392183,0.011940218049830127,0.0,0.0020217354293040786,1.0,0.1495601173020528,1.0,0.09970674486803519,0.0,0.0
147,1856387900,219.65702442415056,207.81702442415116,0.9668083133618491,592,True,False,False,38.834509981139675,0.1519644829698871,36.83972271074046,0.030368915845862238,0.4751193805949658,0.031939312527985236,0.1703280732832488,0.0,0.0004630088806152344,0.03191385418176651,0.0012749886373057961,0.42905405405405406,0.21452702702702703,0.0,0.5421956377921978,0.2986751239001751,-0.05684046819806099,0.9358108108108109,0.00862372977803946,0.022694840357965484,0.0,0.0016331221509490702,1.0,0.04391891891891892,1.0,0.23817567567567569,0.0,1.0
148,1452815149,-88.02176025453956,-89.88176025453954,0.16005284501740025,93,False,False,True,-34.26450378482137,0.12685100051218337,-35.479081728105754,1.5437662579233897,1.6136462039375117,1.5610180558155922,0.5057988431304544,0.3818290274244577,0.5773810148239136,1.001226782798767,1.1976319551467896,0.0,0.0,0.5755879580974579,0.4134949166728284,0.5572975887358189,0.15117591619491577,0.7526881720430108,0.08406652370687766,0.08477702735563544,0.001093134000720461,0.0017209983335204327,0.0,0.0,0.0,0.0,1.0,0.0
149,118590695,283.3370570387691,275.5970570387692,0.7976354655314718,387,True,False,False,87.0712056057289,0.2518944207888658,85.11211756750455,0.08486001918603645,0.4322737765087384,0.0848878642828845,0.2562273792106941,0.0,0.0004326820489950478,0.08487577736377716,0.0014324522344395518,0.3488372093023256,0.11886304909560723,0.0,0.5473676830895957,0.16965658873319625,-0.055469125509262085,0.9095607235142119,0.0023447818397340885,0.0460537186516871,2.600743252267196e-09,0.0020610735543448873,1.0,0.09302325581395349,1.0,0.08010335917312661,0.0,1.0
150,816655702,179.7292589480756,168.06925894807583,0.9555942473887676,583,True,False,False,27.40858716130814,0.15225023331221602,25.414293380446527,0.04909388940529216,0.4253056382978993,0.049100368548392934,0.11595586613555198,0.0,0.040795039385557175,0.049100302159786224,-8.074283687165007e-05,0.42538593481989706,0.18524871355060035,0.0,0.5415290069648929,0.18939762119902298,-0.05671444907784462,0.9416809605488851,0.009586160175700055,0.009055116669031258,5.20148650366703e-09,0.001639098194491882,1.0,0.060034305317324184,1.0,0.2058319039451115,0.0,1.0
151,1777571204,268.48125706631674,258.4812570663169,0.8655084462627612,500,True,False,False,71.60369137501122,0.23520915804157622,69.61683234109601,0.06353131103305834,0.4535476335432842,0.06355811066149947,0.22001080653859367,0.0,0.0012859344715252519,0.06355800479650497,-0.00011600494326557964,0.308,0.132,0.0,0.5438730328269303,0.07996321555227041,-0.05683262646198273,0.914,0.010364420240339737,0.04087148435380684,1.3003716260034937e-08,0.0017310168925255217,1.0,0.088,1.0,0.118,0.0,1.0
152,25063030,200.75444970869574,186.61444970869638,1.3354983413287036,707,True,False,False,28.47250635617589,0.21595383604984197,26.474147371271513,0.09050405928526137,0.5810854787958624,0.09053161820317006,0.163797100996791,0.0,0.09049902111291885,0.09052658081054688,0.000955018971581012,0.20226308345120225,0.06223479490806223,0.0,0.5296229378326369,0.11510301247239113,-0.055275171995162964,0.9108910891089109,0.002061478651082621,0.02913217200886839,2.600743252267196e-09,0.0018889651221056618,1.0,0.05799151343705799,1.0,0.04809052333804809,0.0,1.0
153,1360549999,208.00857727465916,196.88857727465984,1.0130686062366683,556,True,False,False,37.4366107201442,0.19612366200126977,35.444095830227816,0.08484395016918989,0.4659894931830555,0.09325068261236735,0.14242629042770727,0.0,0.0003149986150674522,0.09325017780065536,-0.00030683516524732113,0.39568345323741005,0.23741007194244604,0.0,0.5187789431901686,0.175095252469182,-0.05494886264204979,0.8992805755395683,0.001963852601073713,0.023320140315651574,0.0,0.0018220658385551597,1.0,0.06294964028776978,1.0,0.1672661870503597,0.0,1.0
154,1128058892,96.70606547679328,76.70606547679563,10.044370882403788,1000,False,False,False,38.11807786845338,0.2305190034545733,36.118164210948315,0.1988866680665192,0.39682393125921633,0.19889758393738327,0.10375056718021432,0.011397574416061637,0.00019826888456009328,0.19878673553466797,0.006639478262513876,0.011,0.0,0.0,0.29284804244551926,0.10152052999474108,-0.07602248340845108,0.509,0.01492615966462096,0.03826861837614993,0.0013942103436633893,0.010044370882403775,0.0,0.32,1.0,0.587,1.0,0.0
155,1835097532,207.5881322795524,198.94813227955277,0.600573776445578,432,True,False,False,28.217187341317768,0.12025944704996877,26.243214937605728,0.4697116521342958,0.946375957307079,0.4697215162309233,0.1852789834226194,0.0,0.46727705001831055,0.4672868847846985,0.04776264354586601,0.0,0.0,0.0,0.4438524084829691,0.0,-0.06646987050771713,0.7754629629629629,0.031468246936255787,0.018403412275108985,1.0402973003864613e-08,0.0013902170751055054,1.0,0.1736111111111111,1.0,0.12037037037037036,0.0,0.0
156,131059846,184.53670976283027,172.91670976283027,0.9129830116750004,581,True,False,False,2.5360287477526002,0.15336099155473654,0.5418508262531061,0.014553353409647998,0.5702932480331007,0.014581975937800147,0.17288114332259102,0.0,0.009266281500458717,0.014581871218979359,5.52630408492405e-05,0.2306368330464716,0.14285714285714285,0.0,0.548839323006237,0.2938714835047722,-0.0560971163213253,0.9518072289156626,0.006157091901242467,0.018908674824595146,2.600743251833515e-09,0.0015713993316265069,1.0,0.04647160068846816,1.0,0.04647160068846816,0.0,1.0
157,1371903228,104.69753751945684,84.69753751945937,9.523254585403055,1000,False,False,False,28.731014818090237,0.2423098283283389,26.73110116058512,0.33817125985779717,0.5140829413618658,0.3382061521600787,0.08167727247470877,0.005933116441851392,0.33815932273864746,0.33819514513015747,-0.0027285837568342686,0.0,0.0,0.0,0.227532192541752,0.0,-0.03638875484466553,0.373,0.006733136375807021,0.017934003099242417,0.01771421429733502,0.009523254585403056,1.0,0.424,1.0,0.623,1.0,0.0
158,1386590529,205.259785327129,195.3397853271295,0.8511020191296246,496,True,False,False,40.111321717682195,0.1501134826995258,38.12500173086986,0.06837650137465881,0.45538506781224863,0.07880236779553484,0.15886777164361532,0.0,0.0004572868347167969,0.078801728785038,-0.0003173494478687644,0.3487903225806452,0.25,0.0,0.5396832916096994,0.15521880060434343,-0.05516895279288292,0.9254032258064516,0.0027327010635236557,0.02053213296339662,0.0,0.0017159314901806972,1.0,0.07661290322580645,1.0,0.07258064516129033,0.0,1.0
159,1177456203,164.39271565636136,149.0727156563613,1.9046714992245417,766,True,False,False,21.845369760365298,0.11995681947938272,19.84627672229441,0.4223302654115752,0.8200579990191981,0.4823808671781712,0.15153446219489294,0.0,0.4187999665737152,0.477085679769516,-0.07127801328897476,0.0,0.0,0.0,0.47777467976627,0.02119220107793808,-0.05122058838605881,0.8681462140992167,0.03049714240966386,0.025982268083943313,5.201486505401753e-09,0.002486516317525513,1.0,0.09399477806788512,1.0,0.3198433420365535,0.0,0.0
160,882685052,29.355421875507535,9.355421875508005,2.4450338326935817,1000,False,False,False,47.38338971022215,0.24102931972454977,45.38347605271699,0.36398061630862855,0.5488010136963528,0.36398061630862855,0.11255227056052453,0.025548583943291552,0.00010547637793933973,0.36387816071510315,0.008635577745735645,0.0,0.0,0.50954735185951,0.5354186285383475,0.5339248869346921,0.01909470371901989,0.985,0.005729645443683367,0.0257090619226768,0.0005107190055600513,0.0024450338326935843,0.0,0.0,0.0,0.572,1.0,0.0
161,867409381,233.947621473558,224.30762147355836,0.989294430829375,482,True,False,False,27.26998931449547,0.17708252857458107,25.285736168162657,0.037696641703385686,0.5918281520211589,0.037724091913211875,0.22557891128933227,0.0,0.0010934829479083419,0.037706755101680756,0.0011435603955760598,0.2157676348547718,0.14937759336099585,0.0,0.4661446875110701,0.0,-0.05686641484498978,0.8112033195020747,0.008939681072012385,0.03224985875173769,2.6007432527008767e-09,0.002052478072260115,1.0,0.13278008298755187,1.0,0.06846473029045644,0.0,1.0
162,241021414,187.59055662702303,177.37055662702298,0.880175812915233,511,True,False,False,19.21756881181428,0.14491622056287698,17.22933442144793,0.010710841541184391,0.4560849210667419,0.010738018150939936,0.13493030214404023,0.0,0.010709380730986595,0.010736560449004173,0.00017692804976832122,0.34442270058708413,0.23679060665362034,0.0,0.5383323331900239,0.21858859072905035,-0.056399766355752945,0.9275929549902152,0.007514747498126944,0.00964954907260253,2.600743251833515e-09,0.0017224575595210043,1.0,0.06262230919765166,1.0,0.11937377690802348,0.0,1.0
163,674548240,226.01272807680073,214.19272807680096,0.9745315450337033,591,True,False,False,33.97405322152879,0.2263418860980004,31.979318604963943,0.008199528672867693,0.6571391951552844,0.008226995624298595,0.20616323551525323,0.0,0.008199500851333141,0.008226966485381126,2.1896361431572586e-05,0.19289340101522842,0.11336717428087986,0.0,0.5513455952169427,0.24680996522307397,-0.056162089109420776,0.9475465313028765,0.006499631893852526,0.03992145265131364,7.802229755500545e-09,0.0016489535448962823,1.0,0.05414551607445008,1.0,0.05414551607445008,0.0,1.0
164,783109940,239.98910539133647,228.7491053913368,1.028618895213067,562,True,False,False,33.46638798860284,0.1750990716353417,31.473435071162662,0.06820316211965846,0.5871475487039598,0.06823053545184682,0.22352780441651285,0.0,0.0019505501259118319,0.06822796165943146,0.0005926346639171243,0.2277580071174377,0.10854092526690391,0.0,0.45962665047183976,0.04338477062061429,-0.057016488164663315,0.800711743772242,0.010597738118965897,0.036010241629771365,7.802229756367907e-09,0.0018302827316958481,1.0,0.13345195729537365,1.0,0.05871886120996441,0.0,1.0
165,2026472473,-8.42836636400304,-19.188366364002647,2.0342720487238246,538,False,True,False,44.99345050187557,0.20893163385933045,43.00241992865967,0.14146638881448914,0.5122169166263275,0.18098560924267434,0.14893348076725788,0.04655449126941451,0.14113759994506836,0.1761281043291092,-0.041649509221315384,0.3345724907063197,0.0,0.5111703108996153,0.521218554914382,0.18343534742016346,0.022340621799230576,0.8828996282527881,0.01499432514525668,0.01834604192100176,0.005351161228772806,0.003781174811754321,1.0,0.06505576208178439,1.0,0.11895910780669144,1.0,0.0
166,1224070920,224.5402473552154,212.92024735521596,0.9771253587882028,581,True,False,False,60.823512642886556,0.18063553974106325,58.829334721387,0.03317105242417423,0.38817550790931293,0.0333040693384123,0.14462916113670343,0.0,0.024826526641845703,0.033288098871707916,0.0010312652448192239,0.43373493975903615,0.2908777969018933,0.0,0.5595774143876543,0.2716004849970341,-0.056086719036102295,0.9535283993115319,0.005120509111979977,0.01617616613102201,7.802229756367907e-09,0.001681799240599317,1.0,0.04819277108433735,1.0,0.29604130808950085,0.0,1.0
167,856913638,209.93164098644638,195.71164098644687,1.2333815442215188,711,True,False,False,19.627884752689578,0.2854064836781872,17.62946110524278,0.06148743481970424,0.6417019205185236,0.06149067528709237,0.21300178556359892,0.0,0.06147728115320206,0.06148052215576172,0.001117382082156837,0.29535864978902954,0.14064697609001406,0.0,0.5571331761937206,0.3084371796250343,-0.055737681686878204,0.9592123769338959,0.0036059737562968617,0.035573700253754705,0.0,0.001734713845599885,1.0,0.035161744022503515,1.0,0.09282700421940929,0.0,1.0
168,626537496,185.986154687524,171.56615468752423,1.1681688805862875,721,True,False,False,25.47395560683163,0.17890785745796248,23.475381231824677,0.015028126135268539,0.5158468874505989,0.016052473788927636,0.13107261454302077,0.0,0.0070479391142725945,0.01605052873492241,0.0002498841204214841,0.332871012482663,0.1539528432732316,0.0,0.5309660143169931,0.2490423396229744,-0.056122273206710815,0.9348127600554785,0.006072008585752289,0.01905739246046055,7.802229756367907e-09,0.0016202064917979035,1.0,0.04160887656033287,1.0,0.18169209431345354,0.0,1.0
169,154517276,182.97230854514044,168.75230854514118,1.3420271902160685,711,True,False,False,53.660311271551514,0.20773925715999242,51.661887624104715,0.0029481017788538753,0.2798574938889544,0.05317594575312261,0.11036960295787863,0.0,3.337860107421875e-05,0.05316028743982315,0.001290366635657847,0.6118143459915611,0.459915611814346,0.0,0.5580720199310023,0.2897376734763384,-0.05703374370932579,0.9662447257383966,0.009768630923005768,0.015722576225285913,7.802229756367907e-09,0.0018875206613446814,1.0,0.035161744022503515,1.0,0.3488045007032349,0.0,1.0
170,916885238,15.354559782048554,8.614559782048858,0.5288784435735352,337,False,True,False,55.27459223084076,0.16087370832619682,53.34221463001604,0.3641573382529475,0.7404870203575333,0.3641573382529475,0.21781829429926475,0.019894300517129773,0.3606534004211426,0.3606534004211426,0.05039535462856293,0.0,0.0,0.5076329922303557,0.5858527602707672,0.5338793565460946,0.01526598446071148,0.9910979228486647,0.054741681922526056,0.013932712835916215,0.0025101749690217973,0.00156937223612325,0.0,0.0,0.0,0.020771513353115726,1.0,0.0
171,515494164,29.163722660392462,9.163722660392995,1.6506638870876154,1000,False,False,False,39.20102028603376,0.2506001191612601,37.201106628528535,0.026971384222193126,0.41936536302493915,0.0352686092922462,0.1311126435796694,0.031177560361368834,4.615783836925402e-05,0.025315189734101295,0.02455638349056244,0.442,0.19,0.5824674367904663,0.56878148984164,0.556823801510036,0.16493487358093262,1.0,0.007860645050275375,0.0240907962433141,0.0016623703796370057,0.0016506638870876173,0.0,0.0,0.0,0.229,1.0,0.0
172,1344467073,99.798986859247,79.79898685924907,5.813239736194836,1000,False,False,False,61.60876747446053,0.1931544325635879,59.60885381695546,0.14132915541981417,0.2849029499587662,0.1568079665776094,0.08126621337074562,0.003056516891469955,0.14132890105247498,0.1567947417497635,-0.0020365023519843817,0.724,0.0,0.0,0.337007699187845,0.14176758773624898,-0.06973222643136978,0.577,0.01081888972065906,0.01086819462290392,0.014623447129079589,0.005813239736194841,1.0,0.418,1.0,0.683,1.0,0.0
173,743363182,-15.265264816992556,-29.165264816992348,2.7571229038313327,695,False,True,False,21.015779570703504,0.27523929645303685,19.017630927995327,0.33572562032316416,0.7767177024962834,0.3834306755726787,0.18333684040416556,0.06453476683807391,0.3356715738773346,0.38134631514549255,-0.039925817400217056,0.0,0.0,0.0,0.48881647087455216,0.15237051422649528,-0.020014777779579163,0.8474820143884892,0.016519966649904683,0.03818789863134284,0.01834633486007468,0.003967083314865225,0.0,0.09064748201438849,1.0,0.11510791366906475,1.0,0.0
174,1926328121,53.44283904233025,33.44283904232943,4.647774233637321,1000,False,False,False,17.33644851568804,0.1684694037619878,15.336534858182878,0.18264593013373684,0.4543052714710817,0.18859080832768021,0.1027235685480935,0.011903489747654483,0.18264369666576385,0.1885872781276703,-0.0011539125116541982,0.374,0.0,0.0,0.4016057129171677,0.12968266200274228,-0.07068172842264175,0.716,0.012028064333984423,0.020757924606943725,0.01773631411311915,0.00464777423363732,1.0,0.271,1.0,0.443,1.0,0.0
175,1395484617,-69.03591848015786,-69.97591848015786,0.20906405445988865,47,False,False,True,-39.421245983894735,0.2024095340334357,-40.17419519411233,1.4113421351205309,1.4774693056013137,1.4113421351205309,0.649338470383042,0.49207213922374893,0.7608227729797363,1.0004643201828003,0.9954686164855957,0.0,0.0,0.6602518260478973,0.6862126696617046,0.6862126696617046,0.3205036520957947,1.0,0.12120620365060661,0.13161382944374148,0.0009745193024818521,0.004448171371486994,0.0,0.0,0.0,0.0,1.0,0.0
176,126288124,160.23164585474873,144.53164585474866,1.4576818401485285,785,True,False,False,19.906123802346958,0.22138340449367278,17.90687310583579,0.09454474213118702,0.4641083661188225,0.0992087345532503,0.1242748445023856,0.0,0.09123878180980682,0.09920787811279297,-0.000412228109780699,0.40382165605095544,0.18471337579617833,0.0,0.5487809584802313,0.22352453760802746,-0.054829660803079605,0.9490445859872612,0.0016516312605635581,0.017774822742162667,7.802229756151066e-09,0.0018569195415904826,1.0,0.04076433121019108,1.0,0.2573248407643312,0.0,1.0
177,244472222,289.81805825596666,281.35805825596674,0.6999836960817206,423,True,False,False,76.50920211748318,0.21433849279991107,74.53769374844012,0.019649498105688498,0.39506036831535574,0.019677101834157443,0.26901460076821504,0.0,0.0006744384882040322,0.01963796652853489,0.0012404060689732432,0.5035460992907801,0.22695035460992907,0.0,0.5274865813002906,0.13730316959321498,-0.05629540607333183,0.900709219858156,0.00584743765686852,0.04651251622415073,2.6007432527008767e-09,0.00165480779215537,1.0,0.09219858156028368,1.0,0.25059101654846333,0.0,1.0
178,624263177,227.14813330685706,215.94813330685795,1.0136038053679566,560,True,False,False,45.32863565555082,0.22686894565233984,43.3358258224315,0.024986907889791642,0.43033579985267967,0.028185389142587086,0.14970351788613692,0.0,0.0006924628978595138,0.028177356347441673,-0.000672867288812995,0.48928571428571427,0.3732142857142857,0.0,0.5256075800579441,0.1677831819653511,-0.05577762797474861,0.8910714285714286,0.0054509566237468145,0.01847616378407026,0.0,0.0018100067952999217,1.0,0.06607142857142857,1.0,0.3196428571428571,0.0,1.0
179,1916746531,185.11937904385854,167.17937904385929,1.8990219907265034,897,True,False,False,45.56238435038188,0.27620893452759065,43.56262745854945,0.08266029544116461,0.48303190540512153,0.08268737828474827,0.15526563955909103,0.0,0.03233690187335014,0.0826873779296875,7.662772986805066e-06,0.1716833890746934,0.07803790412486064,0.0,0.5405123656399656,0.13288765300065278,-0.05518313869833946,0.9420289855072463,0.0025138766394017012,0.03550939343782964,1.0402973008201422e-08,0.002117081372047385,1.0,0.054626532887402456,1.0,0.2318840579710145,0.0,1.0
180,1882517521,237.66480202106746,226.5648020210681,1.0334047929217411,555,True,False,False,43.31299900591709,0.12412066747423826,41.32055972317343,0.03224241750820233,0.5355851394674328,0.04020030905346745,0.18882397821648503,0.0,0.01026840228587389,0.04019918292760849,-0.0003008985659107566,0.36036036036036034,0.22522522522522523,0.0,0.5327088900497771,0.2223651204071939,-0.05570821091532707,0.9117117117117117,0.004794374282710819,0.020011284700855444,2.6007432527008767e-09,0.001861990617877012,1.0,0.05225225225225225,1.0,0.12792792792792793,0.0,1.0
181,893071467,-26.55689320483945,-46.556893204839476,2.3784604380622567,1000,False,False,False,20.844345379807848,0.1452495703337229,18.844431722302538,0.3092210780057841,0.4981399583523612,0.3773774458503592,0.09917541891152845,0.07017336535627428,0.30907487869262695,0.3762935698032379,-0.02858121693134308,0.0,0.0,0.5169088952243328,0.5504167456600116,0.5238657623529435,0.03381779044866562,0.997,0.017050182777439395,0.012005581769782368,0.0010340854255547274,0.002378460438062257,0.0,0.0,0.0,0.493,1.0,0.0
182,171120969,23.24548116827341,3.2454811682734936,2.3473633521355555,1000,False,False,False,25.228569648655277,0.2100395909490072,23.228655991150127,0.18972016399278877,0.49222538441780256,0.20468070924841017,0.13503534847354787,0.0379429679405567,0.18971967697143555,0.20467500388622284,-0.0015282416716217995,0.136,0.0,0.5156900193542242,0.538034643613486,0.5306702042371034,0.03138003870844841,0.979,0.0030737495298786763,0.027279052963732755,0.00019269394393653773,0.0023473633521355532,0.0,0.0,0.0,0.488,1.0,0.0
183,790228919,-121.69875796161801,-138.99875796161814,1.569281906847195,865,False,True,False,24.098769341271062,0.20135326315760865,22.099104671976484,0.5737469918523623,0.8059285250203937,0.9579034300178914,0.16309502266029582,0.020677487987486164,0.18021468818187714,0.9322881698608398,-0.22004033625125885,0.0,0.0,0.5032115241046995,0.4946783484254642,0.1825509813777171,0.006423048209398985,0.8913294797687862,0.020915419101951768,0.04863090248276408,0.000169897454053769,0.0018141987362395322,0.0,0.03236994219653179,1.0,0.11676300578034682,1.0,0.0
184,1786810991,167.0198455532082,151.9998455532082,1.3089284305217757,751,True,False,False,22.644531183469052,0.22614175401444161,20.645585718808682,0.04181158178667587,0.4138773638707159,0.0433563495540516,0.12535660015725017,0.0,0.03977489471435547,0.04333238676190376,0.001441285596229136,0.45139813581890814,0.255659121171771,0.0,0.5519044274568419,0.2367339737713337,-0.05605058744549751,0.9573901464713716,0.0045674402534896736,0.019431122313749345,7.802229755500545e-09,0.0017429140219997028,1.0,0.03994673768308921,1.0,0.31025299600532624,0.0,1.0
185,52965927,-20.85275945529284,-35.11275945529236,1.2590925926273469,713,False,True,False,38.26355269401562,0.24604814287901924,36.265097677153044,0.2732834283427696,0.6840488586885763,0.2956483588799214,0.17915068741750476,0.024087766004140733,0.2729932367801666,0.28986167907714844,-0.05820789560675621,0.0,0.0,0.5113703841343522,0.5480948217327202,0.40704977481160315,0.022740768268704414,0.9495091164095372,0.0182792433238556,0.033127989995312516,0.0025153933603569954,0.0017659082645544823,0.0,0.0,0.0,0.20476858345021037,1.0,0.0
186,1729187195,225.48039723569536,213.20039723569596,1.0232026005436052,614,True,False,False,45.22274535361611,0.1885045177049897,43.226924037119076,0.022624659821096717,0.4804936412396972,0.022636136571587834,0.15911318575685027,0.0,0.00015897750563453883,0.022632885724306107,-0.0003836178802885115,0.3306188925081433,0.18403908794788273,0.0,0.5250728608636908,0.10390405946411192,-0.05640169978141785,0.9267100977198697,0.008171054160378223,0.021547518580775096,0.0,0.0016664537468136897,1.0,0.07003257328990228,1.0,0.11237785016286644,0.0,1.0
187,1240058640,231.32018566853372,219.94018566853433,0.9146469248236624,569,True,False,False,47.51381983892674,0.20504342500957368,45.52038818038455,0.0923677133669127,0.4788334037306755,0.09236838391869971,0.18608356730657447,0.0,0.00015344619168899953,0.09236831963062286,0.00010897874744841829,0.3216168717047452,0.08963093145869948,0.0,0.5314622039461478,0.057633478194475174,-0.05710861086845398,0.9138840070298769,0.011906045262828908,0.03300662438318252,2.6007432527008767e-09,0.00160746383976039,1.0,0.07908611599297012,1.0,0.13708260105448156,0.0,1.0
188,821825863,46.65985835525206,26.65985835525268,3.210983041445909,1000,False,False,False,71.43035747630984,0.23745972216079134,69.43044381880475,0.12120565549625846,0.3256564712757766,0.14108927636264004,0.08702687428215805,0.030743040051808845,0.0013145447010174394,0.14108839631080627,0.000498328183311969,0.551,0.0,0.5454415753483772,0.5268702582209371,0.3971047384664416,0.09088315069675446,0.935,0.014888840299325948,0.015854228163933105,0.0019792891500996865,0.0032109830414459094,0.0,0.064,1.0,0.501,1.0,0.0
189,1952289020,217.9502558905633,205.3502558905637,1.0081831494755626,630,True,False,False,63.58788840132063,0.14585967087028281,61.59144637386225,0.05731295992015701,0.42766879557979487,0.057590213893304154,0.14652762318777665,0.0,0.05610847473144531,0.05757265165448189,0.0014221525052562356,0.3904761904761905,0.13015873015873017,0.0,0.5604580191924932,0.2898908840119839,-0.05585875362157822,0.9587301587301588,0.0038044975913257323,0.005561829581311806,0.0,0.001600290713453274,1.0,0.04285714285714286,1.0,0.1349206349206349,0.0,1.0
190,457488617,157.947213910846,140.18721391084648,1.9089804193001076,888,True,False,False,38.41817956506809,0.158275855285107,36.4184456883056,0.07677027415563419,0.37964621639641494,0.07679669410882053,0.10067834144027299,0.0,0.076769158244133,0.07679557800292969,0.0004140353121329099,0.543918918918919,0.06756756756756757,0.0,0.5120275408162752,0.12381991541013121,-0.057049237191677094,0.9042792792792793,0.0110627633659594,0.011756338325901616,2.6007432509661532e-09,0.0021497527244370563,1.0,0.06756756756756757,1.0,0.34459459459459457,0.0,1.0
191,815712761,194.28251552934535,180.6825155293459,1.1680095676696316,680,True,False,False,35.38820180869645,0.29134493690443497,33.39035440367073,0.38675322092439673,0.7846932929825511,0.3867817963241104,0.1772233640801161,0.0,0.3219223618507385,0.3867643475532532,0.0036738847848027945,0.0,0.0,0.0,0.5460138180503717,0.17794451205758377,-0.04792928323149681,0.95,0.013038780781048032,0.041124468441197125,2.6007432509661532e-09,0.0017176611289259278,1.0,0.05,1.0,0.16176470588235295,0.0,0.0
192,134902683,220.13731210539123,204.79731210539202,1.3748739561350787,767,True,False,False,46.67144329150453,0.2724396684034101,44.6723411838144,0.08582421932627375,0.4766913242565619,0.08585196656256791,0.19610876048321774,0.0,0.0014090538024902344,0.0858386978507042,0.0015093422261998057,0.2620599739243807,0.06910039113428944,0.0,0.5337280247814594,0.13598553270101546,-0.05547172203660011,0.9204693611473272,0.0022905977922748314,0.03517832685295104,2.600743251833515e-09,0.0017925344930053166,1.0,0.05084745762711865,1.0,0.0938722294654498,0.0,1.0
193,934119719,230.1859728416104,217.28597284161182,1.125194506261896,645,True,False,False,81.85206970332335,0.24888597087099762,79.85512976733318,0.17726497663175586,0.41287119587880416,0.1871604073710939,0.15680382625502207,0.0,0.0013758658897131681,0.18712082505226135,0.003849015338346362,0.2124031007751938,0.0,0.0,0.5537290318887554,0.2544424977898598,-0.058429792523384094,0.9550387596899225,0.016898316276351952,0.03666273102910978,1.040297300733406e-08,0.001744487606607591,1.0,0.04496124031007752,1.0,0.34728682170542635,0.0,0.0
194,22390618,-104.8144918960519,-105.9944918960519,0.21357759235892254,59,False,False,True,-63.01000489720257,0.20039867457224772,-63.904637942877784,1.5855011049806287,1.660476465165081,1.697526324129876,0.505285423262599,0.38764691939737694,0.7144992351531982,1.0034935474395752,1.3691589832305908,0.0,0.0,0.5910578817129135,0.5103351241293348,0.5509230502136052,0.18211576342582703,0.9322033898305084,0.10199120510244068,0.11139815797873198,0.0012079724197571196,0.0036199591925241137,0.0,0.0,0.0,0.0,1.0,0.0
195,590562343,182.52260993835523,169.24260993835526,1.9589767894127763,664,True,False,False,20.25526166746198,0.16252817082978538,18.25778979633402,0.1060757933158482,0.5392617286543367,0.10707307801213616,0.13091424661587922,0.0,0.10607395321130753,0.10707006603479385,-0.0008031153702177107,0.2996987951807229,0.0,0.0,0.5085216552918183,0.07920870936242863,-0.0546119324862957,0.8734939759036144,0.001250008070393229,0.016236112109161163,5.201486504100711e-09,0.002950266249115627,1.0,0.058734939759036146,1.0,0.14156626506024098,0.0,0.0
196,1269560368,236.522679968737,223.60267996873762,1.1175360388064624,646,True,False,False,57.70725430834198,0.27931943686443433,55.71028377171186,0.01180752039922915,0.4193701145283785,0.011835050489504208,0.19164143448277396,0.0,0.0018608092796057463,0.01174459420144558,0.0014604544267058372,0.38235294117647056,0.2476780185758514,0.0,0.5456354120031184,0.19201600559055806,-0.05643301084637642,0.9473684210526315,0.006265253562165351,0.03831833796877602,7.802229755500545e-09,0.0017299319486168147,1.0,0.05263157894736842,1.0,0.1393188854489164,0.0,1.0
197,1785119941,180.05367935561804,163.97367935561869,1.8688139102825116,804,True,False,False,33.76833076929718,0.15388739175209123,31.768949820329382,0.11020702691902448,0.4631676256626082,0.11481044952673183,0.10879252892386644,0.0,0.10945501178503036,0.11480226367712021,0.0013709759805351496,0.26990049751243783,0.0,0.0,0.441396387125538,0.23873211182653903,-0.05752081796526909,0.7848258706467661,0.013081585113861574,0.01657893496425901,9.102601380983621e-09,0.002324395410799143,1.0,0.13930348258706468,1.0,0.2562189054726368,0.0,0.0
198,965189358,200.2407706824132,188.40077068241362,0.9538880351219869,592,True,False,False,37.171969694718904,0.14687401509558415,35.17718242431979,0.07448120309581895,0.5148086226800995,0.07448359073265066,0.12195290629272845,0.0,0.00014562606520485133,0.07448320090770721,0.00024097919231280684,0.36824324324324326,0.11148648648648649,0.0,0.5280734324289763,0.30599715903401375,-0.05699560046195984,0.918918918918919,0.010942671445553638,0.012327511430838784,0.0,0.001611297356624979,1.0,0.04391891891891892,1.0,0.24493243243243243,0.0,1.0
199,1798176648,202.13857891289518,188.73857891289597,1.239066588056254,670,True,False,False,40.973068600753415,0.19989100238536547,38.97544878390149,0.07304645339242531,0.4345346431255441,0.07307363287343936,0.1417402861303143,0.0,6.980895705055445e-05,0.07307329028844833,-0.00022375822300091386,0.5268656716417911,0.14477611940298507,0.0,0.5258819688153245,0.19199186908081173,-0.05527468025684357,0.9134328358208955,0.0030345306467309627,0.026203951730471495,2.600743252267196e-09,0.001849353116501872,1.0,0.050746268656716415,1.0,0.19701492537313434,0.0,1.0
200,69892020,187.47069890387365,174.63069890387408,1.125677278249382,642,True,False,False,49.43314628797178,0.20854018761705068,47.436300021006595,0.0682105644410711,0.3419982635913078,0.0682471315965124,0.1084856559579652,0.0,0.052524469792842865,0.06823816150426865,0.0011064744321629405,0.5280373831775701,0.2585669781931464,0.0,0.5559853152009279,0.2891697011142969,-0.057121582329273224,0.9610591900311527,0.010585508123823225,0.012931217151788273,1.300371626176966e-08,0.0017533913991423403,1.0,0.040498442367601244,1.0,0.40031152647975077,0.0,1.0
201,1722285593,255.96808571014571,245.70808571014544,0.8637383669953467,513,True,False,False,83.11026594075439,0.2498750417384845,81.12179741475651,0.10234726510736032,0.3788860283575458,0.10237492203161712,0.19021472903037617,0.0,0.001423740410245955,0.102373406291008,0.0005570864886976779,0.290448343079922,0.0,0.0,0.5497459907258986,0.14519559755921363,-0.054996661841869354,0.9259259259259259,0.0014468814087357797,0.035852892253083996,2.6007432520503554e-09,0.0016837005204587655,1.0,0.07602339181286549,1.0,0.15789473684210525,0.0,0.0
202,1838200024,197.4925499996797,183.35254999968043,1.335452416794808,707,True,False,False,37.64425760123833,0.18008354209154404,35.645898616333966,0.049784216483686666,0.3965999140141316,0.04981149192304732,0.13290486442819938,0.0,0.04978055879473686,0.0498078353703022,0.0006035423139110208,0.4794908062234795,0.1173974540311174,0.0,0.49174275455149297,0.07712380057666451,-0.05686250329017639,0.8656294200848657,0.009606139735547966,0.020677309109920366,0.0,0.0018889001651977502,1.0,0.08486562942008487,1.0,0.3408769448373409,0.0,1.0
203,2126813241,63.5462586764712,43.546258676471005,1.7874976553144133,1000,False,False,False,12.619217693023488,0.25660119344920473,10.619304035518335,0.04666645315043661,0.6522867814699248,0.04669904667872423,0.17296226459500944,0.0002311272862736185,0.046642400324344635,0.04667501524090767,0.0014979696134105325,0.28,0.069,0.0,0.5597428234801628,0.48031400360167026,-0.056209973990917206,0.979,0.004144758032475387,0.029104257205276565,4.8177143279332785e-05,0.001787497655314413,1.0,0.01,1.0,0.109,1.0,1.0
204,1376935700,246.40173307396472,237.02173307396487,0.8517746407419357,469,True,False,False,60.03011368321154,0.22480118262908202,58.04805838567968,0.0655050635959474,0.5098717756564922,0.06552571875005617,0.18435431390974216,0.0,0.0005974769592285156,0.06552267074584961,0.0006320095271803439,0.2601279317697228,0.14072494669509594,0.0,0.548788403754613,0.22359927222132683,-0.05700225383043289,0.9317697228144989,0.0104511972898728,0.02637155149555152,5.20148650366703e-09,0.001816150619918841,1.0,0.07036247334754797,1.0,0.08315565031982942,0.0,1.0
205,1075994928,-28.111901919706725,-34.55190191970678,0.4369402017862567,322,False,True,False,15.91160040205933,0.1323524221794624,13.990225763711132,0.42465687935357294,0.922793517587949,0.42465687935357294,0.22864456823846815,0.2158292929858814,0.41417789459228516,0.41417789459228516,0.09375572949647903,0.0,0.0,0.5076034008525312,0.5308225474787459,0.2829859136557207,0.01520680170506239,0.9285714285714286,0.006073013122833385,0.016554276661335753,0.0005391327757742976,0.0013569571484045252,0.0,0.0,0.0,0.0,1.0,0.0
206,2130197154,142.30064619551413,126.46064619551402,1.394184327006359,792,True,False,False,7.4732951903781615,0.1697982323604632,5.473993590195177,0.0932849528750191,0.4816711328822066,0.09331203632483967,0.10597203267957761,0.0,0.09328307956457138,0.0933101624250412,-0.0005913639324717224,0.36363636363636365,0.05555555555555555,0.0,0.5410027849750189,0.1977781280875206,-0.05488397553563118,0.9494949494949495,0.00197131120762763,0.014632815650533041,0.0,0.0017603337462201516,1.0,0.04292929292929293,1.0,0.25757575757575757,0.0,1.0
207,1512169714,196.96909467903896,183.12909467903953,1.2091086930176151,692,True,False,False,29.76486924576315,0.22172498605021798,27.76677727338331,0.09320548504116521,0.539125013815272,0.0932332329654913,0.15453000433704037,0.0,0.08368949592113495,0.09322071075439453,0.0015280103543773293,0.24132947976878613,0.06213872832369942,0.0,0.5359870968426906,0.24734634578227996,-0.05536196380853653,0.9277456647398844,0.001896627939309415,0.027686250955404487,2.6007432520503554e-09,0.0017472668974242978,1.0,0.04335260115606936,1.0,0.09248554913294797,0.0,1.0
208,1813899210,-28.309945898182974,-42.44994589818273,1.1100292422680975,707,False,True,False,25.04161911693827,0.22622556802488467,23.043260132033954,0.2060555921983989,0.6674138105079591,0.222835361954411,0.16949081697311233,0.0321630337672091,0.2059061974287033,0.21857424080371857,-0.043369341641664505,0.0,0.0,0.5152662731707096,0.5497274375621913,0.3758218910777941,0.03053254634141922,0.958981612446959,0.021823741686439684,0.03040054374306251,0.001114128500622473,0.001570055505329698,0.0,0.0,0.0,0.18104667609618105,1.0,0.0
209,1329058962,192.57085464331323,180.7908546433136,0.9135920167098062,589,True,False,False,28.056486947021515,0.12366998621428282,26.061859239068397,0.04465901597811007,0.5032741910004176,0.058165421727575904,0.13625064356183855,0.0,0.00011281967454124242,0.05815257877111435,0.0012222385266795754,0.3293718166383701,0.2529711375212224,0.0,0.536429262844172,0.25650499008595945,-0.05706212297081947,0.9456706281833617,0.01003940210520442,0.010958933468821637,1.040297300733406e-08,0.0015510900113918612,1.0,0.04923599320882852,1.0,0.13752122241086587,0.0,1.0
210,230627142,297.0462050080299,290.62620500802984,0.6154959807048059,321,True,False,False,84.68639244905084,0.19794338979520812,82.76581200627486,0.06653981401330432,0.46674895033995045,0.0824185651980027,0.33148036164878075,0.0,0.00016965865506790578,0.08241500705480576,0.0007658338290639222,0.4392523364485981,0.308411214953271,0.0,0.527750636558295,0.13830580711364746,-0.0553569421172142,0.881619937694704,0.0025005224729883375,0.05429912123555687,2.600743251833515e-09,0.0019174329616972146,1.0,0.11838006230529595,1.0,0.1059190031152648,0.0,1.0
211,987606443,171.8119223812596,156.85192238125978,1.2171273697527658,748,True,False,False,49.03743951180556,0.167238604753186,47.03852632663238,0.061350174793657404,0.33884303765387797,0.06229539726439329,0.11041655103603074,0.0,0.00037212372990325093,0.06227836757898331,0.0014565205201506615,0.5909090909090909,0.18181818181818182,0.0,0.5558474037402813,0.28009605437517165,-0.057144660502672195,0.9652406417112299,0.010255694868316975,0.012112366228180679,1.0402973009068783e-08,0.001627175628011719,1.0,0.03609625668449198,1.0,0.3382352941176471,0.0,1.0
212,1428704328,199.99132727459084,187.11132727459128,1.1052133990123867,644,True,False,False,31.333686727572417,0.20209513725059866,29.336777701319882,0.03629615756234292,0.5312147770361421,0.03632516113882018,0.15796641848539622,0.0,0.03629159927368164,0.03632058948278427,0.00057629105867818,0.327639751552795,0.18012422360248448,0.0,0.5586926834021481,0.25700092770159244,-0.05594947189092636,0.9565217391304348,0.004972877596185559,0.019763576187702765,5.20148650366703e-09,0.0017161698742428366,1.0,0.04503105590062112,1.0,0.08540372670807453,0.0,1.0
213,813158061,14.871031187449994,-5.128968812549967,4.973228164835138,1000,False,False,False,16.035087677601865,0.1851342683329961,14.035174020096662,0.5650903767510711,0.8411005978208536,0.742725009904287,0.12528522621466198,0.008671438273381396,0.5542367696762085,0.7113779187202454,-0.21349917352199554,0.0,0.0,0.0,0.43463320923356513,0.2417636039367062,-0.06747128069400787,0.795,0.030964384140093903,0.027952871736553732,0.0198530102820108,0.004973228164835135,1.0,0.108,1.0,0.42,1.0,0.0
214,1749950354,191.3896178490483,176.3696178490488,1.3269440399359669,751,True,False,False,43.35744782316431,0.2396175130747124,41.358502358504,0.008140600292617059,0.3418239926136219,0.00816842720995724,0.13243723266931132,0.0,4.787445141118951e-05,0.008118629455566406,0.000900588056538254,0.5059920106524634,0.31424766977363516,0.0,0.5394796348361673,0.22226055623963475,-0.05652681738138199,0.9467376830892144,0.00735222770249337,0.02418264115465069,7.802229756367907e-09,0.001766902849448692,1.0,0.0426098535286285,1.0,0.22769640479360853,0.0,1.0
215,889174518,28.241665636619874,8.241665636620475,3.066414251138685,1000,False,False,False,60.86325244066395,0.24087657027609302,58.863338783158795,0.22309474381004382,0.41402346676476237,0.24260733191796155,0.10196839036016839,0.023343712586614884,0.08976821601390839,0.24260655045509338,0.0006157731986604631,0.0,0.0,0.5328907109797001,0.5617206548481481,0.5357377912849188,0.06578142195940018,1.0,0.0038363449928184717,0.0245017306237405,0.0015180505852811412,0.003066414251138683,0.0,0.0,0.0,0.52,1.0,0.0
216,1871442016,206.7928843559463,193.31288435594718,1.2625640344865154,674,True,False,False,41.51432216862671,0.18634107280519321,39.51660856306177,0.042002248554217594,0.41045220228992324,0.04200488491080898,0.15043247303539353,0.0,0.0007245063898153603,0.0420042984187603,-0.00022197008365765214,0.41097922848664686,0.1572700296735905,0.0,0.5143569013064462,0.0,-0.05662086233496666,0.8991097922848664,0.009208332648460632,0.028033219923942816,2.6007432527008767e-09,0.0018732404072500238,1.0,0.08605341246290801,1.0,0.19881305637982197,0.0,1.0
217,1938763919,-19.58064956938611,-29.44064956938577,1.7459595761749418,493,False,True,False,21.615424235721214,0.1789371156952483,19.62952299619365,0.5713570749668124,0.867980941652242,0.5816601513739685,0.2007995503505316,0.021809588427273652,0.12598972022533417,0.5780832171440125,0.06440749764442444,0.0,0.0,0.0,0.464332374245633,0.14198866385035216,-0.009152229875326157,0.8113590263691683,0.014382997037177641,0.047426201539271025,0.003292697001665741,0.0035415001545130646,1.0,0.08519269776876268,1.0,0.2028397565922921,1.0,0.0
218,1242605113,238.7606360446196,227.68063604462026,0.8434063964604969,554,True,False,False,44.17928051963271,0.13314605108610686,42.186917607770276,0.02103377369175108,0.5433907418709619,0.021388851278315097,0.17844982247897578,0.0,0.014856338500976562,0.02138834074139595,0.0001477813784731552,0.34115523465703973,0.22382671480144403,0.0,0.5330332166100062,0.28832560747861863,-0.056037768721580505,0.9115523465703971,0.005788536673882346,0.016445972044349166,0.0,0.0015223942174377194,1.0,0.048736462093862815,1.0,0.17148014440433212,0.0,1.0
219,1828995021,266.73136786200627,257.37136786200614,1.0535126050909243,468,True,False,False,73.07092085152013,0.2533876567363535,71.08904681360927,0.06267793729136438,0.4894512745656429,0.06269826898586112,0.21264217515985123,0.0,0.00030574799166060984,0.06269817054271698,-0.00011110544437542558,0.23076923076923078,0.15384615384615385,0.0,0.49215495561078665,0.10947428216226399,-0.05682634934782982,0.8376068376068376,0.010318079546889245,0.04050620331843493,5.201486505401753e-09,0.0022510953100233428,1.0,0.09401709401709402,1.0,0.09188034188034189,0.0,1.0
220,1937516710,12.422235133382518,-7.577764866617132,1.9012387624798188,1000,False,False,False,29.401690907433537,0.18173411712098866,27.401777249928347,0.19789441950821055,0.48389861499584824,0.23925694196819808,0.13528135090352886,0.03822623403004407,0.0004257202090229839,0.23780040442943573,0.0263600442558527,0.025,0.0,0.5632850527763367,0.5462018533477094,0.5433699313178658,0.12657010555267334,0.981,0.026386147551179236,0.025480853878696395,0.0024465815950231486,0.0019012387624798188,0.0,0.0,0.0,0.36,1.0,0.0
221,1972458574,223.35367702841754,213.31367702841806,0.8223471512380858,502,True,False,False,52.52914477087418,0.15704303144594792,50.5420242317339,0.017301390715081855,0.4663431066490459,0.017328425890836947,0.15181106857826396,0.0,0.00018024444580078125,0.0173205379396677,0.0005227899528108537,0.2968127490039841,0.1394422310756972,0.0,0.5579299265407471,0.32197917193174364,-0.05654033273458481,0.950199203187251,0.007858963019577125,0.01331114561042403,7.802229756367907e-09,0.0016381417355340352,1.0,0.05179282868525897,1.0,0.10358565737051793,0.0,1.0
222,1627593572,223.56611926370533,213.70611926370566,0.7847079171983045,493,True,False,False,41.093149664572294,0.19904104716284682,39.1072484250447,0.013702344617687042,0.408587640749885,0.013729473979563435,0.1699596077088441,0.0,8.525848534191027e-05,0.013702964410185814,0.0008527731988579035,0.4482758620689655,0.2515212981744422,0.0,0.5391325375254589,0.21508214116096497,-0.056279562413692474,0.9269776876267748,0.006179061029678181,0.030528791531931894,2.600743251833515e-09,0.0015916996292054857,1.0,0.06693711967545639,1.0,0.20689655172413793,0.0,1.0
223,550002066,-105.56144348024391,-106.44144348024389,0.15503082540218882,44,False,False,True,-71.81003530271614,0.15024674423927434,-72.5248120985467,1.5755997788844822,1.5984441108555794,1.6166901923585741,0.7038702909121434,0.6133639490872641,0.7101448178291321,1.0050840377807617,1.2662911415100098,0.0,0.0,0.5528471954166889,0.5159934975143353,0.5159934975143353,0.10569439083337784,0.9772727272727273,0.11611713167287137,0.12268098726631436,9.408448788546242e-05,0.0035234278500497446,0.0,0.0,0.0,0.0,1.0,0.0
224,928135450,173.62776580162176,161.70776580162183,0.9695446005049064,596,True,False,False,20.325990874990918,0.16233938455178576,18.330998202246647,0.02024114750250646,0.3993420651505683,0.020347123465997125,0.11771151890270419,0.0,6.952285912120715e-05,0.020335102453827858,0.0006993150454945862,0.46812080536912754,0.3573825503355705,0.0,0.5526528147605639,0.29838481977581977,-0.05616986006498337,0.9530201342281879,0.005827339113016828,0.0089510216014912,5.201486504534392e-09,0.001626752685410917,1.0,0.0436241610738255,1.0,0.30033557046979864,0.0,1.0
225,1388859855,275.2875563807786,266.72755638077865,0.7798995101177372,428,True,False,False,79.07798332097947,0.21915349717621965,77.10507857852494,0.03846091071257286,0.47695912208171204,0.038488460721570146,0.2150541067394801,0.0,0.03844738006591797,0.03847493976354599,0.0010201073018833995,0.36682242990654207,0.21962616822429906,0.0,0.5684918947343793,0.25945922926068304,-0.056019652634859085,0.9345794392523364,0.004842400582881534,0.026259815740843667,2.600743251833515e-09,0.0018221951170975185,1.0,0.06775700934579439,1.0,0.12149532710280374,0.0,1.0
226,253571847,-99.07166774813086,-100.11166774813086,0.0944421004855828,52,False,False,True,-58.89650164773835,0.08286424980841024,-59.710568754935345,1.6368556706881947,1.7272239519048393,1.7299037214705724,0.45609318552274836,0.40639013760158793,0.7922477722167969,1.0028165578842163,1.409583568572998,0.0,0.0,0.5166144073009491,0.28041337828080243,0.29162991341203454,0.03322881460189819,0.5384615384615384,0.07726591819944065,0.06551262764153404,0.0009487147279352015,0.0018161942401073614,0.0,0.0,0.0,0.0,1.0,0.0
227,424193372,257.58535242285564,248.28535242285608,0.927361708586394,465,True,False,False,73.31870997684857,0.2110708693247969,71.33739077739469,0.011371802654949161,0.45477951082686363,0.011381595696302932,0.1846605108554292,0.0,0.011361789889633656,0.011371612548828125,-0.0004766011261381209,0.3634408602150538,0.2172043010752688,0.0,0.562269458619337,0.25747012756764887,-0.05601915344595909,0.9397849462365592,0.006346323280631832,0.021096976781457003,2.6007432527008767e-09,0.0019943262550245035,1.0,0.060215053763440864,1.0,0.13118279569892474,0.0,1.0
228,463024751,-7.068955435790192,-27.068955435790144,2.6479734741397865,1000,False,False,False,8.894285391228511,0.1271520425898322,6.894371733723331,0.12044907320289147,0.41876774490617674,0.13844959078648972,0.09659986160566171,0.02879066375652487,0.11793680489063263,0.138447567820549,-0.000748434045817703,0.429,0.0,0.552896324545145,0.5179127852600068,0.3975167061761022,0.10579264909029007,0.932,0.01540917490287457,0.015955085896430115,0.0002706632513536939,0.0026479734741397865,0.0,0.061,1.0,0.364,1.0,0.0
229,1373742587,242.5844377458096,232.4044377458098,0.8049349546511587,509,True,False,False,50.27163140749295,0.22380503757886866,48.28363590666005,0.0890337685448701,0.500392530753882,0.08906132612570078,0.18846717947177316,0.0,0.00011882781836902723,0.08905448764562607,0.0011036491487175226,0.27111984282907664,0.10216110019646366,0.0,0.5214990729901552,0.23534463196992875,-0.05533137544989586,0.8958742632612967,0.0021343045010795256,0.03635608746331323,0.0,0.0015814046260337119,1.0,0.060903732809430254,1.0,0.15520628683693516,0.0,1.0
230,802303837,221.61286657452587,210.21286657452663,0.9750690706720576,570,True,False,False,67.53474822726545,0.19396786834397456,65.54125088530873,0.016610185555708437,0.3513336237367399,0.04218835097478793,0.13228864296879306,0.0,0.00020303725614212453,0.04215564578771591,0.001660869107581675,0.5105263157894737,0.3684210526315789,0.0,0.5508155924186372,0.23423544615507125,-0.05701462924480438,0.9473684210526315,0.009165411282200747,0.020878624312630538,2.6007432509661532e-09,0.001710647492407118,1.0,0.054385964912280704,1.0,0.23508771929824562,0.0,1.0
231,1783498037,-5.678834146304817,-25.678834146304908,2.407167708512121,1000,False,False,False,20.315061375875207,0.1835035112334367,18.315147718370124,0.36579743277051624,0.5874581939256129,0.40382248617636507,0.11309880198249445,0.015450276590348522,0.36518973112106323,0.4026203155517578,-0.03113650344312191,0.0,0.0,0.514466468244791,0.5381771634222532,0.5377836499363184,0.028932936489582062,0.981,0.005133127918238829,0.022269531894553114,0.001135130802754243,0.0024071677085121244,0.0,0.0,0.0,0.478,1.0,0.0
232,1601410155,224.73759815916404,213.8775981591649,0.9991127944855362,543,True,False,False,63.02908338523303,0.23146036763331387,61.03761322085801,0.03235679724197167,0.39410744990172375,0.03238387557185608,0.14850400117271106,0.0,0.03235054016113281,0.03237762302160263,0.0006363368011079729,0.4125230202578269,0.20810313075506445,0.0,0.5626583876393557,0.20541110262274742,-0.056011542677879333,0.9392265193370166,0.005182510506015478,0.017051563542898513,5.201486504534392e-09,0.001839986730175942,1.0,0.06261510128913444,1.0,0.1252302025782689,0.0,1.0
233,576219794,217.34654810263316,208.22654810263344,0.6209613591000706,456,True,False,False,29.965950784969788,0.15139408898171672,27.986400098430984,0.06272364014267433,0.5168228774981797,0.06277750058979589,0.20039603766080907,0.0,0.06260719150304794,0.06277551501989365,0.0004992937901988626,0.34210526315789475,0.21271929824561403,0.0,0.5366598024475184,0.27265570797026156,-0.05695224925875664,0.9298245614035088,0.01030675526058409,0.020581382325311447,0.0,0.001361757366447524,1.0,0.06140350877192982,1.0,0.12280701754385964,0.0,1.0
234,594444028,1.7143262837489175,-7.285673716250685,0.6491813669525432,450,False,True,False,32.492592201730034,0.13125860605628392,30.514312589009798,0.31405113977137394,0.7941340659494697,0.31405113977137394,0.19108732423682517,0.0365667152692239,0.303872287273407,0.30476418137550354,0.07580839097499847,0.0,0.0,0.0,0.48859215208471546,0.3648952599149197,-0.0006112488335929811,0.8666666666666667,0.0523728365433061,0.03251355421003143,0.0017222537933866341,0.0014426252598945413,0.0,0.0,0.0,0.13555555555555557,1.0,0.0
235,66531776,-47.115054615757266,-55.53505461575745,0.48479089050744684,421,False,True,False,7.876184000078351,0.13859912671764418,5.905254126551936,0.7057541001547998,1.0241384712030068,0.7057925706798619,0.18307666927288777,0.011076385204773024,0.7014011144638062,0.7017354965209961,0.07556749135255814,0.0,0.0,0.5035482926759869,0.507958972483403,0.4157547440589406,0.007096585351973772,0.9049881235154394,0.07399633660379895,0.04860806988966009,0.0018628759810239148,0.001151522305243342,0.0,0.0,0.0,0.2517814726840855,1.0,0.0
236,67451976,259.22499325554804,240.00499325554193,9.079261389630656,961,True,False,False,66.72540764084053,0.20347682207138565,64.72553541763946,0.15414464466953662,0.31685738025001964,0.15415150881463355,0.09252433528156728,0.0,0.1540488302707672,0.15405568480491638,0.005434487015008926,0.6795005202913632,0.0,0.0,0.18162888938776225,0.010303460918366909,-0.05854898318648338,0.29656607700312176,0.015109049131590249,0.019195648527094888,2.6007432527008767e-09,0.009447722569854999,1.0,0.5150884495317378,1.0,0.6472424557752341,0.0,0.0
237,1395986010,-9.156243246159235,-17.596243246159233,0.6343712750457846,422,False,True,False,18.821212818864247,0.16712128995078304,16.849992244073075,0.4148742099314375,0.9177795119546225,0.4148742099314375,0.22272102912763042,0.14457998856618393,0.29053211212158203,0.40825194120407104,0.07383063435554504,0.0,0.0,0.0,0.4991831856172022,0.2524804118589964,-0.05719895288348198,0.8981042654028436,0.004534218684281143,0.037952315292917586,0.021636007359884767,0.0015032494669331403,0.0,0.004739336492890996,1.0,0.0,1.0,0.0
238,1372420504,9.077938047418295,-10.922061952581844,2.2657856889860537,1000,False,False,False,25.146993486714813,0.20630084243223204,23.147079829209662,0.5549019694766872,0.7496946126909882,0.6022946612365168,0.14843852187040996,0.017672973102700575,0.07750940322875977,0.5865703821182251,-0.13672617077827454,0.0,0.0,0.5096741765737534,0.5257219569968875,0.479831451382488,0.019348353147506714,0.958,0.010487757238138218,0.03559929017078305,0.0008767287554622485,0.0022657856889860568,0.0,0.0,0.0,0.47,1.0,0.0
239,651841002,211.50082164202183,194.400821642024,5.538125105538891,855,True,False,False,48.10045621019303,0.22795071510785472,46.1008269945271,0.5842635647680863,0.7188286978746108,0.5843770806582431,0.07956304426757689,0.0,0.5578972697257996,0.5579072833061218,0.17388512194156647,0.0,0.0,0.0,0.21614985789804805,0.04053733021952212,-0.08391913026571274,0.37777777777777777,0.03768604668685878,0.02965953060898367,5.201486505401753e-09,0.006477339304723846,1.0,0.5660818713450292,1.0,0.6701754385964912,0.0,0.0
240,1636612707,189.8448691856873,180.22486918568728,0.7604242057782193,481,True,False,False,16.120661538259192,0.19610275403261884,14.136567451054352,0.6745548845282321,1.0312232250715963,0.6745786232250174,0.2724896271433208,0.0,0.32884931564331055,0.6499875783920288,-0.18047843873500824,0.0,0.0,0.0,0.5171654771205295,0.15914323108736425,-0.04654750972986221,0.8918918918918919,0.03423730248932795,0.052185944168178636,5.2014864984628595e-09,0.0015809235047364234,1.0,0.07692307692307693,1.0,0.06652806652806653,0.0,0.0
241,452221964,184.92166041564207,171.1416604156425,1.1942633216832306,689,True,False,False,32.56569651944041,0.1739228024690833,30.567662952076294,0.012120038545929605,0.4177996669111655,0.012977461118753357,0.10910072303244381,0.0,6.608963303733617e-05,0.012881850823760033,0.0015723919495940208,0.4455732946298984,0.2946298984034833,0.0,0.534150322488305,0.2951012856513262,-0.056718647480010986,0.9346879535558781,0.007588933049205301,0.014509481470652447,2.600743251833515e-09,0.001733328478495255,1.0,0.03773584905660377,1.0,0.29753265602322204,0.0,1.0
242,1821731862,75.73581239245837,55.735812392459806,6.955852613391013,1000,False,False,False,60.361768825411396,0.1773452095695572,58.36185516790622,0.20850662343326398,0.3681940441916429,0.2095820955038382,0.09045959224438843,0.007279548419319821,0.2085041105747223,0.20957498252391815,-0.0017266892828047276,0.0,0.0,0.0,0.3859624251835048,0.1723197452351451,-0.06666731089353561,0.679,0.01805332976126797,0.009572758399806423,0.0007201978213522871,0.0069558526133910075,0.0,0.318,1.0,0.6,1.0,0.0
243,123984911,84.89289722418175,72.89289722417926,5.332604064823553,600,False,True,False,80.01593648337241,0.3329236299760692,78.02074650195523,0.0982555081501085,0.33958736464928746,0.21024394570549176,0.2046551086583304,0.021474362741994192,0.0002216339053120464,0.2060748040676117,-0.04166163504123688,0.6266666666666667,0.02,0.0,0.30079577446119704,0.07121382971294224,-0.05244946852326393,0.5133333333333333,0.0057032758576652165,0.03594406457862928,0.004563642030516536,0.008887673441372586,0.0,0.31666666666666665,1.0,0.5433333333333333,1.0,0.0
244,1686778320,171.8065227590035,160.62652275900336,0.8925289852928604,559,True,False,False,18.88070894552841,0.1394069966364044,16.887971740357454,0.11526394483727684,0.5116130039108067,0.11543510109650165,0.12009532736427232,0.0,9.756088547874242e-05,0.11542701721191406,0.001366112264804542,0.29338103756708406,0.0,0.0,0.5365798531161797,0.2937410704791546,-0.0575241781771183,0.9445438282647585,0.013115189317421061,0.010193807668689719,2.6007432509661532e-09,0.0015966529253897315,1.0,0.046511627906976744,1.0,0.1735241502683363,0.0,0.0
245,880264374,-57.78707482926549,-62.72707482926552,0.33301399022652267,247,False,False,True,8.040417561753378,0.19041856251339637,6.207497021099774,1.0835176030940639,1.2424920234142982,1.0835176030940639,0.3605188168782231,0.18484393603033702,0.28382205963134766,1.0002338886260986,0.41658440232276917,0.0,0.0,0.5870107412338257,0.550348245678281,0.5704072860628366,0.17402148246765137,0.9554655870445344,0.060981957296313095,0.0865181032144371,0.00039660814444814757,0.0013482347782450305,0.0,0.0,0.0,0.0,1.0,0.0
246,1171302208,168.28105644518493,150.06105644518476,1.515472433426008,911,True,False,False,19.519365964193494,0.22958362825010029,17.51957716339607,0.04375745778379373,0.5526458626504309,0.043758794735928884,0.16607463279940804,0.0,0.00033664703369140625,0.04375658184289932,0.0004400706384330988,0.34357848518111966,0.10976948408342481,0.0,0.5497843084497015,0.15959132045507432,-0.05677460506558418,0.960482985729967,0.009284704774428134,0.027232848054876208,2.6007432527008767e-09,0.0016635262715982504,1.0,0.03951701427003293,1.0,0.0889132821075741,0.0,1.0
247,645818112,223.60473223896702,210.58473223896755,1.2298725435051703,651,True,False,False,51.54768478353387,0.23669009409291542,49.550565773055176,0.052326238229208566,0.38390815613282575,0.052353882986755876,0.19269766627019033,0.0,0.0017324447399005294,0.05233345180749893,0.0014624929754063487,0.27956989247311825,0.130568356374808,0.0,0.5383849072580537,0.13824547022581102,-0.055937960743904114,0.9262672811059908,0.0040838414734688895,0.040090271468527144,2.600743251833515e-09,0.001889205135952646,1.0,0.059907834101382486,1.0,0.1781874039938556,0.0,1.0
248,1992289477,206.0584007118422,192.15840071184272,2.19496256363988,695,True,False,False,30.09914897453563,0.13911478553305845,28.101000331827475,0.10975456607135699,0.5906858769666916,0.11003079878212786,0.1470003770597699,0.0,0.10975436866283417,0.11002912372350693,-0.0006071352981962264,0.40863309352517985,0.0,0.0,0.5062266672952201,0.10873301246552729,-0.054606419056653976,0.8719424460431655,0.0010859056412175685,0.016651646932623988,0.0,0.0031582195160286017,1.0,0.04316546762589928,1.0,0.25611510791366904,0.0,0.0
249,313246075,230.2283378678374,219.84833786783793,1.0581046921208925,519,True,False,False,43.070377909318665,0.22636119693587542,41.08123456318487,0.11633838193176665,0.5310220112046582,0.12202795632265698,0.16494703767125254,0.0,0.0009076118585653603,0.1220245361328125,-0.000913622381631285,0.3198458574181118,0.0,0.0,0.49805000731416466,0.021869670171290635,-0.054329220205545425,0.8516377649325626,0.0004643572217072496,0.02773167616301664,7.802229756096856e-09,0.0020387373643947835,1.0,0.07514450867052024,1.0,0.17533718689788053,0.0,0.0
250,1889010639,214.32976883716174,202.14976883716253,1.0366544839517189,609,True,False,False,70.81791604113698,0.17522174980331537,68.82231007607277,0.068638826459573,0.3502172820495502,0.07163763756013528,0.13408462484292227,0.0,0.00015726088895462453,0.07163648307323456,0.00040670394082553685,0.5057471264367817,0.23809523809523808,0.0,0.5608836839119682,0.24179950699210168,-0.05700630694627762,0.9507389162561576,0.010785619062421646,0.014000792007905244,2.6007432509661532e-09,0.0017022241115791767,1.0,0.05090311986863711,1.0,0.23809523809523808,0.0,1.0
251,2024720233,-40.56746696723854,-57.48746696723788,3.2276883176559705,846,False,True,False,28.350738915909794,0.19170316367897433,26.351144802427044,0.4971945744771663,0.7245205736302924,0.5649772793996667,0.15244307208155045,0.06621541443583807,0.014363288879394531,0.5646220445632935,-0.020031800493597984,0.0,0.0,0.0,0.45047032633060413,0.3155261721718125,-0.04922232776880264,0.8226950354609929,0.04196241500651026,0.03429104350204274,0.022814961661714442,0.0038152344180330633,0.0,0.08156028368794327,1.0,0.47754137115839246,1.0,0.0
252,1804064796,186.9202453431207,176.06024534312093,0.8778515498628869,543,True,False,False,18.09561817965523,0.18355159691835185,16.104148015280227,0.014120183025602317,0.4458833187039277,0.014121612736668275,0.13239123179849052,0.0,0.00012826919555664062,0.0141137121245265,-0.00047230959171429276,0.429097605893186,0.21731123388581952,0.0,0.5360584529451202,0.1726510662585497,-0.0562966912984848,0.9171270718232044,0.00771556193777504,0.01740914280173221,2.600743251833515e-09,0.0016166695209261278,1.0,0.06998158379373849,1.0,0.20441988950276244,0.0,1.0
253,1786187759,-76.96489376761019,-79.60489376761019,0.2719825303831505,132,False,False,True,-14.411975703575324,0.22769108001556368,-15.881243204079905,1.4423515976108061,1.4924117141677213,1.4423515976108061,0.3321619067470059,0.15942072815867833,0.6043326258659363,1.0001953840255737,1.03922438621521,0.0,0.0,0.5870920792222023,0.5762130960426999,0.5839627772569657,0.1741841584444046,1.0,0.08012200762544201,0.09886186905952714,0.0005233371616330945,0.0020604737150238662,0.0,0.0,0.0,0.0,1.0,0.0
254,989960034,13.862515577036362,0.8825155770372959,1.0272635117514608,649,False,True,False,55.717195068187166,0.23779261506452815,53.720134553465435,0.17525158165781093,0.45097828749089736,0.19786216095186454,0.18424787561570688,0.022588611730214266,0.00011901855759788305,0.19340486824512482,-0.0417611263692379,0.29738058551617874,0.0,0.5142136551439762,0.5210334359312043,0.39565589631791226,0.028427310287952423,0.9183359013867488,0.02577511332708768,0.04161290153014757,0.00044079737304339797,0.001582840541989924,0.0,0.0,0.0,0.362095531587057,1.0,0.0
255,1905578091,167.65201759403573,153.11201759403596,1.1954949140532043,727,True,False,False,28.50080214290222,0.1479500551540723,26.502144340533665,0.038401816107762485,0.3882142397511855,0.0586212022713751,0.11747414864886103,0.0,7.04765334376134e-05,0.058620452880859375,0.0002964115119539201,0.5130674002751031,0.3177441540577717,0.0,0.5383076770512959,0.1879310503602028,-0.05687538906931877,0.9339752407152683,0.010088409210674056,0.00968269260726045,2.6007432527008767e-09,0.0016444221651350792,1.0,0.04951856946354883,1.0,0.3204951856946355,0.0,1.0
256,1958129221,-93.126895328518,-94.60689532851798,0.14582916691109865,74,False,False,True,-47.34803329037617,0.1254383771594054,-48.39735320636475,1.5428826958155593,1.6490026650164196,1.6462619578749385,0.6239063707825026,0.4726090107905341,0.5733836889266968,1.0040128231048584,1.3046596050262451,0.0,0.0,0.5269717704504728,0.3660789000600375,0.5417967720888555,0.05394354090094566,0.6756756756756757,0.09235282980446961,0.09755012369953726,2.184624331713625e-06,0.0019706644177175502,0.0,0.0,0.0,0.0,1.0,0.0
257,1850992617,168.95335147576418,151.63335147576387,1.320396321112117,866,True,False,False,9.220394268888821,0.16368047570004834,7.2207262462872075,0.014336796031695147,0.6008321011817441,0.045372105425157926,0.14635801950452354,0.0,0.0001126289353123866,0.04536895826458931,-0.0005343937664292753,0.3464203233256351,0.2644341801385681,0.0,0.5348354913821276,0.22973142720758916,-0.05558991804718971,0.953810623556582,0.004525461006472837,0.02259167810196047,5.20148650366703e-09,0.0015247070682587961,1.0,0.03579676674364896,1.0,0.1859122401847575,0.0,1.0
258,1474258078,192.42510133124892,177.30510133124972,1.178620600605236,756,True,False,False,59.34105839886214,0.22553856003539216,57.34206125147737,0.11935612234238738,0.3913088087550813,0.11935993638850508,0.11870800151312787,0.0,0.11752929538488388,0.11933956295251846,0.002205250319093466,0.39285714285714285,0.0,0.0,0.5409627320126645,0.0,-0.055084697902202606,0.9285714285714286,0.0004837431212712717,0.016223686574497284,1.0402973008093001e-08,0.0015590219584725353,1.0,0.07407407407407407,1.0,0.3134920634920635,0.0,0.0
259,292536559,213.38875178755853,202.36875178755892,1.0926969068870753,551,True,False,False,34.897800098448116,0.17201328338335495,32.90567095901543,0.21617417715251402,0.676890612462837,0.21619869671785072,0.18398833963739145,0.0,0.2161465585231781,0.21617107093334198,0.003456089412793517,0.0,0.0,0.0,0.48512557575856496,0.053895302005112174,-0.05851460620760918,0.8548094373865699,0.01843893286064515,0.021881256341148216,7.80222975810263e-09,0.001983115983461116,1.0,0.10707803992740472,1.0,0.06352087114337568,0.0,0.0
260,1081232581,221.67146666161707,211.0714666616177,0.8528580791514955,530,True,False,False,51.74334404666565,0.16450265837291533,49.75306442418527,0.018907224369355765,0.4454004849779796,0.01893670314990658,0.14829064554791319,0.0,0.018542766571044922,0.018936539068818092,7.883072248660028e-05,0.36981132075471695,0.19245283018867926,0.0,0.5579001719026633,0.2967212726175785,-0.056051649153232574,0.9528301886792453,0.005922424236868502,0.012544000716018591,2.600743251833515e-09,0.0016091661870782923,1.0,0.04905660377358491,1.0,0.15660377358490565,0.0,1.0
261,1564819839,-18.77345672572551,-25.673456725725572,1.151602053663195,345,False,True,False,15.974114783195239,0.21270325779370253,14.036512993258725,0.593368085395934,0.9817123535085364,0.593368085395934,0.2471014489478361,0.20259513587632277,0.3019932806491852,0.5593329668045044,0.19807149469852448,0.0,0.0,0.0,0.46771885378588246,0.0,-0.0815560594201088,0.8144927536231884,0.0011960224921533928,0.05275997739679626,0.020557184111455063,0.0033379769671396963,1.0,0.06956521739130435,1.0,0.0,1.0,0.0
262,286497476,204.05275795211776,189.79275795211865,1.4429375671814877,713,True,False,False,61.1184804758881,0.25317745349542475,59.12002545902553,0.026216003918378396,0.354746012418246,0.02624372150873741,0.12611763131281828,0.0,0.026182174682617188,0.02620992623269558,0.0013314223615452647,0.4488078541374474,0.3506311360448808,0.0,0.5414745339620558,0.23704901725053787,-0.05623794347047806,0.9256661991584852,0.005491026600123755,0.021158670640797458,5.20148650366703e-09,0.002023755353690727,1.0,0.07433380084151472,1.0,0.2370266479663394,0.0,1.0
263,1605952649,220.19557384487717,209.5355738448775,1.0950807208034457,533,True,False,False,37.377642748301234,0.14667391147048722,35.38707442088814,0.05072599714647754,0.5507858295324772,0.05075346268879862,0.18016460514882035,0.0,0.05072145536541939,0.05074892193078995,0.0006788945174776018,0.24577861163227016,0.1350844277673546,0.0,0.4955769238882571,0.022266419380903246,-0.05688631907105446,0.8799249530956847,0.009654830200526668,0.012608598629036558,1.040297300733406e-08,0.0020545604517888277,1.0,0.09568480300187618,1.0,0.06378986866791744,0.0,1.0
264,200068483,266.7083721287548,255.68837212875513,1.0380644592491983,551,True,False,False,88.16237335132462,0.24744901664640953,86.17024421189195,0.003914924938319253,0.34734811657909626,0.03261981694234754,0.18188291626187553,0.0,6.456374831032008e-05,0.03259124606847763,0.0013649677857756615,0.47368421052631576,0.4047186932849365,0.0,0.5581305261343015,0.17476596526801585,-0.056865617632865906,0.9364791288566243,0.008657734496059758,0.029033594518332408,7.802229756367907e-09,0.0018839645358424651,1.0,0.06533575317604355,1.0,0.2813067150635209,0.0,1.0
265,585620245,239.9804136775433,231.7004136775435,0.7612825246646149,414,True,False,False,55.74355436514058,0.22923079083384648,53.774743301129796,0.007264859647553352,0.448880431474541,0.007268419208535036,0.16934511905858987,0.0,0.0004858970642089844,0.007139682769775391,0.0013619279488921165,0.38405797101449274,0.2608695652173913,0.0,0.563837151578515,0.2854003615677357,-0.05646278336644173,0.9396135265700483,0.00651633906850357,0.02057969573303453,2.600743251833515e-09,0.0018388466779338515,1.0,0.06280193236714976,1.0,0.13285024154589373,0.0,1.0
266,1469933337,243.12899684198206,233.3089968419822,0.7959558466974938,491,True,False,False,58.15228547336613,0.21049116923401184,56.16667049578476,0.055431586811890664,0.47916442492903155,0.05543540399016417,0.18839279395464498,0.0,0.00034351350041106343,0.05542745441198349,0.0009387827012687922,0.3034623217922607,0.15682281059063136,0.0,0.5592291353994985,0.3007881924510002,-0.05698050931096077,0.9490835030549898,0.009899952852773796,0.029695118834882468,2.6007432527008767e-09,0.0016210913374694377,1.0,0.05295315682281059,1.0,0.07942973523421588,0.0,1.0
267,116008735,219.7843832425773,211.84438324257763,0.6692108335192699,397,True,False,False,41.6321932881944,0.17694928093334797,39.66919333307758,0.12759373573558674,0.5514613016301632,0.1276248810741693,0.17675595760905613,0.0,0.12759371101856232,0.1276240348815918,0.0004647469613701105,0.26700251889168763,0.0,0.0,0.5349696097468549,0.12242527827620506,-0.05743061378598213,0.8992443324937027,0.013785982119586152,0.012561517166285304,5.20148650366703e-09,0.0016856696058419902,1.0,0.10327455919395466,1.0,0.10075566750629723,0.0,0.0
268,581611928,22.79956651454556,13.679566514546053,1.5434131836678662,456,False,True,False,34.18467164120697,0.23272009851115805,32.20512095466815,0.36531911470234546,0.7788323172571111,0.36531911470234546,0.27068898917630274,0.10932646163115166,0.0006697654607705772,0.3629726469516754,0.041339002549648285,0.0,0.0,0.0,0.4878427671580555,0.131295601001475,-0.07090232521295547,0.8508771929824561,0.009223749854458669,0.051875408557001096,0.023960974624420997,0.0033846780343593542,1.0,0.06798245614035088,1.0,0.0,1.0,0.0
269,744067628,245.4257505863907,232.9057505863908,1.0289223073688618,626,True,False,False,71.15495874824194,0.19098450577471912,69.15866267008242,0.018412053624774855,0.40756107792493484,0.01843977230012664,0.16606329654267862,0.0,0.01606759987771511,0.01841287687420845,0.000995574053376913,0.4233226837060703,0.2971246006389776,0.0,0.556490701370346,0.2885425855219364,-0.056256480515003204,0.9600638977635783,0.005921181081594032,0.02100848713918518,2.6007432527008767e-09,0.0016436458584167112,1.0,0.04153354632587859,1.0,0.2827476038338658,0.0,1.0
270,1345901386,13.989334069326269,-6.010665930673245,1.6544532544487076,1000,False,False,False,28.934394401273735,0.18747650067122917,26.934480743768564,0.05561801437715442,0.3786557041632078,0.11198556463017706,0.10160414671326062,0.03617263781251377,0.00011682510375976562,0.11193027347326279,0.0035186028108000755,0.575,0.395,0.5907740816473961,0.5552829489355791,0.5642748143523931,0.18154816329479218,0.981,0.020047512067600408,0.01638945565921076,0.002196478519448382,0.0016544532544487086,0.0,0.0,0.0,0.425,1.0,0.0
271,223603263,208.83454751232625,194.31454751232724,1.34163604003611,726,True,False,False,71.67254130255384,0.2023799085695264,69.67389705773702,0.024496551059719696,0.3169272893256879,0.06795561205764859,0.13285311715338446,0.0,1.678466833254788e-05,0.067949578166008,0.000905559048987925,0.5523415977961432,0.40082644628099173,0.0,0.5509135239608791,0.11065552666783333,-0.05707818269729614,0.9449035812672176,0.010574973813280875,0.016809031026331078,1.0402973009068783e-08,0.0018479835262205364,1.0,0.05647382920110193,1.0,0.3319559228650138,0.0,1.0
272,1169030516,174.19410376399756,159.31410376399734,1.2819160722921246,744,True,False,False,16.655634678426164,0.18081734847192732,14.656766074783738,0.0029280196171237016,0.5091860416718809,0.0030137665118205757,0.14278580578134226,0.0,0.00010213851783191785,0.002987003419548273,-0.0004007482493761927,0.31989247311827956,0.20295698924731181,0.0,0.5550247086913035,0.2637613483518362,-0.05619471147656441,0.9637096774193549,0.007115329250594976,0.015199471630912557,1.0402973008201422e-08,0.0017230054735109185,1.0,0.036290322580645164,1.0,0.08064516129032258,0.0,1.0
273,1599238136,196.07400747686626,183.3140074768662,1.0680009808718354,638,True,False,False,15.469310177989271,0.19106031443663102,13.472593278274921,0.0010287200908470954,0.5703430466860284,0.001035896489145496,0.17187937505787773,0.0,0.00025501250638626516,0.0002825736883096397,0.0009966110810637474,0.3432601880877743,0.219435736677116,0.0,0.5488699109623425,0.10560715228319167,-0.05645877867937088,0.9357366771159875,0.006896876570211609,0.022731829103773134,1.0402973008201422e-08,0.0016739827286392408,1.0,0.06583072100313479,1.0,0.05329153605015674,0.0,1.0
274,1609733005,189.3177603056654,178.67776030566557,0.8750845830520578,532,True,False,False,8.651767574983415,0.17057658998025624,6.661294516990415,0.11431567054283154,0.6335171612869169,0.11434638661319481,0.15969016675402242,0.0,0.11431331932544708,0.114344023168087,0.000735185167286545,0.21804511278195488,0.0,0.0,0.5191111694286136,0.011489291042089463,-0.054838329553604126,0.8796992481203008,0.0008051782449375573,0.024105539414894333,1.820520276421371e-06,0.0016448958328046197,1.0,0.10714285714285714,1.0,0.08082706766917293,0.0,0.0
275,60405287,-102.9960228260301,-114.91602282603017,1.0067560300379292,596,False,False,True,20.70764510475091,0.20209168284166348,18.71265243200663,0.6878574842119018,0.9445389198696055,1.0212480419112622,0.20603871947267285,0.17254646961525208,0.43176403641700745,1.0007377862930298,-0.20364539325237274,0.0,0.0,0.50011270144023,0.5131467155889374,0.344793710828817,0.00022540288046002388,0.9144295302013423,0.04186443720597652,0.051231551992424254,0.00018414042447351814,0.0016891879698622966,0.0,0.0,0.0,0.03523489932885906,1.0,0.0
276,1774614431,200.88077379331224,189.38077379331264,0.8771848482533592,575,True,False,False,29.796960526573056,0.1333322717462355,27.803144489670093,0.07522322747051954,0.5490713522408557,0.07550278506134077,0.14614735625850894,0.0,0.06732749938964844,0.07550048828125,0.0005889153690077364,0.34782608695652173,0.11652173913043479,0.0,0.5420589156159321,0.3083802932500839,-0.05542027950286865,0.9269565217391305,0.002875691227891919,0.010596021682766611,5.201486504100711e-09,0.001525538866527581,1.0,0.04521739130434783,1.0,0.09217391304347826,0.0,1.0
277,1043720662,219.93875446520968,207.15875446521048,1.258936286901348,639,True,False,False,44.7186043564785,0.22633302413012518,42.72185462576141,0.0627323102060931,0.6158418657036446,0.06275977050267631,0.17866244520138788,0.0,0.06272649765014648,0.06275396049022675,0.000853953359182924,0.19561815336463223,0.10015649452269171,0.0,0.5399080663425732,0.03414593547582626,-0.05566159635782242,0.9217527386541471,0.0035471225125253826,0.03189166703552734,7.802229755934226e-09,0.001970166333178947,1.0,0.0782472613458529,1.0,0.053208137715179966,0.0,1.0
278,1602030473,252.01212248364436,239.89212248364504,0.9595966932787667,606,True,False,False,59.390502042053924,0.21911249707147964,57.39503057906762,0.04591487782904298,0.40694714051247827,0.045939283649541564,0.20165349871521232,0.0,0.0007478714105673134,0.0459199920296669,0.0013312078081071377,0.43234323432343236,0.1782178217821782,0.0,0.529420381880645,0.299267455637455,-0.055993083864450455,0.9191419141914191,0.0044323176625517095,0.038020431292966624,2.600743251833515e-09,0.0015834928931992866,1.0,0.0429042904290429,1.0,0.2079207920792079,0.0,1.0
279,1774598066,-11.157581712631474,-31.157581712631217,2.364084557410388,1000,False,False,False,30.297380888917317,0.15895800065535154,28.29746723141217,0.31291078251621063,0.5744361910731148,0.417908370633246,0.1303759543265066,0.03183942887518181,0.17409905791282654,0.40956324338912964,-0.08309847116470337,0.0,0.0,0.5603773556649685,0.5496821098388173,0.5515099497511983,0.12075471132993698,0.975,0.03883700561304488,0.029874669321379596,0.0018813022469645613,0.0023640845574103937,0.0,0.0,0.0,0.339,1.0,0.0
280,1536042010,200.2831501385897,189.06315013859006,0.9468475853332796,561,True,False,False,42.06888813312108,0.20579576609043554,40.076006398333,0.057877550352315905,0.3910562866312651,0.05790473421039991,0.1285199265017776,0.0,0.05787505954504013,0.05790223926305771,0.0005375242326408625,0.5187165775401069,0.2014260249554367,0.0,0.5515090500410487,0.26091842740774157,-0.056918904185295105,0.9500891265597148,0.010043575647938115,0.014985515309757589,5.20148650366703e-09,0.0016877853571003205,1.0,0.049910873440285206,1.0,0.37254901960784315,0.0,1.0
281,1296415508,206.24192335745312,193.92192335745366,0.9625670957736697,616,True,False,False,29.783324235363864,0.14136450057380093,27.787419763065188,0.0782061223310039,0.6087633057666401,0.07823262927568145,0.15228092758566614,0.0,0.07819805294275284,0.0782245621085167,0.0011234617559239268,0.29545454545454547,0.1444805194805195,0.0,0.5395621343790977,0.28818831391632554,-0.055499568581581116,0.9301948051948052,0.002710905697246467,0.011328600617469965,2.600743251833515e-09,0.0015626089217105012,1.0,0.04220779220779221,1.0,0.14123376623376624,0.0,1.0
282,1951647352,151.01842937860636,132.35842937860644,1.644518460109091,933,True,False,False,32.20852172038592,0.18389375145308293,30.208691024127287,0.00017138485363992563,0.390229002573516,0.0005506804247702896,0.10599905928093399,0.0,9.15527380129788e-06,8.745193190407008e-05,-0.0005436920910142362,0.48017148981779206,0.3536977491961415,0.0,0.5513702154275337,0.23733807064592838,-0.0561307854950428,0.9689174705251876,0.006954488884916402,0.014310243557820436,1.3003716260034937e-08,0.0017626135692487583,1.0,0.031082529474812434,1.0,0.28188638799571275,0.0,1.0
283,460733693,210.11575430327213,198.15575430327266,1.0603116777446695,598,True,False,False,33.75932949392562,0.14556378465693928,31.764237175368976,0.03585567792384884,0.4687099950096931,0.03633733986378883,0.15337043799268874,0.0,0.03583545610308647,0.036332227289676666,-0.0006095314165577292,0.4080267558528428,0.24247491638795987,0.0,0.5372617652221781,0.1676072221249342,-0.055689916014671326,0.9280936454849499,0.005011839005751321,0.0138448759088045,2.600743251833515e-09,0.001773096451078045,1.0,0.061872909698996656,1.0,0.2692307692307692,0.0,1.0
284,1887839194,121.14019360350247,101.14019360350147,9.037261425905802,1000,False,False,False,53.125980649387934,0.24229917264873743,51.12606699188279,0.15416447767024874,0.32290233154315434,0.20306579596255786,0.12439315441134612,0.025032426251169252,0.0003784179571084678,0.20232954621315002,-0.017276348546147346,0.616,0.0,0.0,0.2858681817118777,0.10092637748923153,-0.026683317497372627,0.501,0.017260235707304516,0.02837742975300529,0.022282163646316275,0.009037261425905803,0.0,0.319,1.0,0.629,1.0,0.0
285,904342164,182.97275691200053,169.13275691200056,1.1827343681811218,692,True,False,False,24.736422249366537,0.1835436317314971,22.7383302769867,0.07299320761255462,0.5454538035394514,0.07302038681753538,0.14733115163142668,0.0,0.07299260795116425,0.07301978766918182,0.00029580353293567896,0.3092485549132948,0.1329479768786127,0.0,0.5529470409191284,0.19050900164991616,-0.055391229689121246,0.9523121387283237,0.0030186570102921943,0.019795101798389884,7.802229755934226e-09,0.001709153711244394,1.0,0.0476878612716763,1.0,0.13005780346820808,0.0,1.0
286,221337892,197.74678138588783,183.42678138588872,1.4872564711718892,716,True,False,False,40.94829224795521,0.1576495405118531,38.94979134354847,0.07664109001274383,0.4371400648351561,0.07664185748044229,0.12394701988715644,0.0,0.07664098590612411,0.0766417533159256,0.00012635946040973067,0.5111731843575419,0.34916201117318435,0.0,0.5102319822254182,0.14721137143671512,-0.05698965862393379,0.8980446927374302,0.011061438287272489,0.012080981078925905,2.6007432527008767e-09,0.002077173842418841,1.0,0.051675977653631286,1.0,0.37988826815642457,0.0,1.0
287,1293998076,135.77846027755885,115.77846027756159,11.441406904758509,1000,False,False,False,52.131632432236906,0.25581652699952495,50.13171877473177,0.16614875027827572,0.3428691037318474,0.16614875027827572,0.08713682970229777,0.008575920646789961,0.16602373123168945,0.16602373123168945,0.006444213446229696,0.653,0.0,0.0,0.20435379421233665,0.0,-0.03941771388053894,0.343,0.021058821484125478,0.024351416149266905,0.021064693962388564,0.011441406904758504,1.0,0.436,1.0,0.637,1.0,0.0
288,959788703,27.761931211117286,18.14193121111741,0.7584549306477828,481,False,True,False,48.39955419197137,0.17416378398626065,46.415460104766595,0.3302875890925689,0.7226341621205575,0.3558726164730281,0.28614320181268305,0.06454019623383733,0.0008152007940225303,0.34711742401123047,0.07845261693000793,0.0,0.0,0.5114274155348539,0.5345258122751017,0.4742462939815596,0.02285483106970787,0.9293139293139293,0.07813661062981493,0.06460470785655609,0.0018056908383982662,0.0015768293776461197,0.0,0.0,0.0,0.062370062370062374,1.0,0.0
289,62787811,-5.7543201863999744,-25.754320186399656,2.903079942400228,1000,False,False,False,29.290837772386737,0.15210888948709056,27.290924114881598,0.13503055163763783,0.3624454576705524,0.13591411311399548,0.09487867304026966,0.02436596255290957,0.13500376045703888,0.13584308326244354,0.004393503535538912,0.409,0.0,0.571965754032135,0.5410762152473908,0.5509475063532591,0.14393150806427002,0.964,0.009084079538851623,0.010471733095041673,0.0015092958333089938,0.0029030799424002267,0.0,0.034,1.0,0.52,1.0,0.0
290,1911790372,256.27243376013354,247.09243376013342,0.8909173768498838,459,True,False,False,57.66855557861743,0.16806963570662253,55.688397527019475,0.006140648876618566,0.4687044101825518,0.006167672936767006,0.2185839820304105,0.0,0.006038474850356579,0.006065940950065851,0.0011155939428135753,0.29411764705882354,0.20261437908496732,0.0,0.48198816648173126,0.03246507991105318,-0.05655131861567497,0.8344226579520697,0.007235219613398705,0.019511335972723472,7.802229755500545e-09,0.0019409964637252363,1.0,0.11764705882352941,1.0,0.07407407407407407,0.0,1.0
291,1452386286,-13.877472633635765,-33.87747263363542,2.395807661499614,1000,False,False,False,32.74522431875797,0.12532169859356249,30.745310661252734,0.29193165216502015,0.5004218734138722,0.40887008736117963,0.10714988898925816,0.04458465266816486,0.2918851971626282,0.4019770622253418,-0.07476088404655457,0.0,0.0,0.5204803198575974,0.5550147270974704,0.5362470530718565,0.0409606397151947,0.996,0.009517297045686978,0.016112603420217083,0.001308680350519677,0.0023958076614996157,0.0,0.0,0.0,0.522,1.0,0.0
292,861905043,220.33461930854244,208.99461930854315,1.0052618450511877,567,True,False,False,41.137905187252514,0.20551717628716878,39.14460689264765,0.11949625186056234,0.49047962324519595,0.11949824824648188,0.16185144447375208,0.0,0.0005589484935626388,0.11947612464427948,0.0022993420716375113,0.3562610229276896,0.0,0.0,0.4870226142067311,0.0,-0.05773478373885155,0.8395061728395061,0.013313160494508876,0.025875319345112988,0.0,0.0017729485803371964,1.0,0.15696649029982362,1.0,0.24867724867724866,0.0,0.0
293,33557341,176.2362277600916,163.37622776009155,1.0847152529308957,643,True,False,False,29.829111359131453,0.19637853586848517,27.832233554835923,0.04694298475308322,0.36750976189675144,0.04697100481119966,0.11086822261872185,0.0,0.04269008710980415,0.046941280364990234,0.001670775469392538,0.5256609642301711,0.2892690513219285,0.0,0.5443671195366613,0.2777791018038988,-0.05705885589122772,0.9486780715396579,0.009423284728426766,0.01167337656207923,5.201486505401753e-09,0.0016869599579018603,1.0,0.041990668740279936,1.0,0.39502332814930013,0.0,1.0
294,1968158754,190.75324662653736,172.7132466265382,1.552612836579541,902,True,False,False,56.85957060027333,0.2853439999360583,54.85980179372175,0.028990872637522497,0.3924219815225151,0.05953537821135266,0.16215181106901197,0.0,9.93728608591482e-05,0.05951852723956108,0.0014163947198539972,0.4190687361419069,0.2860310421286031,0.0,0.5579163729142967,0.2859320639818907,-0.05711354687809944,0.9722838137472284,0.010108014913679488,0.03126223862058219,2.6007432527008767e-09,0.0017213002622833064,1.0,0.028824833702882482,1.0,0.12305986696230599,0.0,1.0
295,1569880741,-13.72983467634762,-33.72983467634732,2.757650558511221,1000,False,False,False,37.41230868665074,0.1570989048672769,35.4123950291457,0.13691929352553228,0.33609308932409193,0.19954115903720396,0.08591046470135688,0.018287269929110877,0.13685131072998047,0.19925060868263245,0.01076425053179264,0.466,0.0,0.5493767932057381,0.5545076024550945,0.5371579035371542,0.09875358641147614,0.987,0.00572799462190414,0.012506376615157501,0.001681642537320365,0.0027576505585112194,0.0,0.012,1.0,0.491,1.0,0.0
296,2094708717,146.5138835910271,126.51388359102341,9.106698191861378,1000,False,False,False,56.24077383136131,0.24158261979222737,54.24086017385618,0.12437166609271266,0.3147607263266959,0.1834338726355177,0.11635301666739005,0.01743309854646961,0.0008729934925213456,0.1824498176574707,-0.018974974751472473,0.735,0.0,0.5056712301447988,0.2547874005624617,0.11119240745902062,0.011342460289597511,0.44,0.023195222834451953,0.024865145778283568,0.004679038796620117,0.009106698191861372,1.0,0.365,1.0,0.658,1.0,0.0
297,626209299,238.96748332837603,229.66748332837585,0.7508347441215073,465,True,False,False,39.26897414272373,0.16372121385340133,37.28765494326968,0.029913055223704164,0.5326094735159005,0.029915631229447362,0.20382476167466135,0.0,0.02991304360330105,0.029915619641542435,2.633094845805317e-05,0.3913978494623656,0.26881720430107525,0.0,0.5084482295638931,0.1564803061261773,-0.056559208780527115,0.8774193548387097,0.008551126779229963,0.0244991255080199,0.0,0.0016146983744548548,1.0,0.08387096774193549,1.0,0.12903225806451613,0.0,1.0
298,345113150,10.875108462944524,-9.124891537055195,2.2766571330024803,1000,False,False,False,39.55070022411033,0.20255296383862198,37.55078656660501,0.11658434204780538,0.29175782811404855,0.13217234249671744,0.09638779451428879,0.019071832109643624,0.11657743155956268,0.13217028975486755,-0.0007366323261521757,0.749,0.0,0.5425606295466423,0.5534336575455964,0.5094734331592917,0.0851212590932846,0.979,0.0050446434807608085,0.01224799829785967,0.00032450026213525635,0.0022766571330024793,0.0,0.013,1.0,0.566,1.0,0.0
299,286340482,201.41749993832786,184.37749993832875,1.509044180901582,852,True,False,False,43.77962847322136,0.24680384199559657,41.78001060732038,0.015064202118690426,0.3771219508023488,0.023323556468933335,0.16994820771803182,0.0,0.00012407303438521922,0.023323535919189453,-3.096103682764806e-05,0.4694835680751174,0.3039906103286385,0.0,0.5362333941148778,0.21932857796549798,-0.05597600340843201,0.937793427230047,0.00569042688562856,0.03450489113029268,0.0,0.0017711786160816685,1.0,0.036384976525821594,1.0,0.23708920187793428,0.0,1.0
300,588060534,32.02058359919181,12.020583599191943,3.4583581117616435,1000,False,False,False,23.301730417840965,0.15899887953508796,21.301816760335818,0.3460361191869976,0.5854525548810747,0.35145286130413916,0.11344619531558922,0.023374256776275457,0.3459792137145996,0.3514246940612793,0.004449508152902126,0.0,0.0,0.0,0.4909355943422124,0.342137304674834,-0.08719247579574585,0.902,0.02290185899562291,0.018990768614473914,0.01744382217346535,0.0034583581117616402,1.0,0.067,1.0,0.527,1.0,0.0
301,1562456108,235.9453996214085,222.60539962140928,1.2703167365821204,667,True,False,False,49.86458552674104,0.2621785167368419,47.86703856765735,0.009458975604506394,0.42560102403279376,0.014190206312628906,0.1863555144551423,0.0,6.68525681248866e-05,0.014186287298798561,-0.00033347844146192074,0.4482758620689655,0.2683658170914543,0.0,0.5326868028015547,0.21718870036303997,-0.05632689967751503,0.9160419790104948,0.007715374684260894,0.0340948285131548,2.600743251833515e-09,0.0019045228434514563,1.0,0.046476761619190406,1.0,0.15442278860569716,0.0,1.0
302,1581055371,42.787568963077696,22.787568963077852,1.9972902665470122,1000,False,False,False,55.18823034687584,0.23452926593214277,53.188316689370744,0.281187326407224,0.4965523857600618,0.4405331768077981,0.16573087766321817,0.04149523692126784,0.0008122444269247353,0.4320193827152252,-0.08619009703397751,0.0,0.0,0.5344402194023132,0.4931181783262,0.3992466388596222,0.06888043880462646,0.885,0.0248175872810146,0.03799609131156221,0.0014627776391315517,0.001997290266547013,0.0,0.02,1.0,0.318,1.0,0.0
303,939185871,-124.63926446445544,-141.45926446445554,1.1188659940291987,841,False,False,True,14.99437090209287,0.18141029024673302,12.994797706261139,0.630667178307801,0.9425067126346676,1.0391849081531979,0.22340301398176451,0.20135017835163302,0.1658451110124588,1.0012693405151367,-0.27814561128616333,0.0,0.0,0.5059553408063948,0.5029356036952155,0.5358224231004715,0.011910681612789631,0.915576694411415,0.040557496102506634,0.04860316043315563,0.0015670518390784663,0.001330399517276097,0.0,0.0,0.0,0.09155766944114149,1.0,0.0
304,1235193594,-112.99660830455832,-113.75660830455831,0.1947705672032163,38,False,False,True,-81.88215381414354,0.18922465451311632,-82.51704462412275,1.609478408699616,1.7303884929541569,1.811541595391902,0.7359807704916775,0.6284172201269765,0.7390679717063904,1.0051864385604858,1.507077693939209,0.0,0.0,0.5504298359155655,0.33414956178565164,0.33414956178565164,0.10085967183113098,0.631578947368421,0.11904917840629153,0.12298924502666662,0.001460327738988132,0.005125541242189903,0.0,0.0,0.0,0.0,1.0,0.0
305,1550110083,210.1340629437327,198.49406294373284,0.9919014992718592,582,True,False,False,19.078436765467984,0.12773116813432436,17.08420062318352,0.001000685369836095,0.5878070792104725,0.007665279306174543,0.19116107895261222,0.0,0.00016412735567428172,0.007601452060043812,0.0009871339425444603,0.24054982817869416,0.16838487972508592,0.0,0.47424109293266137,0.020532339718192814,-0.056376975029706955,0.845360824742268,0.006503178657462483,0.022657711683154946,0.0,0.0017042981087145353,1.0,0.09965635738831616,1.0,0.05670103092783505,0.0,1.0
306,767100266,198.91233136318613,187.93233136318665,0.8889874811781732,549,True,False,False,38.95810819731567,0.19209313395098956,36.96613886823421,0.014199729757802742,0.4017675668099139,0.014334343837153653,0.12509663630272472,0.0,0.001634883927181363,0.014287471771240234,0.0011582588776946068,0.4644808743169399,0.1912568306010929,0.0,0.5591134308669411,0.2751794179528952,-0.056338973343372345,0.9526411657559198,0.006137938077377075,0.011237549661182735,0.0,0.0016192850294684386,1.0,0.04918032786885246,1.0,0.2896174863387978,0.0,1.0
307,1775315640,-33.68716764139254,-53.687167641392584,2.1930861811660964,1000,False,False,False,15.401809457678745,0.17107490077693166,13.401895800173536,0.15584608855354118,0.3699809085314215,0.18627625378372384,0.09157341710510433,0.019005599862453742,0.0005110740894451737,0.18603897094726562,0.00939914956688881,0.397,0.0,0.558908261358738,0.556537995328079,0.5515119570866227,0.11781652271747589,0.989,0.010502279138271743,0.018375724274341757,0.0021010565993455667,0.0021930861811660964,0.0,0.0,0.0,0.424,1.0,0.0
308,253685681,185.49144596415596,170.53144596415635,1.3696462296961134,748,True,False,False,36.777925983947156,0.24577401269474383,34.779012798774055,0.04904433268049128,0.4084811141055884,0.04907295042390274,0.1561751769221638,0.0,0.0007641792180947959,0.049070168286561966,0.0005225396016612649,0.3917112299465241,0.24732620320855614,0.0,0.5588786043444609,0.2973171906173229,-0.05577375739812851,0.9665775401069518,0.00429115061920312,0.029310243029367494,5.201486504534392e-09,0.0018310778471873177,1.0,0.034759358288770054,1.0,0.19117647058823528,0.0,1.0
309,1633039757,192.02168011050682,178.10168011050737,1.0875040573091252,696,True,False,False,38.65980861955267,0.14471373688196848,36.66164146327152,0.12776121276710237,0.5065211958980599,0.12777380809772337,0.12867329183106357,0.0,0.0010044097434729338,0.12777014076709747,0.0009680723887868226,0.382183908045977,0.0,0.0,0.5210489274735894,0.193433905467391,-0.057529449462890625,0.9152298850574713,0.013783940536133308,0.015796218608232136,7.802229756367907e-09,0.0015625058294671346,1.0,0.04885057471264368,1.0,0.26580459770114945,0.0,0.0
310,426878082,-39.26083404166853,-59.26083404166881,2.259328812579807,1000,False,False,False,6.987232949844852,0.19407293303552872,4.987319292339663,0.30226791595775854,0.7891815898985327,0.695747374488961,0.16144810656060166,0.09453045049202842,0.3017924427986145,0.6479054093360901,-0.25354090332984924,0.0,0.0,0.570489227771759,0.5529182444129838,0.5320738353813067,0.14097845554351807,0.971,0.04577543230763674,0.03357879245277792,0.00191133823078226,0.0022593288125798082,0.0,0.0,0.0,0.066,1.0,0.0
311,931088333,-5.496456349775031,-25.496456349774984,2.550057227530007,1000,False,False,False,15.90270602099423,0.1636458031300014,13.90279236348904,0.3693126303488054,0.6344624153568152,0.4188632345190726,0.12289876490996275,0.028873925977954032,0.36812886595726013,0.41711854934692383,-0.03819064050912857,0.0,0.0,0.5140287932008505,0.5331120815703762,0.46742745173745787,0.028057586401700974,0.98,0.0070545225729908775,0.02284726018077645,0.0009252059594942836,0.0025500572275300097,0.0,0.0,0.0,0.425,1.0,0.0
312,233020741,72.30293200155711,52.302932001557224,9.296490626768252,1000,False,False,False,20.532206846886933,0.18060109443728248,18.532293189381733,0.23765165765544133,0.4616859043869387,0.23765165765544133,0.09487861429915341,0.019469893333324672,0.23752880096435547,0.23752880096435547,0.00764062162488699,0.0,0.0,0.0,0.3104278843356296,0.12205706361681223,-0.05296417698264122,0.548,0.023158222060205316,0.03227447132442655,0.025666826180302884,0.009296490626768253,1.0,0.288,1.0,0.549,1.0,0.0
313,321104617,6.61759998020732,-13.382400019792613,2.6435430446371524,1000,False,False,False,33.77378493993805,0.1438201374243681,31.773871282432903,0.12733841626429981,0.40480952930601394,0.13504250748046728,0.09299757772580493,0.02813995135673762,0.12733764946460724,0.13396568596363068,0.017019806429743767,0.504,0.0,0.569025419652462,0.5333018159330822,0.542973564825952,0.138050839304924,0.96,0.0030592526618989516,0.013587409275348865,0.002370160705119668,0.0026435430446371546,0.0,0.017,1.0,0.43,1.0,0.0
314,1639806757,-105.4625271337689,-106.48252713376888,0.19706504692988766,51,False,False,True,-67.42383610678382,0.18736298506775492,-68.22592409385149,1.6081384772000555,1.6913831943702735,1.7595088484165817,0.4894217305059606,0.3562168100912563,0.7576500177383423,1.0004465579986572,1.447403907775879,0.0,0.0,0.5355193242430687,0.4743936741336559,0.48388154761632907,0.07103864848613739,0.9019607843137255,0.09296495113924051,0.106369453765363,0.00012762367286364706,0.003864020528037014,0.0,0.0,0.0,0.0,1.0,0.0
315,1415609443,218.8522332005203,206.79223320052114,1.010009826828769,603,True,False,False,55.82295594129911,0.13506130875737934,53.82762309751981,0.047917006758851105,0.4730779655990355,0.04792730286273001,0.155310084523774,0.0,1.0204315003647935e-05,0.04792728275060654,-4.3907166400458664e-05,0.3582089552238806,0.18076285240464346,0.0,0.5473022119298108,0.21197622746229172,-0.0567115917801857,0.9469320066334992,0.00952209476680116,0.014639458249340346,0.0,0.0016749748371953043,1.0,0.05306799336650083,1.0,0.12437810945273632,0.0,1.0
316,1375016442,197.4017423754849,187.561742375485,0.8738016156608404,492,True,False,False,10.152329135092524,0.1266389086849405,8.166570307286944,0.19846930152579637,0.7073055175411777,0.19849392616358116,0.19656609506945438,0.0,0.19844159483909607,0.1984662115573883,0.0033168650697916746,0.06707317073170732,0.0,0.0,0.4695915890701647,0.0,-0.058393701910972595,0.8272357723577236,0.017506641826346522,0.016636415643520818,5.201486505401753e-09,0.0017760195440260978,1.0,0.10975609756097561,1.0,0.06910569105691057,0.0,0.0
317,1625242512,188.42729616584256,171.24729616584324,1.406986158925791,859,True,False,False,54.98342644986573,0.2574739273933391,52.98378262381757,0.08225665334810056,0.3508694926140552,0.0822752308624758,0.13846752243502528,0.0,0.001032924628816545,0.08226613700389862,0.0012232399312779307,0.4412107101280559,0.07566938300349244,0.0,0.5482824578527816,0.29480487868189814,-0.05546160042285919,0.9615832363213038,0.002491680433570794,0.030839251075751535,2.600743251833515e-09,0.001637934992928744,1.0,0.030267753201396973,1.0,0.3678696158323632,0.0,1.0
318,924032943,160.70163698382672,143.401636983827,1.5043618584024683,865,True,False,False,33.53745445123326,0.16400575994749028,31.537789781938727,0.03603299117385705,0.3627677992608284,0.036051313671434486,0.129423804874751,0.0,8.831024024402723e-05,0.03605031967163086,-0.0002677106822375208,0.5734104046242775,0.4023121387283237,0.0,0.5548456750551745,0.18218938414007424,-0.056555915623903275,0.9606936416184971,0.008889347587484213,0.01593460283380083,0.0,0.0017391466571126794,1.0,0.04046242774566474,1.0,0.31676300578034683,0.0,1.0
319,805957211,163.03351867832254,148.85351867832247,1.137137192908764,709,True,False,False,30.108977029652486,0.14003272917018655,28.110585388547733,0.07011829086420907,0.40613528261950727,0.0701257489691627,0.10203414293379971,0.0,8.497238013660535e-05,0.0701221451163292,0.0007109379512257874,0.41607898448519043,0.14386459802538787,0.0,0.5425091360042815,0.2356233449280262,-0.05705609172582626,0.9576868829337094,0.010696684696361024,0.011039231564654532,0.0,0.0016038606387993846,1.0,0.04372355430183357,1.0,0.3921015514809591,0.0,1.0
320,353200484,262.7625764727594,254.38257647275918,0.712135810829888,419,True,False,False,71.22621006390389,0.20667352610606904,69.2558704316966,0.0630508174952588,0.4271885742881871,0.06307846996226939,0.21265317753976892,0.0,0.05506887286901474,0.06306914985179901,0.0010843015043064952,0.4439140811455847,0.2577565632458234,0.0,0.5516285893456179,0.2833322333544493,-0.05707470700144768,0.9379474940334129,0.01030776890026657,0.029532434937679035,5.201486505401753e-09,0.0016996081404054598,1.0,0.06443914081145585,1.0,0.1957040572792363,0.0,1.0
321,1440612902,212.2813702559099,202.54137025591024,0.7706068013934049,487,True,False,False,28.408275076096448,0.18654350807585576,26.42325017725121,0.1296562949434517,0.5918940324549654,0.1296759762065376,0.18565213761820354,0.0,0.08948583900928497,0.12967538833618164,0.00039046764140948653,0.162217659137577,0.0,0.0,0.5073166213570128,0.0,-0.05742991343140602,0.8706365503080082,0.013896972738981432,0.02856961760964651,1.040297300733406e-08,0.0015823548283232143,1.0,0.10882956878850103,1.0,0.07802874743326489,0.0,0.0
322,1072951446,0.35110672351438943,-19.648893276485854,1.5543475355998928,1000,False,False,False,11.571407031869072,0.1634202356831829,9.57149337436389,0.0741819755764713,0.49153928820759146,0.0741819755764713,0.10771861233664916,0.062126373739342614,0.06837272644042969,0.06854391098022461,0.028367195278406143,0.451,0.18,0.5996313244104385,0.5548180482110474,0.5845219171047211,0.19926264882087708,0.99,0.004013647738189493,0.014828172331773963,0.000690292199790095,0.0015543475355998938,0.0,0.0,0.0,0.321,1.0,0.0
323,1717708834,176.8120998596308,162.59209985963113,1.2564139763766728,711,True,False,False,39.58212893072941,0.22862390409417443,37.58370528328263,0.05997708786472722,0.3669772600530236,0.07075921134369682,0.11483529587824962,0.0,8.60214204294607e-05,0.07075786590576172,0.00043635128531605005,0.5274261603375527,0.32208157524613223,0.0,0.5466277581566235,0.23032170847058298,-0.05700521916151047,0.9563994374120957,0.010737665257969082,0.021007906772345313,5.20148650366703e-09,0.0017671082649460925,1.0,0.0450070323488045,1.0,0.29535864978902954,0.0,1.0
324,324576056,13.721966228050492,-6.278033771949515,2.1318893120607,1000,False,False,False,23.511916677014632,0.1313070035957404,21.512003019509454,0.12781664993220923,0.5061956229848912,0.1833430546908337,0.1175156441256341,0.04086223962829037,0.1277676522731781,0.18333911895751953,0.0012013172963634133,0.284,0.0,0.5362387858331203,0.536769274204431,0.5404859279468656,0.07247757166624069,0.97,0.00018389333354626637,0.012752483750855489,0.0007974035058503719,0.002131889312060701,0.0,0.011,1.0,0.273,1.0,0.0
325,1043075022,239.55977068680812,229.21977068680832,1.2562732133425336,517,True,False,False,55.82520098268395,0.25217144508202427,53.83627807059971,0.1338476139871151,0.5450826503827692,0.13386460630959246,0.19782699574174292,0.0,0.1338253915309906,0.1338423788547516,0.002439353382214904,0.172147001934236,0.0,0.0,0.4937087322330387,0.0,-0.057854458689689636,0.8433268858800773,0.014080408362033647,0.03584701464466938,7.802229756367907e-09,0.0024299288459236614,1.0,0.11992263056092843,1.0,0.0735009671179884,0.0,0.0
326,1970269961,194.12901507485657,176.1890150748573,1.518668005305193,897,True,False,False,54.529456153920584,0.2587590731155098,52.52969926208804,0.0017058545491796227,0.41757581084739664,0.002896536636005046,0.16174358214223414,0.0,0.0001638412504689768,0.0025321959983557463,0.0014063811395317316,0.451505016722408,0.3088071348940914,0.0,0.5570627539589951,0.2237083187699318,-0.056576550006866455,0.9654403567447045,0.0070360026802931686,0.03102079266401221,1.0402973008201422e-08,0.0016930524027928598,1.0,0.03567447045707915,1.0,0.25195094760312153,0.0,1.0
327,110878897,208.2655345269332,197.26553452693386,0.9474667976961183,550,True,False,False,31.72505821407055,0.1595776885408552,29.733008578279957,0.04202007133161527,0.4997892453144386,0.042031513521179245,0.15679596492417527,0.0,0.04201650619506836,0.042027950286865234,0.0005472874618135393,0.28909090909090907,0.18181818181818182,0.0,0.49658698381300465,0.20496671568602323,-0.05678132548928261,0.8709090909090909,0.009188762705674916,0.014792215455193287,7.802229756367907e-09,0.001722666904902034,1.0,0.07090909090909091,1.0,0.09272727272727273,0.0,1.0
328,176865162,40.76286630223034,20.762866302231064,2.626346147187191,1000,False,False,False,38.38821475270868,0.18957379925163692,36.38830109520348,0.12379655058177128,0.39675801829163393,0.1277823660928423,0.12939210842063084,0.03872521505097056,7.286071922862902e-05,0.12776613235473633,-0.0020367885008454323,0.327,0.0,0.5440529100596905,0.5491514069375116,0.4199723447114229,0.08810582011938095,0.974,0.0019111319593330827,0.028456436212225884,0.014732687285719798,0.0026263461471871903,0.0,0.012,1.0,0.454,1.0,0.0
329,548674510,184.78829404469587,168.38829404469578,1.2396082370308068,820,True,False,False,15.919410399854959,0.2652287076982817,13.919937495667051,0.12320933425726477,0.7349226805231399,0.12322888457604325,0.17531239801424,0.0,0.12320184707641602,0.12322139739990234,0.0013583875261247158,0.19634146341463415,0.0,0.0,0.5441447691560337,0.2143804132938385,-0.054824262857437134,0.9609756097560975,0.00031170159822588154,0.03197659589929538,5.201486504046501e-09,0.0015117173622326908,1.0,0.04024390243902439,1.0,0.12682926829268293,0.0,0.0
330,1188201133,134.1846345323517,114.18463453235188,8.330447929795195,1000,False,False,False,58.481514362508676,0.2422559100547311,56.48160070500356,0.20443197458644005,0.3574017193499251,0.2545375149224621,0.1255710594419184,0.01286025874896682,0.0004379272577352822,0.25188717246055603,-0.03663603216409683,0.0,0.0,0.0,0.29643736731403625,0.1015086906030774,-0.035182710736989975,0.523,0.0013491561241171614,0.02951749307031824,0.020835920638775644,0.008330447929795178,1.0,0.296,1.0,0.693,1.0,0.0
331,1768873092,186.73232990223912,173.57232990223918,1.0861030041051911,658,True,False,False,15.292514254282422,0.21880498095347203,13.295199524782912,0.064134018416566,0.5951647288649544,0.06416359486032071,0.16030202545942585,0.0,0.06413097679615021,0.0641605406999588,0.0006260371301323175,0.31155015197568386,0.1595744680851064,0.0,0.5556478589280625,0.28456020504236224,-0.05559130758047104,0.9604863221884499,0.0034799859509387476,0.026505896116349795,0.0,0.001650612468244972,1.0,0.041033434650455926,1.0,0.12310030395136778,0.0,1.0
332,1913795861,-102.03671416249125,-103.05671416249126,0.14918695531487636,51,False,False,True,-64.5068556993896,0.14170737383596446,-65.30894368645727,1.5509955466149739,1.5707194871234418,1.5509955466149739,0.5918386589140111,0.5249341307123817,0.7240915298461914,1.0014793872833252,1.1843252182006836,0.0,0.0,0.5890995562076569,0.5465481506624058,0.557479113675654,0.17819911241531372,0.9803921568627451,0.10586398228201231,0.11100869690664993,0.00018111576007140417,0.002925234417938751,0.0,0.0,0.0,0.0,1.0,0.0
