episode,reset_seed,task_return,train_return,variation,length,success,crash,out_of_bounds,discounted_task_return,discounted_variation,discounted_train_return,min_distance_to_pad,mean_distance_to_pad,final_distance_to_pad,mean_speed,final_speed,min_abs_x,final_abs_x,final_y,near_pad_fraction_0p2,near_pad_fraction_0p1,final_m_power,mean_m_power,last50_mean_m_power,final_main_cmd,positive_main_fraction,final_theta_abs,mean_theta_abs,final_theta_variation,mean_theta_variation,final_both_legs_contact,both_legs_contact_fraction,ever_both_legs_contact,low_velocity_fraction,final_lander_awake,landing_candidate
0,464507548,149.2611827748479,20.596473704015168,1.1436470907083263,715,True,False,False,5.656264814725897,0.13695943548758727,-10.03816449605984,0.01211242302906921,0.46309307719003606,0.012125315951225821,0.10307929209754452,0.0,0.012036132626235485,0.012049103155732155,0.0013573503820225596,0.3678321678321678,0.2,0.0,0.5474022241102505,0.3002193556725979,-0.06380756944417953,0.9552447552447553,0.0026693898701678513,0.014067868028527795,7.802229756367907e-09,0.0015995064205710876,1.0,0.03636363636363636,1.0,0.23636363636363636,0.0,1.0
1,172674724,183.98168538343165,39.65170052969583,1.2902998485373591,765,True,False,False,66.79948427167018,0.19586598154673798,45.213802240157,0.08073010638070227,0.3368868426617631,0.08238644460003498,0.09616427906291292,0.0,0.07984485477209091,0.08237771689891815,0.0011991715291514993,0.5359477124183006,0.14901960784313725,0.0,0.5602364810926268,0.26782054886221884,-0.06369636207818985,0.9647058823529412,0.003417465058438654,0.010919572458554,0.0,0.001686666468676284,1.0,0.036601307189542485,1.0,0.48104575163398694,0.0,1.0
2,163903425,225.04355124864384,147.25703627375898,0.6854651497488472,462,True,False,False,28.57116351588908,0.18710447973694125,7.879968164887524,0.11538765965713836,0.6294569231683569,0.1153941489073108,0.21834847848669467,0.0,0.0020301819313317537,0.11539049446582794,0.0009183621150441468,0.2554112554112554,0.0,0.0,0.5462736292552954,0.2464961002767086,-0.06348750740289688,0.9177489177489178,0.005590025192383922,0.04006485178935594,0.0,0.0014836908003221813,1.0,0.06493506493506493,1.0,0.12121212121212122,0.0,0.0
3,1019325551,-108.66288204998709,-124.75439252499106,0.15111510475003975,49,False,False,True,-71.60145674148534,0.1433881522634729,-86.71803748876688,1.5775918606542325,1.6946592563580445,1.7549205862394457,0.7004432841151541,0.5666106085451634,0.6701470017433167,1.000199317932129,1.441994309425354,0.0,0.0,0.5945154279470444,0.3968564890686195,0.3968564890686195,0.18903085589408875,0.7142857142857143,0.11523918316882391,0.11770324600461214,0.00045948891479573317,0.0030839817295926467,0.0,0.0,0.0,0.0,1.0,0.0
4,1629015762,214.4152265386656,104.65814188542818,0.9749708465323741,613,True,False,False,36.863036513559,0.1625000664651944,18.61725075946681,0.0009637624254813792,0.5281280887760306,0.0020210640407383722,0.13244943205317153,0.0,0.0001943588285939768,0.0017918586963787675,0.0009348487947136164,0.27569331158238175,0.1631321370309951,0.0,0.5329745015065637,0.22598730236291886,-0.06373819708824158,0.9102773246329527,0.0017736786148019393,0.020465827871057066,5.201486504100711e-09,0.001590490777377445,1.0,0.052202283849918436,1.0,0.10277324632952692,0.0,1.0
5,1449951718,191.86568118762233,64.59209925536138,1.1221358193226092,753,True,False,False,47.628680008021426,0.13717283714665635,31.912429843442187,0.0482565050351651,0.46256223261008567,0.048283860944183216,0.132570679777296,0.0,0.048234082758426666,0.048261452466249466,0.001470861490815878,0.3612217795484728,0.13280212483399734,0.0,0.5583366770742543,0.20663625985383988,-0.06368875503540039,0.9575033200531209,0.004936222395698534,0.011883672178421376,7.802229756367907e-09,0.0014902202115838106,1.0,0.043824701195219126,1.0,0.19256308100929614,0.0,1.0
6,1892108963,-63.92073413543403,-82.11108259505625,0.16610348459622215,79,False,False,True,-20.700225845831373,0.1463666497849618,-36.432803523794604,1.3898235889739117,1.4711244395124032,1.3898235889739117,0.361190180932623,0.21109713596684085,0.7975190877914429,1.0015052556991577,0.9636372923851013,0.0,0.0,0.5662330910563469,0.6145530912223496,0.5902624776214361,0.1324661821126938,1.0,0.07123587130568824,0.08507885202218311,0.0012159358955948218,0.0021025757543825596,0.0,0.0,0.0,0.0,1.0,0.0
7,1353470719,228.20638357115675,110.91316652865412,1.0483321704250268,623,True,False,False,49.7285127222154,0.198455266841105,27.886803337556714,0.08033459345916484,0.4961633416087494,0.08058734704713638,0.1672418074525668,0.0,0.0004772186221089214,0.08057670295238495,0.001309750135987997,0.3146067415730337,0.18619582664526485,0.0,0.5588567831759441,0.29670048572123053,-0.06372686475515366,0.956661316211878,0.0032958968911444594,0.035295573625867833,7.802229755934226e-09,0.0016827161644061425,1.0,0.04012841091492777,1.0,0.19101123595505617,0.0,1.0
8,676069518,146.3323134284583,-9.052990483653247,1.3786530391211183,876,True,False,False,26.57177719763201,0.1421539790940886,10.3566795226315,0.02484492725750927,0.35157879212345944,0.02487115486446361,0.09658735005998907,0.0,0.02210416831076145,0.024865245446562767,0.0005421375972218812,0.5285388127853882,0.4703196347031963,0.0,0.5422670986896996,0.22471892369911076,-0.06366514414548874,0.9463470319634704,0.000283977695477543,0.014263152812133964,5.201486504046501e-09,0.0015738048391793567,1.0,0.03424657534246575,1.0,0.4178082191780822,0.0,1.0
9,1315085260,5.034183696284874,-169.4199736706356,1.544541573669202,1000,False,False,False,28.826542026808564,0.19332599124744193,7.494029244559189,0.01995641464948556,0.36231921368298975,0.01995641464948556,0.09617875566584269,0.03970479956271094,4.19616708313697e-06,0.004350566770881414,0.019476423040032387,0.535,0.412,0.5830999687314034,0.571469264972955,0.5726463187485933,0.1661999374628067,1.0,0.005235603704226961,0.018033585126771355,0.0013468410562567212,0.0015445415736692037,0.0,0.0,0.0,0.404,1.0,0.0
10,1377954153,185.7723835675046,104.63037218358492,0.7116201138391967,499,True,False,False,16.343430671106383,0.12592128295340996,1.764576078881361,0.11980805867406454,0.5763028840494059,0.11983533513395687,0.1542567810483876,0.0,0.11980800330638885,0.1198352798819542,-0.00011507511226227507,0.24448897795591182,0.0,0.0,0.544435448403319,0.2558181820437312,-0.06324920803308487,0.935871743486974,0.005911990054941356,0.008392849449283708,5.20148650366703e-09,0.0014260924125034005,1.0,0.05811623246492986,1.0,0.08016032064128256,0.0,0.0
11,681462722,189.67890165946443,67.57182100676518,1.0952708065269927,629,True,False,False,25.24509072406027,0.1797031332796145,5.278371307756991,0.06436161839313619,0.5131435869874119,0.0643889817046663,0.1418175347504144,0.0,0.06435403972864151,0.06438140571117401,0.0009877062402665615,0.3354531001589825,0.11128775834658187,0.0,0.5330684240041256,0.13326709411107004,-0.06370827555656433,0.9268680445151033,0.002251372407268988,0.023937631393423742,0.0,0.0017412890405834546,1.0,0.06677265500794913,1.0,0.1192368839427663,0.0,1.0
12,1906037396,-80.37968512638473,-97.93025570431834,0.1617057057793363,69,False,False,True,-40.285389619714636,0.14742205780309234,-56.02792134022547,1.4628664918938838,1.5101113935410442,1.4628664918938838,0.5130001059928377,0.3469189674629477,0.6877534985542297,1.0005733966827393,1.0671603679656982,0.0,0.0,0.5923850610852242,0.5930374872708775,0.5984298342466354,0.1847701221704483,1.0,0.08945639244765624,0.10869695969426345,0.0007291651840852925,0.0023435609533237135,0.0,0.0,0.0,0.0,1.0,0.0
13,1887175263,215.70962594673045,76.01672305142999,1.2383290289530038,793,True,False,False,64.28467552670071,0.20171780869191458,42.113586073328264,0.0015123463371744651,0.3467713917915954,0.0015314451659591644,0.15581111097693146,0.0,6.265639967750758e-05,0.0010641098488122225,0.0011013603070750833,0.4665825977301387,0.2257250945775536,0.0,0.5554932684627036,0.2755750074982643,-0.0637717917561531,0.9659520807061791,0.0019625444272179412,0.0344987110145106,0.0,0.0015615750680365757,1.0,0.03530895334174023,1.0,0.19546027742749053,0.0,1.0
14,297761393,-109.69415597720072,-124.65145650710214,0.13817300529901433,57,False,False,True,-66.63340723029178,0.1255012663688851,-80.0557234862755,1.5621870205663593,1.6610887252702324,1.6835346734138374,0.6820674555372847,0.6139213258177205,0.6311994791030884,1.0003182888031006,1.3541241884231567,0.0,0.0,0.5705145448446274,0.3498063815692276,0.3987792749889195,0.14102908968925476,0.6491228070175439,0.11235401223177835,0.10382625728273166,0.0002874237412413966,0.002424087812263408,0.0,0.0,0.0,0.0,1.0,0.0
15,241769223,59.2184395525373,-161.33321581214238,2.0055165536467956,1000,False,False,False,46.71471375405559,0.17725841505441292,26.98895859110903,0.11877349533138698,0.42106707353340855,0.11877349533138698,0.1420279485451277,0.030115767870524675,0.0017961502308025956,0.11576871573925018,0.026547083631157875,0.536,0.0,0.5855278298258781,0.5483818674969952,0.5764448379725218,0.1710556596517563,0.964,0.00845236485460573,0.027389560872837088,0.00013337846749457254,0.002005516553646795,0.0,0.011,1.0,0.448,1.0,0.0
16,233261862,193.2673718381323,69.99459580108,1.0967277603705243,680,True,False,False,28.807234560163174,0.13224717640436415,13.584669514701133,0.06029642160571933,0.5583667183426083,0.06032379070963382,0.1365972186840233,0.0,0.06029234081506729,0.06031971052289009,0.0007016038871370256,0.3,0.14411764705882352,0.0,0.5074187835406252,0.2491306149587035,-0.06365584582090378,0.8897058823529411,0.001998134460796806,0.020062188222450577,2.600743251833515e-09,0.001612834941721359,1.0,0.06470588235294118,1.0,0.08823529411764706,0.0,1.0
17,1516995425,17.28356236460976,-156.84276747929582,1.541263298439056,1000,False,False,False,24.051146101099192,0.159892044579893,6.0620279856047,0.07389647819685831,0.45568203480569136,0.08873128631356544,0.10889240826382496,0.009529073998062302,0.06588564068078995,0.06649408489465714,0.05875183269381523,0.458,0.251,0.5536510534584522,0.5581513573645498,0.5185882748232689,0.10730210691690445,0.98,0.010622125938626001,0.0218310158687427,0.0036242215462318258,0.001541263298439056,0.0,0.0,0.0,0.418,1.0,0.0
18,956231059,11.964718536287666,-171.1864048173495,1.6315112335363702,1000,False,False,False,41.26582055332703,0.12757051424346183,26.50885547147563,0.04665245184174074,0.33571162991877995,0.04665245184174074,0.10081391822927376,0.015572852075502302,0.00014791489229537547,0.03477001190185547,0.031104622408747673,0.521,0.251,0.5662302002310753,0.5715640872195363,0.5824194319546223,0.13246040046215057,1.0,0.004045601445062659,0.014537657871092007,0.0009547728342478982,0.001631511233536371,0.0,0.0,0.0,0.447,1.0,0.0
19,1399996587,183.99432167490033,15.06506989957478,1.4984925177532502,954,True,False,False,38.75476524578104,0.1956623013872513,17.188672197013393,0.020703215714641777,0.40520535467264457,0.02072967128324767,0.14858523848583827,0.0,0.0007986068958416581,0.020688438788056374,0.0013068175176158547,0.48846960167714887,0.28197064989517817,0.0,0.5516146119216367,0.2881685347110033,-0.06377092003822327,0.9486373165618449,0.0032107375039141595,0.0303339064902965,0.0,0.0015707468739551904,1.0,0.027253668763102725,1.0,0.3113207547169811,0.0,1.0
20,908945483,21.725359861180323,-152.19792388186565,1.5392328374304591,1000,False,False,False,24.562870506541415,0.17857212158858457,4.705744690177766,0.07170652623861157,0.44829483026726913,0.07170652623861157,0.13288086284175857,0.04945215251969736,0.07060012966394424,0.07060012966394424,0.012547812424600124,0.422,0.089,0.5341888144612312,0.5642251143716276,0.5555181330442429,0.06837762892246246,0.982,0.004500760772529583,0.030291211891148,0.00030652815098500697,0.001539232837430459,0.0,0.001,1.0,0.396,1.0,0.0
21,988018957,219.4778861412779,131.29743639708963,0.7776044974418826,521,True,False,False,41.502135584231965,0.18124482783763202,21.388293406922987,0.04119035894388827,0.46909565669075587,0.04121753821894009,0.15128012296469845,0.0,0.0411839485168457,0.04121112823486328,0.0007268881890922785,0.28790786948176583,0.15930902111324377,0.0,0.5439770568677023,0.2869598023593426,-0.0636960119009018,0.9289827255278311,0.0007599073509691421,0.027215787561894557,0.0,0.0014925230277195451,1.0,0.053742802303262956,1.0,0.15163147792706333,0.0,1.0
22,1811609170,198.3470095396973,99.54694275158101,0.876400667881162,558,True,False,False,26.230288420382205,0.17657388544865926,6.580236031909255,0.1250683932882563,0.5542142433102591,0.125094336778363,0.1559468542763219,0.0,0.0011075020302087069,0.1250927895307541,0.0006221747607924044,0.22939068100358423,0.0,0.0,0.5405596714002818,0.19641103833913803,-0.06337343156337738,0.9229390681003584,0.006235646050798422,0.026705839211528623,5.20148650366703e-09,0.001570610515916062,1.0,0.06272401433691756,1.0,0.14516129032258066,0.0,0.0
23,1520953939,180.5216472594067,28.918329854511043,1.3452331740489576,854,True,False,False,37.30615039441334,0.12380771836770553,22.925753087273307,0.0015017058247080333,0.43556454090995694,0.0020304590689952454,0.11596331809295879,0.0,0.0001180648832814768,0.002017974853515625,0.00022481441556010395,0.43559718969555034,0.27049180327868855,0.0,0.536744723752996,0.2407260568998754,-0.06356831640005112,0.9426229508196722,0.0019826111119647955,0.018148794681759742,5.20148650366703e-09,0.0015752144895186855,1.0,0.0351288056206089,1.0,0.28337236533957844,0.0,1.0
24,1762306363,185.3587576601944,54.30128393572743,1.16437473724467,731,True,False,False,32.53819125590416,0.18146789343202774,12.392691222390802,0.07128210009271917,0.5333166718803789,0.0713095716206114,0.13405184139390192,0.0,0.07128076255321503,0.07130823284387589,0.0004369592643342912,0.19425444596443228,0.08344733242134063,0.0,0.5266300220885404,0.16486012598499655,-0.06356848031282425,0.9357045143638851,0.002722402770431428,0.028811224249519915,5.201486504100711e-09,0.0015928518977355284,1.0,0.05471956224350205,1.0,0.09302325581395349,0.0,1.0
25,1960256931,209.388845753763,62.553217236479966,1.3089562851728274,797,True,False,False,57.62368576956303,0.19950012940237974,35.67433700060179,0.020286377434877902,0.40807714317371674,0.020312792943162957,0.13090160718056232,0.0,3.9577484130859375e-05,0.020307254046201706,0.00047433137660846114,0.3864491844416562,0.23212045169385195,0.0,0.5539679265028354,0.2712386280298233,-0.06364938616752625,0.9661229611041405,0.0005729562138626075,0.022362057846079184,2.6007432520503554e-09,0.0016423541846585048,1.0,0.03513174404015056,1.0,0.2860727728983689,0.0,1.0
26,261608047,-79.40442048497498,-96.08204794932401,0.15297627464349042,69,False,False,True,-38.63919081635078,0.137784356903805,-53.41795244693288,1.463653860692983,1.5160735387603803,1.463653860692983,0.4243042293918441,0.2864897862762573,0.7537444829940796,1.0003353357315063,1.0684623718261719,0.0,0.0,0.5667491927742958,0.5936213274472866,0.5883505955338478,0.1334983855485916,1.0,0.07817518485372904,0.09572855534599677,0.001228528694421166,0.0022170474586013095,0.0,0.0,0.0,0.0,1.0,0.0
27,628052497,217.15711813245423,100.39723208465364,1.0377988604780064,649,True,False,False,27.63466617492014,0.2056642939501215,5.071176265186324,0.050462838268909925,0.5594004283836601,0.05049049233865838,0.20127008539058716,0.0,0.0003372192441020161,0.05048246309161186,0.0009004092426039279,0.3235747303543914,0.14946070878274267,0.0,0.5346586362466658,0.13374746745917945,-0.06372052431106567,0.9337442218798151,0.0013524603684188662,0.03918029073789747,2.6007432520503554e-09,0.0015990737449584084,1.0,0.05701078582434515,1.0,0.05701078582434515,0.0,1.0
28,2107186230,178.26070918734197,56.61252637412305,1.0828818281321875,668,True,False,False,27.59642238376549,0.16378781949460705,9.220068944811903,0.030231984085864055,0.38284514684178145,0.031458216551288457,0.11322212993338027,0.0,0.00010051727440441027,0.031458187848329544,4.249572884873487e-05,0.5194610778443114,0.3937125748502994,0.0,0.5418402972724568,0.2535473436117172,-0.06343484669923782,0.937125748502994,0.0038220425303968366,0.02082003463467791,1.040297300776774e-08,0.0016210805810362087,1.0,0.04491017964071856,1.0,0.35778443113772457,0.0,1.0
29,1280894744,-10.831284185034846,-85.54589776376255,0.6637461357872786,417,False,True,False,46.04312491501402,0.1899795162270928,25.075435885706153,0.35907692297079813,0.7286648783003724,0.3595122872428048,0.1830032685749272,0.013990825440145167,0.34756773710250854,0.34945574402809143,0.08443795144557953,0.0,0.0,0.5723011419177055,0.5700508488035564,0.4092575500137173,0.14460228383541107,0.9712230215827338,0.047578548410215506,0.04358595996627709,0.018058780919124225,0.0015917173520078607,0.0,0.0,0.0,0.1606714628297362,1.0,0.0
30,1308163710,210.38476346539392,122.5005019251468,0.7664426154024708,562,True,False,False,14.762227894049166,0.11877776738450221,0.8914982381587471,0.06002868219818904,0.7176719323054626,0.06005586160645102,0.20389492123690517,0.0,0.06002750247716904,0.060054682195186615,0.0003763771092053503,0.2099644128113879,0.13701067615658363,0.0,0.4950380283714959,0.2068454035744071,-0.0635850727558136,0.8825622775800712,0.0019932140171104173,0.03072833626594713,7.802229755934226e-09,0.0013637768957339344,1.0,0.05693950177935943,1.0,0.060498220640569395,0.0,1.0
31,12673048,198.46045204456897,106.13723643388113,0.8168321561068772,532,True,False,False,30.772002825888407,0.1677195709498936,12.009572672906,0.12642914665309168,0.5088556973159273,0.12643992660022568,0.14650961303184948,0.0,0.12640409171581268,0.12641486525535583,0.0025173162575811148,0.2387218045112782,0.0,0.0,0.5356900855527729,0.20821095883846283,-0.06375729292631149,0.9135338345864662,0.006269070152887705,0.01665285998057124,2.600743251833515e-09,0.001535398789674583,1.0,0.06390977443609022,1.0,0.19736842105263158,0.0,0.0
32,889932132,222.4456231596937,107.16376183978122,1.0362186131991271,583,True,False,False,56.151922405124346,0.21066660996689598,33.090967627573036,0.08007025887723156,0.5081466391145094,0.08009772824987163,0.14738493189849872,0.0,0.08006658405065536,0.08009405434131622,0.000767157063819468,0.2538593481989708,0.1183533447684391,0.0,0.5231638769871766,0.23678456416353583,-0.0636114552617073,0.8987993138936535,0.0032833440787456277,0.025987884521307958,7.802229756367907e-09,0.001777390417151161,1.0,0.07718696397941681,1.0,0.09433962264150944,0.0,1.0
33,1075134211,200.1097862170077,91.23753011690768,0.9591225610010006,648,True,False,False,38.13265079184319,0.1496423762018693,21.17138234870515,0.0300721850085932,0.4527195964022024,0.04116992422291375,0.12032061231767469,0.0,0.01873941347002983,0.04115181043744087,0.0012211299035698175,0.4398148148148148,0.3765432098765432,0.0,0.5363459391246355,0.25805149279534817,-0.0638064444065094,0.9197530864197531,0.0007360534964079716,0.016853307983970587,5.201486504100711e-09,0.001480127408952162,1.0,0.044753086419753084,1.0,0.33487654320987653,0.0,1.0
34,865824620,200.72748457466946,88.36817394452177,1.0025931063014775,605,True,False,False,18.84746933265992,0.14275129570721676,2.576914041750163,0.06211650356062548,0.6094424496081954,0.06212499412082163,0.18024073425098902,0.0,0.06211395189166069,0.062122441828250885,0.0005631303647533059,0.28264462809917357,0.20330578512396694,0.0,0.5081394034489789,0.25169492434710267,-0.06362111121416092,0.8925619834710744,0.002120424984529252,0.03684229442119018,5.201486504100711e-09,0.0016571786881016157,1.0,0.047933884297520664,1.0,0.1652892561983471,0.0,1.0
35,1400560478,153.01328230695805,-7.114613095366636,1.4162789540232439,925,True,False,False,26.71342885219998,0.12199537160576968,12.514075170045869,0.003392003669438169,0.40284912956713137,0.0033960148457414844,0.10731074119632228,0.0,0.0012907981872558594,0.0031054497230798006,0.0013744449242949486,0.4983783783783784,0.2745945945945946,0.0,0.5484044856568043,0.29840992629528046,-0.06383109837770462,0.9589189189189189,0.0021045817442772417,0.015377637750557204,5.201486504100711e-09,0.0015311123827278328,1.0,0.02702702702702703,1.0,0.34486486486486484,0.0,1.0
36,1099137468,-108.50342437913642,-122.19288223463259,0.12849457855496188,42,False,False,True,-75.19938315854043,0.11959160095714681,-87.8472248131068,1.5998443105332618,1.7036384858899525,1.7454414723896827,0.7146474568615372,0.6289790460292704,0.7181223034858704,1.0026328563690186,1.4287383556365967,0.0,0.0,0.5298118013888597,0.271379917660462,0.271379917660462,0.0596236027777195,0.5238095238095238,0.10821970431078252,0.10068959515110269,0.00018935491469383725,0.0030593947274990935,0.0,0.0,0.0,0.0,1.0,0.0
37,308651950,167.96994386863082,-16.144317939713005,1.6683426180834406,864,True,False,False,17.33977968733385,0.14974021084089692,0.36609732112842136,0.06773145961165017,0.45380266310351114,0.06775901679455978,0.11727574485972515,0.0,0.0677158385515213,0.06774339824914932,0.0014547682367265224,0.4826388888888889,0.09259259259259259,0.0,0.4573644978691273,0.18014770362526178,-0.06380091607570648,0.8078703703703703,0.0024529885260245227,0.017841217077916253,7.802229755934226e-09,0.0019309521042632392,1.0,0.1886574074074074,1.0,0.33101851851851855,0.0,1.0
38,2135886441,205.82719449084243,80.62379018198823,1.1134340430885437,693,True,False,False,54.734142599064214,0.1436779652478403,38.368235021624244,0.00942752581459762,0.4233521676936579,0.009628712109662095,0.1415006909641596,0.0,7.534027099609375e-05,0.009569359011948109,0.0010674572549760342,0.4588744588744589,0.1645021645021645,0.0,0.5673984942707794,0.2856781069934368,-0.06374652683734894,0.9624819624819625,0.00249918048947029,0.01660717285587954,5.201486504100711e-09,0.0016066869308636977,1.0,0.03896103896103896,1.0,0.15873015873015872,0.0,1.0
39,2123588507,206.77224961789344,61.707572261046124,1.3040467735684707,733,True,False,False,60.69431458509031,0.2224662522264993,36.448953014867094,0.05341671374186333,0.40072195203940153,0.07771642150772486,0.12736243391860902,0.0,5.817413330078125e-05,0.0777134895324707,0.0006750678876414895,0.44201909959072305,0.3015006821282401,0.0,0.5504607182176527,0.20264407316222788,-0.06329561024904251,0.956343792633015,0.006693443182108718,0.025171733721806637,2.600743251833515e-09,0.0017790542613485287,1.0,0.04365620736698499,1.0,0.31241473396998637,0.0,1.0
40,1731118266,8.786621220200393,-167.58726028718996,1.5637388150739033,1000,False,False,False,32.357859915536444,0.180405198689629,12.317426389068286,0.014300786756719974,0.3423912567862314,0.136802079016312,0.1258599548218242,0.028340226969007835,0.0002881050168070942,0.12909917533397675,0.04525717347860336,0.565,0.248,0.5531181432306767,0.5651906708634924,0.580094995573163,0.1062362864613533,0.983,0.02210550881110792,0.03225360280272949,6.128391399084707e-05,0.0015637388150739036,0.0,0.0,0.0,0.236,1.0,0.0
41,4716089,-116.88534292383119,-132.89562802588503,0.15030285102053853,49,False,False,True,-76.94220718239569,0.1437791666955614,-92.0978893728861,1.5807027067621993,1.6751674647998847,1.733016035275727,0.6654595866958758,0.608939670457451,0.6888719797134399,1.005013346672058,1.4118402004241943,0.0,0.0,0.5921787768602371,0.44907087712947813,0.44907087712947813,0.18435755372047424,0.8163265306122449,0.11944517797681871,0.11825018889198688,0.0010390281381052052,0.0030674051228681332,0.0,0.0,0.0,0.0,1.0,0.0
42,954698821,167.36451034792708,16.56824502560133,1.317962653223256,950,True,False,False,19.170226987570786,0.19081514018064602,-1.911144317057466,0.041421285996782235,0.5955857172491408,0.04290736519614562,0.1583079764983304,0.0,0.03240642696619034,0.042891692370176315,0.0011596179101616144,0.32842105263157895,0.14947368421052631,0.0,0.5615996484502562,0.246949542760849,-0.06364379823207855,0.9694736842105263,0.004588151597470125,0.031404129095987963,1.5604459512735813e-08,0.001387329108656059,1.0,0.031578947368421054,1.0,0.1368421052631579,0.0,1.0
43,722439037,237.43133492146103,101.15219697131656,1.2145913795014514,741,True,False,False,81.45843998004015,0.1892957027076622,60.53003573784627,0.01873228896061887,0.24355088898647978,0.018759887339010937,0.15426386293600572,0.0,5.4073334467830136e-05,0.018715476617217064,0.0012900806032121181,0.7341430499325237,0.5802968960863698,0.0,0.556276575181138,0.257869501169771,-0.06383410841226578,0.9622132253711201,0.0007102542046210556,0.03074861715988996,0.0,0.0016391246686929147,1.0,0.03913630229419703,1.0,0.4642375168690958,0.0,1.0
44,143133740,202.00105246367178,109.07748690288939,0.8224356556078227,534,True,False,False,38.470314971212666,0.14259944033491206,22.21970829358247,0.014855021721582462,0.47742997067998455,0.014863897692382992,0.1259222771993648,0.0,0.014413642697036266,0.01486215554177761,0.00022756814723834395,0.33146067415730335,0.18726591760299627,0.0,0.5547247213481102,0.28637348613003266,-0.06359091401100159,0.951310861423221,0.0009101072632713937,0.010946970093047823,0.0,0.001540141677168207,1.0,0.05056179775280899,1.0,0.10486891385767791,0.0,1.0
45,851876933,234.20839598001916,148.84150796495368,0.742668880150655,555,True,False,False,58.92336199148789,0.12709444674668643,44.22147803407547,0.06940643416827422,0.4986785798275185,0.06943427963333226,0.1792918019305558,0.0,0.06939268112182617,0.06942053139209747,0.001381669077090919,0.27387387387387385,0.1063063063063063,0.0,0.5362021814343763,0.08636298056691885,-0.06377991288900375,0.9243243243243243,0.0025649914847306558,0.015645232505393285,5.201486504100711e-09,0.0013381421263975763,1.0,0.07567567567567568,1.0,0.05945945945945946,0.0,1.0
46,1892204776,-5.187290973996283,-246.572317350995,2.213850263769991,1000,False,False,False,18.975759582713117,0.1884167345732635,-1.8658275321183957,0.3562770470123249,0.7113769642553535,0.3562770470123249,0.13335664390548482,0.10271050961815392,0.35596925020217896,0.35596925020217896,-0.014806320890784264,0.0,0.0,0.5628891587257385,0.5571873118729563,0.5473030938208103,0.12577831745147705,0.998,0.003955086477290616,0.03170503676498325,0.0009226819381681884,0.0022138502637699896,0.0,0.0,0.0,0.387,1.0,0.0
47,1103841343,-108.29356046393514,-123.25909108501284,0.13365530621077712,80,False,False,True,-53.6473384752539,0.11999858945869844,-66.75215099359613,1.6152726488843994,1.6581813548654778,1.669023250937622,0.2786440617318293,0.20981690235945652,0.78594571352005,1.000380039215088,1.3359934091567993,0.0,0.0,0.5812710821628571,0.5459779313765466,0.5575300493091345,0.1625421643257141,1.0,0.07750107740428924,0.08374116708500808,0.00043948919918762597,0.0016706913276347136,0.0,0.0,0.0,0.0,1.0,0.0
48,1871136645,-98.14569546637358,-113.76381576538571,0.13378120299012136,112,False,False,True,-32.365831074305724,0.11059527203601968,-44.77646721818084,1.5599948968339534,1.6925356128481768,1.7128980643828629,0.36737672637116703,0.2424173197960517,0.6165568232536316,1.001817226409912,1.3893818855285645,0.0,0.0,0.561781033873558,0.4573083435399375,0.5672741190344095,0.12356206774711609,0.8303571428571429,0.08001218864088176,0.08552740754050328,0.001607056471781193,0.0011944750266975122,0.0,0.0,0.0,0.0,1.0,0.0
49,368689141,44.50780977776747,-120.06555514337595,1.4457336492114337,1000,False,False,False,20.22193851073446,0.19978904671814562,-1.7568798185853047,0.17861406308659597,0.6617395553889327,0.17870519897654474,0.1703731781424155,0.011290707867191888,0.10272769629955292,0.17023010551929474,0.054380688816308975,0.105,0.0,0.5485566072165966,0.5528855414532591,0.5462196504510939,0.0971132144331932,0.978,0.022117456625607747,0.03422094023430896,0.0015579713440139961,0.0014457336492114331,0.0,0.0,0.0,0.238,1.0,0.0
50,711874407,219.89694095738247,138.42034907865872,0.7203659187872372,472,True,False,False,35.59463565414838,0.13344303368017124,20.267744012991383,0.02486592541527849,0.5684726646269754,0.02489300999207816,0.15306461239682584,0.0,0.00034961701021529734,0.024892425164580345,0.00017063379345927387,0.2775423728813559,0.17584745762711865,0.0,0.5333879117822369,0.18044184532016516,-0.06358127295970917,0.8834745762711864,0.00026638626812080867,0.009835346286030841,5.201486504046501e-09,0.0015261989804814333,1.0,0.0826271186440678,1.0,0.07627118644067797,0.0,1.0
51,1949523453,10.340517443302232,-158.8810596403131,1.4922157708361523,1000,False,False,False,25.662002102522376,0.19245499598355711,4.416588846661521,0.08069322284568847,0.5238087142969051,0.10139625472170438,0.135024807172157,0.06729949045847157,0.0001560211239848286,0.05346717685461044,0.08615370839834213,0.359,0.12,0.563548669219017,0.5704101231300738,0.5677745593339205,0.12709733843803406,0.999,0.03290528241867874,0.029625175874916428,0.000770795281320541,0.0014922157708361513,0.0,0.0,0.0,0.079,1.0,0.0
52,965219006,-93.01172018582001,-112.80900247424984,0.17697282288429841,105,False,False,True,-34.14603382953857,0.14883872830267708,-50.333720430821394,1.53499537767006,1.6504180650768654,1.7050767249078251,0.42399483745944594,0.2289494465640896,0.5685644149780273,1.0016871690750122,1.3798222541809082,0.0,0.0,0.5524905659258366,0.4712841702979945,0.5525126204639673,0.10498113185167313,0.8666666666666667,0.07820156679327764,0.09611507742688657,0.0012093820225997087,0.0016854554560409372,0.0,0.0,0.0,0.0,1.0,0.0
53,608969183,-89.65406591864303,-101.56778476758518,0.10553718848942166,68,False,False,True,-42.85759192368889,0.08558838449595489,-52.40665859571024,1.626525201281466,1.7103551868459486,1.680836795250765,0.39691039559526314,0.3403921647100999,0.7694393396377563,1.0007953643798828,1.3504151105880737,0.0,0.0,0.5585213452577591,0.34953460731434033,0.47536706594750283,0.11704269051551819,0.6470588235294118,0.06809615002210694,0.05759374761625429,0.0002287769809081186,0.0015520174777856127,0.0,0.0,0.0,0.0,1.0,0.0
54,174629327,191.5408951859922,41.71299264277155,1.3248790254322058,867,True,False,False,42.592233403250106,0.19513970476377793,21.078591584496547,0.05859142464269252,0.4227755778026302,0.05860836475507082,0.14562172573237955,0.0,4.57763671875e-05,0.05859832838177681,0.001084587536752224,0.3863898500576701,0.1384083044982699,0.0,0.5453390244269934,0.29839363843202593,-0.06353483349084854,0.9457900807381776,0.005552056291461716,0.030193414051464106,2.600743251833515e-09,0.0015281188297949317,1.0,0.029988465974625143,1.0,0.23529411764705882,0.0,1.0
55,529795964,173.61249650027608,18.073669907008906,1.3875882659326688,839,True,False,False,68.44343075996417,0.206953057454267,45.7485604845592,0.014912218135037923,0.2916443945436663,0.049594843595276494,0.08892328429805726,0.0,4.6443939936580136e-05,0.04959077760577202,0.0006350493640638888,0.5601907032181168,0.4171632896305125,0.0,0.5643880594415197,0.2866222286224365,-0.06366332620382309,0.9690107270560191,0.0013051222899312198,0.011984981247601561,0.0,0.0016538596733404894,1.0,0.03218116805721097,1.0,0.4469606674612634,0.0,1.0
56,120278483,-17.930896178027524,-199.91789551919518,1.619869993411676,1000,False,False,False,22.65564080752401,0.1364031299834923,7.015414151669586,0.03798347240128727,0.332103749766711,0.10221507034670382,0.08323383988546246,0.0200833716240451,4.081726001459174e-05,0.08822812885046005,0.051611218601465225,0.601,0.471,0.5485841706395149,0.5636519889538176,0.5575853672623634,0.09716834127902985,0.987,0.01821215064981134,0.011444795167787859,0.001547399322694494,0.0016198699934116755,0.0,0.0,0.0,0.515,1.0,0.0
57,2011373962,191.88387678882583,53.776297125735915,1.2242757966308988,784,True,False,False,39.38238758856944,0.1763781730148374,19.745327159296703,0.03152857677416138,0.42712153943327674,0.031556907777470125,0.12666171819405872,0.0,3.776550147449598e-05,0.03153734281659126,0.0011110519990324974,0.350765306122449,0.18112244897959184,0.0,0.536891165283587,0.3125649371743202,-0.06379096955060959,0.9426020408163265,0.0001205652556776302,0.027857386123863462,7.802229756083304e-09,0.0015615762712128808,1.0,0.03316326530612245,1.0,0.2308673469387755,0.0,1.0
58,1117234558,178.9843510206789,47.33982308817677,1.1732452793250199,716,True,False,False,31.664374804938376,0.12687322338808407,16.97855156172319,0.018094826828472167,0.43036311445770686,0.03190023888174574,0.11051730700102279,0.0,9.508132643532008e-05,0.031891632825136185,0.0007409429526887834,0.42178770949720673,0.21368715083798884,0.0,0.5350705771212722,0.14627565620467067,-0.06359672546386719,0.9245810055865922,0.0038837246831981503,0.012618321464934893,5.20148650366703e-09,0.0016386107253142752,1.0,0.051675977653631286,1.0,0.26256983240223464,0.0,1.0
59,1707184565,4.227368370290776,-156.2772698445843,1.465646382148749,697,False,True,False,63.84485294322011,0.22530880662442648,39.31578679605921,0.1780010939051147,0.434462166194526,0.19719505122043476,0.1350242843582446,0.0190883800796635,0.06801776587963104,0.19272556900978088,-0.04174617677927017,0.30416068866571017,0.0,0.0,0.5360988769447055,0.2642385831681895,-0.051034774631261826,0.926829268292683,0.007736206637709658,0.033692955974819166,0.007090609267257653,0.0021027925138432588,0.0,0.021520803443328552,1.0,0.2769010043041607,1.0,0.0
60,2024064892,-14.365915295366676,-156.8691998839435,1.2688328458857692,781,False,True,False,38.36939930520685,0.19749783355354497,16.620395990036855,0.20970543595225313,0.5162318995435932,0.2298528542477869,0.1567733553331808,0.015254169789951857,0.0019453049171715975,0.22601218521595,-0.041842881590127945,0.0,0.0,0.0,0.5337734442076904,0.35511768681782996,-0.053572993725538254,0.9372599231754162,0.008395673203012155,0.03612645378725788,0.007673072051075311,0.001624625923029153,0.0,0.0076824583866837385,1.0,0.24839948783610755,1.0,0.0
61,2087047656,-32.01754044932312,-87.28337071359454,0.4774583026427142,376,False,True,False,8.647568742777318,0.15275196384089468,-8.581933221822236,0.39501777903417634,0.975198995430882,0.39501777903417634,0.24482448843782334,0.168905395721316,0.39411869645118713,0.39411869645118713,0.02663641981780529,0.0,0.0,0.5173315592110157,0.5761143749597125,0.5658077029371634,0.0346631184220314,0.9920212765957447,0.04225123274613476,0.0433765295569875,0.007490283606726725,0.0012698359112838144,1.0,0.005319148936170213,1.0,0.0,1.0,0.0
62,714619600,128.25959017456623,-296.62805740386625,4.04887647578432,1000,False,False,False,15.71485333060919,0.17623977489572992,-3.9090378164689747,0.19484641352810808,0.6143279427592109,0.19622556481992778,0.15608791149188736,0.003201458930460909,0.19476231932640076,0.19614171981811523,0.005735680926591158,0.432,0.0,0.0,0.27616845440265025,0.0,-0.060359079390764236,0.499,0.014130522083757023,0.037560481459488766,0.002503912379270905,0.004048876475784327,1.0,0.376,1.0,0.427,1.0,0.0
63,1075806674,-84.2240848347661,-104.87642544558497,0.1855234061081886,105,False,False,True,-32.173550649706804,0.15750490648761525,-49.227855069483454,1.4637209211837143,1.4776547999651608,1.4637209211837143,0.6206153604421177,0.38902952809024344,0.3834266662597656,1.0027525424957275,1.0662862062454224,0.0,0.0,0.5838178396224976,0.5066581360408149,0.5735367484390735,0.16763567924499512,0.9047619047619048,0.09883532800177776,0.11816154087041213,0.00023817606702095095,0.0017668895819827489,0.0,0.0,0.0,0.0,1.0,0.0
64,1380583167,203.94058145359165,77.33212623547075,1.131484552181208,673,True,False,False,61.7836722649619,0.17004446024274797,42.78153573001552,0.00971134185546517,0.37493715494840013,0.00973879620683326,0.12313337352444091,0.0,0.009571743197739124,0.009599590674042702,0.0016407347284257412,0.4398216939078752,0.23476968796433878,0.0,0.5687161250618379,0.21863288626074792,-0.06387919932603836,0.9539375928677564,0.002528094090028286,0.016002870917940157,2.600743251833515e-09,0.0016812549066585545,1.0,0.0475482912332838,1.0,0.1723625557206538,0.0,1.0
65,1527789836,100.24653823668477,-439.77038533440157,5.200169235710868,1000,False,False,False,53.33640373049889,0.2057716365818028,30.759326414813355,0.12285722015303589,0.27992899725380277,0.1450272365252477,0.08098210028061893,0.010726116270176084,0.0008110046619549394,0.14497976005077362,-0.0037105942610651255,0.679,0.0,0.0,0.29967117920535385,0.040116584015777335,-0.07397935539484024,0.504,0.008476802738573434,0.019124062145198784,0.005624090052591924,0.005200169235710863,0.0,0.346,1.0,0.637,1.0,0.0
66,1377783636,195.892511361884,65.04660192066184,1.1732590944122212,676,True,False,False,58.1407598819749,0.21516635833042255,34.62636494411855,0.0733660407460949,0.3619252997624141,0.07338711863138596,0.11053184926514413,0.0,0.0337650291621685,0.0733848586678505,0.0005759334308095276,0.47781065088757396,0.1937869822485207,0.0,0.5650411743440626,0.2744392839539796,-0.06330689787864685,0.9615384615384616,0.006426108231931811,0.023440734079438547,0.0,0.0017355903763494394,1.0,0.03994082840236687,1.0,0.42159763313609466,0.0,1.0
67,282964358,-62.96889551994106,-150.4788920140922,0.7604999649415116,573,False,True,False,7.726288907472293,0.1262057672102549,-6.887978290956468,0.35687753832744357,0.6933659622270173,0.3611731159451731,0.12860487138915724,0.008629459506261976,0.3503965437412262,0.35684138536453247,0.05576957389712334,0.0,0.0,0.5120005644857883,0.5379201481820236,0.41785246595682113,0.02400112897157669,0.956369982547993,0.06633615424264683,0.03556280691078758,0.000660510763718189,0.0013272250697059541,0.0,0.0,0.0,0.2862129144851658,1.0,0.0
68,679598937,-6.398385220486667,-237.27832156777967,2.108799363472931,1000,False,False,False,26.974700505897168,0.1757792325532614,7.3968635930659286,0.140071477779755,0.351079447206038,0.140071477779755,0.09319171109597599,0.07329910936515355,0.13501453399658203,0.13501453399658203,0.03729737922549248,0.599,0.0,0.5653171092271805,0.5260606803288683,0.5399005200341344,0.13063421845436096,0.92,0.01416354502119968,0.012826318007036878,0.00035135521186281833,0.002108799363472931,0.0,0.074,1.0,0.532,1.0,0.0
69,964498172,201.56269048368546,51.866997136401054,1.3227569334728424,871,True,False,False,50.36536303544078,0.17222090428399703,31.143588314243658,0.009392972645432962,0.35624491585866797,0.009420427952546363,0.13707781955409018,0.0,0.0008008956792764366,0.009318065829575062,0.0013849592069163918,0.5154994259471871,0.2939150401836969,0.0,0.5396348719787704,0.29009911194443705,-0.06382061541080475,0.9425947187141217,0.0024982599889055244,0.03134950613089564,5.201486504100711e-09,0.0015186646767770878,1.0,0.030998851894374284,1.0,0.36624569460390355,0.0,1.0
70,538463003,292.01780018853026,225.18225806883223,0.59575542119698,363,True,False,False,93.94545857802805,0.1890184541664568,73.09568532637047,0.08343451872779666,0.39348129484126765,0.08344682545289171,0.26698238025285576,0.0,7.152557373046875e-06,0.08344487845897675,0.000570032570976764,0.5151515151515151,0.25895316804407714,0.0,0.5671904886131157,0.29216786654666066,-0.06322125345468521,0.931129476584022,0.007033221185385121,0.05286769942087456,0.0,0.0016411995074296964,1.0,0.07162534435261708,1.0,0.23415977961432508,0.0,1.0
71,569527992,20.21773506607875,-185.3727177256673,1.8559045279174582,1000,False,False,False,57.261114436236674,0.15070488207628557,40.19071257110307,0.13007654063961932,0.32097332941630463,0.134823499982162,0.09255344626044283,0.014237005387648513,0.13007335364818573,0.13479900360107422,-0.002569975797086954,0.61,0.0,0.5262188296765089,0.5703180670272558,0.5536518539115787,0.05243765935301781,0.992,0.005734120672634299,0.013520706738322367,0.00018971511763424351,0.001855904527917458,0.0,0.008,1.0,0.447,1.0,0.0
72,828003095,180.78420216566872,4.521181104671385,1.5680302106099773,973,True,False,False,51.106614831195806,0.17251732111908274,31.85499597870922,0.02983182680325468,0.3080534220714361,0.04406204327062742,0.120159111913436,0.0,0.00015888214693404734,0.04404115676879883,0.0013565277913585305,0.6536485097636177,0.5005138746145941,0.0,0.5448242536753622,0.29192071966826916,-0.06383253633975983,0.9455292908530318,0.0009173710579010883,0.023566814906120215,2.6007432520503554e-09,0.0016115418402980217,1.0,0.02672147995889003,1.0,0.5077081192189106,0.0,1.0
73,954833235,162.20639364717064,24.185137101294373,1.2266125654587636,768,True,False,False,29.82107272127766,0.1313604744477486,14.68591418988959,0.05239296336248861,0.36562032287489354,0.05242033653299647,0.10602398080491561,0.0,0.0523928627371788,0.0524202361702919,0.00010257720714434981,0.5325520833333334,0.41796875,0.0,0.5478676680683444,0.22091700553894042,-0.06334048509597778,0.9361979166666666,0.005121603699796176,0.010838369747411052,7.802229756367907e-09,0.0015971517779410978,1.0,0.05078125,1.0,0.3958333333333333,0.0,1.0
74,530674831,197.7038922650739,84.23945013299078,1.0020444213208306,663,True,False,False,51.260262426982045,0.21441606912191127,27.821209180318206,0.26086787126560784,0.6145291471727481,0.26089223094708414,0.14424548321970948,0.0,0.26082903146743774,0.2608533799648285,0.004502258263528347,0.0,0.0,0.0,0.5618688098350216,0.22163689285516738,-0.06101412698626518,0.9532428355957768,0.017172558150420437,0.028412387555010615,7.802229754633183e-09,0.0015113792176784785,1.0,0.048265460030165915,1.0,0.18250377073906485,0.0,0.0
75,268805063,157.06021471200526,3.5527967861215615,1.3648741792588353,851,True,False,False,28.715843585088788,0.17591237486233455,9.124992092894672,0.01018273531612317,0.36155668197152524,0.010207085419712865,0.10284007721203257,0.0,0.009714126586914062,0.010174179449677467,0.0008189415675587952,0.5323149236192715,0.3971797884841363,0.0,0.5468458623103316,0.27730693988502025,-0.0637219175696373,0.9576968272620446,0.001235194480649343,0.016542461801786836,1.0402973008201422e-08,0.0016038474491878215,1.0,0.03172737955346651,1.0,0.381903642773208,0.0,1.0
76,386459433,206.83937689540917,88.93822824533132,1.0452114865007764,669,True,False,False,46.92712722034261,0.15787269395788553,29.142262049956162,0.05864187851508338,0.44802080897005725,0.07775249705148743,0.14642137948439812,0.0,0.04328479617834091,0.07774381339550018,0.0011620139703154564,0.414050822122571,0.17488789237668162,0.0,0.5527242097560935,0.14846917575225235,-0.06341222673654556,0.9446935724962631,0.006721864104366908,0.01831972360310592,2.600743251833515e-09,0.0015623490082223874,1.0,0.05530642750373692,1.0,0.11958146487294469,0.0,1.0
77,1842675722,189.8449413903057,63.86847990475784,1.1101646148554811,748,True,False,False,32.97154699446258,0.2056946202967481,10.403171779614675,0.12486683374465393,0.5852698395222271,0.12488858238402678,0.1559059025433781,0.0,0.12486152350902557,0.124883271753788,0.001151714357547462,0.1657754010695187,0.0,0.0,0.551101454807555,0.11532550632953643,-0.06291425973176956,0.946524064171123,0.009520181920139294,0.03392163778023531,2.6007432527008767e-09,0.0014841772925875396,1.0,0.05481283422459893,1.0,0.04679144385026738,0.0,0.0
78,215035549,93.28043543467638,-286.88155081358,3.6016198624825653,1000,False,False,False,50.78802145097494,0.21437766031114025,27.35034176235575,0.1393202643026091,0.4136151848413031,0.15214837535486153,0.12412464434371022,0.011358843330784655,0.012276267632842064,0.15207043290138245,-0.004869451746344566,0.462,0.0,0.0,0.44727928204106865,0.020070511945523322,-0.04201514273881912,0.774,0.0005542049362886942,0.027855311032708024,0.012688940949132267,0.003601619862482565,1.0,0.14,1.0,0.414,1.0,0.0
79,839465270,195.64289924018078,57.150322953790166,1.2375257628639058,737,True,False,False,49.47904351588571,0.22314141997872178,25.166115377492588,0.01193859328519549,0.3948782372349998,0.01194892255349915,0.13176419032447867,0.0,0.00011224746413063258,0.0118248937651515,0.0017171597573906183,0.4097693351424695,0.12075983717774763,0.0,0.5644613142040643,0.3169590324908495,-0.0639282613992691,0.9674355495251018,0.0011698411349281082,0.025891146607416718,5.201486504100711e-09,0.0016791394340080143,1.0,0.033921302578018994,1.0,0.14789687924016282,0.0,1.0
80,609512609,26.339156560820914,-253.39343932973674,2.597325958905581,1000,False,False,False,26.13344084110835,0.2056514318002253,3.568384003580633,0.20130597208536177,0.499647407729531,0.2149424417285045,0.12956257722110212,0.03414734649436451,0.18967942893505096,0.2146952599287033,0.010305271483957767,0.0,0.0,0.5736760646104813,0.4944695872309385,0.40044754575937985,0.14735212922096252,0.88,0.040550937028025015,0.028046402217626706,0.0006171953848556205,0.0025973259589055784,0.0,0.118,1.0,0.436,1.0,0.0
81,1146558410,197.85475699147213,92.85763162955253,0.9337712536191952,581,True,False,False,32.21958994935642,0.14715565511830284,15.509846516026645,0.019818774647579928,0.44226411824426337,0.019846182853828522,0.13635297255004222,0.0,0.016602706164121628,0.019800567999482155,0.0013447976671159267,0.39414802065404475,0.24612736660929432,0.0,0.5675805460793093,0.2760145511478186,-0.06378258764743805,0.9535283993115319,0.00315681824462725,0.020416282337658326,0.0,0.001607179438243022,1.0,0.04647160068846816,1.0,0.23924268502581755,0.0,1.0
82,1891899470,174.12918094738856,-7.6277765259670645,1.6327695747335518,924,True,False,False,42.803246373918725,0.19426419628778602,21.37701207688038,0.018623121117343745,0.3247245847353465,0.019391899762365095,0.12170729853436793,0.0,0.0002995491086039692,0.01934337615966797,0.0013709759805351496,0.5909090909090909,0.4512987012987013,0.0,0.5471808361935276,0.2870860970765352,-0.06385258585214615,0.9426406926406926,0.0006735578392447451,0.02607961838706057,7.802229756042646e-09,0.001767066639322029,1.0,0.02922077922077922,1.0,0.2911255411255411,0.0,1.0
83,1915251784,24.214579683914653,-170.0583411218631,1.7427292080577768,1000,False,False,False,46.591681670216175,0.20837306618018794,23.754461394692186,0.12112412924957977,0.4430201145814,0.12712777998306457,0.1096701762262685,0.03274792477736579,0.12112312018871307,0.12712641060352325,0.0005900597316212952,0.318,0.0,0.5311098098754883,0.560207948345691,0.39938564773648977,0.06221961975097656,0.987,0.0014896212106073829,0.020990714333091486,0.0010515643707658116,0.0017427292080577773,0.0,0.013,1.0,0.425,1.0,0.0
84,1313639606,180.7293723214883,50.369889180574596,1.1609948314091385,713,True,False,False,47.77631077657952,0.19519342789443,26.25851297027398,0.04303714669272394,0.3286028965299137,0.043064325104504135,0.10388825024098133,0.0,0.0002693176211323589,0.04306373745203018,-0.00022497415193356574,0.5820476858345021,0.2762973352033661,0.0,0.5561228217054185,0.2628036691620946,-0.06331627815961838,0.9593267882187938,0.004528331901930171,0.01973972680619787,2.600743251833515e-09,0.001628323746716883,1.0,0.03927068723702665,1.0,0.4417952314165498,0.0,1.0
85,695909292,23.43865921879761,-170.60275718224173,1.7404141640103918,1000,False,False,False,25.008053586655002,0.20426195638273634,2.581944290876223,0.3421873013282769,0.7191761612510871,0.34525673005848273,0.15388086095404463,0.021505865367271927,0.3062871992588043,0.34519481658935547,-0.00653821462765336,0.0,0.0,0.5874422937631607,0.5283455164305051,0.5534350686240941,0.1748845875263214,0.959,0.03893422399654903,0.0432821626682628,0.0010814592642620843,0.0017404141640103923,0.0,0.015,1.0,0.313,1.0,0.0
86,657540159,175.93202788820489,56.077321661345806,1.0571470622685901,707,True,False,False,26.93253009356773,0.15068555199653882,9.86561590900949,0.1140319314242326,0.4733213057240419,0.11421834608629526,0.1316156820249421,0.0,0.11300096660852432,0.11421088874340057,0.0013051724527031183,0.4314002828854314,0.0,0.0,0.5416013920216003,0.2931141771376133,-0.06357450038194656,0.9434229137199435,0.005500977043806024,0.01244793239900186,2.600743251833515e-09,0.0014952575138169602,1.0,0.036775106082036775,1.0,0.31683168316831684,0.0,0.0
87,1508100295,207.17594559990675,63.51509107065296,1.281408545292539,776,True,False,False,54.127250581161455,0.1981084522414003,32.31722559713292,0.05030489356542719,0.36243834342381714,0.050325587374101116,0.15119726385552193,0.0,0.002181625459343195,0.05032539367675781,0.00013962746015749872,0.5103092783505154,0.2925257731958763,0.0,0.5510309089362092,0.27890907011926175,-0.06336179375648499,0.9510309278350515,0.004994703683742412,0.03341773085227052,7.802229755500545e-09,0.0016512996717687359,1.0,0.03608247422680412,1.0,0.21778350515463918,0.0,1.0
88,226019867,-105.29276123251766,-122.35388345612202,0.1604112222360437,51,False,False,True,-68.23976419500481,0.15261607949925213,-84.30346013199771,1.5731270506235098,1.639511002244279,1.6940614848369748,0.6146993322234218,0.47513790673982875,0.696159839630127,1.001436710357666,1.366370677947998,0.0,0.0,0.577808678150177,0.5499273372412312,0.5505498813465237,0.155617356300354,1.0,0.10755860577908938,0.11916705959294312,0.0015899695886153475,0.0031453180830596796,0.0,0.0,0.0,0.0,1.0,0.0
89,667780743,171.38985770996652,42.28026960286831,1.1476958810709825,717,True,False,False,22.955204565619116,0.1921245373271681,1.7442349375396178,0.12087554257940465,0.5017618447253881,0.12091329712440886,0.13457806488398052,0.0,0.12087316811084747,0.12091092765331268,0.0007569646695628762,0.3193863319386332,0.0,0.0,0.5424790693267744,0.19032913491129874,-0.06342437118291855,0.9414225941422594,0.005957242987526687,0.022811675888722977,2.600743251833515e-09,0.001600691605398861,1.0,0.05578800557880056,1.0,0.18270571827057183,0.0,0.0
90,498383730,158.9491671919823,11.00292417076939,1.3124624302121282,835,True,False,False,44.498169074547086,0.14969079650737455,27.52954275696661,0.10183877062292492,0.37868584211970235,0.10186613672129148,0.09551709962022023,0.0,0.0930059403181076,0.10186605155467987,0.00013172387843951583,0.5077844311377245,0.0,0.0,0.5573145779307017,0.26464974954724313,-0.06293614953756332,0.9676646706586827,0.008108693538681037,0.012677476367292148,7.802229756367907e-09,0.0015718112936672197,1.0,0.033532934131736525,1.0,0.48862275449101794,0.0,0.0
91,588981715,76.30528280735611,-295.34822970640454,3.5165351251376107,1000,False,False,False,22.789471670200015,0.13689603780703613,7.099954231991256,0.1783892602980453,0.6251617931116745,0.18884956101152645,0.11383710762924396,0.01026683444925143,0.17829427123069763,0.18866920471191406,-0.008251538500189781,0.262,0.0,0.0,0.44431657083827303,0.0,-0.0028104381635785103,0.776,0.011103008567412946,0.020272611857908934,0.007949044313411893,0.003516535125137606,1.0,0.125,1.0,0.29,1.0,0.0
92,742924764,66.6787301480537,-198.44029567754234,2.4511902582559606,1000,False,False,False,30.546207114528304,0.19242047267135703,9.30424618988743,0.18722109600011258,0.4877243422140349,0.1925053863276937,0.12905574709125228,0.0033494097328529773,0.0029889107681810856,0.19250068068504333,-0.0013459944166243076,0.318,0.0,0.536030974239111,0.48570777211594396,0.4290833607688546,0.0720619484782219,0.862,0.0011372723522758367,0.025595642298179896,0.0016737688683980685,0.0024511902582559602,1.0,0.125,1.0,0.4,1.0,0.0
93,2053789632,197.24277095943688,68.63517808986278,1.1472759286957417,694,True,False,False,41.811501495649935,0.19863221942619275,19.950149610901235,0.0016857173929894379,0.3519610726737266,0.007181230691815049,0.12191485923924242,0.0,9.241104271495715e-05,0.007033920381218195,0.001447079237550497,0.5331412103746398,0.34293948126801155,0.0,0.542366878894461,0.13987370252609252,-0.06386242806911469,0.9293948126801153,0.001463471224847576,0.02380564469209642,2.6007432520503554e-09,0.001653135343941991,1.0,0.056195965417867436,1.0,0.37319884726224783,0.0,1.0
94,1243069214,167.18825447205467,14.891834027538394,1.3559642044451605,835,True,False,False,39.63780377281035,0.15438361808600673,22.199895297366457,0.018738692802301737,0.38934572847418797,0.01877455517901932,0.1051057517995913,0.0,0.0001560211239848286,0.01877307891845703,0.00023543596034869552,0.44550898203592815,0.09461077844311377,0.0,0.5526617810777026,0.2950298231840134,-0.0635947436094284,0.9676646706586827,0.0006607154503394451,0.0152074557088262,2.6007432520503554e-09,0.0016239092268804324,1.0,0.033532934131736525,1.0,0.38083832335329343,0.0,1.0
95,432678313,-94.89995914533502,-114.81320541326473,0.1763324626792972,114,False,False,True,-34.05166762108677,0.14687800833629489,-50.10349032707799,1.5532405164501089,1.6205255643547862,1.6444018209689428,0.32360977819313985,0.1464690367365341,0.6432994604110718,1.0007224082946777,1.3048417568206787,0.0,0.0,0.5433066785335541,0.5297198229757334,0.5556011260300875,0.08661335706710815,0.9736842105263158,0.07062348469510563,0.08986073483751932,0.0006725366005155831,0.0015467759884148862,0.0,0.0,0.0,0.0,1.0,0.0
96,634649199,191.25403048063743,50.1299605068766,1.260440699737608,754,True,False,False,60.25469290904466,0.1881623946323377,39.43947666039654,0.07588368404944987,0.40425963070582444,0.07591124384350106,0.11269302789095378,0.0,0.07588014751672745,0.07590770721435547,0.0007327532512135804,0.40848806366047746,0.07957559681697612,0.0,0.5390584742242318,0.15428443159908056,-0.06361830979585648,0.9389920424403183,0.0030114350713742123,0.015155502922434954,2.600743252267196e-09,0.0016716720155671204,1.0,0.04907161803713528,1.0,0.2493368700265252,0.0,1.0
97,37235637,177.1296668559311,18.60924520283824,1.3990042165309313,931,True,False,False,24.48191182449905,0.18150853089482227,4.3312314763097435,0.04811140729157135,0.5219332571730111,0.06742260672030786,0.15282415540725192,0.0,0.042109012603759766,0.06740503013134003,0.0015394187066704035,0.40601503759398494,0.2878625134264232,0.0,0.5441031657343393,0.23975051548331977,-0.06358271092176437,0.9430719656283566,0.006114548943125752,0.030042987574734892,2.600743251833515e-09,0.001502689813674469,1.0,0.0322234156820623,1.0,0.20408163265306123,0.0,1.0
98,1305772342,78.95260631807028,-406.86093447052383,4.658135407885945,1000,False,False,False,31.16689765012208,0.18424956705647905,10.742027286969035,0.10060680899344654,0.3763529433769887,0.1764672012405109,0.10413979928916091,0.024346732273649474,0.04702634736895561,0.17497310042381287,-0.022914782166481018,0.627,0.0,0.0,0.3849466637847363,0.08070111169014126,-0.041604675352573395,0.662,0.002302464496094487,0.021455498518828577,0.013183290917300652,0.0046581354078859445,1.0,0.201,1.0,0.505,1.0,0.0
99,1165275128,181.23665591110478,81.4483394246523,0.8844831648645255,567,True,False,False,24.872359576883404,0.15131018387182618,7.748042895096011,0.07629938330467619,0.4842744913301791,0.07632361780224117,0.12706857379994166,0.0,0.07629785686731339,0.07632207870483398,0.0004847025847993791,0.31040564373897706,0.11816578483245149,0.0,0.5568615864129569,0.29396264895796775,-0.06356322020292282,0.9506172839506173,0.0030472577089276803,0.017528600974211415,2.600743251833515e-09,0.0015599350350344353,1.0,0.047619047619047616,1.0,0.09523809523809523,0.0,1.0
100,583811102,15.497961426572866,-155.91018224819064,1.514081436747634,1000,False,False,False,7.8326247801161974,0.16606687664604328,-10.773976541993306,0.043000925410383375,0.5309104128586638,0.07123452216199666,0.13932780910467946,0.011022469107755995,0.00018062590970657766,0.0455874428153038,0.05473702773451805,0.398,0.227,0.5586251206696033,0.5617210915856995,0.5634806025028228,0.1172502413392067,0.989,0.008831196268740436,0.027352293261520055,3.2390956832413845e-05,0.0015140814367476333,0.0,0.0,0.0,0.273,1.0,0.0
101,1168068246,65.96134022572087,-102.36155345688537,1.48322893682606,1000,False,False,False,19.182338324815447,0.19498136512845485,-2.3157118455352403,0.07832675715677972,0.5912165032568515,0.07835455356824597,0.1556455974628206,1.4322403652357657e-07,0.07832317054271698,0.07835092395544052,0.0007541751838289201,0.348,0.171,0.0,0.5512965511051007,0.3812189731001854,-0.06330928951501846,0.964,0.0067362982294156765,0.028889380485208845,4.941412178830623e-08,0.0014832289368260617,1.0,0.019,1.0,0.225,1.0,1.0
102,555937879,202.8350626534782,64.75265760880106,1.2216240504467735,796,True,False,False,37.88397736776382,0.19344124397845575,16.54052384999592,0.07130920818899289,0.4862062971318093,0.07133752886219633,0.17196617425882008,0.0,0.0028541565407067537,0.07131929695606232,0.001612732419744134,0.3103015075376884,0.14698492462311558,0.0,0.5507487042388182,0.2764845982193947,-0.06357117742300034,0.9346733668341709,0.0063568036257517025,0.03530522516934294,2.600743251833515e-09,0.001534703580963282,1.0,0.03391959798994975,1.0,0.157035175879397,0.0,1.0
103,800230316,168.0579653669148,41.54396577789543,1.121339995890195,719,True,False,False,23.978564991059432,0.12426159889265609,9.55385967274887,0.001712294982731975,0.42989081193295386,0.0017350242211674638,0.10708860240720783,0.0,6.513595872092992e-05,0.001722145127132535,0.0002110099740093574,0.4047287899860918,0.21974965229485396,0.0,0.545237630983926,0.2899841579794884,-0.06357184797525406,0.9499304589707928,0.0017450660502753659,0.014239943903155512,0.0,0.0015595827481087543,1.0,0.03616133518776078,1.0,0.2753824756606398,0.0,1.0
104,1458649717,11.622404475044533,-52.0785955640677,0.569410000391122,338,False,True,False,47.5473345696077,0.18686977903124094,26.92730284166714,0.35688001300843153,0.8320476017552951,0.35688001300843153,0.22792989844961073,0.05867038954596381,0.3512842059135437,0.3512842059135437,0.06295038014650345,0.0,0.0,0.5169605314731598,0.5986408870088586,0.5829858943633736,0.03392106294631958,1.0,0.04989257532316916,0.03261310649379619,0.001132374014907088,0.0016846449715713669,0.0,0.0,0.0,0.0,1.0,0.0
105,1478023289,155.72275339211342,-44.39457500106869,1.8125732839318205,943,True,False,False,31.158120995517912,0.15386300132386424,13.771973978400375,0.08734266442429701,0.4227214332478588,0.087369940513786,0.09835873080053983,0.0,0.08733730018138885,0.0873645767569542,0.0009681081864982843,0.4941675503711559,0.04878048780487805,0.0,0.49643631540742544,0.21034108754247427,-0.06362754106521606,0.8780487804878049,0.0037514876168983136,0.009857986588325375,7.802229756367907e-09,0.0019221349776583473,1.0,0.10392364793213149,1.0,0.3647932131495228,0.0,1.0
106,952651705,-15.205613147583847,-257.370497685241,2.317048845376571,523,False,True,False,15.123551266685709,0.1951486182574165,-6.3808817006701455,0.41998440364970047,0.8351845271644303,0.41998440364970047,0.18703500143691096,0.017119948697566528,0.35316142439842224,0.40833091735839844,0.09824846684932709,0.0,0.0,0.5053319442085922,0.4294674479875386,0.0808754163980484,0.010663888417184353,0.7476099426386233,0.06032582098274482,0.04259549782127367,0.011120798951628458,0.004430303719649277,1.0,0.15678776290630975,1.0,0.17973231357552583,1.0,0.0
107,621463961,-49.37527702972292,-71.03966140227217,0.1986438437254924,90,False,False,True,-4.5384007945572336,0.17798697035736424,-23.52763388493702,1.3065595270129569,1.3561934323130282,1.3065595270129569,0.5658116634274215,0.3467709950107621,0.5645087361335754,1.000841736793518,0.8398890495300293,0.0,0.0,0.6082295253872871,0.6345912421743075,0.6107466781139373,0.21645905077457428,1.0,0.10007477981785745,0.12277563742373816,0.0006686718960430549,0.002207153819172137,0.0,0.0,0.0,0.0,1.0,0.0
108,1251300265,170.78333416087554,30.32566260461077,1.2481767155626484,782,True,False,False,41.737290308575474,0.18539133687874454,21.198928860483612,0.09364136332889592,0.413278724340191,0.09366911965714099,0.11557071336629991,0.0,0.09363660961389542,0.09366436302661896,0.0009439683053642511,0.42710997442455245,0.058823529411764705,0.0,0.5547567751256229,0.19682585529983043,-0.06359653919935226,0.9578005115089514,0.004164551964273685,0.01892010651130547,1.0402973008201422e-08,0.0015961339073691148,1.0,0.043478260869565216,1.0,0.30051150895140666,0.0,1.0
109,413166735,-88.21875776052475,-109.01089266203226,0.18972134901507526,91,False,False,True,-39.58183720967639,0.16687884394258698,-57.46835229803202,1.468639883284263,1.4744383908198277,1.468639883284263,0.6363961317614348,0.4316322992273725,0.45422354340553284,1.0038731098175049,1.071980357170105,0.0,0.0,0.5812135115265846,0.5482754724530073,0.5763902835547924,0.16242702305316925,0.978021978021978,0.10286742671296878,0.12269017014518396,0.001293932185723226,0.00208484998917665,0.0,0.0,0.0,0.0,1.0,0.0
110,78844491,199.03030582256608,59.997544241404555,1.2247276158116165,828,True,False,False,51.999283115088105,0.2233224969262795,27.667519797324225,0.138346766816143,0.5937266777923624,0.1383625980513328,0.16283680306603415,0.0,0.1383177787065506,0.13833360373973846,0.0028324222657829523,0.1292270531400966,0.0,0.0,0.5580895919991649,0.18708502158522605,-0.06314454227685928,0.9577294685990339,0.01039987877383792,0.027273710960417443,2.6007432527008767e-09,0.0014791396326227248,1.0,0.043478260869565216,1.0,0.04468599033816425,0.0,0.0
111,288548080,205.91523505775257,83.48458680382535,1.0927064825392723,658,True,False,False,52.93470950207253,0.22137319658828633,28.800075113744324,0.10408724183871566,0.4954689932577032,0.10411450917012703,0.1471236444397104,0.0,0.10408039391040802,0.10410766303539276,0.0011939501855522394,0.26443768996960487,0.0,0.0,0.5651947042938763,0.26728371016681196,-0.06316958367824554,0.958966565349544,0.008302084806902026,0.02241128060648868,5.20148650366703e-09,0.0016606481497557337,1.0,0.0425531914893617,1.0,0.18693009118541035,0.0,0.0
112,1758747646,161.79192570596916,-17.93325505390905,1.6028518075987845,972,True,False,False,43.13886203216108,0.20418543313639784,20.720433121977315,0.020406732016861776,0.36656226598632463,0.020434340999110956,0.12561873769674511,0.0,0.020377254113554955,0.020404910668730736,0.0010963177774101496,0.4660493827160494,0.24897119341563786,0.0,0.5631460237926171,0.27198606222867966,-0.06372274458408356,0.9722222222222222,0.0031827561072655633,0.0270434104901749,5.201486504100711e-09,0.0016490244934143868,1.0,0.02880658436213992,1.0,0.25925925925925924,0.0,1.0
113,60265409,242.38410137793957,123.65598660352774,1.06108114774412,631,True,False,False,60.25192779221363,0.21542231616960186,36.71321856806967,0.05088531995058246,0.44701676576496424,0.060941151690309725,0.17928998132047694,0.0,0.0001358032168354839,0.06092548370361328,0.0013818121515214443,0.36608557844690964,0.2202852614896989,0.0,0.5511058958183839,0.1806341486610472,-0.06359025090932846,0.9461172741679873,0.005710290712401756,0.039481148939591,0.0,0.0016815866049827595,1.0,0.05388272583201268,1.0,0.13153724247226625,0.0,1.0
114,721080364,-84.01969960550778,-102.76464736169282,0.16604947756185062,107,False,False,True,-29.196609736600053,0.13275159652295918,-43.78943726586788,1.4922394695298835,1.5654825560819539,1.4922394695298835,0.5202107627088601,0.3763819114650299,0.49532002210617065,1.0001184940338135,1.1074934005737305,0.0,0.0,0.6134452000260353,0.4620256069742979,0.5957573401927948,0.22689040005207062,0.8130841121495327,0.08766415785484397,0.09434518364245979,0.0005525331053803928,0.0015518642762789774,0.0,0.0,0.0,0.0,1.0,0.0
115,229601205,178.192101050663,80.37145655193441,0.8644064449872869,569,True,False,False,18.822725870169194,0.14462650655693093,2.366643555933976,0.0447282167191766,0.508277714215497,0.04475310278685549,0.11810333724626058,0.0,0.00030651091947220266,0.04474020004272461,0.0010745739564299583,0.3110720562390158,0.13181019332161686,0.0,0.5497458136071915,0.289937264919281,-0.06376873701810837,0.9490333919156415,0.0009738926046313341,0.013306793944535083,2.6007432520503554e-09,0.0015191677416296766,1.0,0.0492091388400703,1.0,0.1616871704745167,0.0,1.0
116,1515063585,190.21031321590414,88.04228951116838,0.9128802370473578,544,True,False,False,7.8661134055292825,0.12733486868340263,-6.85892892554224,0.012103895964600639,0.5661381422351452,0.028617631943800067,0.18110002395405225,0.0,0.00014486312284134328,0.028589535504579544,0.0012678003404289484,0.2555147058823529,0.1948529411764706,0.0,0.49141165444266605,0.0710416604403872,-0.06373363733291626,0.8658088235294118,0.00370375877673705,0.031124378860725374,5.201486504100711e-09,0.0016780886710429377,1.0,0.07352941176470588,1.0,0.0625,0.0,1.0
117,582664441,169.73982250178244,29.908846240730995,1.245909762610515,762,True,False,False,41.04922181185175,0.19041442564321848,20.008723413359895,0.06389106817345835,0.3116972541823089,0.07208250986373949,0.11874086860898916,0.0,4.18663039454259e-05,0.07206878811120987,0.0014064168790355325,0.6076115485564304,0.27034120734908135,0.0,0.5573976107902355,0.2984531112760305,-0.06377700716257095,0.9606299212598425,0.0027368151142554615,0.025053313294691577,5.201486504100711e-09,0.0016350521819035611,1.0,0.03412073490813648,1.0,0.33070866141732286,0.0,1.0
118,1930167067,27.038940123584993,-143.04990326470823,1.5008884338829338,1000,False,False,False,24.709481424374566,0.2020981139474635,2.499756372123049,0.07766431343464761,0.5188549008194827,0.07766431343464761,0.15149845454653424,0.05323050832335658,0.06314706802368164,0.06314706802368164,0.0452127568423748,0.276,0.073,0.5483841300010681,0.5694999482503627,0.5571799699217082,0.09676826000213623,0.992,0.016548011764762956,0.031143501824332984,0.0024174831791478023,0.0015008884338829343,0.0,0.0,0.0,0.146,1.0,0.0
119,1027610996,188.82460025311448,81.79104360296773,0.945335566501467,625,True,False,False,24.221338377714304,0.1433163472079062,7.893444992116367,0.08088099516874811,0.5244052133455416,0.08090855464231603,0.1395580211992954,0.0,0.08087539672851562,0.08090295642614365,0.00095176458125934,0.3552,0.1328,0.0,0.534943328679353,0.21013363927602768,-0.06364841014146805,0.9264,0.0033297371121540674,0.021302255941457716,2.600743252267196e-09,0.001512536906402348,1.0,0.0528,1.0,0.1648,0.0,1.0
120,2058213044,198.65266477813714,29.775724416665682,1.5639694036147145,624,True,False,False,41.536655353599755,0.18510525446043807,21.029909034013155,0.5860119561437291,0.8879448877086279,0.5874844266190771,0.15065088028150683,0.0,0.5817418098449707,0.5832219123840332,-0.07064101099967957,0.0,0.0,0.0,0.4274461380314628,0.020716672465205192,-0.05469168350100517,0.7259615384615384,0.030516572562499778,0.04029156796532881,0.0,0.00250636122374153,1.0,0.2708333333333333,1.0,0.27403846153846156,0.0,0.0
121,739874895,59.03773684614823,-131.0169783166547,1.7005471516280335,1000,False,False,False,91.82501113811641,0.19281784940522068,70.54331254008919,0.02864701929016359,0.22338033533543994,0.06075427002981811,0.1231128639585788,0.0740955863039525,3.8623809814453125e-05,0.020111847668886185,0.057328831404447556,0.701,0.414,0.5495302714407444,0.5675858372014773,0.5230941514251753,0.0990605428814888,0.998,0.035121641019545645,0.02976925976864227,0.0023935550408574965,0.0017005471516280343,0.0,0.0,0.0,0.413,1.0,0.0
122,594460151,193.35078984902935,9.85776910648245,1.6391302074254708,979,True,False,False,63.033647519098,0.2388042660294263,37.153327547652445,0.014487467470518968,0.4177025596657082,0.014515370631778086,0.16370540804114278,0.0,0.00032320022000931203,0.014485454186797142,0.0009314513299614191,0.4647599591419816,0.08171603677221655,0.0,0.559414145597485,0.23818269476294518,-0.06375078111886978,0.9662921348314607,0.0009651073751992017,0.0339217928304988,2.6007432520503554e-09,0.0016742903038053823,1.0,0.03268641470888662,1.0,0.11440245148110317,0.0,1.0
123,9883956,225.42420363072307,144.31079108853882,0.7107341254218421,502,True,False,False,36.48747953409115,0.13603543701674314,20.896815293276553,0.10767286908157564,0.6114404214372475,0.10770033937929663,0.18239541632684075,0.0,0.1076696366071701,0.10769710689783096,0.0008344269008375704,0.28884462151394424,0.0,0.0,0.5149854812882395,0.13746661052107811,-0.063509002327919,0.8804780876494024,0.005087715690129312,0.017844078463964363,2.600743251833515e-09,0.0014158050307208007,1.0,0.07569721115537849,1.0,0.08764940239043825,0.0,0.0
124,2050880929,-13.98833180957591,-102.15746260705163,0.7646913079747557,585,False,True,False,37.6262786364799,0.1305968259552187,22.572188706335464,0.33419183505665095,0.716167943341341,0.33419183505665095,0.1429222143001539,0.018265709911961425,0.3204571604728699,0.3232085108757019,0.08497317880392075,0.0,0.0,0.5081035457551479,0.4946316915802045,0.4268049874692224,0.016207091510295868,0.8871794871794871,0.06474734458552188,0.03594858266926517,0.0010491242234095949,0.0013071646290166786,0.0,0.0,0.0,0.35555555555555557,1.0,0.0
125,749775730,187.17865082359063,94.97103057148817,0.8114762025210247,553,True,False,False,22.57560196410961,0.15345436088662495,5.237880105889098,0.05737647719774398,0.5180269436685055,0.057404034469751605,0.136188017051763,0.0,0.05736351013183594,0.05739106982946396,0.001219949685037136,0.28933092224231466,0.1518987341772152,0.0,0.539876806996127,0.23000610881485045,-0.06377678364515305,0.9385171790235082,0.0017881644296228426,0.013396387391169419,0.0,0.0014674072378318699,1.0,0.05786618444846293,1.0,0.06329113924050633,0.0,1.0
126,1664184446,237.99132250617274,127.61200384512323,0.9807931866104953,615,True,False,False,52.22556658003041,0.18152926292083682,32.07677718461491,0.03274943108218852,0.4604332446174214,0.03277588287287063,0.1572945584090912,0.0,0.03264732286334038,0.03276205062866211,0.0009521222091279924,0.4276422764227642,0.22601626016260162,0.0,0.532338294940357,0.3065535193681717,-0.06375447660684586,0.9154471544715447,0.00020604906531031424,0.023278460558213334,5.201486504073606e-09,0.0015947856692853563,1.0,0.04227642276422764,1.0,0.2926829268292683,0.0,1.0
127,1005736261,160.6249977866188,44.73623842877696,1.0212875935784185,688,True,False,False,16.53937772984276,0.15003496365084232,-0.4621323396496041,0.01644822700182252,0.43830962118731126,0.01654362408514765,0.09959747326003074,0.0,0.016241932287812233,0.01649036444723606,0.001326415571384132,0.36627906976744184,0.24854651162790697,0.0,0.5410730287589696,0.29064633309841154,-0.06384168565273285,0.9462209302325582,0.0008542800337162133,0.01056021420980936,2.6007432520503554e-09,0.0014844296418290966,1.0,0.0377906976744186,1.0,0.2747093023255814,0.0,1.0
128,537036580,189.79094442126808,99.028187004316,0.7926275741695203,575,True,False,False,18.75616731574504,0.15278775778190845,1.4835755006512452,0.20373999878885846,0.6572502873591952,0.20376633006661238,0.16993469680884657,0.0,0.2037394493818283,0.20376577973365784,0.00047358035226352513,0.0,0.0,0.0,0.5360117631029013,0.21555683325510472,-0.0628102496266365,0.9252173913043479,0.011393715747010038,0.02023544646332655,2.6007432527008767e-09,0.0013784827376861226,1.0,0.05565217391304348,1.0,0.13217391304347825,0.0,0.0
129,828663290,43.772907258244494,-142.3606815323828,1.661335887906273,1000,False,False,False,47.37951675465101,0.2096380302747349,24.415800069672382,0.015109231667663096,0.4492856298634603,0.027961210085403566,0.1349515257434706,0.011051813787860012,1.087188684323337e-05,0.027440166100859642,0.005372760351747274,0.369,0.146,0.5513695850968361,0.5729247728944756,0.5841005194187164,0.10273917019367218,0.999,0.0010958299961940903,0.02808335959690768,0.0009638136781369231,0.0016613358879062723,0.0,0.0,0.0,0.122,1.0,0.0
130,1427199343,280.93325309501967,212.06166834366257,0.6077158475135689,405,True,False,False,74.04601380283006,0.18262449941959935,53.81770545597972,0.09621133378221766,0.4411277243283006,0.09651547493109267,0.26606847602110345,0.0,0.00020627975754905492,0.09650573879480362,0.0013708686456084251,0.49135802469135803,0.1111111111111111,0.0,0.5447776323690274,0.29548439061269166,-0.06329140067100525,0.9111111111111111,0.007860221129125294,0.053258465147882156,5.20148650366703e-09,0.0015005329568236279,1.0,0.06666666666666667,1.0,0.21728395061728395,0.0,1.0
131,761445496,171.72945982776582,22.024562895112638,1.3164489693265324,903,True,False,False,16.482752616873334,0.1783611281863164,-3.3531313202444912,0.04758996830250893,0.604322551701282,0.047736203409677644,0.14869503007223686,0.0,0.047502994537353516,0.04773388057947159,-0.0004709148488473147,0.26356589147286824,0.10741971207087486,0.0,0.5456922147814948,0.3010535321570933,-0.06323239952325821,0.9545957918050941,0.004803745410833698,0.027288553133232665,1.560445951186845e-08,0.0014578615385675878,1.0,0.029900332225913623,1.0,0.07087486157253599,0.0,1.0
132,2057742878,209.01817086348302,102.40556708709438,0.9515260377638883,573,True,False,False,43.83569126079678,0.14947193447918958,26.894807335474525,0.08803539758953417,0.519279167070162,0.08827005033164108,0.1605214636004107,0.0,0.08801746368408203,0.08826617896556854,0.0008267021039500833,0.28272251308900526,0.10471204188481675,0.0,0.5736750206531368,0.25981797175481913,-0.06323939561843872,0.9528795811518325,0.0073370075027966745,0.014442833184819273,0.0,0.0016606039053470995,1.0,0.04712041884816754,1.0,0.09075043630017451,0.0,1.0
133,1654955899,-96.53640852263197,-113.15364555730388,0.14917237034671887,85,False,False,True,-44.30612208153786,0.13003355670083078,-58.45829750484362,1.5961936396408072,1.6624838999414668,1.676704155331609,0.33090041592709907,0.18838189008840237,0.7303549647331238,1.0007268190383911,1.3453187942504883,0.0,0.0,0.5623694993555546,0.5045355722417726,0.5623317150771618,0.12473899871110916,0.9176470588235294,0.07502309963672758,0.08823236652711675,0.0006825910739279295,0.001754969062902575,0.0,0.0,0.0,0.0,1.0,0.0
134,999665527,14.132441102806546,-241.83336197216306,2.3596580307496944,1000,False,False,False,60.300922983489514,0.1846414234511309,39.83686698087132,0.16306189847483943,0.3703168538618201,0.16306189847483943,0.09384118791696937,0.030636998465503804,0.15885134041309357,0.15885134041309357,0.036816224455833435,0.25,0.0,0.5635660663247108,0.5668079421939328,0.5702068550884724,0.1271321326494217,0.997,0.011119652023854315,0.01505870813172681,0.00340080339679452,0.002359658030749696,0.0,0.0,0.0,0.551,1.0,0.0
135,1601570055,-55.51658604964614,-73.93131522758071,0.1723472917793457,59,False,False,True,-24.105570263348813,0.16064587015796217,-41.064790324820265,1.3727257137612556,1.4228241806963713,1.3727257137612556,0.6381584665103778,0.39493064025302604,0.6933784484863281,1.0018064975738525,0.9384879469871521,0.0,0.0,0.5885289236903191,0.6630443273964575,0.6516634410619736,0.17705784738063812,1.0,0.10456726209952291,0.12495655053302614,0.0021265965482663157,0.0029211405386329772,0.0,0.0,0.0,0.0,1.0,0.0
136,12271510,241.17739864527255,165.77456503609213,0.6620283360918037,460,True,False,False,41.06400333889729,0.15603954950697926,23.47969191711738,0.06969157161485635,0.5589431241925185,0.06971846725383866,0.20737921016819147,0.0,0.06969098746776581,0.0697178840637207,-0.00028516293969005346,0.30217391304347824,0.13043478260869565,0.0,0.5234218959403022,0.18334752906113863,-0.06341595947742462,0.9,0.00264526407539039,0.029378920012568,7.802229755934226e-09,0.001439192034982181,1.0,0.0782608695652174,1.0,0.07173913043478261,0.0,1.0
137,1787728803,62.60745466825608,-326.9736464209568,3.695811010892124,1000,False,False,False,42.85834037092742,0.15782070709544663,25.076356003877578,0.3365849614523997,0.5109650533563957,0.3563849115456047,0.0875328429675419,0.023544627185580883,0.33616429567337036,0.3561781942844391,0.01213668379932642,0.0,0.0,0.0,0.38623519138901613,0.33487402685917916,-0.0848369151353836,0.683,0.019257919914425815,0.01753083517669985,0.0056327612556871,0.00369581101089213,1.0,0.313,1.0,0.663,1.0,0.0
138,1945554712,10.338606599438963,-177.1354004234641,1.6747400702290312,1000,False,False,False,40.84249195152424,0.17929259336793205,20.913318957226082,0.05555669896761578,0.39300047428930446,0.0567497840342315,0.11009512816833993,0.08945712924944195,0.02304372750222683,0.02304372750222683,0.05186062678694725,0.478,0.376,0.6125195622444153,0.5670144565785303,0.5856122554093599,0.22503912448883057,0.999,0.02948467046090513,0.018929158898701323,0.0020275888534047708,0.001674740070229031,0.0,0.0,0.0,0.319,1.0,0.0
139,628675380,-78.53654460234102,-101.55347324656789,0.2021692864422689,140,False,False,True,-18.066472411502623,0.15048418304539798,-34.625160117972584,1.407514125015867,1.4819577877777153,1.407514125015867,0.46664392744245387,0.2899180352040833,0.40310725569725037,1.0011680126190186,0.989322304725647,0.0,0.0,0.5950692072510719,0.49220585549815693,0.5819827187061309,0.19013841450214386,0.8785714285714286,0.07996307620531043,0.09598771125856612,0.0009510762028080433,0.0014440663317304917,0.0,0.0,0.0,0.0,1.0,0.0
140,485269103,242.2336427760311,120.05040569001983,1.0846323708601113,686,True,False,False,54.564671008306476,0.1831285015273224,34.25384748101229,0.007703503838391044,0.4782912493435075,0.008313655875662088,0.17250443802849721,0.0,0.00010223388380836695,0.008288097567856312,0.0006513929110951722,0.31924198250728864,0.13994169096209913,0.0,0.539346148101097,0.25760591983795167,-0.06365334987640381,0.9373177842565598,0.0023987474247601746,0.03713586303568856,0.0,0.0015810967505249449,1.0,0.043731778425655975,1.0,0.16763848396501457,0.0,1.0
141,1372997985,48.14190232057601,-143.74506203996728,1.7188696436054334,1000,False,False,False,20.909658661926105,0.19565020570185904,-0.6552755657649378,0.14894441577776435,0.6052219813824484,0.14894441577776435,0.15987598300711006,0.004019100370892953,0.14888639748096466,0.14888639748096466,-0.004156878218054771,0.072,0.0,0.0,0.5444044323994313,0.4417147196084261,-0.08392901718616486,0.978,0.0024703813216153834,0.030535903340184262,0.0036653557955114344,0.0017188696436054335,0.0,0.009,1.0,0.305,1.0,0.0
142,89323474,243.82355603305618,132.3146754863052,0.9908888054675106,621,True,False,False,56.77182834487059,0.19393848940347375,35.381874210616225,0.0786529566587046,0.4295549878246562,0.07868023074522644,0.18568554197995762,0.0,0.0001031875581247732,0.07867851108312607,-0.000520195986609906,0.4718196457326892,0.13043478260869565,0.0,0.5373900148300709,0.2250453509390354,-0.06300077587366104,0.9114331723027376,0.006686402970125471,0.03492879340876301,5.20148650366703e-09,0.0015956341472906771,1.0,0.05152979066022544,1.0,0.3752012882447665,0.0,1.0
143,1586705974,133.39809371270232,-52.36644004563361,1.6608453375833587,984,True,False,False,34.75388388334934,0.18582294050981557,14.17169123786047,0.06326557038328097,0.3057022368983384,0.06329131513259724,0.0917724670457726,0.0,0.00016727446927689016,0.06329021602869034,-0.0003729963209480047,0.6432926829268293,0.29471544715447157,0.0,0.5477657792597586,0.23035899918526412,-0.06341324001550674,0.9522357723577236,0.002231303284325335,0.01872095590269682,2.600743252267196e-09,0.0016878509528286164,1.0,0.03048780487804878,1.0,0.483739837398374,0.0,1.0
144,391638893,168.63883521606334,11.48260952841342,1.413362256876497,791,True,False,False,19.55265315791052,0.18838449481065564,-1.285090868794366,0.023426791676094176,0.4799037393353344,0.0234541140172754,0.14193918425261828,0.0,0.023391341790556908,0.023418713361024857,0.0012881493894383311,0.30720606826801516,0.18584070796460178,0.0,0.5610881582151671,0.25711871586740015,-0.06375741213560104,0.9582806573957017,0.0033811076430539867,0.03217711760123294,2.600743252267196e-09,0.00178680437026106,1.0,0.03666245259165613,1.0,0.1213653603034134,0.0,1.0
145,1169248461,193.24249970745288,58.76513793100635,1.2077736177644653,685,True,False,False,65.81201623124196,0.21615869161464746,42.19819416617929,0.021488622666968032,0.28455428220078344,0.027905304351541736,0.104327260838294,0.0,3.0994415283203125e-05,0.027893925085663795,0.0007968401769176126,0.5357664233576642,0.4,0.0,0.5732630900304465,0.304305073171854,-0.06372205168008804,0.9635036496350365,0.00010047451405569454,0.015000755228998153,0.0,0.0017631731646196587,1.0,0.03795620437956204,1.0,0.4291970802919708,0.0,1.0
146,1148949906,245.21394962854686,178.8896371244516,0.5880431250409525,376,True,False,False,56.76012536448763,0.15265976357679148,39.539843426298326,0.2220223693243542,0.6799055546205713,0.22204745361866557,0.22757485100370045,0.0,0.2219993621110916,0.22202444076538086,0.003196773584932089,0.0,0.0,0.0,0.5235571857403092,0.010467997938394546,-0.06317179650068283,0.8696808510638298,0.012544744893263942,0.016251960031250255,1.3003716260034937e-08,0.001563944481491894,1.0,0.12234042553191489,1.0,0.09308510638297872,0.0,0.0
147,1856387900,209.53453685920675,91.66655987828632,1.0458797698092057,664,True,False,False,36.58946124466499,0.14511900947845308,20.0800884256916,0.008297294171112463,0.48597908969796894,0.008299175778936132,0.14643701136499276,0.0,0.0046791075728833675,0.008187199011445045,0.0013587092980742455,0.375,0.18373493975903615,0.0,0.5491981160608176,0.3087273369729519,-0.0638171061873436,0.9457831325301205,0.002425546783600723,0.022785749419824124,5.20148650366703e-09,0.0015751201352548275,1.0,0.03765060240963856,1.0,0.2545180722891566,0.0,1.0
148,1452815149,-85.15671999407932,-102.64058057940896,0.15583860585329656,95,False,False,True,-32.101765103181286,0.12275529186591176,-45.60750213198549,1.5437662356307735,1.6178839903978575,1.5754250968747465,0.49301732835793305,0.35389411739045123,0.5773809552192688,1.00272536277771,1.2151156663894653,0.0,0.0,0.5698766857385635,0.4226807888499216,0.563558464050293,0.13975337147712708,0.7578947368421053,0.08231369037433364,0.08482608038269507,0.0016870501327271442,0.0016404063774031212,0.0,0.0,0.0,0.0,1.0,0.0
149,118590695,277.241605910659,202.88423127923616,0.6575737463142264,430,True,False,False,85.63063962103212,0.19965289254594099,63.69190642835822,0.043655753164507184,0.39986584189472435,0.04368455820569932,0.21600640149537448,0.0,0.0010633468627929688,0.04367389529943466,0.0009651398868300021,0.42790697674418604,0.25116279069767444,0.0,0.570054075260495,0.30414089545607564,-0.06359387934207916,0.9418604651162791,0.004626687785514181,0.04544445829618935,0.0,0.0015292412704982024,1.0,0.06046511627906977,1.0,0.1372093023255814,0.0,1.0
150,816655702,166.36677976362398,46.79299069680691,1.057737890668172,690,True,False,False,25.22498899148069,0.14187557344472485,9.039378415317776,0.007188055814991861,0.4030015238852939,0.007215476559481082,0.10066138584109649,0.0,0.0070975301787257195,0.007125282194465399,0.0011373019078746438,0.4057971014492754,0.23333333333333334,0.0,0.5462736210043447,0.16997971562668682,-0.06379156559705734,0.9492753623188406,0.0014436902967655382,0.010959172465144065,5.201486504100711e-09,0.0015329534647364805,1.0,0.050724637681159424,1.0,0.24782608695652175,0.0,1.0
151,1777571204,254.2435165721925,142.5457214777633,0.9983779509442899,593,True,False,False,70.06908277059057,0.23248183245348775,44.82606012754654,0.02099807240675675,0.4158960735007362,0.02172219476273118,0.18065117562435334,0.0,0.00010337829735362902,0.021668529137969017,0.0015259719220921397,0.3827993254637437,0.25126475548060706,0.0,0.566107026598154,0.28446517139673233,-0.06381881237030029,0.9561551433389545,0.003282878545703514,0.03950422840334557,2.600743252267196e-09,0.001683605313565413,1.0,0.045531197301854974,1.0,0.15851602023608768,0.0,1.0
152,25063030,186.00772192978764,43.431329437417155,1.273163924923706,763,True,False,False,27.88914938599955,0.16535757404043733,9.354326706127546,0.10299509344583212,0.5624210892678677,0.10302284618536059,0.14371941020192283,0.0,0.102991484105587,0.10301923751831055,0.0008622860768809915,0.21887287024901703,0.0,0.0,0.5470288876614376,0.2741259754449129,-0.06310086697340012,0.9370904325032765,0.008218652313191074,0.02943130442837866,1.0402973009068783e-08,0.0016686289972787757,1.0,0.035386631716906945,1.0,0.12057667103538663,0.0,0.0
153,1360549999,192.65874700415878,72.936966304787,1.0692178069937184,640,True,False,False,35.08795382547028,0.1743664915138392,15.654522440676335,0.06652978562792153,0.45687267364894135,0.09465850051122511,0.12635929865991838,0.0,0.00013914107694290578,0.0946565642952919,0.000605437729973346,0.40625,0.240625,0.0,0.5269118880300084,0.19715482676401735,-0.06312473118305206,0.9171875,0.007706806535617079,0.026153444662106375,5.20148650366703e-09,0.0016706528234276847,1.0,0.053125,1.0,0.1625,0.0,1.0
154,1128058892,180.92381293000653,31.742177995515817,1.3300163493449084,809,True,False,False,37.208586530137694,0.20111001687521607,15.098173553988048,0.007880297628599228,0.3703563917681554,0.007907625384042266,0.12869000082328458,0.0,0.00021734237088821828,0.007895278744399548,0.0004417157033458352,0.5080346106304079,0.27935723114956734,0.0,0.5571969072489881,0.2355147086083889,-0.06363332271575928,0.957972805933251,0.0013634197379364694,0.028998644935724308,1.3003716260251777e-08,0.0016440251537019868,1.0,0.03584672435105068,1.0,0.2620519159456119,0.0,1.0
155,1835097532,65.93166749932571,-722.2102875880353,7.681419550873613,1000,False,False,False,25.16209636349472,0.13192840669961528,9.969342036028026,0.29215789735543907,0.6094778072538526,0.29215789735543907,0.1003148540600891,0.07062652238743208,0.2911509573459625,0.2911509573459625,0.024235449731349945,0.0,0.0,0.5406805351376534,0.3090046686179703,0.2739939304254949,0.0813610702753067,0.555,0.0031886500416604775,0.02711207503438224,0.00031711447639239674,0.007681419550873613,0.0,0.282,1.0,0.515,1.0,0.0
156,131059846,159.69550504251376,40.21552959597926,1.0573997544653453,687,True,False,False,0.8145451172038501,0.1412930978005758,-15.312758303670059,0.07935948110088165,0.5518966527889652,0.0853129029009043,0.14081165840605214,0.0,0.06742620468139648,0.08530054241418839,0.0014521932462230325,0.28820960698689957,0.19068413391557495,0.0,0.5498648967147903,0.22612665062770249,-0.06341714411973953,0.9534206695778749,0.007193622675639916,0.01749562510531775,2.600743251833515e-09,0.001539155392234856,1.0,0.046579330422125184,1.0,0.1470160116448326,0.0,1.0
157,1371903228,176.05099030286064,41.93637840399918,1.1951461189886152,730,True,False,False,27.847281478285254,0.19208851426189621,6.639732385115209,0.06832426017106999,0.509051963640983,0.06835229657244635,0.13840845002638658,0.0,0.06830577552318573,0.06833381950855255,0.001589200459420681,0.2684931506849315,0.11917808219178082,0.0,0.5686795778674623,0.22590335838496686,-0.06358781456947327,0.958904109589041,0.0061738172810962754,0.02423757460437833,5.201486504534392e-09,0.0016371864643679663,1.0,0.04246575342465753,1.0,0.08082191780821918,0.0,1.0
158,1386590529,187.06097527532836,72.17778660014152,1.032831886751868,580,True,False,False,37.68091573099961,0.1474944101697633,20.93735560139753,0.07738204300430283,0.4454820952364328,0.10474219795934546,0.13254408092780295,0.0,0.00011100769188487902,0.10473690181970596,0.0010532950982451439,0.39482758620689656,0.15689655172413794,0.0,0.5479875969596143,0.20225014028139413,-0.06312867254018784,0.9413793103448276,0.008331279450277694,0.02327864074166807,7.802229754633183e-09,0.0017807446323308072,1.0,0.05517241379310345,1.0,0.1206896551724138,0.0,0.0
159,1177456203,21.55205144159271,-186.11684655735763,1.8766889799895037,1000,False,False,False,21.267875275983606,0.11689874377301991,7.578087241176478,0.2784394468621182,0.6753388394500969,0.28391143287420595,0.126380913667478,0.027760987155280734,0.2784373164176941,0.28391075134277344,-0.0006220841314643621,0.0,0.0,0.5345021560788155,0.5397696180584608,0.526945598013699,0.06900431215763092,0.973,0.008229652806961349,0.02385682899672741,0.0006168728926923689,0.001876688979989504,0.0,0.0,0.0,0.373,1.0,0.0
160,882685052,105.97087533142161,-631.3420273518524,7.173129026832738,1000,False,False,False,47.99565135287761,0.24202347551944173,21.793390143428244,0.22749167460273492,0.473635106479768,0.22752697123483367,0.11151837234427928,0.008368725937183233,0.00010833740088855848,0.22742843627929688,0.006695447023957968,0.0,0.0,0.0,0.3282427070251433,0.07136374582070858,-0.07816214114427567,0.575,0.014736396433236553,0.038913666742237826,0.003894783368598692,0.0071731290268327395,0.0,0.297,1.0,0.516,1.0,0.0
161,867409381,165.45653508659473,24.905760266265176,1.2429077482032942,813,True,False,False,25.16306416808173,0.17807906749028346,5.355722932848444,0.07913409792757707,0.42272520321534685,0.07916175458264453,0.1293879199148855,0.0,0.0010934829479083419,0.07915811240673065,0.0007593607879243791,0.5018450184501845,0.07380073800738007,0.0,0.5425320096465165,0.16669439800083638,-0.06361308693885803,0.940959409594096,0.0032225282985401463,0.024256412620047425,2.600743252267196e-09,0.0015287918182082334,1.0,0.04551045510455105,1.0,0.31365313653136534,0.0,1.0
162,241021414,173.74648173106826,64.18920483336777,0.9773727689770051,591,True,False,False,16.16565567051568,0.13637962059325187,0.5329589946256635,0.006762172306103375,0.44960511590389174,0.00735304444466184,0.11781111080177012,0.0,0.00019016265287064016,0.00732078542932868,0.0006880140281282365,0.3739424703891709,0.22842639593908629,0.0,0.5483725708208083,0.26530313547700646,-0.0636640191078186,0.9458544839255499,0.0023393882233222834,0.011965853602137227,2.600743251833515e-09,0.0016537610304179448,1.0,0.047377326565143825,1.0,0.15736040609137056,0.0,1.0
163,674548240,210.6359877058306,97.14072914539089,1.008952585604396,630,True,False,False,33.5138725400866,0.2015559642718889,11.361834085439282,0.07868921233119577,0.652925136760803,0.08221244433667185,0.18320905791648512,0.0,0.07393932342529297,0.08220186084508896,0.0013191199395805597,0.1761904761904762,0.10952380952380952,0.0,0.5591627986613839,0.2633362570218742,-0.06341228634119034,0.9555555555555556,0.0069996514416737245,0.039396646837866006,2.600743251833515e-09,0.0016015120406418983,1.0,0.046031746031746035,1.0,0.05873015873015873,0.0,1.0
164,783109940,202.48797217491068,77.4288970643688,1.1099907511054194,703,True,False,False,32.39172662035395,0.1760243652362762,12.790998426844862,0.09766778279524187,0.5091072984515832,0.11289661570013661,0.1642128866924465,0.0,0.0018417357932776213,0.11288833618164062,0.0013672566274181008,0.3883357041251778,0.04694167852062589,0.0,0.5265345335514106,0.16381982430815697,-0.0635945051908493,0.9103840682788051,0.005412194171039833,0.03080638319045715,5.20148650366703e-09,0.001578934212098748,1.0,0.06543385490753911,1.0,0.22475106685633,0.0,0.0
165,2026472473,-0.008730960357940742,-188.91858012480202,1.689098491644439,1000,False,False,False,44.09666029779282,0.19181364467586712,22.915382172700905,0.09212328389353501,0.34589055576858757,0.09212328389353501,0.10288244102870507,0.0642527985546604,3.681182715808973e-05,0.08738422393798828,0.029166707769036293,0.606,0.01,0.5676224902272224,0.575956500611268,0.5766293799132108,0.13524498045444489,1.0,0.019085577761715135,0.018440090249015023,0.001699876998446162,0.0016890984916444402,0.0,0.0,0.0,0.247,1.0,0.0
166,1224070920,215.19332811720685,101.02110581151021,1.0191222230569659,613,True,False,False,58.78341401103591,0.19270832784375266,37.51680211908793,0.06315180346253348,0.4342532630937335,0.0634240143733228,0.1324338315420184,0.0,0.05939130857586861,0.06341924518346786,0.0007777786231599748,0.36541598694942906,0.12071778140293637,0.0,0.5644276780038343,0.30485727250576017,-0.06342922151088715,0.9575856443719413,0.005830727231288411,0.01621524715865804,0.0,0.001662515861430612,1.0,0.04404567699836868,1.0,0.2544861337683524,0.0,1.0
167,856913638,189.32728251356176,43.25909887006977,1.2950818364349188,828,True,False,False,17.85245533889619,0.2098232555647095,-5.129383842710682,0.06696553138708436,0.6086674999902439,0.06699299879900224,0.18151696615226182,0.0,0.06696424633264542,0.06699170917272568,0.00041568040614947677,0.2886473429951691,0.10024154589371981,0.0,0.5581654995960489,0.27016228914260865,-0.06331727653741837,0.961352657004831,0.006029205553310371,0.03257635232428452,0.0,0.0015641084981098058,1.0,0.035024154589371984,1.0,0.10990338164251208,0.0,1.0
168,626537496,3.8447907794267,-170.33994487407745,1.541847356535042,1000,False,False,False,24.56214840145927,0.15095867598424711,7.46636714552934,0.04718504199238469,0.41954496600090785,0.0578028327696659,0.10152559515605976,0.04651540202546755,5.90324416407384e-05,0.0194428451359272,0.05443476140499115,0.439,0.342,0.6048634350299835,0.5547572792805732,0.5717898787558079,0.20972687005996704,0.981,0.023427560232872097,0.018726392320250557,0.0013931193318691658,0.001541847356535039,0.0,0.0,0.0,0.331,1.0,0.0
169,154517276,4.93587114592083,-177.02068409182598,1.6195655523774686,1000,False,False,False,51.70114780710218,0.19756750001554005,29.944484148042985,0.04831202439923647,0.2613218977287231,0.084752052656861,0.08350543101585302,0.021602174621543332,0.008606910705566406,0.07536239922046661,0.038773950189352036,0.671,0.418,0.5880430340766907,0.5714806555979886,0.5707750433683395,0.17608606815338135,0.999,0.012880369509566853,0.01563169541737003,0.0017329363462943483,0.0016195655523774683,0.0,0.0,0.0,0.502,1.0,0.0
170,916885238,241.53528265462964,139.5527149138316,0.904025677407979,579,True,False,False,57.893624429187554,0.16052332240659536,39.847232478805154,0.040015199666376254,0.523666234779024,0.04004266033635903,0.178181987240432,0.0,0.04000415652990341,0.04003162309527397,0.000940105936024338,0.23834196891191708,0.153713298791019,0.0,0.4827657262285985,0.12272695093648509,-0.06374505162239075,0.8393782383419689,0.0006751208859392154,0.01758950543084241,7.802229756042646e-09,0.0015613569557996186,1.0,0.11226252158894647,1.0,0.05872193436960276,0.0,1.0
171,515494164,26.64166826098217,-152.06679280517616,1.5870846106615841,1000,False,False,False,39.36738984380469,0.21077149578727028,16.290326607572485,0.06724785266241147,0.4409667426228447,0.06724785266241147,0.1223881200189824,0.026763602569262825,0.0016380309825763106,0.0016380309825763106,0.06722790002822876,0.353,0.154,0.5859574526548386,0.5687964187036268,0.5561023391969502,0.17191490530967712,1.0,0.005471115309786209,0.02600599524154139,0.001247088898639278,0.0015870846106615848,0.0,0.0,0.0,0.248,1.0,0.0
172,1344467073,182.85503716722016,43.98788624050256,1.243871509267175,724,True,False,False,59.38103564339017,0.19314183882594238,38.06823504330108,0.11814857689481986,0.3600703929344301,0.11860117116354518,0.10667033150848845,0.0,0.11811456829309464,0.11860112845897675,0.00010064602247439325,0.44337016574585636,0.0,0.0,0.5647881893705267,0.26689395420136863,-0.06330044567584991,0.9640883977900553,0.00582481444150492,0.011256113181354877,5.201486504534392e-09,0.0017180545708110162,1.0,0.03729281767955801,1.0,0.5124309392265194,0.0,0.0
173,743363182,195.94902438819403,95.68759245459191,0.8736143193360222,645,True,False,False,19.999812146737952,0.19581076340746337,-1.5782041299983878,0.2762949760610169,0.8095416126545819,0.27632176975920847,0.19279290112727318,0.0,0.2762867510318756,0.27631354331970215,0.0021321868989616632,0.0,0.0,0.0,0.5482537903064906,0.1839156059920788,-0.05998672917485237,0.937984496124031,0.017793172212280852,0.04122874742947311,1.3003716260034937e-08,0.0013544408051721266,1.0,0.05581395348837209,1.0,0.05116279069767442,0.0,0.0
174,1926328121,163.21292977021074,31.60986903652713,1.1616306073368374,772,True,False,False,16.88964662282625,0.1642207757770817,-1.531577068229391,0.07635278758884081,0.5161844844470285,0.07638054129240145,0.12955107670118007,0.0,0.07634534686803818,0.07637310028076172,0.0010661339620128274,0.25,0.08937823834196891,0.0,0.5355043483450478,0.18304948896169662,-0.06368895620107651,0.9430051813471503,0.0030299276562677753,0.02459689438056981,5.201486504100711e-09,0.001504702859244607,1.0,0.04533678756476684,1.0,0.13860103626943004,0.0,1.0
175,1395484617,-67.51521949917078,-85.39461375928313,0.16919394260112353,48,False,False,True,-37.68719975369986,0.16324631497135894,-54.77725096895117,1.4168326994207285,1.4790135315581276,1.4168326994207285,0.6375936440104363,0.47413683840969284,0.7608327865600586,1.0031239986419678,1.0005784034729004,0.0,0.0,0.6638097167015076,0.6934594633057714,0.6934594633057714,0.32761943340301514,1.0,0.12216927968277952,0.13215585960889217,0.001314998206064677,0.003524873804190074,0.0,0.0,0.0,0.0,1.0,0.0
176,126288124,135.1782707385719,-52.14553297161093,1.6822380371018275,955,True,False,False,19.233271056106325,0.1848634101414702,-1.2529342389828249,0.05184776141989625,0.4131698579381755,0.05476364398684282,0.10736228558535307,0.0,0.049997806549072266,0.05475912243127823,0.0007037139148451388,0.4712041884816754,0.14450261780104712,0.0,0.5527794376327729,0.2692467804811895,-0.06346867978572845,0.9539267015706806,0.005296542694644008,0.01823173178085666,0.0,0.0017615057980123858,1.0,0.03455497382198953,1.0,0.2973821989528796,0.0,1.0
177,244472222,262.9948689028739,167.0984359736786,0.8483643292919507,553,True,False,False,71.75338438172615,0.17946469214595295,51.81462939757284,0.0464657204129219,0.35120131303181823,0.04649326969943612,0.20852281285090943,0.0,0.00040521621122024953,0.04647397994995117,0.001339147100225091,0.5370705244122965,0.3670886075949367,0.0,0.5518795157444645,0.2552358514070511,-0.06382481753826141,0.945750452079566,0.0010755313576584454,0.04223034434598675,7.802229756151066e-09,0.001534112711197017,1.0,0.05244122965641953,1.0,0.32730560578661844,0.0,1.0
178,624263177,219.6609815456905,110.99154332362355,0.9680943822206687,593,True,False,False,42.97922940803777,0.1875104772441146,22.233342285931094,0.03213098166247382,0.4617541245120895,0.03465045659540217,0.14149360003210254,0.0,0.000660800957120955,0.034648895263671875,-0.00032893658499233425,0.42833052276559863,0.16188870151770657,0.0,0.5356246162077152,0.23503068313002587,-0.06333349645137787,0.9072512647554806,0.00400192911418875,0.020662121188824233,0.0,0.0016325369008780247,1.0,0.05396290050590219,1.0,0.2782462057335582,0.0,1.0
179,1916746531,193.9309806137345,45.07608026893217,1.3249490034480211,818,True,False,False,45.7001370984421,0.21020431552827715,22.68024334360651,0.07603494907128061,0.4793601023286859,0.07606278569395644,0.1595890858900355,0.0,0.03235063701868057,0.07604780048131943,0.0015097713330760598,0.19315403422982885,0.07212713936430318,0.0,0.5578251905992062,0.19759669348597528,-0.06350947916507721,0.9596577017114915,0.006638202745249777,0.03538686921726338,2.600743251833515e-09,0.0016197420580049188,1.0,0.04156479217603912,1.0,0.15403422982885084,0.0,1.0
180,1882517521,31.85564358606927,-141.3078258475973,1.5316346943366677,1000,False,False,False,40.996895763487316,0.11786293477484931,27.210688628497252,0.014174080029649733,0.35539013201516345,0.056389727579675725,0.11665323987649685,0.03497916196992587,0.00023012161545921117,0.04277095943689346,0.03674842044711113,0.576,0.451,0.5865709185600281,0.5648015456870198,0.5558835114166141,0.17314183712005615,0.982,0.004273101461034027,0.017768967962364945,4.057582093946067e-05,0.0015316346943366659,0.0,0.0,0.0,0.378,1.0,0.0
181,893071467,-0.8253081804839854,-216.1719866282843,1.953466784478002,1000,False,False,False,19.342312652566378,0.1356246784060505,3.7799311544562357,0.15032695939910615,0.4389558588020608,0.1567526598799582,0.09869396997958317,0.021714733955895058,0.15032443404197693,0.15675115585327148,-0.000686671759467572,0.298,0.0,0.5220111012458801,0.5596690316221211,0.5548642563074827,0.044022202491760254,0.997,0.0010608607275201945,0.009476563140478865,0.00040758571916851556,0.0019534667844780017,0.0,0.0,0.0,0.462,1.0,0.0
182,171120969,16.293733801297023,-181.31132935307673,1.7760506315437372,1000,False,False,False,25.096145568279763,0.19894967606468786,3.2012643043058158,0.2239912916574007,0.5549544553402698,0.22650031463070813,0.11808290747607547,0.03289668304074609,0.22398480772972107,0.22649526596069336,-0.0015122913755476475,0.0,0.0,0.5148479426279664,0.5562990817565006,0.5306472787819803,0.029695885255932808,0.992,0.0010245676805310153,0.02433409616084336,0.00024398864691601544,0.0017760506315437352,0.0,0.005,1.0,0.389,1.0,0.0
183,790228919,13.62213818784946,-159.94238715699285,1.5356452534484242,1000,False,False,False,24.991631935089295,0.1968150558036286,3.310212697221312,0.41239183152858155,0.6164247202439078,0.41239183152858155,0.10446732299119071,0.0018066523954248471,0.18021459877490997,0.4123890995979309,0.001501081045717001,0.0,0.0,0.0,0.5185965246440173,0.4910776648204774,-0.003048701910302043,0.948,0.003264911636039768,0.027124864398023585,8.911934392442315e-05,0.001535645253448424,0.0,0.0,0.0,0.586,1.0,0.0
184,1786810991,152.42975134188308,-7.648226726464401,1.4319797806834753,844,True,False,False,21.72578548210936,0.18888847699465375,0.8373519103016186,0.036871672199382206,0.4077488243649028,0.036899399752713655,0.10783320397053897,0.0,0.03683729097247124,0.03686504438519478,0.0015919185243546963,0.4514218009478673,0.22393364928909953,0.0,0.5513941810667179,0.17262312926352025,-0.06377482414245605,0.9561611374407583,0.004235942366541922,0.02040461144144484,2.600743251833515e-09,0.0016966585079188094,1.0,0.04265402843601896,1.0,0.3732227488151659,0.0,1.0
185,52965927,-22.913639473647322,-381.4626381609595,3.3876899868731236,989,False,True,False,38.86624445917479,0.20653026820294587,16.213314074494694,0.18741919540237584,0.5356958524236213,0.22175706757515862,0.13515115565081923,0.021727647813931678,0.18728455901145935,0.21779194474220276,-0.041747644543647766,0.16380182002022245,0.0,0.0,0.46488293076178416,0.08111119026318192,-0.03195902705192566,0.8028311425682507,0.0032561269755202217,0.02681702824341302,0.012680225086399061,0.0034253690463833405,1.0,0.11830131445904954,1.0,0.3276036400404449,1.0,0.0
186,1729187195,214.29541995157498,91.8735903272139,1.0898182962436085,672,True,False,False,42.74940959957132,0.18500176802522228,22.25156561455249,0.01554591346388398,0.4900621682539932,0.019169700100912995,0.1417090928538017,0.0,8.153915405273438e-05,0.019106293097138405,0.0015578722814098,0.31994047619047616,0.17857142857142858,0.0,0.5394583360016224,0.20218263976275921,-0.06383438408374786,0.9479166666666666,0.003123448433053353,0.021585854474806723,5.201486504100711e-09,0.0016217534170291806,1.0,0.049107142857142856,1.0,0.15625,0.0,1.0
187,1240058640,199.9686653394719,51.18362235038704,1.3300504298908498,789,True,False,False,44.4652572922341,0.20294364080638794,22.171612989537156,0.009812324262319224,0.37952781999387764,0.009823112073494913,0.13517968345687836,0.0,0.0009792328346520662,0.009822559542953968,0.00010418653255328536,0.4740177439797212,0.33460076045627374,0.0,0.5551105912365208,0.2711739009991288,-0.06355838477611542,0.9632446134347274,0.001225748662431195,0.026963444088780212,0.0,0.0016857419897222407,1.0,0.032953105196451206,1.0,0.36755386565272496,0.0,1.0
188,821825863,165.12618771975394,-12.338955559535947,1.579451432792897,976,True,False,False,70.85220602360421,0.2409751390894685,44.75480201016081,0.05392219197769765,0.3278793573175192,0.053947067948981464,0.08228497959999892,0.0,0.001276302384212613,0.05392484739422798,0.0015482163289561868,0.5163934426229508,0.24282786885245902,0.0,0.5557278355144128,0.29121920712292193,-0.06385695189237595,0.9743852459016393,0.0015504358529876915,0.016370610796346607,1.3003716260251777e-08,0.001618290402451739,1.0,0.02663934426229508,1.0,0.5379098360655737,0.0,1.0
189,1952289020,181.61943268030893,25.779481057823233,1.389199516224855,846,True,False,False,61.45163624681204,0.14586135979934292,44.865906153395215,0.04700114829987667,0.37691121131753724,0.0581506640119291,0.11443219060669493,0.0,0.04394683986902237,0.05814504623413086,0.0008082842687144876,0.40189125295508277,0.28132387706855794,0.0,0.5596170987467112,0.21581829074770212,-0.06347200274467468,0.9633569739952719,0.005509736997264676,0.00804486642793817,2.600743251833515e-09,0.0016420798064123586,1.0,0.03664302600472813,1.0,0.2647754137115839,0.0,1.0
190,457488617,200.90334274340438,100.32886400519419,0.8905447873820989,576,True,False,False,36.78790851862303,0.13575638549120436,21.218392092968717,0.09462675054498197,0.5528267365646571,0.09465431195288301,0.12779676508691265,0.0,0.09461583942174911,0.09464339911937714,0.0014372802106663585,0.2569444444444444,0.10069444444444445,0.0,0.5344171241449658,0.2835858053714037,-0.0636974424123764,0.9149305555555556,0.004212422219849278,0.014813096266258251,2.600743251833515e-09,0.0015460847003161459,1.0,0.046875,1.0,0.11979166666666667,0.0,1.0
191,815712761,36.348044788837434,-127.54673097237529,1.4389477576121283,1000,False,False,False,34.92596962896038,0.21566294916840106,11.359761054615245,0.10990964058706888,0.6005208254568447,0.10990964058706888,0.14480060673583015,0.06429167552412396,0.10887183994054794,0.10887183994054794,0.015068230219185352,0.131,0.0,0.5282361656427383,0.5722370039224625,0.576776305809617,0.056472331285476685,1.0,0.002121197242728652,0.031176485358585134,0.0040509867716053485,0.0014389477576121272,0.0,0.0,0.0,0.081,1.0,0.0
192,134902683,52.508980371477065,-127.74156577036533,1.6025054614184253,1000,False,False,False,46.96564710996417,0.20371247959957847,24.594485492501086,0.02816895376360814,0.36530345444614587,0.02816895376360814,0.1530676090230061,0.06267194056278745,9.89913969533518e-05,0.010102177038788795,0.026295170187950134,0.479,0.321,0.5933606624603271,0.5635909856096841,0.5708856716006995,0.1867213249206543,0.978,0.010920243936119753,0.030365492125931585,0.0005581390074601376,0.0016025054614184247,0.0,0.0,0.0,0.277,1.0,0.0
193,934119719,195.06553664691756,6.8084322585563655,1.6877710438836098,974,True,False,False,81.66185914540569,0.2468845979424275,54.973511477990215,0.006953553713226715,0.30665936589935566,0.0069808150082601795,0.11047963619158765,0.0,0.0003303527773823589,0.006927967071533203,0.0008573508239351213,0.49589322381930184,0.20739219712525667,0.0,0.5538344606642422,0.21386668220162391,-0.06372730433940887,0.9661190965092402,0.0014436616885897659,0.02843985334410958,5.201486504100711e-09,0.001732824480373317,1.0,0.03285420944558522,1.0,0.42505133470225875,0.0,1.0
194,22390618,-104.73327874206007,-121.61914823132898,0.15725869489268923,58,False,False,True,-63.51101187227857,0.1464522610806273,-79.03970570324557,1.5855142448620914,1.6608936239771077,1.7008681450570844,0.5110644857277689,0.38894142026645495,0.7145047783851624,1.0021923780441284,1.3742499351501465,0.0,0.0,0.5921903550624847,0.5110932201275538,0.5518941164761781,0.18438071012496948,0.9310344827586207,0.0990126362737282,0.10712371020993125,0.0013038982338649946,0.002711356808494643,0.0,0.0,0.0,0.0,1.0,0.0
195,590562343,160.9883154851616,29.08419145679366,1.1714412402836818,738,True,False,False,18.614773660305467,0.13572585843456783,3.0433895377328377,0.10603860300274566,0.5299060156694603,0.10606645085303222,0.11683081012422139,0.0,0.10602740943431854,0.10605525970458984,0.0015407418832182884,0.3224932249322493,0.0,0.0,0.5520042649531475,0.29869255647063253,-0.06323261559009552,0.9471544715447154,0.008437274041885823,0.015195433779778866,5.20148650366703e-09,0.001587318753771925,1.0,0.03523035230352303,1.0,0.22764227642276422,0.0,0.0
196,1269560368,44.66558480337246,-136.66925393776756,1.6133483874114016,1000,False,False,False,55.71439588184421,0.21097867930071915,32.61661429426695,0.023435321125492303,0.31201397122841684,0.03039104691436778,0.12613650991050848,0.03418468054035458,0.000736236572265625,0.018130112439393997,0.024390874430537224,0.537,0.463,0.5327480845153332,0.5692004577293992,0.5682666571438313,0.06549616903066635,1.0,0.02193563606411504,0.02929497081371085,0.0012169709914091366,0.0016133483874114021,0.0,0.0,0.0,0.43,1.0,0.0
197,1785119941,165.68076306007563,18.48779147354651,1.3049297158652933,835,True,False,False,32.12183841811789,0.1400955192125414,16.11273983002076,0.06479693032525173,0.46530496446113834,0.07506828904423977,0.10430433442712911,0.0,0.06302404403686523,0.07505712658166885,0.0012945150956511497,0.2778443113772455,0.19041916167664671,0.0,0.5023014433836721,0.1855589346587658,-0.06374293565750122,0.8850299401197604,0.0029358525960766083,0.019389636306098773,2.600743251833515e-09,0.0015627900788805899,1.0,0.07065868263473053,1.0,0.25868263473053893,0.0,1.0
198,965189358,188.54644036727848,65.35272328736718,1.0919371707991108,700,True,False,False,35.10222402655992,0.12669946082443947,20.434038566479213,0.016414708280287793,0.4834223864586818,0.01643545794545894,0.1053188478024759,0.0,3.7860871088923886e-05,0.016430949792265892,0.0003849244094453752,0.37285714285714283,0.20285714285714285,0.0,0.5347503287244555,0.27889965008944273,-0.06362760066986084,0.93,0.000816839977679662,0.013828667245315422,2.6007432520503554e-09,0.0015599102439987323,1.0,0.03857142857142857,1.0,0.2842857142857143,0.0,1.0
199,1798176648,215.41333094430158,106.19733872778656,0.9793599221651502,564,True,False,False,39.674780566435544,0.16174897495039045,21.50678991701337,0.11038328046084435,0.5249551760291317,0.11039303068721762,0.1476369878881491,0.0,9.90867629298009e-05,0.11039123684167862,0.0006293273181654513,0.374113475177305,0.0,0.0,0.5208921324938919,0.15806855245493354,-0.06296271830797195,0.8936170212765957,0.00864088623108729,0.031927351527002816,0.0,0.0017364537627041667,1.0,0.05673758865248227,1.0,0.16489361702127658,0.0,0.0
200,69892020,176.77551899142568,40.09944028892806,1.222560787024976,721,True,False,False,46.96588562329489,0.2115307199340668,23.814239254881347,0.04893604464219212,0.3532851794255159,0.04896360512951651,0.09603387788334998,0.0,0.04892568662762642,0.04895324632525444,0.0010071253636851907,0.4854368932038835,0.18585298196948682,0.0,0.5577435601404487,0.2735799777507782,-0.063746877014637,0.9625520110957004,0.0012492200451878638,0.014844632132462591,5.201486504100711e-09,0.0016956460291608544,1.0,0.038834951456310676,1.0,0.42718446601941745,0.0,1.0
201,1722285593,229.17620714139198,102.61322462884962,1.1246298251254219,705,True,False,False,82.43641231196375,0.20930296685254496,59.50778996105837,0.009512874916915603,0.2800825724130638,0.021703118132952535,0.14407294201202164,0.0,0.00014696121797896922,0.0216387752443552,0.001669952878728509,0.5120567375886524,0.33900709219858155,0.0,0.5652752775751742,0.24145024567842482,-0.06392056494951248,0.9588652482269504,0.0005393364871168359,0.03228713062905245,7.802229756151066e-09,0.001595219610106982,1.0,0.0425531914893617,1.0,0.2950354609929078,0.0,1.0
202,1838200024,193.08382345412252,57.36058782131634,1.209432356328061,739,True,False,False,35.33017548762263,0.16249395865066343,17.08196932623156,0.0363859243183995,0.43061248593956714,0.03641337406384753,0.1268277177878633,0.0,0.036367036402225494,0.036394499242305756,0.0011722779599949718,0.2584573748308525,0.10825439783491204,0.0,0.5005173549289474,0.020071034361608328,-0.06380082666873932,0.8768606224627875,0.0004309429536783883,0.024638080924101753,7.802229756096856e-09,0.0016365796432044135,1.0,0.07442489851150202,1.0,0.3166441136671177,0.0,1.0
203,2126813241,33.52766830213362,-133.1029412864917,1.466306095886256,1000,False,False,False,12.323614290596987,0.1869260554150592,-8.36890490841409,0.096668461849734,0.6792508643385814,0.096668461849734,0.16512162242230619,0.029473692563658255,0.09308376163244247,0.09308376163244247,0.02608073689043522,0.138,0.009,0.5733126699924469,0.5672061910070479,0.5866611780226231,0.1466253399848938,0.988,0.002728576609818842,0.030508356227885662,0.0003298828253882405,0.0014663060958862541,0.0,0.0,0.0,0.121,1.0,0.0
204,1376935700,238.97152017261826,131.28890979959283,0.9682261037302557,543,True,False,False,58.07805491078212,0.22436679367124232,33.649905379282856,0.00587249592058821,0.4836827815765086,0.006171775544611656,0.15535814218221145,0.0,8.20159948489163e-06,0.006161212921142578,0.00036092757363803685,0.3001841620626151,0.20994475138121546,0.0,0.5610814762728814,0.2718469039723277,-0.06359107792377472,0.9502762430939227,0.0022508444563888257,0.02367770631923373,0.0,0.0017831051634074684,1.0,0.05156537753222836,1.0,0.11233885819521179,0.0,1.0
205,1075994928,-24.082609778009655,-79.97987109064253,0.48237261312632845,383,False,True,False,16.48480846459093,0.12177829125159097,2.3495695244310637,0.3516536202269873,0.8770379559729214,0.3516536202269873,0.2050675042180443,0.14647685815083042,0.34348517656326294,0.34348517656326294,0.07535384595394135,0.0,0.0,0.5016316811088473,0.5362567811396672,0.3133654949162155,0.003263362217694521,0.9373368146214099,0.010029919795307516,0.01426727597039584,0.0013502629841905794,0.001259458519912085,0.0,0.0,0.0,0.0,1.0,0.0
206,2130197154,8.240707195224145,-169.24090609173643,1.5748161328696044,1000,False,False,False,6.2975589506177725,0.1540165262875927,-11.104007335646665,0.056798418117947766,0.4179835003163392,0.059004436304970626,0.08983182197870042,4.5903640019379945e-08,0.05664024502038956,0.05898446962237358,0.0015348768793046474,0.461,0.212,0.0,0.5522338174567558,0.275867928955704,-0.06363946199417114,0.967,0.005599455487415785,0.01420562623893004,2.6007432527008767e-09,0.0015748161328696052,1.0,0.026,1.0,0.353,1.0,1.0
207,1512169714,172.2684034033678,21.266594633385424,1.3432180876998236,834,True,False,False,28.934964445523995,0.17419329133758574,9.516093224045045,0.08261253344197834,0.47652873128963014,0.08271017488568741,0.12444387742320506,0.0,0.08156614005565643,0.08270883560180664,0.00047068356070667505,0.38609112709832133,0.1486810551558753,0.0,0.545624427402468,0.27044636288657786,-0.06320381164550781,0.9436450839328537,0.006983473518274469,0.025011073044746448,2.600743251833515e-09,0.001610573246642475,1.0,0.03237410071942446,1.0,0.2745803357314149,0.0,1.0
208,1813899210,-31.230779571493542,-315.3520994351143,2.658213198636209,915,False,True,False,24.878171180553785,0.19384885354649325,3.493488703015785,0.1740090732078934,0.5698760334329169,0.2072572739214856,0.13412445705940088,0.027347529457368253,0.17385073006153107,0.2031201422214508,-0.041204191744327545,0.25245901639344265,0.0,0.0,0.4843825179413012,0.06079378286376595,-0.0553307831287384,0.8426229508196721,0.012208753572162495,0.02595934874696162,0.0057768840437416235,0.002905151036760882,0.0,0.08743169398907104,1.0,0.2743169398907104,1.0,0.0
209,1329058962,163.8215631565895,22.647687363365733,1.2525387579322362,796,True,False,False,25.556683963855054,0.11535107416765618,12.022247427167029,0.0007831744318244514,0.42804820635871077,0.0008046981997419217,0.10429404683404758,0.0,0.00015077591524459422,0.0006475448608398438,0.0004777288413606584,0.4623115577889447,0.32160804020100503,0.0,0.5447814875572216,0.257305209711194,-0.06363129615783691,0.9610552763819096,0.0018253774895374277,0.011506029094192674,5.20148650388387e-09,0.0015735411531812027,1.0,0.0364321608040201,1.0,0.31532663316582915,0.0,1.0
210,230627142,279.0872718764468,196.12376640604865,0.7372350547039823,462,True,False,False,79.18325365455108,0.1755424931309966,59.64825696414399,0.002986182991276201,0.3506937919717294,0.003961772750693261,0.22681733083673866,0.0,4.405975414556451e-05,0.0038623809814453125,0.0008818483329378068,0.5562770562770563,0.43506493506493504,0.0,0.5531319330256932,0.24131323739886285,-0.06371605396270752,0.935064935064935,0.002129680542123869,0.041852240872660644,1.040297300776774e-08,0.0015957468716536413,1.0,0.0670995670995671,1.0,0.23160173160173161,0.0,1.0
211,987606443,145.7676545659079,-23.646495949825976,1.5071415051573394,935,True,False,False,46.997677189679166,0.16061524700260732,28.93631842401513,0.023414621836959408,0.3155392452314778,0.023442330601169886,0.08800155821936284,0.0,3.7860871088923886e-05,0.023398876190185547,0.0014266944490373135,0.4844919786096257,0.29197860962566846,0.0,0.5548866797119061,0.19816068351268767,-0.0638652890920639,0.9647058823529412,0.0004158898517356357,0.013260831744889427,2.6007432520503554e-09,0.001611916048296621,1.0,0.03529411764705882,1.0,0.4823529411764706,0.0,1.0
212,1428704328,171.06706316266212,29.01539995550769,1.2661166320715453,772,True,False,False,30.277752057530865,0.19482794265265058,8.795811678918376,0.08718874439576794,0.4995692531948878,0.1043730811859624,0.12892703509616144,0.0,0.07861433178186417,0.10437307506799698,3.573656067601405e-05,0.3432642487046632,0.12694300518134716,0.0,0.5601512260681955,0.2427956022322178,-0.06288591027259827,0.9624352331606217,0.008251637539856577,0.019904062124244993,5.201486505401753e-09,0.0016400474508698765,1.0,0.038860103626943004,1.0,0.21761658031088082,0.0,0.0
213,813158061,9.480934563219552,-210.64016844081308,2.001211030040327,1000,False,False,False,16.26205000022052,0.17825521433810865,-3.563385091095566,0.3258281055794995,0.6617104329676458,0.3258281055794995,0.12758433407729236,0.0675577047823285,0.3257370889186859,0.3257370889186859,-0.00770086282864213,0.0,0.0,0.5221704747527838,0.5448557013175886,0.5581935198232532,0.04434094950556755,0.984,0.012208459688175015,0.025401366975184005,0.009751500152297548,0.0020012110300403276,0.0,0.0,0.0,0.445,1.0,0.0
214,1749950354,181.11653308840482,29.539810669215782,1.3557672241918888,800,True,False,False,42.09277347195699,0.1952957285368986,20.563845062992918,0.019389870949316216,0.35786193767194946,0.019417041691932344,0.11717528787238084,0.0,1.1539459592313506e-05,0.0194123275578022,0.00042783975368365645,0.41625,0.18625,0.0,0.5463307845604141,0.2786454049497843,-0.06357035040855408,0.9575,0.003088213563474844,0.024856931439399578,1.3003716260034937e-08,0.001694709030239861,1.0,0.03375,1.0,0.35375,0.0,1.0
215,889174518,229.41620236691097,130.07873484449007,0.8839746752242066,547,True,False,False,62.30133470624569,0.23332123056346482,36.97740537596662,0.11677498250964542,0.5183284469456797,0.11683498821145194,0.16311485276046134,0.0,0.08977508544921875,0.11683416366577148,-0.0004389429232105613,0.2230347349177331,0.0,0.0,0.561026237779033,0.23350843645632266,-0.0631973072886467,0.9451553930530164,0.005724947200998574,0.037021482971228425,2.600743251833515e-09,0.0016160414537919705,1.0,0.056672760511883,1.0,0.05850091407678245,0.0,0.0
216,1871442016,172.96796077683106,20.648267352020028,1.361596934248108,808,True,False,False,40.106462079477005,0.1903437566178103,19.072681075647573,0.07492786067299241,0.38880555034516073,0.07892452932807491,0.11259641553955475,0.0,7.581710815429688e-05,0.07891654968261719,0.0011222815373912454,0.46534653465346537,0.28589108910891087,0.0,0.5558471851241613,0.24433487579226493,-0.06369231641292572,0.9616336633663366,0.0031939851413491115,0.02338350598268566,1.0402973008201422e-08,0.0016851447206040957,1.0,0.03712871287128713,1.0,0.42574257425742573,0.0,1.0
217,1938763919,-16.05996004341283,-97.24166911383006,0.7070170907041723,524,False,True,False,21.35665965406775,0.15938531580046172,3.428452643823469,0.35578746201954664,0.8174882886133191,0.35578746201954664,0.20506022970567067,0.03643002015532355,0.12598982453346252,0.3526268005371094,0.047318682074546814,0.0,0.0,0.5177710372954607,0.5255049624664039,0.38634787853225133,0.0355420745909214,0.9179389312977099,0.05764553139760771,0.04805272726494693,0.002003883078662512,0.001349269257069031,0.0,0.0,0.0,0.026717557251908396,1.0,0.0
218,1242605113,202.68599573052506,66.3183509769608,1.2140764475356418,748,True,False,False,42.012018106370626,0.12195842381562412,27.817262539635003,0.045890002771190985,0.46703754296133354,0.04696370391550132,0.1344610838930889,0.0,0.03829183429479599,0.04695720598101616,0.000781211827415973,0.4411764705882353,0.30213903743315507,0.0,0.5445815804632341,0.30365405466407536,-0.0635327696800232,0.9371657754010695,0.00482019706246023,0.01572059623987208,0.0,0.0016230968549941723,1.0,0.034759358288770054,1.0,0.2874331550802139,0.0,1.0
219,1828995021,231.0964775989762,103.39427663943339,1.1524220095954294,623,True,False,False,71.70622511413025,0.2446895287824616,45.24108953533586,0.09412317493381457,0.43382636879768055,0.09415054325262266,0.13979478412843815,0.0,0.0006669044378213584,0.09414272010326385,0.00121369119733572,0.2841091492776886,0.06420545746388442,0.0,0.5468235909086719,0.15974037209525704,-0.06365195661783218,0.92776886035313,0.004186954116460862,0.029594140541509207,5.201486504534392e-09,0.0018497945579380882,1.0,0.06902086677367576,1.0,0.2391653290529695,0.0,1.0
220,1937516710,18.69349238140269,-175.6037211462327,1.742972135276355,1000,False,False,False,28.925434082466293,0.18044103862236505,8.881416562724624,0.12494332184776019,0.452251363824374,0.17910645461320826,0.13360914706917387,0.02437811357885073,0.0004254341183695942,0.17484807968139648,0.03882358968257904,0.431,0.0,0.5653525963425636,0.5492018780157668,0.5462519022077322,0.13070519268512726,0.974,0.028672104642213727,0.02480535582149093,0.0028875896282699563,0.0017429721352763539,0.0,0.008,1.0,0.278,1.0,0.0
221,1972458574,213.28326864447448,110.35071213096684,0.9185255651350748,554,True,False,False,50.25476277419175,0.15248991782754162,33.013408079575285,0.02660810235051726,0.4797349168245232,0.026805302925236273,0.13347528303657508,0.0,0.013269424438476562,0.026796340942382812,0.000693092355504632,0.2743682310469314,0.16064981949458484,0.0,0.5630356212405467,0.31184483736753466,-0.06360609084367752,0.9548736462093863,0.0035634275472510813,0.013497914100537847,1.5604459512302132e-08,0.001657988384720353,1.0,0.04693140794223827,1.0,0.13176895306859207,0.0,1.0
222,1627593572,213.70375506905845,113.03401764679747,0.895297374222608,557,True,False,False,39.37834220222013,0.17979753666626552,19.405998794576323,0.0051891386078016626,0.40317002029855437,0.005215652295225579,0.14567967221562866,0.0,0.004802703857421875,0.005030346103012562,0.0013779139844700694,0.4524236983842011,0.26929982046678635,0.0,0.5440488328180766,0.19581248912960292,-0.06384424865245819,0.933572710951526,0.0015879301182664023,0.029689419016665698,7.802229755934226e-09,0.0016073561476168923,1.0,0.06104129263913824,1.0,0.21903052064631956,0.0,1.0
223,550002066,-103.88904807008802,-119.77251222713232,0.15003464157044305,44,False,False,True,-70.3960203650389,0.1457754093202755,-85.68833809289701,1.5755998047049293,1.5924785728016166,1.6092651004824203,0.6992903461888568,0.6014806693675331,0.7101446390151978,1.0024311542510986,1.258914589881897,0.0,0.0,0.5645696148276329,0.5212385519831018,0.5212385519831018,0.1291392296552658,0.9545454545454546,0.11769423278387567,0.12341192355655428,0.00012427391555502876,0.0034098782175100693,0.0,0.0,0.0,0.0,1.0,0.0
224,928135450,125.93678953522902,-34.87268723647574,1.4340947677170481,870,True,False,False,17.98368700067425,0.1523102610051111,0.7529797963274288,0.02347097950847219,0.32619045879260194,0.03553717285640009,0.08712178611088117,0.0,0.003665924072265625,0.03553638607263565,0.00023647308989893645,0.5827586206896552,0.3793103448275862,0.0,0.556170470783291,0.27431281931785634,-0.06346222013235092,0.9666666666666667,0.004085331374259397,0.01131440025784559,5.201486504534392e-09,0.0016483847904793646,1.0,0.03103448275862069,1.0,0.4494252873563218,0.0,1.0
225,1388859855,259.0162476032972,164.8892465163876,0.8450700108690945,481,True,False,False,76.20976966841246,0.2224021240874752,51.985463172460136,0.09508684591230306,0.5020998985684809,0.09511516190823674,0.1849577255746114,0.0,0.09154033660888672,0.0951007828116417,0.0016538238851353526,0.30353430353430355,0.11226611226611227,0.0,0.577325055294374,0.30602844029664994,-0.06337377429008484,0.9480249480249481,0.007792329376716851,0.024679615218499516,7.802229756367907e-09,0.0017569023094991584,1.0,0.05405405405405406,1.0,0.08523908523908524,0.0,1.0
226,253571847,-100.79804757144302,-110.95537355730224,0.09137325985859232,51,False,False,True,-60.49482847508093,0.07925034324814198,-69.22195078696281,1.6368556706881947,1.7302284940350796,1.7411488869669929,0.45599930120789833,0.40818420018680257,0.7922477722167969,1.0003572702407837,1.4250911474227905,0.0,0.0,0.5209687799215317,0.28728760227414907,0.29303335431963207,0.041937559843063354,0.5490196078431373,0.07902972666850822,0.062387990465815314,0.0014810608641933343,0.0017916325462469082,0.0,0.0,0.0,0.0,1.0,0.0
227,424193372,218.9222094763594,81.04201822150296,1.2450019125485654,669,True,False,False,70.3170698963049,0.21873274485018146,46.44619963668874,0.040302172533172274,0.3826804908044929,0.04490701098484297,0.13112742354156537,0.0,0.021566009148955345,0.04490699619054794,3.645181641331874e-05,0.46038863976083705,0.3452914798206278,0.0,0.5675947994091382,0.2855607528949622,-0.06336802989244461,0.9626307922272048,0.004655483539893569,0.018973237055700146,0.0,0.0018609894059021905,1.0,0.03886397608370702,1.0,0.2884902840059791,0.0,1.0
228,463024751,163.33704983256757,60.01981840604213,0.9053723142652539,639,True,False,False,8.18417345422202,0.12046996780043899,-5.859573056539105,0.10743505281859372,0.582640396542855,0.1074620393403086,0.13447549745770526,0.0,0.10743474960327148,0.10746173560619354,0.0002554988896008581,0.18466353677621283,0.0,0.0,0.5319642579599818,0.17883081272244453,-0.06338845193386078,0.9358372456964006,0.00509020135049244,0.02236274235267949,7.802229756367907e-09,0.0014168580817922596,1.0,0.056338028169014086,1.0,0.051643192488262914,0.0,0.0
229,1373742587,234.16996283314657,121.17179633336373,1.0075816649978275,612,True,False,False,48.79585785695982,0.17613558867199303,29.186562517464786,0.0011883373637383125,0.43668415340707173,0.0011914152899138257,0.15553696795829502,0.0,0.00012216568575240672,0.00014972686767578125,0.001181969651952386,0.380718954248366,0.27124183006535946,0.0,0.5275434894617373,0.15829780988395215,-0.06379189342260361,0.9052287581699346,0.0019082347313503208,0.033081273924885274,7.802229756151066e-09,0.001646375269604294,1.0,0.06045751633986928,1.0,0.24509803921568626,0.0,1.0
230,802303837,200.52402797751125,72.53386552709459,1.1403016245041677,698,True,False,False,65.52178973123709,0.18754929119515693,44.76865698185038,0.041233176260173074,0.3408929785329488,0.04126016396113096,0.10400933786803879,0.0,0.00127325055655092,0.041257668286561966,0.0004538035427685827,0.5343839541547278,0.3624641833810888,0.0,0.5549678549245214,0.21936327643692494,-0.06363502144813538,0.9555873925501432,0.0007739616862298883,0.02000865771728829,0.0,0.001633669949146373,1.0,0.045845272206303724,1.0,0.41260744985673353,0.0,1.0
231,1783498037,158.96042673248448,5.499817863626802,1.3638060886885763,854,True,False,False,20.150146700209955,0.18198914707624084,-0.04839347778382616,0.10356000959783228,0.5147063141340695,0.10358756950112949,0.13556190376601537,0.0,0.10355901718139648,0.1035865768790245,0.0004534816835075617,0.1885245901639344,0.0,0.0,0.5402525157264333,0.14801105923950672,-0.06344833970069885,0.9531615925058547,0.004830218701489023,0.02315835424260281,7.802229756367907e-09,0.0015969626331247971,1.0,0.04332552693208431,1.0,0.2224824355971897,0.0,0.0
232,1601410155,207.97434552786876,84.47677640805549,1.1103756911981328,623,True,False,False,61.56620965845325,0.2271157237769168,36.85845458021329,0.044981758571775145,0.3836573778444583,0.053266899763045446,0.1258867466119387,0.0,0.041741468012332916,0.05325736850500107,0.0010076260659843683,0.4028892455858748,0.2086677367576244,0.0,0.568904441273076,0.23043654767796398,-0.06355003267526627,0.9518459069020867,0.005220100998794513,0.018088888847407784,2.6007432527008767e-09,0.001782304480253824,1.0,0.04975922953451043,1.0,0.2086677367576244,0.0,1.0
233,576219794,180.62762975953524,75.27465427377297,0.9205297548576217,665,True,False,False,26.934920854673692,0.1451499417741265,10.422429524844329,0.08813479019406391,0.4302052372495117,0.08816159115181932,0.13754284282617743,0.0,0.0881338119506836,0.08816061168909073,0.00041557312943041325,0.47969924812030074,0.07669172932330827,0.0,0.5425765508267665,0.19681329533457756,-0.06350602954626083,0.9428571428571428,0.003822260992830007,0.017435200321948244,5.201486504100711e-09,0.0013842552704625896,1.0,0.05112781954887218,1.0,0.3233082706766917,0.0,1.0
234,594444028,200.6921131695359,63.78606855216011,1.225260446173759,719,True,False,False,32.0548460958761,0.1371670602594846,16.33959464088262,0.06411571727000312,0.5694686876709258,0.06414289756625602,0.14630849674206645,0.0,0.06411466747522354,0.06414184719324112,0.00036707878462038934,0.3031988873435327,0.1070931849791377,0.0,0.5088593476389678,0.13341796588152646,-0.06357309222221375,0.8998609179415855,0.002258935043552986,0.021891335761455404,0.0,0.0017041174494767152,1.0,0.0584144645340751,1.0,0.08484005563282336,0.0,1.0
235,66531776,16.44487801903158,-308.6919641902847,3.051368422093163,1000,False,False,False,8.476964212497364,0.13558823814396767,-7.081773259404567,0.5130818037294574,0.7418245563202017,0.5493842022168669,0.09820651612034234,0.020331776130570686,0.511750340461731,0.5481387972831726,0.0369710773229599,0.0,0.0,0.5094471452757716,0.40507437256595585,0.2631518669053912,0.018894290551543236,0.743,0.018637673857735564,0.024549713596483592,0.00430672289451756,0.0030513684220931617,0.0,0.161,1.0,0.552,1.0,0.0
236,67451976,143.11076846669457,-617.361546653226,7.404723151199194,1000,False,False,False,64.54135562870788,0.1679675199006756,45.74468998113523,0.15513492832256223,0.32576662875191514,0.15513750644223667,0.08737146066493787,0.003697067709915404,0.15503397583961487,0.15503397583961487,0.005666766315698624,0.66,0.0,0.0,0.2271264103071444,0.0,-0.0576898567378521,0.379,0.013825140210360349,0.01930660340471907,0.005226552467524083,0.007404723151199203,1.0,0.443,1.0,0.651,1.0,0.0
237,1395986010,212.00557681831992,92.57324736163294,1.0581232945668704,681,True,False,False,18.539853151290732,0.1725607877036939,-0.7140945500540922,0.0077444816635717315,0.6576838465053565,0.014010096170280232,0.19212378673921005,0.0,0.0003184318484272808,0.013950919732451439,0.0012863255105912685,0.19530102790014683,0.14977973568281938,0.0,0.4832212691890724,0.13926094453781843,-0.06378614902496338,0.8781204111600588,0.0027859376277069073,0.03528639726446991,1.0402973008201422e-08,0.0015537786998045082,1.0,0.06020558002936858,1.0,0.049926578560939794,0.0,1.0
238,1372420504,25.141590047348405,-158.45013692192796,1.6359172696927613,1000,False,False,False,25.20243507499258,0.19671017257161538,3.5315041603258854,0.15072756530610015,0.599061328210283,0.15072756530610015,0.16011001464714744,0.09888608523878928,0.07750940322875977,0.1507258415222168,-0.0007208609604276717,0.06,0.0,0.5533999018371105,0.5564812153959647,0.574390641823411,0.10679980367422104,0.99,0.02792737921125154,0.030487810720004067,1.4496542886818092e-05,0.001635917269692764,0.0,0.0,0.0,0.204,1.0,0.0
239,651841002,1.3481171253587547,-119.41054465160384,1.1279866177696267,398,False,True,False,44.50121075702168,0.17988599634678756,24.549241166777268,0.43866399880475593,0.8673545905142956,0.43866399880475593,0.19249018067393953,0.11629334085702211,0.4206467568874359,0.4206467568874359,0.12442833185195923,0.0,0.0,0.5102580217644572,0.4967012040522321,0.21255347703903682,0.02051604352891445,0.8567839195979899,0.033433698831883046,0.023476020371823836,0.0024947785689697737,0.002834137230576952,0.0,0.06030150753768844,1.0,0.0,1.0,0.0
240,1636612707,-10.476958322146661,-231.82066501341933,2.0134370669127284,1000,False,False,False,14.14795049276343,0.1859091322120831,-6.442876385950071,0.48833434642092954,0.757202465944935,0.5124335967293389,0.1514090899212001,0.039250631281889554,0.32884931564331055,0.4959966540336609,-0.1287459135055542,0.0,0.0,0.547835223376751,0.552984819569916,0.5421174450893886,0.09567044675350189,0.984,0.04766543924226584,0.035461505145479875,0.0027471234852277857,0.002013437066912726,0.0,0.0,0.0,0.45,1.0,0.0
241,452221964,0.6954888441135327,-177.6206711441147,1.5831615998822808,1000,False,False,False,30.66644528706927,0.1532165029247325,13.344881337090904,0.023710481613718002,0.33560990292301723,0.033246491452339426,0.0790968470346803,0.03758995079070567,6.608963303733617e-05,0.023340320214629173,0.02367611974477768,0.565,0.383,0.5336844734847546,0.557647161769215,0.5588354538008571,0.06736894696950912,0.981,0.023138947951964518,0.01360735884251127,0.001181023518179572,0.0015831615998822808,0.0,0.0,0.0,0.511,1.0,0.0
242,1821731862,132.10286484244276,47.31333931820069,0.6478952552424221,1000,False,False,False,58.742446337572446,0.13916940394705857,42.82559228536129,0.16982903772361685,0.35350201645829477,0.1698556059125169,0.08299876100325008,2.8957772803610456e-07,0.16982898116111755,0.16985559463500977,-6.189584382809699e-05,0.606,0.0,0.0,0.2500290628909133,0.0,-0.06295427680015564,0.42,0.009188624866282557,0.00962482076120513,8.322378406561137e-08,0.0006478952552424159,1.0,0.581,1.0,0.576,1.0,0.0
243,123984911,298.7320580267349,242.55242579128696,0.4947963223544791,335,True,False,False,82.04532600078915,0.17549203255471418,62.565118153107974,0.08365834930102631,0.47261177569111,0.08515001647603417,0.32551504940316606,0.0,0.0007320403819903731,0.08514966815710068,0.00024355411005672067,0.46865671641791046,0.22388059701492538,0.0,0.5433106922753044,0.2513484923541546,-0.06312750279903412,0.8955223880597015,0.0071176478132041615,0.0609304226519636,7.802229756367907e-09,0.0014770039473268033,1.0,0.09253731343283582,1.0,0.1253731343283582,0.0,1.0
244,1686778320,132.56385178366622,-18.854828826971172,1.3507868061063741,817,True,False,False,16.216884687000352,0.1264323501425557,1.5741929030398993,0.1104358278517604,0.4250517415391202,0.13137755147550959,0.0889996044259365,0.0,0.00017852782912086695,0.13132543861865997,0.0037000274751335382,0.43451652386780903,0.0,0.0,0.5234122560427578,0.020011670810636133,-0.06397053599357605,0.9204406364749081,0.006560390457706463,0.014453629917527378,2.6007432527008767e-09,0.0016533498238756102,1.0,0.07221542227662178,1.0,0.37209302325581395,0.0,0.0
245,880264374,4.191715820397095,-229.7621650678182,2.1395388088821545,1000,False,False,False,16.971048975349053,0.1885336069375852,-3.8822253759146754,0.4089883104626545,0.7746595839487935,0.41884768791769833,0.15519350913428667,0.012716920162676226,0.28382205963134766,0.40983790159225464,-0.08640763908624649,0.0,0.0,0.5213256236165762,0.5573944072466256,0.5384223316982388,0.04265124723315239,0.987,0.012868035484694099,0.03819592108993362,0.002967273800768921,0.0021395388088821543,0.0,0.0,0.0,0.276,1.0,0.0
246,1171302208,15.428187570394918,-151.1470989691684,1.465752865395634,1000,False,False,False,19.28477723820961,0.18955470775183347,-1.6706071944789165,0.05132532690735046,0.5357182661588357,0.0889811412851251,0.147295613031776,0.05479359161275433,0.00035772324190475047,0.029465485364198685,0.0839608758687973,0.302,0.166,0.5718130767345428,0.5696536025688983,0.556968167051673,0.1436261534690857,1.0,0.03139718942912381,0.02673885804258568,5.714873222011779e-05,0.0014657528653956343,0.0,0.0,0.0,0.113,1.0,0.0
247,645818112,217.7319177519531,99.8485074799972,1.0430341027195582,679,True,False,False,50.36388125253025,0.1827659310164403,30.089462489244195,0.04465831255818687,0.3631826262578152,0.04468576887882176,0.1744196287595731,0.0,0.00196418771520257,0.044673822820186615,0.001033196458593011,0.4050073637702504,0.18556701030927836,0.0,0.5484800175413906,0.1859997394680977,-0.0636046901345253,0.9366715758468336,0.004692027883699475,0.03893648431255781,5.20148650366703e-09,0.0015361326991451527,1.0,0.05154639175257732,1.0,0.17525773195876287,0.0,1.0
248,1992289477,169.97126998645274,21.544894905533155,1.3088637508091931,877,True,False,False,29.387314716040915,0.11461481155159421,15.92613079294579,0.07842429589534629,0.5330932020241681,0.0784520515255732,0.12118152768578075,0.0,0.07842006534337997,0.07844781875610352,0.0008149361819960177,0.3660205245153934,0.09236031927023945,0.0,0.5481843886840685,0.2519861187040806,-0.06332305073738098,0.9464082098061574,0.0067454567467777025,0.014383236288760051,2.600743251833515e-09,0.0014924330111849423,1.0,0.03420752565564424,1.0,0.2976054732041049,0.0,1.0
249,313246075,215.34895664956414,101.26936672904398,1.0183958992052011,612,True,False,False,41.19384685079442,0.18159170032511315,21.03894034598751,0.05627733567200261,0.4852158230791679,0.057122844672616996,0.14020471665560116,0.0,0.0007433891296386719,0.05711660534143448,0.0008442616672255099,0.37254901960784315,0.24836601307189543,0.0,0.5360449499669758,0.2691838319413364,-0.06348719447851181,0.9183006535947712,0.005448582795343524,0.024814775892548883,5.20148650366703e-09,0.0016640455869366027,1.0,0.0457516339869281,1.0,0.25163398692810457,0.0,1.0
250,1889010639,213.39548055289788,86.50274967517366,1.1413273087772413,638,True,False,False,68.72137128685054,0.18558620281834104,48.16603410530198,0.02635804635733131,0.3816049509643213,0.026491982848245936,0.12263949413367822,0.0,0.00019483566575217992,0.02645721472799778,0.0013568139402195811,0.4059561128526646,0.17398119122257052,0.0,0.5693793799250086,0.30654412142932413,-0.06384886056184769,0.9592476489028213,0.000216514456156485,0.014708471516082419,5.201486504046501e-09,0.001788914277080316,1.0,0.04075235109717868,1.0,0.2413793103448276,0.0,1.0
251,2024720233,91.7204027106288,-688.5065272642295,7.602269299748593,1000,False,False,False,28.708323444822124,0.19341776268725563,7.366633518591445,0.32269174685568575,0.5843751845017942,0.32269174685568575,0.13017029505097222,0.02412931526333119,0.014363288879394531,0.32233914732933044,0.015081034041941166,0.0,0.0,0.0,0.32493807159201243,0.10307696042582393,-0.006339743733406067,0.571,0.04441081712180983,0.04246882357755961,0.017398597849055793,0.007602269299748586,0.0,0.279,1.0,0.501,1.0,0.0
252,1804064796,181.18772474848663,78.17494696120075,0.9163277778728588,569,True,False,False,16.026775669082014,0.17056931750864207,-3.0235877403243947,0.010424974015736761,0.4795770066628259,0.011406054623670846,0.12260503356735436,0.0,6.322861008811742e-05,0.011375713162124157,-0.0008314037113450468,0.30579964850615116,0.14235500878734622,0.0,0.549778563048206,0.27752648636698724,-0.06330255419015884,0.9367311072056239,0.002523519707740871,0.018254786820730878,2.600743252267196e-09,0.0016104178872985218,1.0,0.050966608084358524,1.0,0.19332161687170474,0.0,1.0
253,1786187759,-75.69867945387958,-99.74110702390925,0.21362427570029702,134,False,False,True,-13.73588580712607,0.17311015392228812,-32.526730276599444,1.458602151428248,1.5003895542940238,1.458602151428248,0.324251481952406,0.1450620701292663,0.6043421030044556,1.0002838373184204,1.0615801811218262,0.0,0.0,0.5801073014736176,0.5780587382614613,0.5844953653216362,0.1602146029472351,1.0,0.0780992951656348,0.0987541556995168,0.001246224151507977,0.0015942110126887811,0.0,0.0,0.0,0.0,1.0,0.0
254,989960034,24.225577344084684,-236.76988085828438,2.461154582023693,744,False,True,False,54.718511883991596,0.17983403831051764,34.7362394492973,0.11965181405895164,0.41189682960120283,0.1798487842534036,0.16156535499070945,0.05971166919301535,0.0006134986761026084,0.17496156692504883,-0.04164174944162369,0.40860215053763443,0.0,0.0,0.45558330837906474,0.16263469762634486,-0.050612058490514755,0.7943548387096774,0.010337996688899107,0.035006205234182346,0.013002988864774228,0.003308003470461951,0.0,0.10752688172043011,1.0,0.34139784946236557,1.0,0.0
255,1905578091,156.66381481247953,9.492712165688332,1.3083110264679125,817,True,False,False,26.343643781445795,0.1313460295288005,11.209584058860827,0.016641464701043877,0.39965179351169805,0.016668753834551908,0.10306250171846687,0.0,8.535385131835938e-05,0.0166186336427927,0.001291654072701931,0.4883720930232558,0.24357405140758873,0.0,0.5447276091651085,0.19841244336217642,-0.06383384019136429,0.944920440636475,0.000844563738199854,0.011210791016512857,1.3003716260143357e-08,0.0016013598855176398,1.0,0.0416156670746634,1.0,0.379436964504284,0.0,1.0
256,1958129221,-95.23986936174333,-110.58942790186188,0.1388955854011854,73,False,False,True,-48.950686175394054,0.11912035159359873,-61.902438421611095,1.542882629445922,1.6593514624330126,1.6735843608951437,0.6215648350902951,0.4629303147082017,0.5733838081359863,1.0005466938018799,1.3415628671646118,0.0,0.0,0.528543746098876,0.3686590822643205,0.5382422601059079,0.057087492197752,0.684931506849315,0.0923655006255935,0.09515824659833474,9.257605679928449e-05,0.0019026792520710338,0.0,0.0,0.0,0.0,1.0,0.0
257,1850992617,156.18479403948874,4.300546801180033,1.334642472383089,921,True,False,False,8.528070948971264,0.13565381395436277,-7.0371194416919485,0.07177532055781286,0.6238808518462663,0.07239154636733919,0.1310634490899524,0.0,0.059957314282655716,0.07239151000976562,-7.255315722431988e-05,0.3333333333333333,0.10857763300760044,0.0,0.5386765604825078,0.23854891968891023,-0.06315948069095612,0.9565689467969598,0.006330846257538999,0.02194543283232557,5.201486504534392e-09,0.001449123205627674,1.0,0.03257328990228013,1.0,0.23561346362649294,0.0,1.0
258,1474258078,186.41284903921184,51.52355802096593,1.1960929101824593,764,True,False,False,58.81217924758035,0.21978802777291526,34.83430184721884,0.11539256298190345,0.404810047166821,0.11555931557079303,0.11401720728092413,0.0,0.11307897418737411,0.11555681377649307,0.0007603979320265353,0.3717277486910995,0.0,0.0,0.559493119828403,0.22161806955933572,-0.06293431669473648,0.9581151832460733,0.00895214058274705,0.018637164963472338,2.6007432509661532e-09,0.0015655666363644757,1.0,0.04319371727748691,1.0,0.31675392670157065,0.0,0.0
259,292536559,193.57118941741072,87.97921582919425,0.9337197358821644,611,True,False,False,34.056679457548725,0.1661377821531236,15.447207835877126,0.24161964619245827,0.6568834837483235,0.2416444560609687,0.15359786535948616,0.0,0.24157781898975372,0.24160261452198029,0.00449664331972599,0.0,0.0,0.0,0.5342477926734451,0.05121734920889139,-0.06323932856321335,0.9263502454991817,0.013805189908874024,0.01776652354321388,2.0805946016402843e-08,0.0015281828737842293,1.0,0.06873977086743044,1.0,0.08183306055646482,0.0,0.0
260,1081232581,186.31867267712948,50.51043923487847,1.2086823344225115,747,True,False,False,49.145007473556085,0.16456041405003263,30.69006386130722,0.0031695891762748697,0.37253157758586136,0.0032010792066736247,0.11067702679716875,0.0,7.362365431617945e-05,0.003002739045768976,0.0011092638596892357,0.4685408299866131,0.3467202141900937,0.0,0.5624911040566373,0.29753887265920637,-0.0637800320982933,0.9665327978580991,0.0017047060910258239,0.013592583023336326,7.802229755934226e-09,0.0016180486404585163,1.0,0.03480589022757698,1.0,0.31459170013386883,0.0,1.0
261,1564819839,218.370164764428,106.65410085558207,0.9957606390884596,607,True,False,False,18.033430716918662,0.18523309306018798,-2.4853953374564983,0.06583355236187298,0.6861689236776426,0.06586091757850741,0.2106701790261801,0.0,0.06582851707935333,0.06585588306188583,0.0008143282029777765,0.1614497528830313,0.10049423393739704,0.0,0.4724960657712333,0.01000082868267782,-0.06366636604070663,0.8484349258649094,0.002353756679603939,0.04379677489872936,5.20148650366703e-09,0.0016404623378722565,1.0,0.085667215815486,1.0,0.05601317957166392,0.0,1.0
262,286497476,226.78008800279355,133.17853989138547,0.835015481114081,505,True,False,False,61.344329709889756,0.23015234636341486,36.34159200154107,0.10289682101093713,0.4871490608451873,0.10292409650465557,0.1503061019188305,0.0,0.10289134830236435,0.10291862487792969,0.0010612702462822199,0.22178217821782178,0.0,0.0,0.5620642586030288,0.19917196705937384,-0.06315018981695175,0.9326732673267327,0.008224025448749768,0.027200727658213252,2.6007432509661532e-09,0.0016534960022061007,1.0,0.06930693069306931,1.0,0.06534653465346535,0.0,0.0
263,1605952649,216.90381098635993,116.69558690131254,0.8912822408504737,554,True,False,False,35.702046120154655,0.1335371973847096,20.355963469821248,0.04392260495642604,0.5739238804061446,0.043949880518563564,0.1724878527887781,0.0,0.04391422122716904,0.043941497802734375,0.0008583521703258157,0.2075812274368231,0.13357400722021662,0.0,0.5059401853630643,0.12836263946723192,-0.06372173875570297,0.8935018050541517,0.0009309468564034608,0.014582861385819771,2.6007432520503554e-09,0.0016088127091163779,1.0,0.07581227436823104,1.0,0.061371841155234655,0.0,1.0
264,200068483,243.28477843757707,107.47634933207075,1.221284291055064,684,True,False,False,86.46413259697025,0.24373860624047236,60.09233974706659,0.0359392103627314,0.341060371571869,0.03596703167657559,0.14793564654544714,0.0,9.298324584960938e-05,0.03593244403600693,0.0015769696328788996,0.533625730994152,0.35526315789473684,0.0,0.5661558229557908,0.21394407987594605,-0.06389199942350388,0.9532163742690059,0.00038448591760398065,0.02930307657370905,0.0,0.0017855033494957088,1.0,0.04678362573099415,1.0,0.2543859649122807,0.0,1.0
265,585620245,180.03534681024024,34.77814256711844,1.2979720424312193,773,True,False,False,51.50980314942989,0.2135514236837107,28.155506128844777,0.0026060568984827355,0.2855342766844614,0.002630342426601712,0.10010852078647307,0.0,4.37736525782384e-05,0.0022801398299634457,0.0013113594613969326,0.6157826649417852,0.5433376455368694,0.0,0.5645239221915256,0.2762113304436207,-0.06382535398006439,0.9663648124191462,0.0017598273813345313,0.016859414784131985,2.6007432520503554e-09,0.001679135889303,1.0,0.03492884864165589,1.0,0.46959896507115134,0.0,1.0
266,1469933337,226.54489510543647,109.85767228616575,1.0428722281927083,620,True,False,False,56.15907236256699,0.21264481874413166,32.8985246357225,0.013868932904247669,0.42712617316122664,0.013896294773205265,0.14471720613904246,0.0,7.162093970691785e-05,0.013845443725585938,0.0011877274373546243,0.39838709677419354,0.2725806451612903,0.0,0.5591437025476367,0.21849907845258712,-0.06380880624055862,0.95,0.0010172908821850606,0.02667128447809959,2.6007432520503554e-09,0.0016820519809559805,1.0,0.05,1.0,0.21129032258064517,0.0,1.0
267,116008735,207.04279224444178,112.91770326634683,0.8396508897809497,508,True,False,False,37.65352024027466,0.1799007685028868,17.675569146720477,0.06537186018328854,0.487197890489263,0.06539932817845832,0.14697730492826505,0.0,0.06535987555980682,0.06538734585046768,0.0012518501607701182,0.33661417322834647,0.14763779527559054,0.0,0.5500454169214065,0.18893429692834615,-0.0637633204460144,0.9330708661417323,0.0023069972664898695,0.015225545959053855,2.600743251833515e-09,0.0016528560822459647,1.0,0.06692913385826772,1.0,0.0688976377952756,0.0,1.0
268,581611928,232.06235204547127,110.17532551712209,1.0812702652834911,688,True,False,False,34.85266171816908,0.21175817420611567,11.678830593149359,0.059046879306543024,0.5774781940878047,0.05917789998171164,0.20856770496000168,0.0,0.0006327629089355469,0.05917558819055557,0.0005230760434642434,0.1816860465116279,0.10610465116279069,0.0,0.49492162392845446,0.031486955379368735,-0.06361933052539825,0.872093023255814,0.0019306264805644905,0.037362382015055234,2.6007432520503554e-09,0.0015716137576794935,1.0,0.09447674418604651,1.0,0.056686046511627904,0.0,1.0
269,744067628,224.1171908630989,90.82043855772866,1.1853675230537009,738,True,False,False,69.29154612979487,0.19249985058098634,48.04276279258029,0.03725891510037709,0.41445464645772334,0.03727693081452725,0.13647527265346374,0.0,0.03724393993616104,0.037261962890625,0.001056263456121087,0.4186991869918699,0.21544715447154472,0.0,0.5605354454396115,0.2902509766817093,-0.06364695727825165,0.9661246612466124,0.00423367744426231,0.019335322795895206,5.201486504534392e-09,0.0016061890556283219,1.0,0.03523035230352303,1.0,0.34823848238482386,0.0,1.0
270,1345901386,5.549963660072476,-177.34259172494862,1.6289255538502116,1000,False,False,False,27.931625442545155,0.15718884291937957,10.212827493102015,0.09012842487663816,0.41764487659174593,0.09023324315443912,0.0953453159700709,0.038953696192306465,0.00016813278489280492,0.06942920386791229,0.05763353034853935,0.506,0.179,0.5966025367379189,0.555368131971918,0.5632763402163983,0.1932050734758377,0.981,0.02315693469229556,0.01776153894765698,0.001191418688957939,0.0016289255538502112,0.0,0.0,0.0,0.463,1.0,0.0
271,223603263,170.6874357653316,-13.857046507287578,1.6572448227261927,941,True,False,False,69.57151585818262,0.20817253150901466,46.75441893141014,0.051303449239409375,0.30701298984470743,0.06969434132985962,0.10391819338297119,0.0,3.204345557605848e-05,0.06968192756175995,0.0013153648469597101,0.5717321997874601,0.38257173219978746,0.0,0.5623848974723547,0.2359405132383108,-0.06376469880342484,0.9681190223166843,0.002584433503457663,0.01778726597263576,5.201486504100711e-09,0.0017611528403041366,1.0,0.03294367693942614,1.0,0.4303931987247609,0.0,1.0
272,1169030516,161.8137105816975,25.11310180168263,1.2078060878001473,796,True,False,False,15.760640419261975,0.1656612766412045,-2.804816364780851,0.04204381363586217,0.521973894072263,0.04207136625936055,0.12916622759349838,0.0,0.04123258590698242,0.04205436632037163,0.0011958813993260264,0.29773869346733667,0.1620603015075377,0.0,0.5553344450727218,0.23513692677021025,-0.06365662813186646,0.9610552763819096,0.004538139954919392,0.01538665982137308,0.0,0.001517344331407221,1.0,0.04020100502512563,1.0,0.12688442211055276,0.0,1.0
273,1599238136,161.83309163523376,14.798810538454589,1.3095428109677922,804,True,False,False,14.510529898982538,0.16951542219212268,-4.440393269197521,0.0339341861080262,0.5037643023178127,0.03424806680816159,0.133111214619024,0.0,0.03385458141565323,0.0342286117374897,0.0011542177526280284,0.40049751243781095,0.26119402985074625,0.0,0.5649174884994357,0.2689010672038421,-0.06368370354175568,0.9664179104477612,0.0040498803178980625,0.020026889651515896,0.0,0.0016287845907559596,1.0,0.03482587064676617,1.0,0.2126865671641791,0.0,1.0
274,1609733005,174.31878422606246,79.64868306547511,0.8259010116058719,604,True,False,False,6.8922803943786475,0.15003638804049302,-10.106737925012176,0.11476892678355097,0.6053899577850188,0.11479400201213766,0.1382353195609338,0.0,0.11476516723632812,0.11479024589061737,0.0009286260465160012,0.25496688741721857,0.0,0.0,0.5352860755550539,0.011299467235803605,-0.0629843920469284,0.9056291390728477,0.008916923918371305,0.024086801228253105,5.20148650366703e-09,0.0013673857808044253,1.0,0.08278145695364239,1.0,0.14072847682119205,0.0,0.0
275,60405287,-147.72710530829636,-316.0377623313434,1.5083065702304694,874,False,False,True,21.80380687596873,0.19694621222999065,0.10949198335271197,0.54842347525888,0.8554668927461037,1.0219498574636303,0.16230282791173395,0.20540503431873947,0.43176403641700745,1.000280737876892,-0.2093321681022644,0.0,0.0,0.5051783607341349,0.5115395135944543,0.2818113576632459,0.010356721468269825,0.9324942791762014,0.04476049745501834,0.047350729316160835,0.0004513173794978634,0.0017257512245199876,0.0,0.0,0.0,0.06407322654462243,1.0,0.0
276,1774614431,186.8067765462213,75.76646039396422,0.982403161522569,640,True,False,False,28.521993162562033,0.10857394446413444,15.667816482738587,0.09555919283312114,0.5471109070448852,0.09563445124236307,0.1288386639035634,0.0,0.08981342613697052,0.09562511742115021,0.001336107263341546,0.31875,0.0734375,0.0,0.5472551359547652,0.30591908320784567,-0.0632917508482933,0.934375,0.007805734257623629,0.011819527407425656,2.600743251833515e-09,0.0015350049398790157,1.0,0.040625,1.0,0.1390625,0.0,1.0
277,1043720662,206.89174450319263,75.85747366961054,1.1757427083358218,673,True,False,False,44.63268448270292,0.21106690196413944,21.52830377561731,0.08562274627762345,0.5969788507385662,0.08565011615247607,0.16077763176034746,0.0,0.08561468124389648,0.08564205467700958,0.0011751032434403896,0.20208023774145617,0.07726597325408618,0.0,0.5641068987863866,0.2437966501712799,-0.06334728747606277,0.9554234769687965,0.007198806607127026,0.03161005922500452,5.20148650366703e-09,0.001747017397230046,1.0,0.04606240713224369,1.0,0.05200594353640416,0.0,1.0
278,1602030473,212.15752598969263,64.95898322171458,1.3027854276797826,846,True,False,False,58.44192533738411,0.17036232210610797,39.40609901329073,0.04201080401223274,0.32474722221523034,0.07192859927546583,0.1437676555165775,0.0,1.316070574830519e-05,0.07192573696374893,-0.0006416821270249784,0.5898345153664303,0.3959810874704492,0.0,0.5252968223300932,0.0704477908834815,-0.06302709132432938,0.9208037825059102,0.006271904312846605,0.03272680917501295,7.802229755500545e-09,0.0015399354937113252,1.0,0.05319148936170213,1.0,0.41371158392434987,0.0,1.0
279,1774598066,21.130590127396854,-184.79549239883323,1.8592608252623022,1000,False,False,False,29.37896062291031,0.15202195687751818,12.176851277653299,0.12239004978092823,0.4700285076904542,0.1248881907145543,0.1222747863871328,0.022520165192930607,0.12238998711109161,0.12486038357019424,0.002635297831147909,0.355,0.0,0.5535543374717236,0.5516783311417094,0.5592552516981959,0.10710867494344711,0.971,0.012306048677592583,0.02355816395238601,0.014798184078686029,0.0018592608252623018,0.0,0.005,1.0,0.371,1.0,0.0
280,1536042010,174.23701949759842,39.945337150985,1.195516823466136,737,True,False,False,39.19456564944451,0.19415467044945275,17.78031246397816,0.03093067438824519,0.3512982642269103,0.03095831653809117,0.10021654437588821,0.0,0.03090848959982395,0.030936146154999733,0.0011714196298271418,0.47218453188602444,0.31614654002713705,0.0,0.5543019750798083,0.23297445837408304,-0.06380496174097061,0.9592944369063772,7.936688182221495e-05,0.014426031470664942,2.600743252036803e-09,0.0016221395162362758,1.0,0.04206241519674356,1.0,0.451831750339213,0.0,1.0
281,1296415508,192.44183919357607,79.09467194259582,0.9994716725098023,670,True,False,False,28.49591477343928,0.1234575163060149,14.15254332598589,0.11161698699254459,0.6190255694351784,0.11185955919363913,0.13739406736043067,0.0,0.11041975021362305,0.11185836791992188,0.000516245374456048,0.26417910447761195,0.0,0.0,0.545012407757189,0.30417006090283394,-0.06291842460632324,0.9373134328358209,0.008720710843721863,0.01202324771279655,2.6007432527008767e-09,0.0014917487649400035,1.0,0.03880597014925373,1.0,0.15671641791044777,0.0,0.0
282,1951647352,32.70230841767035,-153.71030213476155,1.6641261055243217,1000,False,False,False,31.34328100707913,0.17138231703333365,12.205135646240624,0.022739673103938023,0.4049530414947896,0.022739673103938023,0.09629095954147275,0.004588581795785955,0.020148467272520065,0.022716617211699486,-0.001023735967464745,0.457,0.23,0.0,0.5676851407643407,0.5372093748301268,-0.10007336735725403,0.996,0.0035679707206194722,0.015443627044992194,0.0012155196141280526,0.0016641261055243212,1.0,0.006,1.0,0.337,1.0,1.0
283,460733693,169.4171633407532,15.171247366096551,1.3722591597465663,851,True,False,False,32.04057221484037,0.13948787753809958,16.09217045506979,0.006107361977485916,0.3887156960307043,0.006134666900875596,0.11358612419021405,0.0,0.006005668547004461,0.006033420562744141,0.0011099433759227395,0.500587544065805,0.3501762632197415,0.0,0.549851285800741,0.20862852320075034,-0.0637643039226532,0.954171562867215,0.00227769859338412,0.013497451912986073,2.600743251833515e-09,0.0016125254521111242,1.0,0.038777908343125736,1.0,0.3807285546415981,0.0,1.0
284,1887839194,192.1227603388949,38.25494147128638,1.366678188676085,860,True,False,False,52.00931468165431,0.16947598468356875,33.062068825509755,0.04958325409247931,0.2920500638040377,0.07236172021930892,0.1450617542832313,0.0,1.8024444216280244e-05,0.07234764099121094,0.0014273738488554955,0.6581395348837209,0.5453488372093023,0.0,0.5496206670024887,0.29496854580938814,-0.06378066539764404,0.9476744186046512,0.0027542625254546147,0.03487839482722804,2.600743252267196e-09,0.0015891606845070759,1.0,0.029069767441860465,1.0,0.38953488372093026,0.0,1.0
285,904342164,144.89942403279707,-16.541260700489005,1.4330068473328594,907,True,False,False,24.019625772648038,0.16719079879545154,5.3007657557719,0.07523700001243573,0.46376559235561227,0.07526857235007783,0.11371252179661316,0.0,0.07523298263549805,0.07526455074548721,0.0007780647138133645,0.4046306504961411,0.11797133406835722,0.0,0.559673244645203,0.2653829394513741,-0.06334030628204346,0.9702315325248071,0.006550940006914398,0.018355424876673996,2.600743251833515e-09,0.0015799413972798898,1.0,0.030871003307607496,1.0,0.30760749724366043,0.0,1.0
286,221337892,20.45674989908007,-151.76900805761585,1.5222575795669597,1000,False,False,False,38.91159898911094,0.14365833969634864,22.54585136197086,0.016720430933820807,0.3675994347044646,0.016720430933820807,0.09837236675821595,0.06262531716613413,0.0001695632963674143,0.002530860947445035,0.016527781262993813,0.582,0.339,0.5696101114153862,0.5507428519497626,0.5661983865499497,0.1392202228307724,0.976,0.025007633993413478,0.01333359550939689,0.0003657503257628071,0.0015222575795669588,0.0,0.0,0.0,0.41,1.0,0.0
287,1293998076,128.20342137045225,-621.0280262881868,7.292314476586386,1000,False,False,False,51.14827889761868,0.23994995871828825,25.153369368284768,0.16050078498422884,0.348955758511569,0.16050078498422884,0.08319810851714865,0.0019069008810390716,0.16040506958961487,0.16040506958961487,0.005542168393731117,0.631,0.0,0.0,0.2341614063042216,0.0,-0.05057982727885246,0.391,0.01970335961417409,0.020538974514440513,0.01038136733355578,0.007292314476586391,1.0,0.429,1.0,0.614,1.0,0.0
288,959788703,258.11171556147167,146.72683115960697,0.9868488440186463,635,True,False,False,48.70360779996627,0.16644201736257488,30.06278966019355,0.07315231822011108,0.5842276338536192,0.07317978207953388,0.22779748934367194,0.0,0.0016442298656329513,0.07317008823156357,0.0011910891626030207,0.247244094488189,0.09606299212598425,0.0,0.51902497531067,0.1860390838282183,-0.06372663378715515,0.8944881889763779,0.0028164710036715584,0.0462246812544474,7.802229755934226e-09,0.0015540926677458996,1.0,0.05984251968503937,1.0,0.05826771653543307,0.0,1.0
289,62787811,136.12698392230095,-61.6710739695031,1.7945805789180427,917,True,False,False,27.660994879417775,0.14868715680008748,10.792478039265722,0.11389850707446304,0.3794286600325363,0.1139244569132893,0.10151128553412223,0.0,0.11389446258544922,0.11392040550708771,0.0009607768151909113,0.49073064340239914,0.0,0.0,0.5286665864328416,0.17949628941714763,-0.0635034441947937,0.9214830970556162,0.005492402393304079,0.009720406385171208,2.7047729821150224e-07,0.0019570126269553324,1.0,0.07633587786259542,1.0,0.42748091603053434,0.0,0.0
290,1911790372,229.1387235813803,122.0728837812752,0.9520583980010511,593,True,False,False,54.30117448505625,0.15414211124163996,36.892123963197164,0.0200694057214905,0.4521941329102541,0.020096837623203453,0.16743328341859728,0.0,0.02004270628094673,0.020070170983672142,0.0010349488584324718,0.22596964586846544,0.1551433389544688,0.0,0.5214887353229712,0.12155472096055746,-0.06377648562192917,0.9089376053962901,0.0006124042062361796,0.020334489629243765,7.802229756151066e-09,0.0016054947689731044,1.0,0.06913996627318718,1.0,0.17706576728499157,0.0,1.0
291,1452386286,140.71122168903253,-63.53168304788258,1.8464290473691507,980,True,False,False,31.756460387826056,0.11426273512062773,18.33029244094531,0.11064914928147392,0.39095150485894786,0.11067661980025915,0.10949128547869512,0.0,0.11064519733190536,0.11067266762256622,0.0009353136993013322,0.5540816326530612,0.0,0.0,0.532711830289027,0.2303183805383742,-0.06351540237665176,0.9438775510204082,0.0052798316188780855,0.01149181392084288,5.201486504534392e-09,0.0018841112728256646,1.0,0.05510204081632653,1.0,0.47551020408163264,0.0,0.0
292,861905043,205.31256152973504,87.28452754068182,1.0554803398905328,624,True,False,False,38.914337753856685,0.20395952261466477,16.52216461884746,0.07246090018897484,0.4789809405353645,0.07248817505947067,0.14306751005881668,0.0,0.001165103865787387,0.072484590113163,0.0007209157920442522,0.38621794871794873,0.13942307692307693,0.0,0.5535152553564284,0.2567951183021069,-0.06362660974264145,0.9535256410256411,0.0027887409038396898,0.02483175097545819,0.0,0.0016914749036707256,1.0,0.04487179487179487,1.0,0.2516025641025641,0.0,1.0
293,33557341,117.86585831469856,-66.20194057282154,1.6408779888752012,999,True,False,False,27.168702058284858,0.18596487398798972,6.57230187412715,0.01401387257365111,0.2873049204976813,0.04678917750500463,0.08279914339407521,0.0,0.00013475418381858617,0.04678916931152344,2.7689933631336316e-05,0.5795795795795796,0.4944944944944945,0.0,0.5467540349944628,0.2085066494345665,-0.06335560977458954,0.9619619619619619,0.004771143468704963,0.014470371387174821,5.20148650366703e-09,0.0016425205093845857,1.0,0.03303303303303303,1.0,0.4574574574574575,0.0,1.0
294,1968158754,77.62761865932298,-102.0739974732547,1.5970161613257763,1000,False,False,False,56.7783798954663,0.21280777017483393,33.49768922047791,0.0163110418702077,0.3665426594975058,0.018531188001320958,0.13983486597884176,4.842698527683351e-06,3.2901763916015625e-05,0.018523216247558594,0.0005434966296888888,0.463,0.276,0.0,0.5630154741181759,0.36770337268710135,-0.06360075622797012,0.98,0.003038933379963744,0.03041258623228094,6.423835832514505e-07,0.0015970161613257723,1.0,0.02,1.0,0.243,1.0,1.0
295,1569880741,186.63984281308947,84.45864195728215,0.906012008558073,579,True,False,False,36.4745248873871,0.15261137948499723,19.2193272291643,0.11105229874601337,0.4741833591688258,0.11311419022526137,0.12263136869759526,0.0,0.10406236350536346,0.11311359703540802,0.00036632776027545333,0.2694300518134715,0.0,0.0,0.5554467597220331,0.24071473017334938,-0.06338393688201904,0.9464594127806563,0.005457209785803416,0.016354284575329062,5.20148650366703e-09,0.001564787579547622,1.0,0.055267702936096716,1.0,0.13644214162348878,0.0,0.0
296,2094708717,259.0449015193618,174.46425489969943,0.7436064661966232,511,True,False,False,55.395689547598025,0.16923671057510345,36.483784099721305,0.035768747820186686,0.47099414500774506,0.03577056922308567,0.20351451829429834,0.0,0.00029096603975631297,0.03575162962079048,0.0011638737050816417,0.44227005870841485,0.2720156555772994,0.0,0.53698529372513,0.3112426969408989,-0.06367916613817215,0.9041095890410958,0.004145148143963192,0.03811267082706004,0.0,0.0014551985639855638,1.0,0.04892367906066536,1.0,0.25244618395303325,0.0,1.0
297,626209299,223.75176772172568,140.74014062842988,0.7295162709329569,503,True,False,False,36.798114383346544,0.1446170375381838,20.34916129577924,0.09288997109915713,0.5636061703928847,0.09310782593181556,0.17874423478017296,0.0,0.09286995232105255,0.09309320151805878,0.0016501760110259056,0.32803180914512925,0.1172962226640159,0.0,0.5319401404772243,0.3014800984412432,-0.06374962627887726,0.9145129224652088,0.0041037264312810086,0.02344661295906428,2.600743251833515e-09,0.0014503305585148259,1.0,0.04970178926441352,1.0,0.15109343936381708,0.0,1.0
298,345113150,172.63582739448185,30.906963783363736,1.2674886361111792,749,True,False,False,37.19849792108769,0.18780628210010233,16.418945657756016,0.06438346085261891,0.3612118873181827,0.06441102122636673,0.11511975603030024,0.0,0.06436567008495331,0.06439323723316193,0.0015134906861931086,0.5487316421895861,0.10013351134846461,0.0,0.5484374837616635,0.17031684167683125,-0.06382334977388382,0.945260347129506,0.002232520432167285,0.016001669135339795,2.600743251833515e-09,0.0016922411697078486,1.0,0.04672897196261682,1.0,0.38050734312416556,0.0,1.0
299,286340482,191.9972032309509,36.0229859048878,1.3799421732606314,899,True,False,False,43.06483155997907,0.18500705882649746,22.5643639476442,0.031169527848365887,0.3796818319660418,0.031197353968470443,0.15153960493385357,0.0,0.0012492180103436112,0.03117075003683567,0.0012881136499345303,0.4905450500556173,0.289210233592881,0.0,0.5408847499959941,0.25481549397110936,-0.06372807174921036,0.9443826473859844,0.0038659586809506236,0.03453365808920857,0.0,0.0015349746087437517,1.0,0.03337041156840934,1.0,0.3147942157953281,0.0,1.0
300,588060534,100.42699087194937,-536.6545561152627,6.170815469872118,1000,False,False,False,22.42789116641557,0.15942727290734415,4.485250218176024,0.24318085910493786,0.5353075120542304,0.24318085910493786,0.11148222789193926,0.008103308893826352,0.24306783080101013,0.24306783080101013,0.007413492072373629,0.0,0.0,0.0,0.3027351685188769,0.03096798973158002,-0.04750259593129158,0.527,0.026981998636165443,0.027615389668566855,0.011844247702045788,0.006170815469872122,1.0,0.31,1.0,0.445,1.0,0.0
301,1562456108,220.63744437647978,79.47357270239466,1.2632387167408514,742,True,False,False,49.25256349854683,0.20213044569074956,27.04067329775828,0.029896213889680515,0.41760353208674283,0.030869865072739974,0.15969551684787583,0.0,0.002543544862419367,0.030865956097841263,0.0004912471631541848,0.42318059299191374,0.2803234501347709,0.0,0.5418751722846853,0.27841870866715906,-0.06354252249002457,0.9326145552560647,0.00380744358324447,0.03232937400078051,7.802229756367907e-09,0.0017024780549068075,1.0,0.03504043126684636,1.0,0.2560646900269542,0.0,1.0
302,1581055371,18.004106770156,-99.00066462910353,1.0300477139925932,700,False,True,False,54.97799339412023,0.17622616239122266,35.357137777361466,0.19167939675879375,0.4752320177508549,0.21909025929481502,0.18150169816656478,0.011613174617215425,0.0009104728815145791,0.2148699313402176,-0.04279549419879913,0.1,0.0,0.5104356491938233,0.513241399632243,0.3867840682447422,0.020871298387646675,0.9,0.018626954894422322,0.04207982160943819,0.0012696594489520277,0.0014714967342751369,0.0,0.0,0.0,0.42142857142857143,1.0,0.0
303,939185871,38.182269627887464,-183.33942878628014,2.015216984141678,1000,False,False,False,15.195800753469614,0.17144622178144944,-3.948735082180521,0.3755066332438421,0.7536874016833484,0.3784241873579788,0.1684035841782029,0.014685493727014023,0.1658451110124588,0.37714043259620667,0.031144175678491592,0.0,0.0,0.0,0.5029924661085388,0.36295358143746853,-0.07919012755155563,0.917,0.015317068280232283,0.03664526042528575,0.007833138289270274,0.0020152169841416772,0.0,0.046,1.0,0.242,1.0,0.0
304,1235193594,-112.97437346093356,-127.95161004634843,0.1421723658541487,38,False,False,True,-81.63578865225733,0.13700040201478686,-95.97071966371524,1.6094910382053702,1.7304870323931998,1.8119701366019647,0.7382412102416748,0.6350972918528675,0.7390733361244202,1.006043553352356,1.5070209503173828,0.0,0.0,0.5513059124350548,0.33388727344572544,0.33388727344572544,0.10261182487010956,0.631578947368421,0.11214905285757232,0.11386774883419018,0.0014051295642070472,0.0037413780487933882,0.0,0.0,0.0,0.0,1.0,0.0
305,1550110083,170.50072520257675,56.58673998698974,0.9943398521558705,724,True,False,False,17.419493883828924,0.121853677859924,3.235509380341589,0.07272419576482927,0.5270189216762692,0.07272762443178048,0.13750908555041633,0.0,0.07271166145801544,0.07271508872509003,0.0013502693036571145,0.3632596685082873,0.212707182320442,0.0,0.5354595648429359,0.2612206947966479,-0.06376271694898605,0.9419889502762431,0.002781004342850712,0.018371696008794902,7.802229755934226e-09,0.0013733975858506492,1.0,0.03867403314917127,1.0,0.24585635359116023,0.0,1.0
306,767100266,151.17788436682895,2.7407653853940417,1.3169711898143501,837,True,False,False,36.34487640815594,0.19077924349689787,15.267396370293183,0.016665759781159164,0.3226243019005169,0.01814668976006193,0.08895528561408074,0.0,0.00043964385986328125,0.018143653869628906,0.0003319239476695657,0.5209080047789725,0.4062126642771804,0.0,0.5565615080957932,0.24550312325358392,-0.06355206668376923,0.9629629629629629,0.0030039611854536896,0.011137346415334549,2.600743251833515e-09,0.0015734422817375738,1.0,0.035842293906810034,1.0,0.4838709677419355,0.0,1.0
307,1775315640,133.47240799563008,-9.180863834856538,1.268132718304867,792,True,False,False,14.064875862383703,0.16120315136314867,-4.054740874114116,0.09605320583928387,0.4119739464491673,0.10096549371795838,0.09856268130044138,0.0,0.00024728773860260844,0.10096149146556854,0.0008989787311293185,0.45075757575757575,0.05555555555555555,0.0,0.5505862112140584,0.24205328308045865,-0.06355464458465576,0.9494949494949495,0.004644031817169066,0.020703939679395093,2.600743251833515e-09,0.001601177674627357,1.0,0.03787878787878788,1.0,0.3661616161616162,0.0,0.0
308,253685681,174.36310166483747,30.19200973194181,1.2829109193289565,794,True,False,False,36.771444414898866,0.19568085088486942,15.204043828072598,0.07301572328108799,0.39169503105396536,0.07380545689969419,0.13453952884464143,0.0,0.0007788658258505166,0.07380513846874237,0.00021680355712305754,0.4521410579345088,0.19269521410579346,0.0,0.5619368497458209,0.23719806490466,-0.06321755796670914,0.9634760705289672,0.006432098393827051,0.028006850604647103,2.600743251833515e-09,0.0016157568253513303,1.0,0.036523929471032744,1.0,0.3035264483627204,0.0,1.0
309,1633039757,169.477262300998,18.274369778788397,1.337428925222096,873,True,False,False,37.04843183068685,0.13524708166273083,21.524033089043055,0.0544699800153952,0.4458703545801717,0.05449790922008025,0.10482537978833308,0.0,0.00012302398681640625,0.05447330325841904,0.0016374802216887474,0.4639175257731959,0.20962199312714777,0.0,0.5341243278000499,0.2713765826076269,-0.0638754740357399,0.9392898052691867,0.0015825647849374632,0.015552821788510161,7.802229755934226e-09,0.0015319918960161473,1.0,0.032073310423825885,1.0,0.35624284077892326,0.0,1.0
310,426878082,-55.892069657758164,-195.9426981780294,1.2299062852027132,853,False,True,False,6.390510734753131,0.1536439137655266,-10.973502329041573,0.19296031216578988,0.7504046133216986,0.2148354974716803,0.15339376773423272,0.014502104970029853,0.19261065125465393,0.21059580147266388,-0.04246998205780983,0.07737397420867527,0.0,0.5160995721817017,0.547552707730828,0.3869903929717839,0.03219914436340332,0.9542790152403282,0.020267936761554625,0.03127403667996915,0.0006204268083462652,0.001441859654399429,0.0,0.0,0.0,0.1488862837045721,1.0,0.0
311,931088333,13.916436604922605,-202.78314116392946,1.9669957776885254,1000,False,False,False,15.685866378804926,0.16029299662487465,-2.3433469411876895,0.14716339009994875,0.5528613141443312,0.14716339009994875,0.12639529545735984,0.04674334590232791,0.1471247673034668,0.1471247673034668,-0.0033713842276483774,0.049,0.0,0.0,0.552207223798614,0.512975385338068,-0.0869932547211647,0.994,0.009470572742606811,0.0231213223824161,0.002774740777821102,0.0019669957776885243,0.0,0.005,1.0,0.337,1.0,0.0
312,233020741,95.50146800949297,-384.49552437130666,4.599969923807999,1000,False,False,False,19.367918776481957,0.16204803218578112,1.1632019003986722,0.18085605719278355,0.420177550344107,0.1812903374773229,0.08866828538223331,0.00012597372263341403,0.18078327178955078,0.18121500313282013,0.005225811153650284,0.562,0.0,0.0,0.2585764843002253,0.03023987738415599,-0.04885992780327797,0.441,0.02243230000295531,0.024655274698786898,0.011156426533438023,0.004599969923807997,1.0,0.466,1.0,0.542,1.0,0.0
313,321104617,169.32738489904438,13.451733666615752,1.4013565123242868,787,True,False,False,32.20176802026082,0.13745251601104413,16.45725081150581,0.10853019634744908,0.49635587289504673,0.10855775312525455,0.1106196828566599,0.0,0.10852213203907013,0.10854969173669815,0.001322946511209011,0.39390088945362134,0.0,0.0,0.5190016770033636,0.2841855724155903,-0.06360746920108795,0.9148665819567979,0.005128564589110235,0.013530217495369364,0.0,0.0017806308924069713,1.0,0.05972045743329098,1.0,0.3113087674714104,0.0,0.0
314,1639806757,-106.0482037872658,-121.87846392960327,0.14810260142337464,51,False,False,True,-67.71023435900936,0.13888719424694368,-82.4010417707714,1.6081388697178203,1.692022558729572,1.7617166301244074,0.49382344211866924,0.36561007773814874,0.7576499581336975,1.0026721954345703,1.4485489130020142,0.0,0.0,0.5367783196270466,0.4751044125912492,0.48460650084307416,0.07355663925409317,0.9019607843137255,0.08746331805794917,0.10039359932367764,2.501915008454314e-05,0.0029039725769289156,0.0,0.0,0.0,0.0,1.0,0.0
315,1415609443,201.80004354286936,77.39594362910421,1.0994409991376506,723,True,False,False,53.878576166775176,0.13033939566914823,38.846033854915966,0.010091685101409512,0.4478620261183719,0.010119063536952919,0.1262466961075082,0.0,0.009767246432602406,0.010114002041518688,0.0003200149512849748,0.3665283540802213,0.24481327800829875,0.0,0.5557508677125678,0.27381490662693975,-0.06357226520776749,0.9612724757952974,0.0024983874253248738,0.014060052066438733,7.802229755934226e-09,0.0015206652823480647,1.0,0.040110650069156296,1.0,0.22959889349930843,0.0,1.0
316,1375016442,181.64841180667284,96.78556558831522,0.7492284621835765,497,True,False,False,8.87804268066599,0.11663484440552725,-4.771898546830958,0.27676991104351667,0.7478772541079671,0.276794158044536,0.17227051548249528,0.0,0.276726633310318,0.2767508625984192,0.004895505961030722,0.0,0.0,0.0,0.518970239675141,0.07288512049242854,-0.06299779564142227,0.8953722334004024,0.01607225650129739,0.013716599687995734,2.6007432527008767e-09,0.0015075019359830505,1.0,0.08249496981891348,1.0,0.07645875251509054,0.0,0.0
317,1625242512,34.03536456422857,-144.9757346399597,1.5901109920418803,1000,False,False,False,53.47090677933831,0.1957197495964142,31.89901816219167,0.06915807905237416,0.3107128862244713,0.09781158545840822,0.1191433002424101,0.03290186478799798,0.0014867782592773438,0.09553775936365128,0.02096766047179699,0.559,0.202,0.5699842646718025,0.5635149274403229,0.571413034722209,0.13996852934360504,0.993,0.02035193166599383,0.0316006151441401,0.0012001285781089895,0.001590110992041882,0.0,0.0,0.0,0.467,1.0,0.0
318,924032943,157.5019636470824,-7.9794171038388555,1.476613807509217,891,True,False,False,32.475829150989945,0.14676449074959266,15.799638295141945,0.014011976274921047,0.3996228188725366,0.01449253605699473,0.1195951579201219,0.0,4.4155120122013614e-05,0.014491843990981579,0.0001416301674908027,0.4511784511784512,0.18518518518518517,0.0,0.5609816340593711,0.2715903225541115,-0.06351903825998306,0.9685746352413019,0.0027654814816580613,0.015935785519186306,5.201486504100711e-09,0.0016572545538823952,1.0,0.03254769921436588,1.0,0.30190796857463525,0.0,1.0
319,805957211,134.56305359918628,-17.941164648019836,1.3506421824720614,872,True,False,False,28.2663364113274,0.12838762090631456,13.427886870826642,0.050217975919638676,0.37730250126597276,0.07808069347340975,0.08583726946314459,0.0,0.0002777099725790322,0.07807569205760956,0.0008837437490001321,0.4541284403669725,0.2545871559633027,0.0,0.5497766981401199,0.2558105006814003,-0.0636436939239502,0.966743119266055,0.003147513760550204,0.013538498177253257,5.20148650366703e-09,0.0015489015854037384,1.0,0.034403669724770644,1.0,0.4369266055045872,0.0,1.0
320,353200484,228.99202360631872,125.64191390618248,0.9135010970013666,600,True,False,False,67.55481035254807,0.19195882840907547,46.36373753022318,0.09176330065006923,0.3712567639644811,0.0917909766047015,0.14793536238583055,0.0,0.09176063537597656,0.09178829193115234,0.0007020330522209406,0.5083333333333333,0.25166666666666665,0.0,0.5603600812222188,0.2978897147625685,-0.06355278939008713,0.96,0.004049807497087005,0.02351904380811858,1.3003716260034937e-08,0.0015225018283356094,1.0,0.041666666666666664,1.0,0.375,0.0,1.0
321,1440612902,208.37826256388786,112.85170096021241,0.8504656160367554,524,True,False,False,26.76348710676493,0.18549665956279618,6.224145720287212,0.08081079975357078,0.5805699852214979,0.08083788141104675,0.16887174182497758,0.0,0.08080720901489258,0.0808342918753624,0.0007617926457896829,0.2099236641221374,0.11068702290076336,0.0,0.5341119011170906,0.18660982087254524,-0.06360771507024765,0.9141221374045801,0.0033318541171612204,0.02877584948152346,2.600743252267196e-09,0.0016230259848029685,1.0,0.0648854961832061,1.0,0.06297709923664122,0.0,1.0
322,1072951446,-1.3581934590358125,-172.11564277795776,1.507574493189219,1000,False,False,False,10.564356196666584,0.13999932498460615,-5.435489959299189,0.09139611822749995,0.533310577559754,0.09139611822749995,0.1034087773838412,0.0570658655299358,0.06619568169116974,0.06619568169116974,0.06301890313625336,0.384,0.009,0.6015166193246841,0.5550360904200934,0.5870252498984336,0.2030332386493683,0.991,0.008298879390843898,0.016643602442218998,0.0015493433782753857,0.0015075744931892208,0.0,0.0,0.0,0.311,1.0,0.0
323,1717708834,165.92070122947914,18.32760181985914,1.3163309940961998,798,True,False,False,38.330264080328526,0.20154478202640042,16.176443407252624,0.02784430847442447,0.36610622751919036,0.027872026438567128,0.09698140246885932,0.0,0.00023593902005814016,0.027832603082060814,0.0014819120988249779,0.43358395989974935,0.2731829573934837,0.0,0.5548715523215371,0.29243730634450915,-0.06387653201818466,0.968671679197995,0.00013337390603472711,0.019747783715672443,5.201486504046501e-09,0.001649537586586716,1.0,0.03258145363408521,1.0,0.39974937343358397,0.0,1.0
324,324576056,162.88280242588394,12.637749180182226,1.329850532457015,863,True,False,False,22.568019502737574,0.12855761378604683,7.712600263409882,0.06068553257020258,0.5362606694156511,0.06072375994380399,0.13032974559368088,0.0,0.060683440417051315,0.06072349473834038,0.00017946719890460372,0.3302433371958285,0.13904982618771727,0.0,0.5331482324179431,0.28950900804251434,-0.06354027986526489,0.9501738122827347,0.0020440775656226443,0.015183722448411527,2.600743251833515e-09,0.001540962378281594,1.0,0.031286210892236384,1.0,0.14947856315179606,0.0,1.0
325,1043075022,232.10986797797955,-117.41120250349351,3.322810704814733,862,True,False,False,55.811898831673616,0.2523036504395161,28.581879382951453,0.15738978459458305,0.3929025317755216,0.15739837555927305,0.10619005147453489,0.0,0.15732049942016602,0.15732908248901367,0.0046699498780071735,0.511600928074246,0.0,0.0,0.31807045768832964,0.03011609084671363,-0.06398380547761917,0.5359628770301624,0.008257662811785717,0.02573514917525208,5.201486505401753e-09,0.0038547687990890178,1.0,0.4176334106728538,1.0,0.46751740139211134,0.0,0.0
326,1970269961,177.85574299283314,8.06172793018547,1.503740150626477,971,True,False,False,55.1352092357126,0.2116073678329525,31.974588011463855,0.024543985147043586,0.4065248391869903,0.02457172326491173,0.13988061314621028,0.0,0.024543095380067825,0.024570846930146217,-0.00020752190903294832,0.4654994850669413,0.18331616889804325,0.0,0.5642873789428375,0.2721687825024128,-0.06340418010950089,0.972193614830072,0.0033802910096728494,0.03065450503225642,2.600743251833515e-09,0.001548651030511306,1.0,0.028836251287332648,1.0,0.2945417095777549,0.0,1.0
327,110878897,196.89834641972556,86.81663018733029,0.9776171623239528,616,True,False,False,29.14419935877661,0.14948721796031295,12.199573090446533,0.048600741800704436,0.5139993919722092,0.04862782656980725,0.13876069914249733,0.0,0.04859762266278267,0.04862470552325249,0.0005509352777153254,0.24025974025974026,0.1396103896103896,0.0,0.5056205946882558,0.17924164038151502,-0.06364628672599792,0.8831168831168831,0.0012459796003690604,0.01735639057680795,2.6007432520503554e-09,0.001587040847928496,1.0,0.06655844155844155,1.0,0.11201298701298701,0.0,1.0
328,176865162,217.87455533631157,98.83670840133388,1.0627784693497762,638,True,False,False,38.56106440727681,0.18585976405414734,17.978371102147786,0.09783225895039742,0.5112437874290721,0.09785953625883871,0.17718970295917497,0.0,0.0003487587091512978,0.09785909950733185,0.0002923703286796808,0.23824451410658307,0.05329153605015674,0.0,0.5446374242640681,0.21916438415646552,-0.06343993544578552,0.9278996865203761,0.004460437548778476,0.03829795970370028,2.600743251833515e-09,0.0016657969739024697,1.0,0.05172413793103448,1.0,0.12225705329153605,0.0,1.0
329,548674510,32.126185525162164,-146.52484048726254,1.5865102601242485,1000,False,False,False,15.245203978549455,0.19685083209710105,-6.4397928886658145,0.07509522346089925,0.6456047891558836,0.07509522346089925,0.14736781561132464,0.020840078740509856,0.07382135093212128,0.07382135093212128,0.013773188926279545,0.252,0.098,0.5788912400603294,0.5636703392243944,0.5619497013092041,0.15778248012065887,0.993,0.0018115145527253856,0.02869993638910881,0.00416241935480702,0.0015865102601242463,0.0,0.004,1.0,0.217,1.0,0.0
330,1188201133,250.42979280785636,154.74175839308307,0.8442803441477356,563,True,False,False,58.6204026054301,0.1757246636552305,39.054912851641255,0.08640566668019027,0.42061783532865266,0.08643341739609324,0.20272713496912656,0.0,0.0006793976062908769,0.08642502129077911,0.0012047147611156106,0.4404973357015986,0.09591474245115453,0.0,0.5340002983499179,0.2035894726216793,-0.06334739178419113,0.9094138543516874,0.007247508125264549,0.04185046601813476,0.0,0.0014996098475092987,1.0,0.06039076376554174,1.0,0.36589698046181174,0.0,1.0
331,1768873092,171.6702999228611,38.15788786593497,1.1913241205692628,719,True,False,False,14.565203718750901,0.18696827649845377,-6.130169360139434,0.10268813767647128,0.5913470839853232,0.10751642718638142,0.14144447854148573,0.0,0.10160007327795029,0.1075124740600586,0.000921974191442132,0.30180806675938804,0.0,0.0,0.5559148889615282,0.23174390487372876,-0.0630662739276886,0.9582753824756607,0.008487914414117734,0.02611292292144169,5.20148650366703e-09,0.0016569181092757472,1.0,0.04172461752433936,1.0,0.16133518776077885,0.0,0.0
332,1913795861,-101.12288558511064,-116.68345205749634,0.145205664723857,52,False,False,True,-63.27570934361874,0.13861704843979747,-77.95148129479546,1.5591502316333299,1.5737905530564313,1.5591502316333299,0.5821747334218151,0.5114913253357939,0.7240917086601257,1.003919243812561,1.1929357051849365,0.0,0.0,0.5955507159233093,0.5567975491464424,0.5687926551699638,0.19110143184661865,0.9807692307692307,0.10794652223958924,0.11303161768089211,0.0006300456572638918,0.002792416629304941,0.0,0.0,0.0,0.0,1.0,0.0
