episode,reset_seed,task_return,train_return,variation,length,success,crash,out_of_bounds,discounted_task_return,discounted_variation,discounted_train_return,min_distance_to_pad,mean_distance_to_pad,final_distance_to_pad,mean_speed,final_speed,min_abs_x,final_abs_x,final_y,near_pad_fraction_0p2,near_pad_fraction_0p1,final_m_power,mean_m_power,last50_mean_m_power,final_main_cmd,positive_main_fraction,final_theta_abs,mean_theta_abs,final_theta_variation,mean_theta_variation,final_both_legs_contact,both_legs_contact_fraction,ever_both_legs_contact,low_velocity_fraction,final_lander_awake,landing_candidate
0,464507548,152.7289966805838,138.88899668058357,1.278131732553786,692,True,False,False,5.846147753979232,0.15465842104131203,3.8480557815994416,0.031004302424952113,0.47269344419710196,0.031006548371712298,0.10585159042693319,0.0,0.02791004255414009,0.030994797125458717,-0.0008535766392014921,0.3627167630057804,0.2239884393063584,0.0,0.5401368204415425,0.22578538765199482,-0.06750304996967316,0.9450867052023122,0.001963716062052981,0.012453660986347844,0.0,0.001847011174210674,1.0,0.046242774566473986,1.0,0.21676300578034682,0.0,1.0
1,172674724,197.5685003845486,183.7885003845494,1.2929386252822077,689,True,False,False,67.29429170097025,0.21264138931957788,65.29625813360609,0.10082911008632738,0.357449127634769,0.1008350448117455,0.10497884127086889,0.0,0.10082273185253143,0.10083083808422089,-0.0009210610296577215,0.49782293178519593,0.0,0.0,0.5469297296516273,0.11508352124132216,-0.07016996294260025,0.941944847605225,0.004339705520439809,0.010142911263371582,2.600743251833515e-09,0.0018765437231962367,1.0,0.059506531204644414,1.0,0.42525399129172714,0.0,0.0
2,163903425,237.73577056621576,228.31577056621592,0.928328371693697,471,True,False,False,29.458475803154304,0.2058095916532424,27.47606340604333,0.07551290991310823,0.6115808189597943,0.07553980638701106,0.23447998562035693,0.0,0.0020301819313317537,0.07553978264331818,-5.989313285681419e-05,0.23779193205944799,0.12314225053078556,0.0,0.47598264200678775,0.13010723414830863,-0.06990949809551239,0.8067940552016986,0.003093980386543315,0.038084357832180046,5.20148650366703e-09,0.001970973188309336,1.0,0.1337579617834395,1.0,0.07218683651804671,0.0,1.0
3,1019325551,-107.43822903088294,-108.43822903088292,0.21564895952348895,50,False,False,True,-70.45796194710502,0.20533052653528416,-71.24794981282994,1.5775918606542325,1.6956691570362663,1.7552893147805824,0.6939056225426293,0.5528799451962024,0.6701470017433167,1.0038374662399292,1.4399135112762451,0.0,0.0,0.5935492217540741,0.4015629377309233,0.4015629377309233,0.1870984435081482,0.72,0.11893108385670333,0.12636175541123135,0.0016171837660046012,0.004312979190469778,0.0,0.0,0.0,0.0,1.0,0.0
4,1629015762,218.0171695634722,206.41716956347273,1.0769855042840921,580,True,False,False,36.97515317375459,0.20997937326969043,34.98103406112888,0.019082043931674737,0.5534044119568519,0.019108843301882276,0.13914429521132846,0.0,0.019074534997344017,0.019101332873106003,0.000535700295586139,0.2620689655172414,0.1310344827586207,0.0,0.5329602033670606,0.2839819204807281,-0.0680948868393898,0.9120689655172414,0.0014558291033479375,0.01917138469971929,7.802229756151066e-09,0.001856871559110504,1.0,0.04827586206896552,1.0,0.07413793103448275,0.0,1.0
5,1449951718,194.1757911827416,179.85579118274217,1.1974423402786232,716,True,False,False,47.64421742142211,0.15508181282172484,45.64571651701527,0.09728968585194268,0.50142083113129,0.09731705664767683,0.13361180690420926,0.0,0.09728431701660156,0.09731169044971466,0.001021966920234263,0.3128491620111732,0.04888268156424581,0.0,0.5535154262058145,0.1627419589459896,-0.06615588068962097,0.9497206703910615,0.005133345080300373,0.009803145657893265,0.0,0.0016724055031824352,1.0,0.051675977653631286,1.0,0.2011173184357542,0.0,1.0
6,1892108963,-65.49377461299298,-67.01377461299302,0.17918766265110617,76,False,False,True,-22.978672973488145,0.15689820425600942,-24.046911423148554,1.3850876823887857,1.4707259030299575,1.3850876823887857,0.37822059583198897,0.2604362297002728,0.7975080609321594,1.001516342163086,0.9567825794219971,0.0,0.0,0.5664080083370209,0.6116285140773183,0.5900013782083988,0.13281601667404175,1.0,0.06899568989663274,0.08205375457292907,0.002025365217924291,0.0023577324033040277,0.0,0.0,0.0,0.0,1.0,0.0
7,1353470719,238.24816187794775,227.14816187794844,1.0238437812018295,555,True,False,False,50.16751290639404,0.22117027597621972,48.17507362365019,0.11721636001736237,0.538206645080839,0.12081006817617396,0.19229139933800904,0.0,0.00019893646822310984,0.12080993503332138,0.00017935990763362497,0.24324324324324326,0.0,0.0,0.5416710679490656,0.1628294661641121,-0.0707172378897667,0.9279279279279279,0.005276364503030222,0.037304680670063185,1.0402973008201422e-08,0.001844763569733026,1.0,0.06846846846846846,1.0,0.0990990990990991,0.0,0.0
8,676069518,201.18638232207445,190.20638232207477,1.0011541468785972,549,True,False,False,27.707195976003185,0.15531454063767597,25.715226646921707,0.028084954613329997,0.5223628099207652,0.028116888638707302,0.14154877409353975,0.0,0.028061771765351295,0.028093814849853516,-0.0011388564016669989,0.26958105646630237,0.18579234972677597,0.0,0.5298877035710093,0.2587365025654435,-0.06876878440380096,0.9180327868852459,0.0008504426370478423,0.014710316246004454,7.802229756151066e-09,0.0018235958959537289,1.0,0.052823315118397086,1.0,0.08743169398907104,0.0,1.0
9,1315085260,158.82841411083947,141.8084141108391,1.5122999269698056,851,True,False,False,28.570036697862296,0.22800618451751287,26.570422691901584,0.01799428289617133,0.4290032922242852,0.0179979898910204,0.1090163204397166,0.0,0.016468143090605736,0.01793651655316353,0.0014862752286717296,0.44535840188014103,0.3078730904817861,0.0,0.5569633327941076,0.2937353689223528,-0.06833194941282272,0.9706227967097533,0.00143690642053907,0.019021718954205114,5.20148650388387e-09,0.001777085695616694,1.0,0.03055229142185664,1.0,0.26674500587544064,0.0,1.0
10,1377954153,192.1818682022393,183.38186820223933,0.7226540395544282,440,True,False,False,17.45932587745932,0.15139587580971967,15.483342703842714,0.17023063309173853,0.6329362337089663,0.17023769647447032,0.16821288389617423,0.0,0.17023038864135742,0.1702374517917633,-0.0002886319125536829,0.1409090909090909,0.0,0.0,0.529358324628662,0.1747777843475342,-0.07135504484176636,0.9090909090909091,0.00768168660673153,0.007375329115622868,1.0402973008201422e-08,0.0016423955444418827,1.0,0.08409090909090909,1.0,0.07954545454545454,0.0,0.0
11,681462722,217.44840600839652,206.92840600839688,1.1007801635312862,526,True,False,False,25.83494350966048,0.20044015873647628,23.845062620523343,0.0019630708294183876,0.5690543033041758,0.004898089464195235,0.19400863790019668,0.0,0.0002827644348144531,0.004571151919662952,0.0017595029203221202,0.24524714828897337,0.1844106463878327,0.0,0.5000859383928725,0.0652906640060246,-0.06869655102491379,0.8859315589353612,0.000811725616074544,0.03148465261775214,2.6007432520503554e-09,0.0020927379534815336,1.0,0.0779467680608365,1.0,0.06273764258555133,0.0,1.0
12,1906037396,-78.8505386441946,-80.2305386441946,0.18007413639153363,69,False,False,True,-39.40468639943645,0.16213206290745627,-40.40501233963805,1.4395044535714734,1.4962248093457189,1.4395044535714734,0.5231915887189139,0.3581541256313263,0.6877910494804382,1.0011669397354126,1.0343296527862549,0.0,0.0,0.5929222255945206,0.5893941139397414,0.6008094173669815,0.18584445118904114,0.9855072463768116,0.08718927774148272,0.10918537407550827,0.0012784525618871473,0.0026097700926309224,0.0,0.0,0.0,0.0,1.0,0.0
13,1887175263,218.39462765809148,203.07462765809254,1.5036684252566042,766,True,False,False,63.97438037300392,0.28690116760796885,61.975287334933086,0.025708522347637153,0.3735962212990708,0.02574485684676609,0.16215041632317473,0.0,0.0015872002113610506,0.0257447250187397,-8.238792361225933e-05,0.36945169712793735,0.20234986945169714,0.0,0.5529466472522359,0.26992529675364496,-0.0678008645772934,0.9634464751958225,0.001746198511415172,0.034507391398743995,5.201486504100711e-09,0.0019630136099955697,1.0,0.03655352480417755,1.0,0.12663185378590078,0.0,1.0
14,297761393,-109.87168946983293,-111.03168946983291,0.1492875208549458,58,False,False,True,-66.4124593066263,0.13582454693212817,-67.29592702953057,1.5621872386567817,1.660559365178457,1.6798601921653211,0.6799775946978326,0.6027977215842889,0.6311994791030884,1.0051387548446655,1.3459666967391968,0.0,0.0,0.5657522454857826,0.35069536480346114,0.40680662317201494,0.13150449097156525,0.6551724137931034,0.11541102987994509,0.11040282478512284,0.0006080121604326999,0.0025739227733611344,0.0,0.0,0.0,0.0,1.0,0.0
15,241769223,52.63150166519909,32.63150166519974,2.870979862384953,1000,False,False,False,46.49211264080924,0.19958456322551898,44.49219898330413,0.1780445782439098,0.4553442609886477,0.1780445782439098,0.1443534592452209,0.046546413797087634,0.0019459724426269531,0.17802754044532776,0.002463064156472683,0.212,0.0,0.5857515037059784,0.5452459542271682,0.5763581369072199,0.1715030074119568,0.974,0.008027735652174392,0.027055846026333912,0.00031660928201568926,0.002870979862384952,0.0,0.0,0.0,0.458,1.0,0.0
16,233261862,211.52964106685687,199.08964106685747,1.4478908800770112,622,True,False,False,29.219487221334873,0.14770164482130413,27.223343079366927,0.11612355594081618,0.6122975822116835,0.11613242171145743,0.15007567631773638,0.0,0.11611805111169815,0.11612691730260849,0.0011306857923045754,0.19614147909967847,0.0,0.0,0.4253359193008659,0.0,-0.07083534449338913,0.747588424437299,0.005024345004771617,0.017611009249591653,5.201486504534392e-09,0.0023277988425675425,1.0,0.16881028938906753,1.0,0.07717041800643087,0.0,0.0
17,1516995425,23.973429671418906,3.9734296714191633,2.464933831315075,1000,False,False,False,23.6525419134588,0.211522175867245,21.652628255953697,0.11611337058183357,0.4856811110602412,0.1409982084698036,0.10850530836946688,0.061161999955976015,0.11605854332447052,0.14055109024047852,-0.01121988520026207,0.393,0.0,0.0,0.5324469089789782,0.061030827122740446,-0.05837441235780716,0.932,0.01693694901698924,0.020255163835911003,0.006746652438487823,0.0024649338313150705,0.0,0.032,1.0,0.384,1.0,0.0
18,956231059,38.6383211871609,18.638321187161264,1.7675558392812214,1000,False,False,False,41.43926245991578,0.15115690287814235,39.439348802410656,0.031710556609251116,0.3157818818816552,0.03171379946083017,0.10177915919606943,1.0833711849914062e-07,1.1444091796875e-05,0.03169546276330948,0.001078293309547007,0.546,0.356,0.0,0.5605220404397696,0.36133328258991243,-0.0693180188536644,0.981,0.000947096009080491,0.01364535568060733,5.201486504068185e-08,0.001767555839281223,1.0,0.02,1.0,0.418,1.0,1.0
19,1399996587,187.19377705485093,168.65377705485187,1.7084253229042192,927,True,False,False,38.31789187036483,0.276091160311206,36.318071697567156,0.05360765904415341,0.44444857558419176,0.0536352983473253,0.15232335352129336,0.0,0.0008562087896279991,0.05361032485961914,0.0016365504125133157,0.39050701186623515,0.14778856526429343,0.0,0.5443744152955643,0.19668115802109243,-0.06749245524406433,0.9385113268608414,0.0031263154273958103,0.02908079366317659,5.201486504100711e-09,0.001842961513381036,1.0,0.036677454153182305,1.0,0.2535059331175836,0.0,1.0
20,908945483,151.5849570213817,131.90495702138176,1.7297848550017705,984,True,False,False,23.973194466750474,0.2530380974345021,21.973295872243135,0.10122942749836696,0.4868380429827741,0.10125689391342295,0.1330197192989047,0.0,0.10122041404247284,0.1012478843331337,0.0013507342664524913,0.3404471544715447,0.0,0.0,0.5464609467445275,0.23313978284597398,-0.0661158636212349,0.9522357723577236,0.005329170644205262,0.028094693387465258,5.20148650366703e-09,0.001757911438009928,1.0,0.031504065040650404,1.0,0.3485772357723577,0.0,0.0
21,988018957,222.33001549332414,212.2500154933246,0.9058916080838625,504,True,False,False,41.794557130601504,0.23554444686661657,39.80718029019015,0.04250784160984162,0.4703178333094195,0.04253168287702586,0.15752483312579044,0.0,0.029046153649687767,0.042531680315732956,-1.4760494195797946e-05,0.3353174603174603,0.17063492063492064,0.0,0.5421009875736051,0.28431668370962143,-0.06930006295442581,0.9285714285714286,0.0015039160333457152,0.026868797364365114,5.201486504100711e-09,0.0017974039842933776,1.0,0.05357142857142857,1.0,0.12698412698412698,0.0,1.0
22,1811609170,198.7512802489101,188.29128024891054,0.909774903603788,523,True,False,False,26.400086624820343,0.1897493422253376,24.410515483206165,0.1807772032914515,0.5867572258466022,0.1808041030940997,0.16687667011033344,0.0,0.0011075973743572831,0.1808023452758789,0.0007972693420015275,0.12045889101338432,0.0,0.0,0.537418158586007,0.21947267770767212,-0.07170745730400085,0.9216061185468452,0.0081709280243305,0.02618316852138002,2.6007432527008767e-09,0.0017395313644431882,1.0,0.06309751434034416,1.0,0.13193116634799235,0.0,0.0
23,1520953939,193.77541713267567,178.73541713267622,1.302400314190638,752,True,False,False,37.53264845929711,0.13320345276946402,35.5336924492835,0.052209613167642555,0.4800523751368423,0.05223650528950556,0.13022254269908962,0.0,0.0004051208379678428,0.052235983312129974,-0.0002335214667255059,0.3803191489361702,0.18218085106382978,0.0,0.5285467924153868,0.1786195221915841,-0.06944184005260468,0.9281914893617021,0.0019772212341214158,0.018104347484483176,2.600743251833515e-09,0.0017319153114237224,1.0,0.04521276595744681,1.0,0.1981382978723404,0.0,1.0
24,1762306363,210.6054386694056,197.08543866940573,1.178230695368562,676,True,False,False,32.306505036488645,0.2023455430624075,30.30874593167441,0.03366731076943881,0.5641878167399804,0.03369458398744871,0.16431340561995633,0.0,0.0336667075753212,0.03369398042559624,0.00020167589536868036,0.1937869822485207,0.1227810650887574,0.0,0.46434786917796145,0.1540090238302946,-0.06917035579681396,0.834319526627219,0.0010727420605206428,0.03143104568148777,2.6007432520503554e-09,0.0017429448156339683,1.0,0.09763313609467456,1.0,0.05029585798816568,0.0,1.0
25,1960256931,214.40261459806942,199.2626145980703,1.4010353235194535,757,True,False,False,57.93996016590006,0.21690695614118227,55.940952989989356,0.041031373277540285,0.4081200623330743,0.04105769234321768,0.13759072082331394,0.0,9.374618821311742e-05,0.041057586669921875,-9.315252100350335e-05,0.42668428005284015,0.24834874504623514,0.0,0.5516476717050455,0.2629819452762604,-0.06925429403781891,0.964332892998679,0.0014357698957379328,0.02230139400560595,2.6007432520503554e-09,0.0018507732146888394,1.0,0.036988110964332896,1.0,0.2906208718626156,0.0,1.0
26,261608047,-80.70392152480781,-82.06392152480781,0.16311150633530241,68,False,False,True,-39.86680176191862,0.1452310778533166,-40.857029984344486,1.45615841235639,1.5132926760275638,1.45615841235639,0.4337109304394888,0.29195921455795387,0.7537387609481812,1.0000760555267334,1.0584163665771484,0.0,0.0,0.5700482204556465,0.589253896902151,0.5850222700834274,0.14009644091129303,1.0,0.07636466183436849,0.09397368842068932,0.00046778008428322027,0.002398698622577975,0.0,0.0,0.0,0.0,1.0,0.0
27,628052497,36.18702873912846,16.18702873912899,3.353300884790891,1000,False,False,False,27.662661209949547,0.2267897928568142,25.66274755244427,0.13186919694529162,0.43312164882552306,0.17799202890946628,0.13795456314770116,0.041861397737567654,0.0003371238708496094,0.17799024283885956,0.0007973766187205911,0.513,0.0,0.541919406503439,0.5250139495621988,0.5332121472805739,0.0838388130068779,0.945,0.007628961088597302,0.027526018368821747,0.02590478573544811,0.0033533008847908916,0.0,0.048,1.0,0.44,1.0,0.0
28,2107186230,178.66132915432092,165.64132915432126,1.2387052176056297,651,True,False,False,27.822811609770806,0.1992326570138996,25.82569259929213,0.051126577870218626,0.38359838123216744,0.061259084078617514,0.1182165340136221,0.0,2.6798248654813506e-05,0.061258889734745026,-0.00015430689381901175,0.5192012288786483,0.4362519201228879,0.0,0.538890085257833,0.23087564963847398,-0.0668901652097702,0.9339477726574501,0.0034105958453242284,0.020284858392546044,5.201486504100711e-09,0.0019027729917137158,1.0,0.047619047619047616,1.0,0.34715821812596004,0.0,1.0
29,1280894744,47.4789587738547,27.478958773855037,10.184640422341072,1000,False,False,False,46.43194513322365,0.22754400637509087,44.43203147571853,0.5214590885864379,0.7223748266982605,0.6774300071449427,0.08959745444886183,0.005239939665284525,0.5099525451660156,0.6774015426635742,0.006210038438439369,0.0,0.0,0.0,0.31701069935082343,0.12102901828009635,-0.086961530148983,0.567,0.03242660782091277,0.043889598539933926,0.005445157941573506,0.010184640422341079,0.0,0.277,1.0,0.537,1.0,0.0
30,1308163710,-16.284223864646634,-23.624223864646723,0.6944627171685674,367,False,True,False,12.554336350595081,0.13203201254099062,10.604356664514459,0.5471201280309735,1.008168351217782,0.5475458287574541,0.19506383796690666,0.010480438800408347,0.5326417684555054,0.5333384275436401,0.12392157316207886,0.0,0.0,0.0,0.5213606201495458,0.35327855084091425,-0.089235320687294,0.9182561307901907,0.02951148672457682,0.023427890515555782,0.008205383971305026,0.0018922689841105365,0.0,0.013623978201634877,1.0,0.04087193460490463,1.0,0.0
31,12673048,203.1030600683764,189.12306006837755,3.432643952724655,699,True,False,False,30.735819831405163,0.20923376706063232,28.73759823783281,0.1385311845057018,0.4145150554211427,0.13854273843596937,0.11263249777871237,0.0,0.1384604424238205,0.13847199082374573,0.004426977597177029,0.49356223175965663,0.0,0.0,0.3799108382719482,0.0,-0.07183194905519485,0.6509298998569385,0.006028543664152729,0.015791458527882222,5.201486504534392e-09,0.0049107924931683184,1.0,0.2675250357653791,1.0,0.4234620886981402,0.0,0.0
32,889932132,233.78968037760495,222.14968037760576,1.1322822323208037,582,True,False,False,55.68873542700074,0.22311216527526934,53.69449928471617,0.03620453354877884,0.5150613445718137,0.03623171326268159,0.1684874812874403,0.0,0.03620452806353569,0.03623170778155327,1.9929408153984696e-05,0.22336769759450173,0.15120274914089346,0.0,0.4854077031569929,0.16834416246041656,-0.06918245553970337,0.845360824742268,0.0012005464850402998,0.029792376883113536,0.0,0.0019455021173896952,1.0,0.10309278350515463,1.0,0.05670103092783505,0.0,1.0
33,1075134211,228.9363672574051,219.15636725740535,0.9080589611234522,489,True,False,False,39.2587389161963,0.18644389338510195,37.27341601283803,0.029706290350945776,0.575932452698356,0.029733373293081657,0.15267063649498686,0.0,0.029706288129091263,0.02973337098956108,1.1703968084475491e-05,0.27607361963190186,0.1983640081799591,0.0,0.5219317410000294,0.21941716864705085,-0.06904933601617813,0.8875255623721882,0.000889450941265368,0.01738993005370213,7.802229756042646e-09,0.0018569712906410041,1.0,0.06339468302658487,1.0,0.11451942740286299,0.0,1.0
34,865824620,-37.759511191106846,-44.79951119110699,0.5395927350985295,352,False,True,False,15.478947602129724,0.14788245982911064,13.537106811501356,0.5707637445674867,0.9305142874509652,0.5722626514210136,0.19328248468537793,0.03808034314734557,0.34873589873313904,0.537341296672821,0.1968473345041275,0.0,0.0,0.5067587047815323,0.5361327412581225,0.42596184376860036,0.013517409563064575,0.9318181818181818,0.08236462853166791,0.043988580347806186,0.001138714626955542,0.001532933906529913,0.0,0.0,0.0,0.09659090909090909,1.0,0.0
35,1400560478,174.70999783740842,159.04999783740863,1.3792411752841098,783,True,False,False,26.91892767175652,0.13794731060963286,24.919692189141326,0.04161326069608607,0.47235521505568495,0.041640810565140886,0.12421145025563637,0.0,0.041594408452510834,0.04162197187542915,0.0012524223420768976,0.41379310344827586,0.13026819923371646,0.0,0.5390241504685495,0.2167164047807455,-0.06770992279052734,0.9425287356321839,0.002547321709983454,0.014780884754662417,7.802229755934226e-09,0.0017614829824828997,1.0,0.04086845466155811,1.0,0.23499361430395913,0.0,1.0
36,1099137468,-108.56105038748065,-109.40105038748062,0.13839215432840346,42,False,False,True,-75.5088235158753,0.1295714818532519,-76.19750507472702,1.5998443105332618,1.703347217320895,1.7440067048630994,0.7139236073718057,0.6268511297965049,0.7181223034858704,1.0022060871124268,1.4272849559783936,0.0,0.0,0.5256371237337589,0.2689633379209443,0.2689633379209443,0.05127424746751785,0.5238095238095238,0.11223606332381225,0.10904534183659338,0.00038530531427483083,0.0032950512935334144,0.0,0.0,0.0,0.0,1.0,0.0
37,308651950,154.21272761117143,137.93272761117117,1.8697893378336186,814,True,False,False,18.057520502943518,0.1686765112953333,16.058080361600563,0.13329082373648468,0.49065306075470083,0.1333980872993791,0.12066489740949232,0.0,0.13328838348388672,0.133396714925766,-0.0006050968077033758,0.3832923832923833,0.0,0.0,0.5135008624199013,0.05701746143400669,-0.0707554891705513,0.9201474201474201,0.005905761925038556,0.01752559445830196,5.201486504534392e-09,0.002297038498567099,1.0,0.07371007371007371,1.0,0.2936117936117936,0.0,0.0
38,2135886441,212.70980118140585,199.52980118140647,1.2147386019284578,659,True,False,False,54.92870022840964,0.1664926840056259,52.93135864620512,0.007528119034590342,0.4351331263535511,0.007546298132871768,0.14773924335747785,0.0,8.096695091808215e-05,0.007502746768295765,0.0008095717639662325,0.44157814871016693,0.26403641881638845,0.0,0.5640747189770519,0.26274979174137114,-0.06875447928905487,0.9575113808801214,0.0002012623973549521,0.016355304499216527,1.3003716260143357e-08,0.0018433059209840028,1.0,0.04400606980273141,1.0,0.1426403641881639,0.0,1.0
39,2123588507,220.66548579903323,207.1254857990339,1.3054196646850547,677,True,False,False,60.98561015379395,0.23615121722826066,58.98782864002792,0.02761427581224573,0.40599135924804086,0.05019834396773,0.14041745303593584,0.0,8.554458327125758e-05,0.050180625170469284,0.0013336396077647805,0.43870014771048743,0.30428360413589367,0.0,0.5429784753311706,0.1265223998390138,-0.06751230359077454,0.9423929098966026,0.002952991494107489,0.023655203891558375,0.0,0.001928241749904071,1.0,0.05760709010339734,1.0,0.23338257016248154,0.0,1.0
40,1731118266,189.0204336413648,173.6004336413652,1.38306104788031,771,True,False,False,31.839363646528344,0.25316250394806084,29.84022615829854,0.032477632981028896,0.4369218220270926,0.032504716199663525,0.14583381113358482,0.0,0.0016315460670739412,0.03250284120440483,0.0003491258539725095,0.35019455252918286,0.13359273670557717,0.0,0.5386489664238241,0.15762110397219659,-0.06773333251476288,0.9299610894941635,0.002081879368790908,0.030271241126198455,2.600743251833515e-09,0.0017938534991962533,1.0,0.04928664072632944,1.0,0.20103761348897536,0.0,1.0
41,4716089,-116.39798177630873,-117.37798177630873,0.2168805258860284,49,False,False,True,-76.7961134667292,0.20828986939100783,-77.57387898766346,1.580702921349176,1.6749069739347606,1.7321454663640292,0.6609258149402114,0.5990515261968853,0.6888719797134399,1.0028026103973389,1.4123437404632568,0.0,0.0,0.5929877758026123,0.4499637814005837,0.4499637814005837,0.1859755516052246,0.8163265306122449,0.12455172694920759,0.12605881180575582,0.0015039578077842147,0.004426133181347521,0.0,0.0,0.0,0.0,1.0,0.0
42,954698821,-64.65466163381934,-66.89466163381937,0.24833524115514394,112,False,False,True,-14.724775082052687,0.20472902334018855,-16.075884022325837,1.3991961544475973,1.4845541300307572,1.3991961544475973,0.30512796788354113,0.08445053680458418,0.7265461087226868,1.0001181364059448,0.97852623462677,0.0,0.0,0.572418712079525,0.6114328995879207,0.6090287856757641,0.14483742415905,1.0,0.06453366231844855,0.09462889775505563,0.0014885978181377046,0.0022172789388852135,0.0,0.0,0.0,0.0,1.0,0.0
43,722439037,245.23248870361158,231.1724887036113,1.357280477746878,703,True,False,False,81.9146751446248,0.2521533841444214,79.91638347474343,0.011987874521318075,0.24443047231353557,0.012014861701193183,0.16342986112791374,0.0,6.0749054682673886e-05,0.012014579959213734,-8.228063234128058e-05,0.7268847795163584,0.6088193456614509,0.0,0.5528689490052955,0.23113794811069965,-0.0686580166220665,0.957325746799431,4.59434299187449e-05,0.030719247700705166,0.0,0.001930697692385317,1.0,0.04267425320056899,1.0,0.4182076813655761,0.0,1.0
44,143133740,207.23740512924257,197.0374051292431,0.8952004798145042,510,True,False,False,39.12031540493645,0.16461774347416824,37.1321998591119,0.02523789498589743,0.485742021662504,0.025265236580707562,0.13220814715456347,0.0,0.025203322991728783,0.02523069456219673,0.0013206935254856944,0.3254901960784314,0.16666666666666666,0.0,0.539990610105223,0.1506729649193585,-0.0692388117313385,0.9274509803921569,0.0006286132572812331,0.009055142824606293,2.6007432520503554e-09,0.0017552950584598125,1.0,0.07450980392156863,1.0,0.10196078431372549,0.0,1.0
45,851876933,251.15869379328797,240.35869379328784,1.46779652919926,540,True,False,False,59.77021469913112,0.15362510214566258,57.779005634322125,0.11570217376135897,0.5163396682971547,0.11570960913298951,0.18045970169206463,0.0,0.11569738388061523,0.11570481956005096,0.001052794512361288,0.24444444444444444,0.0,0.0,0.41639347133524196,0.0,-0.07081295549869537,0.7148148148148148,0.005005924915596204,0.010437087808282066,7.802229756367907e-09,0.0027181417207393704,1.0,0.21296296296296297,1.0,0.0962962962962963,0.0,0.0
46,1892204776,156.17403801261105,141.31403801261064,2.2051467388814974,743,True,False,False,19.417958907023912,0.2063981725596737,17.419101731627546,0.5668808662580423,0.8987953217724175,0.6353400158806641,0.16356564869096224,0.0,0.5442954301834106,0.6076486706733704,-0.18552635610103607,0.0,0.0,0.0,0.47640152250030826,0.04085685845464468,-0.05822312459349632,0.8506056527590848,0.023652228039442006,0.03427403897279056,1.5604459512735813e-08,0.0029678960146453525,1.0,0.13728129205921938,1.0,0.24360699865410498,0.0,0.0
47,1103841343,-107.29436489511282,-108.9343648951128,0.1762667418973182,82,False,False,True,-52.193395330679955,0.15700705262394488,-53.31616032706013,1.6152666705386467,1.6587970673615713,1.6688745898688266,0.27190623301676997,0.19723003231210437,0.7859349250793457,1.0002737045288086,1.3358873128890991,0.0,0.0,0.5779563933610916,0.5479602241979503,0.5600703965127468,0.15591278672218323,1.0,0.07580677119788892,0.08511842400169412,0.0012202479279067036,0.0021495944133819284,0.0,0.0,0.0,0.0,1.0,0.0
48,1871136645,-97.2763300091261,-99.5563300091261,0.17918028174175685,114,False,False,True,-31.463989516641863,0.14978534449165212,-32.82801138900358,1.5599950063374834,1.6929723453437588,1.7136193523136007,0.35946999090545473,0.23230975740150492,0.6165568232536316,1.0002949237823486,1.391366720199585,0.0,0.0,0.5625025480985641,0.45978872447576896,0.5680249711871147,0.1250050961971283,0.8333333333333334,0.079845330155318,0.08914628935834272,0.0005110512505104858,0.0015717568573838318,0.0,0.0,0.0,0.0,1.0,0.0
49,368689141,38.64871189920235,18.64871189920268,1.7638294746612766,1000,False,False,False,20.114286741497658,0.276779686593081,18.114373083992497,0.25505654296773883,0.715966467661942,0.25505654296773883,0.16115927778382266,0.00512966854735207,0.10272769629955292,0.24085159599781036,0.0839306190609932,0.0,0.0,0.5516867265105247,0.5501960572293029,0.550910083539784,0.1033734530210495,0.978,0.018586603062495443,0.03476211853619175,0.002105035086335364,0.0017638294746612744,0.0,0.0,0.0,0.313,1.0,0.0
50,711874407,219.64347952033864,210.4834795203389,0.774189310146893,458,True,False,False,36.07549892815788,0.15110563723665524,34.09554130028113,0.05144350911324893,0.5759303418479237,0.0514438889898164,0.156958711252656,0.0,0.0002063751162495464,0.05142993852496147,-0.00119797233492136,0.2794759825327511,0.17467248908296942,0.0,0.5309736316969749,0.18764012183994055,-0.06922244280576706,0.8820960698689956,0.001969629827115192,0.009268495196216186,5.201486504100711e-09,0.0016903696728098117,1.0,0.08078602620087336,1.0,0.07860262008733625,0.0,1.0
51,1949523453,8.335458330577126,-11.664541669422936,1.6281020068807779,1000,False,False,False,24.976546840236118,0.21645333204691095,22.976633182730954,0.10073510109872785,0.6113625276692272,0.10073510109872785,0.12658797431754445,0.10595036070515577,0.05357008054852486,0.05357008054852486,0.08531006425619125,0.125,0.0,0.5627388209104538,0.5645681840437464,0.5683329764008522,0.1254776418209076,0.998,0.032491972301066055,0.028392109766808057,0.0009534740880864159,0.0016281020068807774,0.0,0.0,0.0,0.112,1.0,0.0
52,965219006,-93.9271048260096,-96.02710482600959,0.24350701852410084,105,False,False,True,-35.13850926421142,0.2099415899743613,-36.442323035226536,1.534995355592418,1.6572721026580588,1.7171839599425702,0.42233131297967474,0.224412958767062,0.5685643553733826,1.0005934238433838,1.3955405950546265,0.0,0.0,0.5521318800747395,0.47459537389610584,0.5518309845030308,0.10426376014947891,0.8761904761904762,0.07912046660057157,0.0999262041610517,0.0013619416217638264,0.0023191144621342937,0.0,0.0,0.0,0.0,1.0,0.0
53,608969183,-89.83539213666226,-91.19539213666226,0.11222348092795899,68,False,False,True,-43.13079935441121,0.09129998355234455,-44.12102757683707,1.6265253063086367,1.7090951695851344,1.6757913928191959,0.3996841163924849,0.34881958650654304,0.7694393396377563,1.0012791156768799,1.3437696695327759,0.0,0.0,0.5555721521377563,0.3460059461683747,0.4705680867889896,0.1111443042755127,0.6470588235294118,0.06673633580832326,0.05953649383765837,0.0007239168842027022,0.001650345307764103,0.0,0.0,0.0,0.0,1.0,0.0
54,174629327,191.02110844817935,174.14110844818012,1.5345561046397336,844,True,False,False,42.01595355833045,0.2793031895740384,40.01636768598811,0.10707785854422353,0.46603148476433426,0.1071086662985747,0.14788368550868192,0.0,0.00011892318434547633,0.10710763931274414,0.00046903849579393864,0.26421800947867297,0.0,0.0,0.5430951547390733,0.2847565187513828,-0.0657404437661171,0.943127962085308,0.005559483364003702,0.029361989286070138,0.0,0.0018181944367769366,1.0,0.031990521327014215,1.0,0.22037914691943128,0.0,0.0
55,529795964,196.1057827080599,181.4857827080607,1.3205451120108076,731,True,False,False,69.02755553803077,0.2207123582070599,67.02884484772014,0.011664464405318294,0.3142520659867832,0.011688673002355736,0.09575465318342459,0.0,0.010149764828383923,0.011635303497314453,0.0011157011613249779,0.518467852257182,0.35020519835841313,0.0,0.5625715651084374,0.289951179176569,-0.06839554011821747,0.9658002735978112,0.001123739547310349,0.008865255356659272,2.6007432520503554e-09,0.001806491261300695,1.0,0.03556771545827633,1.0,0.4582763337893297,0.0,1.0
56,120278483,117.93244027188055,98.33244027188037,1.8513720738577903,980,True,False,False,22.95745220798353,0.15701891632377932,20.957557773165664,0.002267717262460315,0.31530956451419884,0.06756885301478255,0.08461314712918755,0.0,3.0803679692326114e-05,0.06755447387695312,0.0013938999036327004,0.6183673469387755,0.49183673469387756,0.0,0.5451021527253775,0.19838331922888755,-0.07006960362195969,0.9540816326530612,0.002663976748181656,0.009276232580490644,0.0,0.0018891551774059098,1.0,0.0336734693877551,1.0,0.5173469387755102,0.0,1.0
57,2011373962,196.36208625715227,181.00208625715288,1.394883936734579,768,True,False,False,39.111485607202695,0.2494660392864437,37.11237452058959,0.017391496845253474,0.4341281965693162,0.0174246521980223,0.13016189655285726,0.0,0.00022411346435546875,0.01740875281393528,0.0007441973430104554,0.33984375,0.19010416666666666,0.0,0.5347068319751997,0.3080413669347763,-0.06895183026790619,0.94140625,0.00027420280196478633,0.02734091803572609,0.0,0.0018162551259564847,1.0,0.033854166666666664,1.0,0.19921875,0.0,1.0
58,1117234558,190.33325262796131,177.09325262796182,1.127533134255456,662,True,False,False,32.07747223793939,0.14407618512019318,30.080051698067848,0.0018624549441556516,0.44427389264956874,0.0029201470170285367,0.11776947787634556,0.0,0.00017080307588912547,0.002784252166748047,0.0008804535609669983,0.4093655589123867,0.2945619335347432,0.0,0.5377705521808425,0.23880370318889618,-0.06854382902383804,0.9290030211480362,0.0006940971684410427,0.010450141074084146,2.6007432520503554e-09,0.0017032222571834693,1.0,0.04682779456193353,1.0,0.2598187311178248,0.0,1.0
59,1707184565,-6.888179091225894,-19.408179091225165,1.2624111740545032,626,False,True,False,62.79900001850977,0.28952440179135236,60.802703940350575,0.24197693579852442,0.5070117088899099,0.25799271285164926,0.14661488797139785,0.02044379856977426,0.068006232380867,0.2541821002960205,-0.04417804628610611,0.0,0.0,0.5126451589167118,0.5557530147290873,0.38499228366854366,0.025290317833423615,0.9536741214057508,0.020035392604045944,0.034066167476200164,0.0022010077138217912,0.0020166312684576733,0.0,0.0,0.0,0.2012779552715655,1.0,0.0
60,2024064892,-34.434281984648266,-50.114281984647775,1.3585557465926585,784,False,True,False,37.865957544429925,0.2872484861717482,35.86671441664085,0.2765807877140751,0.5622254798310438,0.2998076216432725,0.1534383433318134,0.016326137119827847,0.002098464872688055,0.29376015067100525,-0.059913136065006256,0.0,0.0,0.5123645076528192,0.5337650013786088,0.40733538440603295,0.024729015305638313,0.9387755102040817,0.020633423111877353,0.03619801346872095,0.001045029353159272,0.001732851717592677,0.0,0.0,0.0,0.24872448979591838,1.0,0.0
61,2087047656,60.683192566425674,40.68319256642512,4.423170600163341,1000,False,False,False,11.215431138894846,0.18696083465736618,9.215517481389663,0.5374657017281812,0.7380634483266084,0.5907968674071028,0.09428179080388989,0.002970974799307264,0.5372689366340637,0.5907894968986511,0.0029510832391679287,0.0,0.0,0.0,0.2701835526513023,0.09075291474349796,-0.07857384532690048,0.482,0.025984202681577924,0.02892693140189874,0.0024728439003821497,0.004423170600163337,1.0,0.467,1.0,0.609,1.0,0.0
62,714619600,-31.71856549909282,-38.31856549909291,0.49329260739109626,330,False,True,False,12.727458611617813,0.18916513469500898,10.80000974692946,0.8962191688837873,1.2120789449951044,0.8962191688837873,0.2843063149557982,0.2180551759514331,0.33929815888404846,0.8441839218139648,0.3009357154369354,0.0,0.0,0.0,0.5036664879613619,0.3230214009387419,-0.05825109779834747,0.8878787878787879,0.001019180240884434,0.06465101500109846,0.03035206157281387,0.0014948260830033218,0.0,0.0030303030303030303,1.0,0.0,1.0,0.0
63,1075806674,-81.84952019555493,-83.92952019555493,0.20806658619895127,104,False,False,True,-31.53641549778291,0.17380377049807114,-32.83319708466687,1.4356555726807063,1.4614320847863473,1.4356555726807063,0.629240755025089,0.40354958371783084,0.3834266662597656,1.0007877349853516,1.0293351411819458,0.0,0.0,0.5843211486935616,0.505007414586054,0.5746708552539349,0.1686422973871231,0.8942307692307693,0.09729518865387131,0.12210740920115677,0.0016088093727330555,0.0020006402519129928,0.0,0.0,0.0,0.0,1.0,0.0
64,1380583167,211.76773570720115,199.9077357072018,1.095234548549401,593,True,False,False,61.98048988990526,0.1888284521255136,59.98565049221011,0.07305115211795046,0.4353803623503679,0.07307871332134351,0.13150434324178678,0.0,0.07304029166698456,0.07306785881519318,0.0012595034204423428,0.3456998313659359,0.1163575042158516,0.0,0.5649995978758316,0.2052915424108505,-0.06689233332872391,0.9443507588532883,0.004020177229216622,0.013540671749416233,2.600743251833515e-09,0.0018469385304374386,1.0,0.05733558178752108,1.0,0.1433389544688027,0.0,1.0
65,1527789836,89.40674955182773,69.40674955182958,8.665192082390861,1000,False,False,False,52.725069348786135,0.2587132739306546,50.725155691281046,0.16818643119850993,0.32247501875872675,0.22030218640710458,0.08625226379707987,0.010356181008089384,0.0013622284168377519,0.21866989135742188,-0.026768114417791367,0.392,0.0,0.0,0.3460687643112906,0.09066591116599738,-0.042920924723148346,0.599,0.0027769110980649225,0.021759788888819437,0.022702266255117454,0.008665192082390862,1.0,0.263,1.0,0.624,1.0,0.0
66,1377783636,198.8433152146463,184.50331521464733,2.4198492660730735,717,True,False,False,57.73787878862787,0.25565805598312574,55.73936289326518,0.09946575687816776,0.363190804545464,0.10019134722618897,0.10673455326603935,0.0,0.03375272825360298,0.10018863528966904,-0.0007371687679551542,0.4797768479776848,0.05299860529986053,0.0,0.5071263816754004,0.04624029904603958,-0.06567013263702393,0.8633193863319386,0.005188484088172485,0.022733687479788017,7.802229755500545e-09,0.003374964108888527,1.0,0.0599721059972106,1.0,0.41562064156206413,0.0,0.0
67,282964358,-47.9525175389572,-56.112517538957235,0.6427351032855014,408,False,True,False,6.199241399008639,0.1391791723250897,4.23236895460183,0.4171891734522701,0.8418990054746249,0.4171891734522701,0.17390068288040067,0.08428402033903959,0.4130195677280426,0.4130195677280426,0.05883572995662689,0.0,0.0,0.5133594525977969,0.5544406288693912,0.45726272668282036,0.026718905195593834,0.9705882352941176,0.025922575469477807,0.023176460454068844,0.0018594690073637649,0.0015753311355036798,0.0,0.0,0.0,0.0,1.0,0.0
68,679598937,-27.995317965347127,-47.995317965347084,3.1162090457895255,1000,False,False,False,27.185302060679682,0.20138060814820632,25.185388403174553,0.20454543603088887,0.40574070571507626,0.26281373192540924,0.09283180643843868,0.091753408399609,0.2045448273420334,0.26281243562698364,0.0008254504064098,0.0,0.0,0.5700849890708923,0.5543263833708189,0.5424768020585179,0.14016997814178467,0.993,0.0041392496582675865,0.015541318057554673,0.0020628056803269693,0.0031162090457895297,0.0,0.0,0.0,0.551,1.0,0.0
69,964498172,202.82738007884478,185.9673800788458,1.5588579903381183,843,True,False,False,49.85848856878144,0.24897879229553194,47.85890687954691,0.043757080786300064,0.3817258666509275,0.04385177779652338,0.14292717241360772,0.0,0.00021600723266601562,0.043820858001708984,0.0016464567743241787,0.4389086595492289,0.2526690391459075,0.0,0.5388767631837164,0.3071459476649761,-0.06774306297302246,0.9430604982206405,0.0026665981348332497,0.030805423294450726,2.600743251833515e-09,0.0018491791107213772,1.0,0.02965599051008304,1.0,0.33807829181494664,0.0,1.0
70,538463003,292.619804801722,285.3598048017219,0.6980381000480913,363,True,False,False,94.17254873735936,0.2526315695093154,92.22462090234728,0.11239411148392986,0.39900212416937086,0.11430909635736264,0.2724248836118649,0.0,0.00023679733567405492,0.11430864036083221,0.00032287597423419356,0.5206611570247934,0.0,0.0,0.534378902622968,0.05610323787201196,-0.06548943370580673,0.8760330578512396,0.005882764852832476,0.051936692280559006,5.20148650366703e-09,0.0019229699725842732,1.0,0.12672176308539945,1.0,0.19008264462809918,0.0,0.0
71,569527992,10.117897232848927,-9.882102767150547,2.9333073748528506,1000,False,False,False,57.48164140268916,0.18657358656301645,55.48172774518399,0.18875062284784633,0.36743463607379045,0.2487840787230675,0.09012684532449952,0.034645818815395565,0.18873891234397888,0.24878111481666565,-0.0012143873609602451,0.149,0.0,0.5307664554566145,0.5606319230116787,0.5242308177542873,0.06153291091322899,1.0,0.001421531151525972,0.01220493897744963,0.00035749369739664885,0.0029333073748528484,0.0,0.0,0.0,0.498,1.0,0.0
72,828003095,259.28703144518624,248.6870314451868,0.9799401865589833,530,True,False,False,51.95709327839651,0.2353294172139419,49.966813655916226,0.01259309387544065,0.4950642291852003,0.014643969223084327,0.19421655276448763,0.0,1.2302398317842744e-05,0.014618110843002796,0.0008698677993379533,0.3867924528301887,0.19056603773584907,0.0,0.5254797408585701,0.22728883534669875,-0.06892011314630508,0.8886792452830189,0.0001363400537136679,0.03194343976980572,5.201486504073606e-09,0.0018489437482244963,1.0,0.06037735849056604,1.0,0.21132075471698114,0.0,1.0
73,954833235,187.58116481266916,175.92116481266964,1.035556120628414,583,True,False,False,30.52271410907661,0.1487056421160422,28.528420328214967,0.08499689777098858,0.4531396011119385,0.10610829185654878,0.1303823470730018,0.0,0.0718456283211708,0.10610733181238174,0.0004513716557994485,0.3927958833619211,0.18010291595197256,0.0,0.5457176980889988,0.1882832128368318,-0.06576622277498245,0.9228130360205832,0.005512759711109348,0.010001224801954981,7.802229755500545e-09,0.001776254066258,1.0,0.060034305317324184,1.0,0.241852487135506,0.0,0.0
74,530674831,190.5944631673396,177.3344631673403,1.1511428532683528,663,True,False,False,50.50551566981822,0.24004484961448433,48.50806933534556,0.3338053507071101,0.6674547470652299,0.33383942371384556,0.13701719295352446,0.0,0.3337596356868744,0.3337936997413635,0.005525109823793173,0.0,0.0,0.0,0.5617065208642371,0.22214663989841937,-0.05789406970143318,0.9532428355957768,0.01564248367889935,0.027101417748484277,0.0,0.0017362637304198403,1.0,0.048265460030165915,1.0,0.2081447963800905,0.0,0.0
75,268805063,171.87811394212764,156.41811394212783,1.3794702571412083,773,True,False,False,28.943547469841363,0.18760282655329477,26.9443928176274,0.015483133589080647,0.3825498220176789,0.015510122850806371,0.11549584613042732,0.0,0.01547927875071764,0.015506267547607422,0.0003457999264355749,0.49159120310478654,0.37257438551099614,0.0,0.5362885932668195,0.1640641462802887,-0.0688253715634346,0.9404915912031048,0.00019738468916617461,0.0154531680381386,5.201486504046501e-09,0.001784566956198202,1.0,0.047865459249676584,1.0,0.3053040103492885,0.0,1.0
76,386459433,215.17265615332877,202.7726561533297,1.0946829477088853,620,True,False,False,47.34754731968133,0.18126347343447882,45.35148146725002,0.06324143824860431,0.47067797870936706,0.06494716531946995,0.15346618448316077,0.0,0.05521859973669052,0.06494064629077911,0.0009201860520988703,0.3725806451612903,0.12741935483870967,0.0,0.5601531556927629,0.2823026391863823,-0.06703448295593262,0.9564516129032258,0.0036270335998730852,0.016095276886368044,5.201486504100711e-09,0.0017656176575949756,1.0,0.04516129032258064,1.0,0.1,0.0,1.0
77,1842675722,184.37604817915695,169.11604817915713,1.491296459623785,763,True,False,False,32.36099543723765,0.2768934328177405,30.361930161409475,0.16004996594474163,0.6273635526128655,0.1600720111149728,0.15208020375753242,0.0,0.16001681983470917,0.16003885865211487,0.0032576776575297117,0.10222804718217562,0.0,0.0,0.5494125107251996,0.10195219352841377,-0.06469019502401352,0.9462647444298821,0.008092074789300562,0.03153890142024188,0.0,0.00195451698509015,1.0,0.05504587155963303,1.0,0.04849279161205767,0.0,0.0
78,215035549,82.31574827092992,62.31574827093155,6.165443175735143,1000,False,False,False,50.48901804696831,0.3057424028979418,48.489104389463265,0.21013317498691458,0.46677251351901283,0.24288428238963494,0.12221302697072976,0.01102046427271157,0.012251758947968483,0.24107226729393005,-0.029613114893436432,0.0,0.0,0.0,0.4168722850197519,0.0908943578414619,-0.06644394993782043,0.729,0.011024535040897803,0.02761623465479376,0.005476097033485474,0.006165443175735143,0.0,0.169,1.0,0.427,1.0,0.0
79,839465270,199.77822532244025,185.23822532244094,1.4004934849750992,727,True,False,False,49.10357994092508,0.2787591762490172,47.104922138556404,0.011795017825710243,0.41367603493063126,0.011822287828705964,0.13289743296181428,0.0,0.011790943332016468,0.011818218044936657,0.00031018018489703536,0.3562585969738652,0.12242090784044017,0.0,0.5533539843495725,0.17303602948784827,-0.06821421533823013,0.9504814305364512,0.0011021094095028912,0.02366667595494752,2.6007432520503554e-09,0.0019264009421940823,1.0,0.05089408528198074,1.0,0.13892709766162312,0.0,1.0
80,609512609,14.106448608712554,-5.893551391287311,2.7019972084731054,1000,False,False,False,26.019283684804005,0.22262362305157873,24.0193700272989,0.3281241241732532,0.5729134716854077,0.37575071258678383,0.12551708739670256,0.04603367673490374,0.18967942893505096,0.37571725249290466,-0.005014398135244846,0.0,0.0,0.5171886514872313,0.521153693337983,0.4851849385962123,0.03437730297446251,0.961,0.01013112056691634,0.02594687865646214,0.0016298123250506474,0.0027019972084731045,0.0,0.005,1.0,0.512,1.0,0.0
81,1146558410,210.9150978806428,200.69509788064335,0.9125319769231476,511,True,False,False,32.926961656801666,0.16507737567089767,30.938727266435336,0.013095450536555094,0.47995491830851866,0.013593067216770874,0.15762065394951216,0.0,6.990433030296117e-05,0.013519573025405407,0.0014116024831309915,0.3405088062622309,0.19960861056751467,0.0,0.5654762080486011,0.2870856574177742,-0.0684175193309784,0.9471624266144814,0.0012243819718522528,0.02127285259827341,1.3003716260251777e-08,0.001785776862863304,1.0,0.05283757338551859,1.0,0.11741682974559686,0.0,1.0
82,1891899470,188.33513050414612,171.89513050414695,2.012096991364947,822,True,False,False,42.49158270288847,0.2651759941038774,40.49209930949405,0.026388361448734524,0.36728183076377346,0.049443277457641835,0.14220788120728722,0.0,0.00012750625319313258,0.0494348518550396,0.0009127474040724337,0.4902676399026764,0.3710462287104623,0.0,0.5448266815829234,0.284715636074543,-0.06963100284337997,0.940389294403893,0.0018053353493050143,0.03036958607458522,5.201486504100711e-09,0.0024478065588381353,1.0,0.032846715328467155,1.0,0.17883211678832117,0.0,1.0
83,1915251784,-11.809737000963587,-31.809737000963274,2.857834275986768,1000,False,False,False,45.595764337607655,0.22588268191775182,43.5958506801025,0.38615673204189727,0.5976276972472406,0.4643717206311282,0.10957484425431281,0.02592690779661879,0.3792237341403961,0.4501400887966156,-0.11408328264951706,0.0,0.0,0.535338718444109,0.5610814119514543,0.5366438926290721,0.07067743688821793,0.996,0.028689506215313063,0.02772633972242226,0.0015333670124781616,0.0028578342759867674,0.0,0.0,0.0,0.384,1.0,0.0
84,1313639606,192.9647604788305,180.42476047883093,1.1617362714511874,627,True,False,False,48.000460862230014,0.22017654503573328,46.00412774485238,0.06210997874043959,0.36300341145817405,0.07385496830375558,0.11581470164280668,0.0,0.00028781889704987407,0.07385130226612091,0.0007358646253123879,0.5390749601275917,0.1850079744816587,0.0,0.5512472256957561,0.22401911448687314,-0.06675246357917786,0.94896331738437,0.004034494971004863,0.01925687767708318,5.20148650366703e-09,0.001852848917784987,1.0,0.049441786283891544,1.0,0.3875598086124402,0.0,1.0
85,695909292,192.32859097743642,183.54859097743648,0.8063503179978352,439,True,False,False,26.79071630392146,0.23519300545236915,24.81497572451078,0.8013284434032494,1.0816013876869732,0.801350938753143,0.25064608980383696,0.0,0.3062872886657715,0.8011859655380249,0.016259633004665375,0.0,0.0,0.0,0.5051667698404958,0.010067731947638095,-0.0830315351486206,0.876993166287016,0.035178495867778284,0.06134389814637096,0.0,0.0018367888792661389,1.0,0.10250569476082004,1.0,0.0774487471526196,0.0,0.0
86,657540159,213.11138993832282,204.35138993832328,0.813410199808663,438,True,False,False,29.35307709475265,0.17759777489019074,27.37758155999441,0.2127032593226331,0.669659819699297,0.21272702411122624,0.18831701980120066,0.0,0.21266154944896698,0.21268530189990997,0.004212973173707724,0.0,0.0,0.0,0.5131501235848199,0.1564532435964793,-0.07275405526161194,0.8789954337899544,0.009655945919381789,0.014158598811836147,0.0,0.0018571009128051665,1.0,0.08447488584474885,1.0,0.0867579908675799,0.0,0.0
87,1508100295,207.35106022134426,192.11106022134516,1.4780425939419988,762,True,False,False,54.44946335256761,0.2938033327834686,52.45040751839757,0.07415065270118278,0.3850647703442929,0.08273485256423323,0.15345465745947875,0.0,0.0020745277870446444,0.08272895961999893,0.0009874558309093118,0.45013123359580054,0.22178477690288714,0.0,0.546446525215555,0.20962495870888234,-0.06656407564878464,0.9435695538057742,0.004457521465407137,0.03220236635267816,7.802229756367907e-09,0.0019396884434934377,1.0,0.04199475065616798,1.0,0.21916010498687663,0.0,1.0
88,226019867,-104.4116513478104,-105.4516513478104,0.23580670669456985,52,False,False,True,-67.06180749637778,0.22562206673431853,-67.87587460357479,1.573111017264822,1.639956274574286,1.6944467793428668,0.6045374844687162,0.4633684102184983,0.696141242980957,1.0022979974746704,1.3662168979644775,0.0,0.0,0.576935701072216,0.5513988398642351,0.5529179610870778,0.15387140214443207,1.0,0.11018579338850652,0.12478132676526922,4.08212660838736e-05,0.004534744359510958,0.0,0.0,0.0,0.0,1.0,0.0
89,667780743,0.8134643379701423,-19.186535662029986,2.8331355979788015,1000,False,False,False,22.487537233293434,0.21136568469615113,20.487623575788206,0.1972671769394313,0.44961707749483043,0.19797378233289117,0.10424705361144913,0.027474564543439994,0.1641465127468109,0.19796133041381836,-0.002220394555479288,0.065,0.0,0.5355729162693024,0.5531579425123491,0.5301035488955677,0.07114583253860474,0.993,0.014584810812420329,0.020093267104605163,0.0011187227135771825,0.002833135597978801,0.0,0.0,0.0,0.434,1.0,0.0
90,498383730,9.609458265639741,-10.390541734359703,1.7828804839532317,1000,False,False,False,44.63970156693334,0.16887415783886256,42.63978790942822,0.05599359353287102,0.33276489465613446,0.05599359353287102,0.08874736813697975,0.024775733150077632,0.05409202724695206,0.05409202724695206,0.014468417502939701,0.595,0.141,0.5558093823492527,0.5710753367412835,0.5597848799452185,0.1116187646985054,1.0,0.00544964227312582,0.010936342789538443,0.003242860259098708,0.0017828804839532329,0.0,0.0,0.0,0.514,1.0,0.0
91,588981715,54.29896375428075,34.298963754280194,4.3831542314034975,1000,False,False,False,22.509342794042073,0.17584350669061743,20.509429136536838,0.2369365958150471,0.6705626008290628,0.25060880093886573,0.10997288411803528,0.012786099835441022,0.2366834133863449,0.2498425543308258,-0.019582368433475494,0.0,0.0,0.0,0.4627761388854706,0.11073178317165003,-0.06369403004646301,0.814,0.011508962482737264,0.02121223076281167,0.0059647389797648515,0.004383154231403496,0.0,0.105,1.0,0.283,1.0,0.0
92,742924764,16.474270538178132,-3.525729461821368,2.75149687303504,1000,False,False,False,30.887448460728972,0.21276611455317873,28.887534803223815,0.2975495694573812,0.559698250493677,0.36730873425657995,0.1273796909946301,0.0070305218211886775,0.0029888153076171875,0.3672490119934082,-0.006623401772230864,0.0,0.0,0.5040988973341882,0.5257335767623881,0.49857415569014846,0.008197794668376446,0.961,0.00462001427832947,0.025729307782572097,9.286181346409433e-05,0.0027514968730350427,0.0,0.006,1.0,0.438,1.0,0.0
93,2053789632,202.70698445318268,190.3669844531833,1.183375112747529,617,True,False,False,41.88973778852581,0.26432953458395886,39.89379236094999,0.06420022405229381,0.39576338074822676,0.06422739703842838,0.13213052213134727,0.0,0.00030956268892623484,0.06421852111816406,0.001067743287421763,0.47974068071312803,0.27228525121555913,0.0,0.5485594643316136,0.28731284707784654,-0.06708694994449615,0.940032414910859,0.0035994715730738786,0.022857567466247165,2.600743251833515e-09,0.001917949939623224,1.0,0.04376012965964344,1.0,0.3549432739059968,0.0,1.0
94,1243069214,171.0359907762147,154.715990776215,1.4630831497315782,816,True,False,False,39.97750828843915,0.1718495433511144,37.97805700590893,0.014045626966095369,0.37624803718057087,0.014215236893957348,0.10818979387794161,0.0,5.92231735936366e-05,0.014208030886948109,-0.0004525685217231512,0.5098039215686274,0.19975490196078433,0.0,0.5518777227707152,0.3107434056699276,-0.0686248242855072,0.9693627450980392,0.00016373368238730522,0.013961599603648164,5.201486504073606e-09,0.001792994056043601,1.0,0.03308823529411765,1.0,0.3590686274509804,0.0,1.0
95,432678313,-93.19506978772115,-95.57506978772113,0.24240881307403894,119,False,False,True,-31.77745957348863,0.20315720863147563,-33.17265070215057,1.5532402994411993,1.6218017029072787,1.646481517183872,0.309854914338869,0.11719438264744265,0.6432994604110718,1.0007206201553345,1.3074630498886108,0.0,0.0,0.5431568995118141,0.5311426297475842,0.5558158326148986,0.08631379902362823,0.9747899159663865,0.06682354393105036,0.09033378574765687,0.0010799794413516861,0.0020370488493616713,0.0,0.0,0.0,0.0,1.0,0.0
96,634649199,247.11970730809128,237.3597073080913,1.0304479494017844,488,True,False,False,61.869120317992845,0.2123344770722206,59.88394566813606,0.03632988173054064,0.5222822853790385,0.03635743224774822,0.17983464350691783,0.0,0.03631649166345596,0.036344051361083984,0.000986311468295753,0.20901639344262296,0.14959016393442623,0.0,0.47956648934546064,0.0,-0.06939134746789932,0.8278688524590164,0.0011733924498387558,0.018001546073798544,1.0402973008201422e-08,0.0021115736668069363,1.0,0.12090163934426229,1.0,0.06762295081967214,0.0,1.0
97,37235637,206.573240019381,191.3732400193815,1.3755515486414294,760,True,False,False,24.24033720221599,0.24806482661286705,22.241300538436846,0.062475999332351116,0.6472657151496272,0.06250404152524029,0.17961274641072345,0.0,0.06247539445757866,0.06250343471765518,0.00027541874442249537,0.25263157894736843,0.11052631578947368,0.0,0.5406978225433513,0.26285508677363395,-0.06695394963026047,0.9315789473684211,0.003486496261484393,0.03231652454164769,2.600743252267196e-09,0.0018099362482124088,1.0,0.038157894736842106,1.0,0.04868421052631579,0.0,1.0
98,1305772342,71.70775678223292,51.7077567822333,6.934645518413869,1000,False,False,False,30.97425437087512,0.25137645755702287,28.97434071336987,0.1025518235199871,0.39399585184923014,0.214620105018715,0.10722740342600055,0.010983812196779097,0.04702625423669815,0.21099333465099335,-0.039288703352212906,0.524,0.0,0.5049127489328384,0.3947024066426384,0.09128395447507501,0.00982549786567688,0.685,0.020693735648263566,0.021893844906690354,0.006669548853480688,0.006934645518413871,1.0,0.195,1.0,0.49,1.0,0.0
99,1165275128,184.44201203635896,173.7020120363589,0.9773897953116178,537,True,False,False,25.243888377361728,0.16980127014151955,23.252948404416376,0.10717948882148214,0.5063017238404367,0.10720695146105248,0.13694420064398977,0.0,0.10717935860157013,0.10720682144165039,-0.00016696691454853863,0.25884543761638734,0.0,0.0,0.5479235728253963,0.22898367244750262,-0.07042910158634186,0.9385474860335196,0.004627060992170847,0.01681665475999952,5.20148650366703e-09,0.0018200927286994735,1.0,0.0595903165735568,1.0,0.06890130353817504,0.0,0.0
100,583811102,16.248696709319567,-3.7513032906806916,1.7281519156893264,1000,False,False,False,7.604594542628198,0.2146804781288106,5.604680885123021,0.019488141866464612,0.5324155150172165,0.056900753982434625,0.14034618796727596,0.01661218077110916,1.506805438111769e-05,0.0492827408015728,0.02844129502773285,0.409,0.27,0.5592621676623821,0.5614128147739684,0.5608161948621273,0.11852433532476425,0.99,0.010992731852040347,0.0262297473554776,0.00045445322567399735,0.001728151915689324,0.0,0.0,0.0,0.207,1.0,0.0
101,1168068246,58.55737536595555,38.55737536595558,2.2750261864079624,1000,False,False,False,18.951513390934647,0.2757040589192862,16.95159973342946,0.11260991547195141,0.6221258907096382,0.13666039165802193,0.15415560987782395,0.04629279688488672,0.11133585125207901,0.1363578736782074,-0.009088065475225449,0.298,0.0,0.5033542576711625,0.5391775626127492,0.1394867642072495,0.006708515342324972,0.945,0.012534421242925007,0.027695860540633745,0.007187767102207969,0.00227502618640796,1.0,0.028,1.0,0.205,1.0,0.0
102,555937879,206.4937219385522,191.433721938553,1.4235732629500135,753,True,False,False,37.27404385105491,0.2698779274142283,35.275077401141324,0.11196199677107053,0.5462395331372419,0.11199146858611568,0.18090242449780258,0.0,0.002851772354915738,0.11199083179235458,0.0003776645753532648,0.2204515272244356,0.0,0.0,0.5482624970249099,0.28526645034551623,-0.06557245552539825,0.9309428950863213,0.005779193503749426,0.03582919768204629,1.0402973008201422e-08,0.0018905355417662877,1.0,0.035856573705179286,1.0,0.07304116865869854,0.0,0.0
103,800230316,176.83609436191634,163.91609436191618,1.059135230437425,646,True,False,False,24.384040003062243,0.14268160287025242,22.38706946643209,0.05393886305959582,0.4645579338221195,0.05396603909429096,0.11699153164136304,0.0,0.0004172325134277344,0.053957462310791016,0.0009621000499464571,0.38080495356037153,0.16718266253869968,0.0,0.5344627344859735,0.19287988424301147,-0.06972746551036835,0.9303405572755418,0.002021539036961188,0.012665775055465869,5.201486504100711e-09,0.0016395282204913718,1.0,0.05417956656346749,1.0,0.22755417956656346,0.0,1.0
104,1458649717,-6.934803016483812,-13.334803016483605,0.5911678807741739,320,False,True,False,46.01357451817161,0.207006271925342,44.09379629314538,0.42906840370831706,0.8715506136040385,0.42906840370831706,0.2336388799228634,0.194076362157968,0.4240964949131012,0.4240964949131012,0.06512954831123352,0.0,0.0,0.5174060687422752,0.5944673804799094,0.5519245081394911,0.034812137484550476,1.0,0.05173888456967765,0.03157842580850521,0.0016382653908055614,0.0018473996274192938,0.0,0.0,0.0,0.0,1.0,0.0
105,1478023289,148.58814812849448,129.96814812849473,1.9897360164205846,931,True,False,False,31.73583813523641,0.17951218191603094,29.736010876529377,0.09677796018316709,0.4310076637121375,0.09680552098315634,0.09876311433235568,0.0,0.09677734225988388,0.0968049019575119,0.00034619332291185856,0.4296455424274973,0.03759398496240601,0.0,0.5248731598409009,0.18875347755849362,-0.07036158442497253,0.9409237379162191,0.004109552746351369,0.009923080709751406,5.201486504534392e-09,0.0021372030251563755,1.0,0.03866809881847476,1.0,0.40171858216971,0.0,1.0
106,952651705,86.97465764443919,66.97465764444101,7.000264621023359,1000,False,False,False,15.394787526252117,0.21795001291908675,13.394873868746943,0.5855280798490683,0.7482157918852665,0.6065424356829787,0.09560578518604311,0.015033313159368237,0.35316142439842224,0.5950592756271362,0.11746567487716675,0.0,0.0,0.0,0.19864613019887475,0.0,-0.10660374909639359,0.345,0.02610738688571035,0.029122881445482675,0.014057659660808138,0.0070002646210233594,1.0,0.351,1.0,0.642,1.0,0.0
107,621463961,-49.17192138805984,-50.971921388059876,0.23303087100383968,90,False,False,True,-4.396838282843412,0.20678799429231756,-5.587374337486786,1.2943596888900344,1.3505840519739818,1.2943596888900344,0.5719970385061646,0.3620695698231063,0.5644851922988892,1.0021148920059204,0.8192269206047058,0.0,0.0,0.6057107895612717,0.6307869233191014,0.6078780920803547,0.21142157912254333,1.0,0.09661366908616321,0.12142982110366847,0.0004177729930331803,0.0025892319000426632,0.0,0.0,0.0,0.0,1.0,0.0
108,1251300265,5.645674200984489,-14.354325799014907,3.2340317678874078,1000,False,False,False,41.2651407638388,0.20557916178709504,39.26522710633362,0.23667967468765744,0.4216855388811208,0.23667967468765744,0.08873145018276471,0.04003592066209923,0.23664550483226776,0.23664550483226776,-0.00402162317186594,0.0,0.0,0.532325554639101,0.5520105664858129,0.5241421312000603,0.06465110927820206,0.991,0.017922433053021648,0.017726871127354223,3.008799868273876e-05,0.0032340317678874056,0.0,0.0,0.0,0.567,1.0,0.0
109,413166735,-86.88210295494646,-88.70210295494645,0.21010934518774496,91,False,False,True,-38.85201054483509,0.18179607088805344,-40.050641238932,1.454718913799453,1.4690820360973273,1.454718913799453,0.6354123727499573,0.4350458366177627,0.45422354340553284,1.0005344152450562,1.0560009479522705,0.0,0.0,0.5789338797330856,0.5451148190218341,0.5736422038823367,0.15786775946617126,0.978021978021978,0.10059749800259656,0.12457547899431606,0.0015587502666179753,0.0023088939031620324,0.0,0.0,0.0,0.0,1.0,0.0
110,78844491,175.02888518897814,155.36888518897882,1.9587717576647614,983,True,False,False,51.492872461656745,0.28598886294603776,49.49297489144744,0.124598064226183,0.5678348640698762,0.12461399935574005,0.14004786779456452,0.0,0.12458352744579315,0.12459945678710938,0.0019037341699004173,0.1953204476093591,0.0,0.0,0.5574882719599445,0.20972255542874335,-0.06553518772125244,0.9643947100712106,0.006424333874848113,0.02248526919420063,0.0,0.001992646752456523,1.0,0.03662258392675483,1.0,0.10986775178026449,0.0,0.0
111,288548080,87.99145128156961,67.99145128157134,7.338238242874635,1000,False,False,False,52.43136534649881,0.2432580845622243,50.43145168899343,0.13737264220146916,0.402308618475864,0.20625600320266446,0.10500417735297278,0.018565553509664687,0.13732214272022247,0.20318087935447693,-0.03548336401581764,0.459,0.0,0.0,0.39259434376073477,0.07076789125800133,-0.045721136033535004,0.677,0.0047442189490954105,0.01772955983285309,0.018653268239367644,0.007338238242874638,1.0,0.212,1.0,0.453,1.0,0.0
112,1758747646,19.652162796817763,-0.3478372031818817,2.190710120370133,1000,False,False,False,42.445945131615495,0.2810030941021607,40.44603147411037,0.14142055487143879,0.47649030965745875,0.14142055487143879,0.11889513091044264,0.03976405422709817,0.0523187629878521,0.13219642639160156,0.05023821443319321,0.081,0.0,0.5497021041810513,0.5677412279229611,0.5548555062711239,0.09940420836210251,1.0,0.0027402702016657843,0.03519708389706399,0.001856213120631901,0.002190710120370135,0.0,0.0,0.0,0.387,1.0,0.0
113,60265409,251.15423414171659,239.33423414171705,1.1316042067703802,591,True,False,False,60.664101879372836,0.23902737866451115,58.66936726280803,0.03798550467797357,0.4544616562593847,0.0447236605135695,0.19805185444236806,0.0,0.00014953613572288305,0.044722653925418854,0.0003000593278557062,0.3536379018612521,0.21996615905245348,0.0,0.5498110301636613,0.19951396093703808,-0.0674193874001503,0.9441624365482234,0.002654950055993218,0.04014233588913908,2.600743252267196e-09,0.0019147279302375306,1.0,0.05752961082910321,1.0,0.07445008460236886,0.0,1.0
114,721080364,-83.64655426606768,-85.78655426606767,0.1877603782000713,107,False,False,True,-29.214619790759702,0.14715392506881245,-30.532287667731623,1.4796752713811532,1.5611758189894478,1.4796752713811532,0.5240838503227752,0.38880140110911154,0.49532002210617065,1.0006595849990845,1.0900088548660278,0.0,0.0,0.6115419194102287,0.45908038831581405,0.5930063869804144,0.22308383882045746,0.8130841121495327,0.08464052334706029,0.09591502651655591,0.0008700370430747839,0.0017547698897202916,0.0,0.0,0.0,0.0,1.0,0.0
115,229601205,179.7850771216094,168.78507712160933,0.9543804318100636,550,True,False,False,19.457661938026682,0.16607369049337087,17.465612302236046,0.0647579220995876,0.5104898271921798,0.06478624773780436,0.12278187368864218,0.0,0.00034055710420943797,0.0647861510515213,-0.0001119279841077514,0.31272727272727274,0.12181818181818181,0.0,0.5459696161219935,0.26442227348685265,-0.06970331817865372,0.9454545454545454,0.002577218228944264,0.01208330726949636,0.0,0.0017352371487455703,1.0,0.05272727272727273,1.0,0.1618181818181818,0.0,1.0
116,1515063585,-41.22978309551257,-48.00978309551258,0.5325307071665609,339,False,True,False,4.300829229296294,0.1350235829584875,2.367105942728006,0.38513767560346945,0.8309663489471796,0.38513767560346945,0.1864035741865238,0.03572995731675495,0.3727934956550598,0.3727934956550598,0.09672661870718002,0.0,0.0,0.5064331712201238,0.5640849029991479,0.5089058386627585,0.012866342440247536,0.9646017699115044,0.05427366256986366,0.024446151959698147,0.001270952018348287,0.001570887041789265,0.0,0.0,0.0,0.02064896755162242,1.0,0.0
117,582664441,176.73624718990177,162.2162471899021,1.4061543491715431,726,True,False,False,41.34224498015135,0.22882670572878042,39.34360073533452,0.04538552997781885,0.3056063251706113,0.07694465187584214,0.12645503310910994,0.0,5.855560448253527e-05,0.0769406333565712,-0.0007863783976063132,0.6088154269972452,0.5027548209366391,0.0,0.5504765693000813,0.21748107105493544,-0.06978350132703781,0.9504132231404959,0.0031833997912204407,0.024520644986872904,5.201486504100711e-09,0.0019368517206219617,1.0,0.04269972451790634,1.0,0.2644628099173554,0.0,1.0
118,1930167067,-17.65588427567863,-34.27588427567743,4.887855657138943,831,False,True,False,24.35743910258504,0.29964619309700274,22.35791103162927,0.3555669216388565,0.6762553018458599,0.37625760441197237,0.15335151133773278,0.014766465578996956,0.07749118655920029,0.37625065445899963,0.0022868968080729246,0.0,0.0,0.0,0.39686124394709416,0.0,-0.02581583894789219,0.6787003610108303,0.004009591228902138,0.03639268066167942,0.022442859670744365,0.00588189609764012,1.0,0.19975932611311673,1.0,0.31167268351383876,1.0,0.0
119,1027610996,197.2146335421362,185.35463354213653,1.4555023973913854,593,True,False,False,24.961780613151475,0.16747435368469885,22.966941215456252,0.09664561408495853,0.5417734052155163,0.09664790141166002,0.152491949718551,0.0,0.0966455489397049,0.09664783626794815,-0.00011221408931305632,0.31197301854974707,0.07082630691399663,0.0,0.5073602440461523,0.25974624801427126,-0.0702650249004364,0.8819561551433389,0.004114894022805227,0.020498000254588037,0.0,0.002454472845516672,1.0,0.0775716694772344,1.0,0.0775716694772344,0.0,1.0
120,2058213044,-43.26797008924191,-47.24797008924191,0.29163437057387337,199,False,False,True,26.11817105482304,0.18438177623939342,24.38883706463709,1.0787177730554096,1.2358751548951556,1.0787177730554096,0.2542175158577591,0.143658541809255,0.7641798257827759,1.0001579523086548,0.40412387251853943,0.0,0.0,0.5699486508965492,0.6057475575213157,0.5687032230943442,0.13989730179309845,1.0,0.05851856969839533,0.06514200868092367,0.00040781734786440177,0.0014654993496174544,0.0,0.0,0.0,0.0,1.0,0.0
121,739874895,248.50526630356933,234.22526630356907,1.326332109268187,714,True,False,False,91.88311786897295,0.2573987230537074,89.88464740227906,0.0136670434322493,0.29280012786250714,0.013694411949487534,0.1566951891298799,0.0,0.001190185546875,0.01364898681640625,0.0011144853197038174,0.5056022408963585,0.18907563025210083,0.0,0.543015850827891,0.10715029895305633,-0.06834912300109863,0.9425770308123249,0.001219315805270524,0.03353483562090233,2.600743251833515e-09,0.0018576079961739307,1.0,0.058823529411764705,1.0,0.3473389355742297,0.0,1.0
122,594460151,196.41242157184726,177.0924215718485,1.7916425217247358,966,True,False,False,62.67173491471569,0.3040274816537728,60.671856429179954,0.012900661411866104,0.4333972746002914,0.012926748718744241,0.16500422945424273,0.0,0.0004791259707417339,0.012911605648696423,-0.0006255173939280212,0.4140786749482402,0.09627329192546584,0.0,0.5572217793786449,0.2033071632683277,-0.06855954229831696,0.9627329192546584,0.00010808038769625776,0.03262807700646655,5.201486504060053e-09,0.001854702403441756,1.0,0.036231884057971016,1.0,0.09730848861283643,0.0,1.0
123,9883956,13.455145769915498,-6.544854230083924,3.2536107643480237,1000,False,False,False,35.772310965883264,0.16996539613322317,33.772397308378004,0.12378907179397604,0.381271623266517,0.18987021273564506,0.10468688338935839,0.03264335123773962,0.12378893047571182,0.18986129760742188,0.0018399334512650967,0.643,0.0,0.5263911932706833,0.5263812607738655,0.528296039593406,0.05278238654136658,0.943,0.006389438402263995,0.01338537738560369,0.0008911589793961384,0.003253610764348022,0.0,0.035,1.0,0.513,1.0,0.0
124,2050880929,0.9361407017801469,-6.483859298219812,0.5690794966382826,371,False,True,False,35.708549647607455,0.1484716586969465,33.756598961577296,0.39522187519197305,0.9340475924184292,0.39522187519197305,0.21144640729533945,0.08026460101123586,0.3818066716194153,0.3818066716194153,0.10209797322750092,0.0,0.0,0.5133317243307829,0.5380184376258352,0.5770359798893332,0.02666344866156578,0.9299191374663073,0.03453424235012854,0.017811681942922618,0.002147355680904031,0.0015339069990250196,0.0,0.0,0.0,0.005390835579514825,1.0,0.0
125,749775730,190.65951177313693,180.17951177313697,0.9230330168885336,524,True,False,False,23.33882147849271,0.17093617927501742,21.349146048294635,0.07218176309010359,0.5318867280765406,0.07220827357701927,0.14401169156078406,0.0,0.07217540591955185,0.0722019225358963,-0.0009576821466907859,0.26145038167938933,0.12213740458015267,0.0,0.5374494689898406,0.22924331868067382,-0.06966230273246765,0.9370229007633588,0.0029603798805936015,0.012030120904321075,5.201486504100711e-09,0.001761513391008652,1.0,0.05725190839694656,1.0,0.05725190839694656,0.0,1.0
126,1664184446,243.27974301918883,231.3597430191889,1.197171378896756,596,True,False,False,52.47195229074114,0.23588777095067498,50.47695961799695,0.020772993831278317,0.45574106780721235,0.02079894641369495,0.16336351958845668,0.0,0.02074108086526394,0.02076711691915989,-0.0011502290144562721,0.4429530201342282,0.26677852348993286,0.0,0.5262650109186062,0.2583293630927801,-0.0686134397983551,0.9077181208053692,0.0005010939798771931,0.02344966632786526,0.0,0.0020086768102294565,1.0,0.04865771812080537,1.0,0.2835570469798658,0.0,1.0
127,1005736261,171.4908096150495,158.79080961504926,1.130730192520369,635,True,False,False,17.030287323504595,0.1670701909138496,15.033670919989442,0.010826590097728675,0.4552304769286959,0.010857933414567875,0.10981900854660584,0.0,0.010823821648955345,0.01085519790649414,-0.00024371386098209769,0.3417322834645669,0.215748031496063,0.0,0.5326262762770057,0.2314583698287606,-0.06859801709651947,0.9338582677165355,3.551314910647656e-06,0.009876635543480524,2.60074325203045e-09,0.001780677468536014,1.0,0.047244094488188976,1.0,0.17165354330708663,0.0,1.0
128,537036580,10.902886689342294,-9.097113310657539,3.552235351720424,1000,False,False,False,18.998567811440438,0.1774350490265984,16.998654153935288,0.3366269490338132,0.5454896147020606,0.3531616213643995,0.09819023009999142,0.01772628847654427,0.33662644028663635,0.35314568877220154,0.003354594809934497,0.0,0.0,0.5127277905121446,0.4857680469730258,0.5168052924540825,0.02545558102428913,0.888,0.0004688864160806607,0.013040864454309957,0.000857497925214628,0.0035522353517204197,0.0,0.081,1.0,0.598,1.0,0.0
129,828663290,172.96004883142894,153.18004883142925,1.7819328427836656,989,True,False,False,46.55605129757331,0.2770637237284713,44.55614773318794,0.031225305931108643,0.4952804851502701,0.03125284019566861,0.1333864940205729,0.0,0.031192492693662643,0.031220054253935814,0.0014311647973954678,0.2810920121334681,0.10212335692618807,0.0,0.550621882042776,0.15246753908693791,-0.06800492852926254,0.961577350859454,0.002063745036280312,0.02566420737573005,2.600743251833515e-09,0.00180175211606033,1.0,0.03842264914054601,1.0,0.10212335692618807,0.0,1.0
130,1427199343,278.5944568485486,270.6344568485487,0.7914352604997904,398,True,False,False,74.50051035264217,0.2573880532403615,72.53714039707627,0.14151280079583917,0.4487855186306863,0.1419595622940557,0.2766451978680924,0.0,0.000614166259765625,0.14195938408374786,-0.00022493839787784964,0.49246231155778897,0.0,0.0,0.5365117935325726,0.2388446445390582,-0.06448842585086823,0.8969849246231156,0.007113885187904287,0.054272411171176496,1.3003716260902298e-08,0.001988530805275856,1.0,0.07788944723618091,1.0,0.20100502512562815,0.0,0.0
131,761445496,171.8046827414305,154.04468274143034,1.5054993918856212,888,True,False,False,16.141978597858373,0.2497563756912183,14.14224472109594,0.0854348728209611,0.6475464627390034,0.08562954034479013,0.14763636225210652,0.0,0.08542642742395401,0.08562116324901581,0.00119774101767689,0.17905405405405406,0.06418918918918919,0.0,0.5404765147336671,0.23187022656202316,-0.06652719527482986,0.9470720720720721,0.004601869542845867,0.02639431255032041,1.2948450466045147e-06,0.0016953821980693928,1.0,0.036036036036036036,1.0,0.0472972972972973,0.0,1.0
132,2057742878,-13.601609993724594,-26.04160999372381,2.4878803763015687,622,False,True,False,43.30948242598794,0.1774538084564707,41.31333828402013,0.12317860999906428,0.5052119469346446,0.18121933689628308,0.15402218687436228,0.04665465885868118,0.12311458587646484,0.17639103531837463,-0.041552986949682236,0.3279742765273312,0.0,0.506778696551919,0.5153973825457493,0.20334621152433102,0.013557393103837967,0.8633440514469454,0.012858302203073374,0.012682745580783982,0.0008626730385566488,0.003999807678941428,1.0,0.09003215434083602,1.0,0.04662379421221865,1.0,0.0
133,1654955899,-95.35599307250232,-97.09599307250231,0.2028833829199519,87,False,False,True,-42.913585814246304,0.17660911324321707,-44.07934405437986,1.5961938516374983,1.6630821931994697,1.6773763507515107,0.3226291032047672,0.1688125635000051,0.7303549647331238,1.0002340078353882,1.3465226888656616,0.0,0.0,0.5602675043046474,0.5069143181859419,0.5643629416823387,0.12053500860929489,0.9195402298850575,0.07308159798570828,0.09031853423208985,0.001435350200795632,0.0023319929071258833,0.0,0.0,0.0,0.0,1.0,0.0
134,999665527,2.047798987393598,-17.952201012605848,3.5483114866985503,1000,False,False,False,59.58107181245011,0.2002506461970774,57.58115815494497,0.32911968265515334,0.5379520494891682,0.43725979391365905,0.10158431118563965,0.011692893010280696,0.32798129320144653,0.4313379228115082,-0.07171975821256638,0.0,0.0,0.511872062459588,0.5575277682272426,0.5125507987936726,0.0237441249191761,0.989,0.004552814973811881,0.022458998678663588,0.0016872126791803999,0.0035483114866985484,0.0,0.0,0.0,0.463,1.0,0.0
135,1601570055,-55.232699228078125,-56.412699228078125,0.2030654401490804,59,False,False,True,-23.954369481295714,0.18822205787221233,-24.849002526970956,1.3655384979884855,1.4198957467229985,1.3655384979884855,0.6415452896588939,0.4032228552381231,0.6933658719062805,1.0014417171478271,0.9283371567726135,0.0,0.0,0.5848680511116982,0.658408256910615,0.6472124853730201,0.1697361022233963,1.0,0.1012684585527014,0.12476505331117894,0.002341636403317207,0.003441787121170855,0.0,0.0,0.0,0.0,1.0,0.0
136,12271510,243.96434393717786,235.2643439371779,0.7446241612302459,435,True,False,False,42.28946023169898,0.18948137997025158,40.314714782349604,0.08625456701041016,0.568967452267715,0.08641924743972859,0.21661414895695083,0.0,0.08625373989343643,0.08641843497753143,0.0003747320151887834,0.2850574712643678,0.11724137931034483,0.0,0.5186136478974334,0.166240523904562,-0.07019075751304626,0.8919540229885058,0.0036063963770753163,0.029315983257772567,2.860817577233707e-08,0.0017117796809890708,1.0,0.08045977011494253,1.0,0.07586206896551724,0.0,1.0
137,1787728803,40.57373238871237,20.573732388713065,5.057818683082144,1000,False,False,False,42.49876199055032,0.1840618431538435,40.498848333045245,0.3582070434706525,0.5220925744831204,0.36071794543417207,0.08634959130536803,0.011371134439896296,0.3579987585544586,0.3605096936225891,0.012255487032234669,0.0,0.0,0.0,0.43417506531643446,0.35932150086387993,-0.0013276594690978527,0.791,0.0036159869429100854,0.012244300872675008,0.0001854713548327426,0.00505781868308214,0.0,0.179,1.0,0.634,1.0,0.0
138,1945554712,195.30060894736067,181.14060894736141,1.2913118501782725,708,True,False,False,41.00812946802673,0.19108821482026422,39.00975407297148,0.0560773397003006,0.5215546715430878,0.06342582015389887,0.13852750847943385,0.0,0.04850206524133682,0.06341008841991425,0.0014125681482255459,0.2796610169491525,0.1483050847457627,0.0,0.5461925781038616,0.17864175289869308,-0.06718617677688599,0.9491525423728814,0.003576004741617901,0.018339826375765988,7.802229755934226e-09,0.0018238867940371076,1.0,0.04943502824858757,1.0,0.14548022598870056,0.0,1.0
139,628675380,-79.67708599222824,-82.41708599222824,0.23087975464819324,137,False,False,True,-19.255991538300737,0.16811379566971743,-20.751270212122044,1.392672277310112,1.4739445985654305,1.392672277310112,0.4791574297012638,0.302554895913033,0.40310725569725037,1.0008647441864014,0.9684037566184998,0.0,0.0,0.5961721315979958,0.4890322083824851,0.5797289614379406,0.19234426319599152,0.8759124087591241,0.07969511642656722,0.09708615757881014,0.0006620816126424178,0.0016852536835634542,0.0,0.0,0.0,0.0,1.0,0.0
140,485269103,246.42415913296853,233.24415913296917,1.18675325139834,659,True,False,False,54.62193394790552,0.20302457822277278,52.62459236570101,0.013985587215250528,0.4779401799410185,0.01422784477025738,0.1864586804139935,0.0,0.0002478599490132183,0.014227772131562233,4.546403943095356e-05,0.36722306525037934,0.13050075872534142,0.0,0.5378590653408799,0.2849109546840191,-0.06810035556554794,0.9377845220030349,0.0012063564641921092,0.03677016300711789,7.802229756151066e-09,0.001800839531712202,1.0,0.042488619119878605,1.0,0.1471927162367223,0.0,1.0
141,1372997985,-11.555674125847759,-19.975674125847874,0.6409330048456302,421,False,True,False,19.825583654826662,0.21514213157045772,17.854653781300247,0.5882431283128109,1.0322702923535405,0.5882431283128109,0.2809030866124699,0.07555359660960094,0.17310667037963867,0.5860077142715454,0.05123413726687431,0.0,0.0,0.507056649774313,0.5294266168579499,0.3572316343174316,0.014113299548625946,0.9358669833729216,0.04888886527842652,0.05212629052249123,0.0018649253667065227,0.0015224061872817812,0.0,0.0,0.0,0.0,1.0,0.0
142,89323474,243.18474115510455,230.6647411551051,1.2570429528440021,626,True,False,False,56.45141032059203,0.2739971486711641,54.455114242432735,0.09610214518521606,0.44086576082615875,0.09612970447148206,0.18690504702046062,0.0,0.0015368461608886719,0.09612827003002167,0.0005251502734608948,0.44089456869009586,0.05910543130990415,0.0,0.5280754175609924,0.1272294095158577,-0.0660768672823906,0.8993610223642172,0.005057026919755352,0.034496991658989784,1.040297300733406e-08,0.0020080558352140623,1.0,0.06389776357827476,1.0,0.31309904153354634,0.0,1.0
143,1586705974,142.81599692236608,124.73599692236682,1.6960284788662239,904,True,False,False,34.91965262522142,0.23292982990509487,32.91987921792005,0.05096978123176887,0.30737359622157784,0.10105144094141978,0.09723117609774634,0.0,0.0002484321594238281,0.10104522854089737,0.0011204933980479836,0.6471238938053098,0.5011061946902655,0.0,0.5468302322036496,0.266618010699749,-0.07059050351381302,0.9513274336283186,0.004293146364556146,0.017544372089588662,0.0,0.0018761376978608673,1.0,0.030973451327433628,1.0,0.45464601769911506,0.0,0.0
144,391638893,160.78663081380083,144.5266308138004,1.6691706140508873,813,True,False,False,18.859575519948116,0.24468445021777133,16.860141033743112,0.08667107533593636,0.5266784386676988,0.08669920183730938,0.13488038994089155,0.0,0.0866541862487793,0.08668231964111328,0.0017108655301854014,0.1968019680196802,0.06642066420664207,0.0,0.5516393277831353,0.15734360307455064,-0.06661751121282578,0.949569495694957,0.00467195762293065,0.030363213705055746,5.201486504534392e-09,0.002053100386286457,1.0,0.04551045510455105,1.0,0.17835178351783518,0.0,1.0
145,1169248461,224.8113676298411,214.6713676298416,1.0307410440230502,507,True,False,False,66.95199434397645,0.2398325482197673,64.96424258310215,0.021829845034185783,0.359434095906686,0.02185725437320292,0.1306996988267493,0.0,8.37326078908518e-05,0.021811772137880325,0.001409313641488552,0.41420118343195267,0.23865877712031558,0.0,0.5699525288649683,0.24633149415254593,-0.06822435557842255,0.9428007889546351,0.0016177092786879646,0.014212599655516746,2.6007432520503554e-09,0.0020330198106963526,1.0,0.05917159763313609,1.0,0.2583826429980276,0.0,1.0
146,1148949906,239.00183299696073,231.06183299696062,0.7865087319478796,397,True,False,False,55.936271923164725,0.1809873127407034,53.97327196804784,0.24227161777874628,0.6637402107671075,0.24229651167842264,0.21717161249182568,0.0,0.24224472045898438,0.2422696053981781,0.0036107993219047785,0.0,0.0,0.0,0.5322312705232868,0.10624119509011506,-0.07298699021339417,0.8992443324937027,0.01110187464335506,0.015648538924553125,5.20148650366703e-09,0.0019811303071735004,1.0,0.09319899244332494,1.0,0.08816120906801007,0.0,0.0
147,1856387900,216.67470791563386,204.07470791563458,1.1207903535109391,630,True,False,False,36.869843807166546,0.1677065296939715,34.873401779708104,0.0019790747105876273,0.4913983356218154,0.001993788401052261,0.15601961477298423,0.0,0.0011839866638183594,0.0019076347816735506,0.0005797600606456399,0.3952380952380952,0.19682539682539682,0.0,0.5453389156314116,0.29765489608049395,-0.06849757581949234,0.9412698412698413,0.0006413230489172929,0.02227189220541436,2.6007432520503554e-09,0.0017790323071602205,1.0,0.04126984126984127,1.0,0.23174603174603176,0.0,1.0
148,1452815149,-86.25422650808468,-88.13422650808468,0.17217793137877338,94,False,False,True,-33.14182408177389,0.1348844852075204,-34.36425624562544,1.5437662579233897,1.6154136831487593,1.5668854442329796,0.4980234081915634,0.3572130042194055,0.5773810148239136,1.0005109310150146,1.2058639526367188,0.0,0.0,0.5730765983462334,0.4179826738174133,0.5600488017499446,0.14615319669246674,0.7553191489361702,0.08210812762769315,0.08701405778336119,0.0021390228995245286,0.0018316801210507805,0.0,0.0,0.0,0.0,1.0,0.0
149,118590695,277.90604129284634,269.6460412928464,0.7883506351492712,413,True,False,False,85.93122355200305,0.2682555394410746,83.96272752774979,0.06946026948696377,0.42161413603150427,0.06948983758167404,0.22670167155093257,0.0,0.0008787155384197831,0.06948957592248917,0.00019069672271143645,0.38256658595641646,0.19612590799031476,0.0,0.5679888632554407,0.29708527579903604,-0.06674777716398239,0.9394673123486683,0.0038086178188227616,0.044982419728115106,5.201486504100711e-09,0.001908839310288793,1.0,0.06295399515738499,1.0,0.1162227602905569,0.0,1.0
150,816655702,177.23527444545178,165.25527444545182,1.037719672661421,599,True,False,False,25.802796707831956,0.16514192574052075,23.80765531246087,0.042833374764875455,0.4460480228286142,0.042860357806292396,0.11306308421770532,0.0,0.0407961830496788,0.042858026921749115,-0.000446989550255239,0.39232053422370616,0.1686143572621035,0.0,0.5488961254447101,0.2595775633305311,-0.06921444833278656,0.9532554257095158,0.0015339253595450823,0.009319510834607794,5.201486504100711e-09,0.0017324201546935246,1.0,0.048414023372287146,1.0,0.18697829716193656,0.0,1.0
151,1777571204,264.69456434655996,253.7345643465605,1.1024846096495784,548,True,False,False,70.58637963142182,0.25427223022694895,68.5944914202286,0.008814785601193672,0.4308369308813826,0.014937969060292147,0.20145170087854844,0.0,9.16481003514491e-05,0.014929485507309437,0.0005033707711845636,0.3521897810218978,0.20985401459854014,0.0,0.5543820672124625,0.16939696775370977,-0.06818493455648422,0.9361313868613139,0.0012569142628257694,0.04000663673830762,7.802229756151066e-09,0.0020118332292875523,1.0,0.06204379562043796,1.0,0.09124087591240876,0.0,1.0
152,25063030,184.15318001275887,168.65318001275915,1.6006886191821945,775,True,False,False,27.325488121861618,0.2269570693015304,25.326316647226673,0.113876942701056,0.5857643394298476,0.11390279486779901,0.14419135535983882,0.0,0.11387062072753906,0.11389646679162979,0.0012006377801299095,0.18580645161290324,0.0,0.0,0.5428515736362146,0.23302511587738992,-0.06570340692996979,0.9329032258064516,0.005903356887716241,0.02827022154136577,1.3003716260902298e-08,0.0020654046699125073,1.0,0.04,1.0,0.09935483870967741,0.0,0.0
153,1360549999,193.05089008994406,180.53089008994453,1.1905175195552182,626,True,False,False,35.271616185195576,0.2133162169101968,33.27532010703643,0.07704599617061449,0.46127415755781,0.12240077018962567,0.13196069362685514,0.0,0.000118255615234375,0.12238331139087677,0.002067277440801263,0.4169329073482428,0.15495207667731628,0.0,0.5225683140833253,0.15670212460681796,-0.06564180552959442,0.9105431309904153,0.0063306212932476985,0.024593906611655014,0.0,0.001901785175008338,1.0,0.05591054313099041,1.0,0.10702875399361023,0.0,0.0
154,1128058892,106.87608216951483,86.87608216951705,10.58513938115948,1000,False,False,False,37.17601732195646,0.24202780538149107,35.176103664451304,0.18242500775249465,0.3887751096978012,0.18242500775249465,0.10035694706922868,0.005552121303620976,0.0009669304126873612,0.18233242630958557,0.005811176262795925,0.288,0.0,0.0,0.2926084113534889,0.0,-0.03671069070696831,0.504,0.0362629355838072,0.03224472581823222,0.02677883702573239,0.010585139381159486,1.0,0.327,1.0,0.571,1.0,0.0
155,1835097532,192.02896128974385,181.18896128974416,2.211053524361551,542,True,False,False,25.804833078561362,0.1513103442444448,23.813449074142092,0.4765876583543195,0.8851696202727825,0.47659758127085156,0.1509511534183581,0.0,0.4740965962409973,0.47410649061203003,0.04866508021950722,0.0,0.0,0.0,0.4508724886356128,0.02099039398133755,-0.08196604996919632,0.8007380073800738,0.02229790399466338,0.016018822868245908,5.201486505401753e-09,0.00407943454679253,1.0,0.0959409594095941,1.0,0.23985239852398524,0.0,0.0
156,131059846,163.41372924493626,150.0337292449361,1.1709979679173843,669,True,False,False,0.9691758004016758,0.15637864912187271,-1.0284199741962214,0.07638422235503155,0.5608579651908305,0.08501972680067048,0.14383271386767066,0.0,0.07257308810949326,0.08501692116260529,0.0006906962371431291,0.2825112107623318,0.18684603886397608,0.0,0.5475960597187081,0.21159045424312353,-0.0664324015378952,0.9506726457399103,0.004550810125857471,0.01632995026742269,2.600743251833515e-09,0.0017503706545850303,1.0,0.04932735426008968,1.0,0.14947683109118087,0.0,1.0
157,1371903228,179.66301157996054,165.9830115799606,1.236027968939539,684,True,False,False,27.342591249271546,0.21996372328771113,25.344659023415083,0.12855338923266188,0.5751187051103362,0.1285833363776227,0.1421287173483135,0.0,0.12854862213134766,0.1285785734653473,0.0011067247251048684,0.14912280701754385,0.0,0.0,0.5597766378447849,0.12274807900190353,-0.06522653251886368,0.9429824561403509,0.006569179019340888,0.022240286089498303,2.6007432527008767e-09,0.0018070584341221341,1.0,0.05847953216374269,1.0,0.06871345029239766,0.0,0.0
158,1386590529,189.7101864516735,178.23018645167392,1.0944862791993921,574,True,False,False,38.04505462659202,0.16451160016200336,36.05130105396283,0.07553074002954391,0.4373098305644783,0.10525698164459261,0.13945844341111469,0.0,8.678436643094756e-06,0.10525541007518768,0.0005751824355684221,0.4094076655052265,0.16376306620209058,0.0,0.5396885463792688,0.20525919523090125,-0.06581997126340866,0.9285714285714286,0.005479135351789659,0.021222327500134485,0.0,0.001906770521253296,1.0,0.07142857142857142,1.0,0.14634146341463414,0.0,0.0
159,1177456203,192.93767933106284,181.257679331063,1.0198868642076553,584,True,False,False,21.67400952681821,0.12646792655322525,19.67965868376519,0.4649619817267075,0.9664677504511859,0.4726465427435906,0.18475717693904395,0.0,0.4600211977958679,0.46755343675613403,-0.06919926404953003,0.0,0.0,0.0,0.47470369272445145,0.052026285901665685,-0.06584329158067703,0.8458904109589042,0.021027234156957942,0.025160837310454293,5.201486505401753e-09,0.001746381616793931,1.0,0.11643835616438356,1.0,0.125,0.0,0.0
160,882685052,37.351280839633446,17.351280839634043,1.9752085991962989,1000,False,False,False,47.51704371276945,0.25478512557693256,45.517130055264374,0.3647714227770562,0.547625870636406,0.36480363647853314,0.1083245039574191,0.011821161459445248,0.00010185241990257055,0.3647366464138031,0.006990847643464804,0.0,0.0,0.5140274288132787,0.5143128437751148,0.441414974067593,0.02805485762655735,0.946,0.0019927835941022064,0.02467976842643183,0.0013311220014949957,0.001975208599196299,0.0,0.0,0.0,0.572,1.0,0.0
161,867409381,228.31218773486313,218.29218773486377,1.0200572975773654,501,True,False,False,26.347972614932697,0.19157073605185626,24.3609821713567,0.05471179849126069,0.6014991369850413,0.05473916547998965,0.20951729805509367,0.0,0.0010934829479083419,0.05472974851727486,0.0010153150651603937,0.1936127744510978,0.12974051896207583,0.0,0.4792196462490873,0.0,-0.06975331157445908,0.8303393213572854,0.0020570276415532236,0.03133630009299824,0.0,0.002036042510134463,1.0,0.10978043912175649,1.0,0.06986027944111776,0.0,1.0
162,241021414,181.87997065754612,170.81997065754604,0.982957755798251,553,True,False,False,16.799059052681024,0.15586212778579048,14.80677328312303,0.00043166004628304125,0.4630827771237888,0.0016955195538113966,0.1276793762880219,0.0,1.239776611328125e-05,0.0016376494895666838,-0.00043919324525631964,0.3471971066907776,0.22784810126582278,0.0,0.5414922407712066,0.21956489872187376,-0.06828079372644424,0.9349005424954792,0.0005909442139286632,0.010547558581856596,2.6007432520503554e-09,0.0017775004625646493,1.0,0.05786618444846293,1.0,0.09764918625678119,0.0,1.0
163,674548240,213.313615402393,201.01361540239319,1.101108780526169,615,True,False,False,33.00119967300915,0.23422134783186532,31.005336569677144,0.08553191124176625,0.6948650244843568,0.08670603519267983,0.1861532330694199,0.0,0.08506479114294052,0.08670463413000107,-0.0004929089336656034,0.15447154471544716,0.08780487804878048,0.0,0.5571616382951416,0.265723365098238,-0.06611882150173187,0.9528455284552846,0.004579194962803039,0.03732253957417347,4.05715947316386e-07,0.0017904207813433657,1.0,0.04878048780487805,1.0,0.05040650406504065,0.0,1.0
164,783109940,235.43282181752733,223.73282181752802,1.271266404076093,585,True,False,False,32.5873710139082,0.1891746428460937,30.592963679285642,0.08053511291425881,0.5904469165735767,0.08055751786719546,0.20749937512472752,0.0,0.0018429756164550781,0.08055534213781357,0.0005920624826103449,0.2205128205128205,0.10598290598290598,0.0,0.4646424645636605,0.09075494557619095,-0.0701337605714798,0.8068376068376069,0.0033166085602178174,0.03593772252942532,1.0402973008201422e-08,0.0021731049642326364,1.0,0.11282051282051282,1.0,0.07521367521367521,0.0,1.0
165,2026472473,30.736521716602162,10.736521716602523,1.9514561181936174,1000,False,False,False,43.9887152174962,0.21300331002854198,41.98880155999092,0.08576489822374356,0.3487076896411963,0.1055470885989859,0.10261231923591009,3.439299198231227e-08,0.00031528473482467234,0.10553731769323349,0.0014361357316374779,0.584,0.122,0.0,0.5619430891815573,0.2977510223537683,-0.07072821259498596,0.976,0.0045022493729484645,0.016529674776313782,0.0,0.001951456118193617,1.0,0.025,1.0,0.249,1.0,0.0
166,1224070920,217.0262899886817,205.00628998868217,1.1218438158553659,601,True,False,False,59.10112794366479,0.20421178964907993,57.105889862061666,0.07328584388262548,0.4278831700028871,0.07391572263448556,0.13583655868850777,0.0,0.06579265743494034,0.07391538470983505,-0.00022350788640324026,0.3810316139767055,0.16638935108153077,0.0,0.5607292957529549,0.273319683521986,-0.066533662378788,0.9534109816971714,0.003996976648851071,0.016041550687160375,5.201486504534392e-09,0.0018666286453500268,1.0,0.048252911813643926,1.0,0.2762063227953411,0.0,1.0
167,856913638,189.88774123101024,173.58774123101077,1.5155845529711542,815,True,False,False,17.9589220210141,0.29970322092205054,15.959476281084592,0.09439170425492167,0.6363875588116964,0.09441945803619255,0.18042821566650824,0.0,0.09439048916101456,0.0944182425737381,0.00047908781562000513,0.26012269938650306,0.049079754601226995,0.0,0.5539898076708902,0.21012547075748444,-0.06611598283052444,0.9558282208588957,0.004976178589558199,0.03112775628223473,0.0,0.0018596129484308662,1.0,0.04049079754601227,1.0,0.10920245398773006,0.0,1.0
168,626537496,169.48331648916923,153.74331648916913,1.494473144438156,787,True,False,False,24.43866548073746,0.18591289180509313,22.439399873086874,0.0668464190866055,0.5229317521399592,0.07942952566997645,0.11612296751244283,0.0,0.0523950569331646,0.07942943274974823,0.00012149572285125032,0.301143583227446,0.17407878017789072,0.0,0.5302563785206115,0.166530553502962,-0.06645955890417099,0.9326556543837357,0.004267491332746492,0.01820344604980983,5.20148650366703e-09,0.0018989493576088386,1.0,0.043202033036848796,1.0,0.2337992376111817,0.0,1.0
169,154517276,182.90442780574665,168.38442780574724,1.3150482456245771,726,True,False,False,52.0997894019075,0.224036600196087,50.10114515709082,0.02886702822462749,0.30524591324303535,0.037498824780969144,0.10452182242497135,0.0,8.144378807628527e-05,0.03747720643877983,0.0012731290189549327,0.5647382920110193,0.4214876033057851,0.0,0.5579770244477598,0.28592430785298345,-0.06947515904903412,0.9655647382920111,0.0012181714782396307,0.01560904487707493,7.802229755934226e-09,0.0018113612198685629,1.0,0.03581267217630854,1.0,0.33608815426997246,0.0,1.0
170,916885238,16.22525119353078,9.1252511935311,0.6247355342194549,355,False,True,False,55.18906006232975,0.17249334633174573,53.245491885023746,0.38276407955974684,0.7623552837082525,0.38276407955974684,0.20257670787164814,0.08147801886502537,0.3790312707424164,0.3790312707424164,0.05332575738430023,0.0,0.0,0.0,0.5871203696066645,0.5507628911733627,-0.05455300956964493,0.9915492957746479,0.005428971240665775,0.010988468582491145,0.025793677107327766,0.0017598184062519863,1.0,0.005633802816901409,1.0,0.0,1.0,0.0
171,515494164,27.25002301167707,7.250023011677238,1.7975731193458677,1000,False,False,False,38.51818861879281,0.2611839599973391,36.51827496128778,0.05491554075462278,0.47378566248703613,0.05491554075462278,0.12209392675338657,0.03199475984605278,0.03695688396692276,0.03695688396692276,0.040619026869535446,0.249,0.105,0.5853585675358772,0.56874410588108,0.5565974889323115,0.17071713507175446,1.0,0.006645666878383105,0.024049311294311523,0.0018742763390691983,0.0017975731193458687,0.0,0.0,0.0,0.236,1.0,0.0
172,1344467073,61.27850614460175,41.27850614460329,4.419679136177461,1000,False,False,False,59.801210693416905,0.21560835506443188,57.80129703591172,0.16394941177380631,0.32168895051388413,0.18916202670603272,0.08094503105672796,0.011457179431730986,0.1639264076948166,0.18915633857250214,-0.0014669442316517234,0.596,0.0,0.5210765358060598,0.4188877968499437,0.3076391813904047,0.042153071612119675,0.731,0.009628687529357258,0.008737788620639186,0.0050291063154802714,0.004419679136177467,0.0,0.267,1.0,0.643,1.0,0.0
173,743363182,-36.46711506707949,-52.32711506707951,3.430973712902305,793,False,True,False,19.314609600494464,0.28531231178021105,17.315301016313374,0.32941009164299334,0.7648042303110066,0.3822958568286852,0.16121878025907638,0.040145717298755206,0.32939332723617554,0.3802594244480133,-0.039406754076480865,0.0,0.0,0.5111339399591088,0.4856685370775404,0.21293992700928357,0.02226787991821766,0.8398486759142497,0.008260862376171529,0.034368494301070106,0.0070036672330745404,0.00432657466948588,1.0,0.09836065573770492,1.0,0.17150063051702397,1.0,0.0
174,1926328121,13.619699476669522,-6.380300523330643,3.889060211501463,1000,False,False,False,16.70463937268549,0.17974691193767367,14.704725715180366,0.23084772212101534,0.48983540099791617,0.24132616046976937,0.09800634792320709,0.04790990369187113,0.21397371590137482,0.2413257658481598,0.0004364228225313127,0.0,0.0,0.574435755610466,0.4733769607593276,0.4045128608774394,0.148871511220932,0.853,0.006203929336654097,0.018351206621921214,0.001599025376618924,0.0038890602115014632,0.0,0.134,1.0,0.452,1.0,0.0
175,1395484617,-66.96146408915519,-67.9214640891552,0.2141702809401143,48,False,False,True,-37.29108143138802,0.2063449256719083,-38.05650114950343,1.41695471015612,1.47880079482122,1.41695471015612,0.6347829598359072,0.4698041564537057,0.760819673538208,1.0018997192382812,1.0019768476486206,0.0,0.0,0.6667624562978745,0.6955216660474738,0.6955216660474738,0.3335249125957489,1.0,0.12011625295962663,0.13309094340798627,0.0016999186103382052,0.004461880852919048,0.0,0.0,0.0,0.0,1.0,0.0
176,126288124,137.39274828629567,118.37274828629563,2.1365464537776018,951,True,False,False,18.952011970885753,0.23096443269676323,16.952153257187742,0.04208256371326619,0.4376845440923137,0.043934075185867644,0.10962992776491624,0.0,0.04155092313885689,0.04392547532916069,-0.0008692407864145935,0.3764458464773922,0.13249211356466878,0.0,0.5520938550818371,0.2212094207853079,-0.06717836111783981,0.9579390115667719,0.0025706672817853056,0.017684273005927915,2.600743251833515e-09,0.002246631391984859,1.0,0.03259726603575184,1.0,0.25236593059936907,0.0,1.0
177,244472222,271.6154475299172,261.6154475299179,0.942130836043961,500,True,False,False,73.68400296354966,0.23862538491912402,71.69714392963456,0.03364653403100411,0.36600582814982024,0.052292761026002034,0.22869051423692643,0.0,0.00022363662719726562,0.05228071287274361,0.0011224603513255715,0.52,0.326,0.0,0.5484685166096315,0.26953924395143986,-0.06972968578338623,0.94,0.0019355872357712854,0.044311589926432506,0.0,0.001884261672087923,1.0,0.056,1.0,0.24,0.0,1.0
178,624263177,221.32434767400844,209.70434767400926,1.1462527312818125,581,True,False,False,43.10464150100747,0.2446288794889315,41.11046357950807,0.038435772907473416,0.4611795566231602,0.04425362431867018,0.14408109700334085,0.0,0.0003895759582519531,0.044240571558475494,0.0010747527703642845,0.4423407917383821,0.2719449225473322,0.0,0.5324026875617864,0.2127914709225297,-0.06760474294424057,0.9036144578313253,0.0026634019839229576,0.019588928714290747,2.600743252267196e-09,0.001972896267266457,1.0,0.05679862306368331,1.0,0.2719449225473322,0.0,1.0
179,1916746531,181.52307194359602,163.94307194359675,1.817776290753177,879,True,False,False,45.24993006109264,0.29220057583049075,43.2502213782389,0.09989367823035278,0.49322903165589466,0.09992343693665176,0.15012001547431078,0.0,0.03233470767736435,0.0999230369925499,0.00028271437622606754,0.17974971558589306,0.03185437997724687,0.0,0.5576558534916283,0.29061305679380894,-0.06591074913740158,0.9647326507394767,0.00522116047657681,0.031650202791758626,7.802229756367907e-09,0.0020680048814029333,1.0,0.034129692832764506,1.0,0.17974971558589306,0.0,1.0
180,1882517521,211.19857356338758,196.63857356338843,1.276806223748644,728,True,False,False,41.18803988649684,0.13848156769365966,39.18936866215193,0.004661834284411287,0.4593514138287101,0.004819583179104526,0.15051998297482397,0.0,4.76837158203125e-05,0.004674339201301336,0.0011742806527763605,0.44368131868131866,0.32005494505494503,0.0,0.5455349163135647,0.2770050064474344,-0.06877250224351883,0.9395604395604396,0.0003494396425478569,0.019772733763024172,1.3003716260143357e-08,0.0017538547029514334,1.0,0.03708791208791209,1.0,0.1565934065934066,0.0,1.0
181,893071467,-42.58590149211379,-62.585901492113955,3.118552895303446,1000,False,False,False,19.882873102494194,0.16617415817778955,17.882959444988977,0.3483779802942004,0.549074086002116,0.46232552056994486,0.09616164959309981,0.06850320575286427,0.3477364480495453,0.45905131101608276,-0.05492522940039635,0.0,0.0,0.5111540323123336,0.5421296890353988,0.5034010898799169,0.022308064624667168,0.989,0.01892354365488388,0.011595186238620252,0.001013644883965395,0.0031185528953034444,0.0,0.0,0.0,0.497,1.0,0.0
182,171120969,16.63000305051967,-3.3699969494802957,2.8390902746422864,1000,False,False,False,24.75761611929174,0.2206976687320663,22.757702461786508,0.2951035971581006,0.5738562270607024,0.3483282796080212,0.1255726098758005,0.010337903646616712,0.2948518693447113,0.3480062484741211,-0.014974691905081272,0.0,0.0,0.0,0.5184203781169199,0.23997213618829846,-0.09659665077924728,0.95,0.012028831553243772,0.027321395096224593,0.0008047973985975884,0.002839090274642287,0.0,0.03,1.0,0.499,1.0,0.0
183,790228919,-102.7175502453669,-117.53755024536696,1.7062364424765009,741,False,True,False,24.0531886620697,0.21709548013716332,22.05435469064185,0.5652374518896883,0.827118378090181,0.9584634012690086,0.1817058867775466,0.030033360378960212,0.18021468818187714,0.9329906702041626,-0.2195005714893341,0.0,0.0,0.0,0.49604424459071217,0.17298361376015237,-0.012094820849597454,0.8825910931174089,0.017602640461265473,0.05000940722068294,8.090912257066943e-05,0.002302613282694334,0.0,0.033738191632928474,1.0,0.001349527665317139,1.0,0.0
184,1786810991,157.98885501194746,142.4088550119473,1.5237773663109104,779,True,False,False,21.437495140684167,0.23587943078124035,19.438291018843987,0.08228780570767852,0.45178612143470476,0.08229801300094856,0.11387482748987578,0.0,0.08228778839111328,0.08229799568653107,-5.338430491974577e-05,0.3979460847240051,0.1514762516046213,0.0,0.5541221101496928,0.26191245183348655,-0.0663398951292038,0.9614890885750963,0.004392984021608,0.019151573177142216,2.600743251833515e-09,0.0019560685061757476,1.0,0.03594351732991014,1.0,0.3324775353016688,0.0,1.0
185,52965927,-31.446068819228202,-47.12606881922808,1.3898256134459044,784,False,True,False,38.186003931939005,0.25377431669265094,36.18676080415013,0.23718727180229213,0.6699613477652303,0.24870661932069496,0.16118385286376785,0.025356714568052698,0.23698487877845764,0.2448563128709793,-0.04359321668744087,0.0,0.0,0.5085701933130622,0.5623579325639388,0.4055394004913978,0.017140386626124382,0.9668367346938775,0.01874818984148735,0.030669835966982795,0.00014594720944581877,0.001772736751844267,0.0,0.0,0.0,0.14795918367346939,1.0,0.0
186,1729187195,224.12708401795243,211.60708401795313,1.1806564505773527,626,True,False,False,43.21743219423765,0.2062127165286309,41.22113611607854,0.004981164375128869,0.5047993267240889,0.008001134034471134,0.15434888492448687,0.0,0.00016708373732399195,0.007992744445800781,-0.00036630869726650417,0.3035143769968051,0.16932907348242812,0.0,0.5338807799122535,0.19596337154507637,-0.06815312057733536,0.9408945686900958,0.0008953052143256887,0.021710487311866502,2.6007432520503554e-09,0.0018860326686539189,1.0,0.05591054313099041,1.0,0.0926517571884984,0.0,1.0
187,1240058640,226.8408390924103,214.76083909241078,1.097681383635618,604,True,False,False,44.873633357762394,0.2205970598739303,42.87825384242093,0.06495347833041615,0.4818663974987811,0.06498065862906575,0.1755499775508215,0.0,0.0007520675426349044,0.06497955322265625,0.00037902354961261153,0.31788079470198677,0.13741721854304637,0.0,0.5456523090421334,0.2122419249638915,-0.06980986148118973,0.9420529801324503,0.0025712498482737605,0.03183233478510025,7.802229755934226e-09,0.0018173532841649306,1.0,0.054635761589403975,1.0,0.14735099337748345,0.0,1.0
188,821825863,207.00979511202303,193.1097951120239,1.265465040922538,695,True,False,False,70.78752159547204,0.25600258423662003,68.78937295276366,0.11737454865883004,0.4229497197671398,0.11747325733295198,0.11076001874025404,0.0,0.0012332915794104338,0.11746969074010849,0.0009153938153758645,0.33525179856115106,0.0,0.0,0.5473688710192821,0.2304009358584881,-0.07081301510334015,0.9568345323741008,0.005095179498169732,0.018592806196218073,2.6007432527008767e-09,0.0018208130085216388,1.0,0.04460431654676259,1.0,0.2920863309352518,0.0,0.0
189,1952289020,203.97579203452892,190.37579203452987,1.246782636983202,680,True,False,False,61.62715867186886,0.16161224119062945,59.62931126684322,0.11272138527134223,0.4627594435185841,0.11274866164806906,0.12965532883360487,0.0,0.11232566833496094,0.11274824291467667,0.0003072833933401853,0.2514705882352941,0.0,0.0,0.5597282572895946,0.24214094333350658,-0.065533347427845,0.9573529411764706,0.00581070020787615,0.0066199529282798646,0.0,0.0018335038779164752,1.0,0.04264705882352941,1.0,0.17794117647058824,0.0,0.0
190,457488617,159.36770960377754,141.78770960377787,2.231972208656018,879,True,False,False,36.61324695009229,0.1654611401495208,34.613538267238454,0.09393604971927205,0.40383546614428595,0.09396370682838932,0.09802258134833423,0.0,0.09393320232629776,0.09396085888147354,0.0007315730908885598,0.5130830489192264,0.04550625711035267,0.0,0.5080664317337881,0.12546182442456483,-0.07039288431406021,0.8953356086461889,0.00396096090611114,0.011445743326664447,2.600743251833515e-09,0.002539217529756564,1.0,0.07849829351535836,1.0,0.3822525597269625,0.0,1.0
191,815712761,165.67175652459264,147.2117565245926,1.5602795696033978,923,True,False,False,34.774372060947336,0.3057940898413217,32.774559264725475,0.2670344373680692,0.7007460670816401,0.2670603399629497,0.14132413418382414,0.0,0.2670105993747711,0.267036497592926,0.0035684918984770775,0.0,0.0,0.0,0.5489202998457466,0.13566624000668526,-0.0605909563601017,0.9588299024918743,0.012775707798875388,0.03197083057377522,0.0,0.0016904437373817954,1.0,0.04225352112676056,1.0,0.13217768147345613,0.0,0.0
192,134902683,79.74752724100853,59.747527241008996,2.018284512510833,1000,False,False,False,46.5180420987506,0.29129393566595607,44.518128441245494,0.02895231983397403,0.3880685433679335,0.03811738942656817,0.15262320541284702,0.0013303172487422559,0.0034693717025220394,0.038117311894893646,-7.688045297982171e-05,0.436,0.227,0.0,0.5594678127788939,0.4900076459906995,-0.06775442510843277,0.971,0.0022974777334551716,0.0291111033618979,0.0007953869342330225,0.0020182845125108323,1.0,0.007,1.0,0.254,1.0,1.0
193,934119719,213.83531422642992,197.79531422643106,1.527173250015796,802,True,False,False,81.42720455141846,0.2654934051707864,79.42783617169418,0.11568600829429018,0.36255021366165463,0.1157096561707904,0.12968536191385968,0.0,0.0009180068736895919,0.11570253223180771,0.0012839650735259056,0.39027431421446385,0.0,0.0,0.5479308655125523,0.16900169596076012,-0.07085968554019928,0.9526184538653366,0.004999684432162957,0.031138059095184155,0.0,0.0019042060474012373,1.0,0.046134663341645885,1.0,0.415211970074813,0.0,0.0
194,22390618,-105.55057940747646,-106.71057940747647,0.21738072163420497,58,False,False,True,-64.38793262158529,0.20379062247870264,-65.27140034448956,1.5855008921436757,1.66931710548203,1.715150019423156,0.5070105521999587,0.38136979275628524,0.7144992351531982,1.000205159187317,1.3933159112930298,0.0,0.0,0.5897833928465843,0.514657369485137,0.5467580597382039,0.17956678569316864,0.9482758620689655,0.09956108101071638,0.11122041335648035,0.0016792583059440647,0.0037479434764518082,0.0,0.0,0.0,0.0,1.0,0.0
195,590562343,158.7439928573092,143.70399285730883,1.4125107306031992,752,True,False,False,18.456234780808238,0.16300859592529393,16.457278770794463,0.12455166543539156,0.5450342681792195,0.12456158666823094,0.1149512558090871,0.0,0.12452564388513565,0.12453556060791016,0.002546177012845874,0.23803191489361702,0.0,0.0,0.544358187303705,0.20057270832359791,-0.0656852200627327,0.9375,0.006450711913281833,0.013577235530673705,7.802229756367907e-09,0.0018783387375042578,1.0,0.04521276595744681,1.0,0.20345744680851063,0.0,0.0
196,1269560368,198.03841415080234,180.91841415080344,1.5906259078952734,856,True,False,False,55.81788824713454,0.2985451083393994,53.81825532362523,0.03477070415711927,0.36307278578063223,0.03477108393949636,0.14273248885906684,0.0,0.00043992995051667094,0.03475303575396538,0.0011201715096831322,0.4614485981308411,0.3703271028037383,0.0,0.5542815282835329,0.3043291458487511,-0.06784990429878235,0.9707943925233645,0.0022183429679682007,0.03039567326592091,0.0,0.0018582078363262545,1.0,0.030373831775700934,1.0,0.3341121495327103,0.0,1.0
197,1785119941,181.9239439373386,165.78394393733868,2.064476064795346,807,True,False,False,32.37758852258482,0.16532194920722046,30.378189187182404,0.10019323924666236,0.48537196223401136,0.1037382121765499,0.10986385505895067,0.0,0.09989843517541885,0.10373172909021378,0.0011597609845921397,0.2589838909541512,0.0,0.0,0.4401804801580143,0.2385120302438736,-0.07064253091812134,0.7806691449814126,0.0044222999246377945,0.017414421220332817,0.0,0.0025582107370450383,1.0,0.13878562577447337,1.0,0.24039653035935563,0.0,0.0
198,965189358,198.18112302715735,185.38112302715774,1.1295177102492666,640,True,False,False,35.47774481842271,0.15219058126967736,33.48096258501264,0.04219941035244523,0.5137801269651285,0.04222668368187289,0.11447710288809083,0.0,0.00019588469876907766,0.04221963882446289,0.0007713055820204318,0.3421875,0.1578125,0.0,0.520933125121769,0.15041481457650663,-0.06946132332086563,0.90625,0.0014629055631902592,0.012778948649282515,5.201486504100711e-09,0.0017648714222644791,1.0,0.0578125,1.0,0.225,0.0,1.0
199,1798176648,190.92612157957635,176.42612157957717,1.4206405166776135,725,True,False,False,39.117766072515636,0.21436450634567342,37.11913552219577,0.08176763160114539,0.43557930670470085,0.08179443136342195,0.12742081539870898,0.0,0.0001834869326557964,0.0817943587899208,-0.00010895967716351151,0.5117241379310344,0.12689655172413794,0.0,0.5329166813053448,0.2300086705200374,-0.06634142249822617,0.9255172413793104,0.004367279575676557,0.025629986692830533,5.20148650366703e-09,0.001959504160934641,1.0,0.041379310344827586,1.0,0.2882758620689655,0.0,1.0
200,69892020,185.15024655647562,171.73024655647635,1.2910406589150847,671,True,False,False,47.600606215237626,0.22659868613588607,45.602962596554164,0.05503552832824378,0.3595586640314475,0.05506138007615953,0.10339763225761892,0.0,0.05503091961145401,0.05505676195025444,0.0007131195161491632,0.4843517138599106,0.2533532041728763,0.0,0.5542578181604426,0.25293289169669153,-0.06969556212425232,0.9582712369597616,0.002082493144198387,0.013591589698538771,7.802229755934226e-09,0.0019240546332564578,1.0,0.043219076005961254,1.0,0.37257824143070045,0.0,1.0
201,1722285593,248.49235994275654,236.77235994275668,1.0768837641020785,586,True,False,False,82.4458925932787,0.26898222159586277,80.45142933200223,0.048150926125059924,0.3514104993377543,0.048178578768430846,0.16667145462341085,0.0,0.0007380485767498612,0.0481693260371685,0.0009441828588023782,0.3703071672354949,0.1552901023890785,0.0,0.5538206848033002,0.13705097936093807,-0.067476287484169,0.9351535836177475,0.0028427902002892006,0.033931324594979155,5.201486504100711e-09,0.0018376856042697585,1.0,0.06655290102389079,1.0,0.17747440273037543,0.0,1.0
202,1838200024,199.5781592089319,185.39815920893244,1.4028857250557845,709,True,False,False,35.89990879929247,0.19971100880852782,33.90151715818764,0.049974347578534764,0.4299176395711737,0.05000171189177493,0.1310964675286603,0.0,0.049959756433963776,0.049987126141786575,0.001207647379487753,0.23413258110014104,0.11001410437235543,0.0,0.48412028927991363,0.04450358796864748,-0.06970413774251938,0.8519040902679831,0.0018223463232771861,0.02267183929328919,0.0,0.0019786822638304443,1.0,0.09026798307475317,1.0,0.29619181946403383,0.0,1.0
203,2126813241,27.897239930369018,7.897239930368726,1.7218073154620492,1000,False,False,False,12.013433135133454,0.26858430318527177,10.013519477628309,0.14176616604302275,0.7258183481698522,0.14176616604302275,0.16089094577629037,0.03950123957915673,0.1413673460483551,0.1413673460483551,0.010626349598169327,0.073,0.0,0.5749056190252304,0.5668508521486074,0.5870703898370266,0.14981123805046082,0.988,0.0049736370132151516,0.028872697482525928,0.00081961253253278,0.0017218073154620518,0.0,0.0,0.0,0.117,1.0,0.0
204,1376935700,246.28100592680258,236.46100592680295,0.9543030835520072,491,True,False,False,58.75673250487208,0.2485225757386357,56.77111752729071,0.028949345677848907,0.517621059641876,0.02897726816204502,0.1732398611578309,0.0,0.00023126602172851562,0.02897186204791069,-0.0005597138660959899,0.25865580448065173,0.15478615071283094,0.0,0.5563337654254709,0.2633616365492344,-0.0689111277461052,0.9409368635437881,0.0008725748808493953,0.024572506158144828,2.6007432520503554e-09,0.001943590801531584,1.0,0.06109979633401222,1.0,0.06720977596741344,0.0,1.0
205,1075994928,85.9875352629373,65.98753526293999,14.097609825372842,1000,False,False,False,19.545506636786858,0.2189701645046712,17.545592979281736,0.5270190310500732,0.6707213603822144,0.5301371319520591,0.07109777380893725,0.004653364084678722,0.5094005465507507,0.5126136541366577,0.13517625629901886,0.0,0.0,0.0,0.1782829101058014,0.0,-0.06823752820491791,0.311,0.057444036213413395,0.032946031846920756,0.03090634075219509,0.014097609825372847,1.0,0.408,1.0,0.687,1.0,0.0
206,2130197154,110.79827885935084,90.89827885935067,1.7814937387179817,995,True,False,False,6.348573590926451,0.17304650343795577,4.348664383143286,0.0891717730672549,0.44474731000131074,0.08920189828888409,0.08733283403915294,0.0,0.08916721493005753,0.08919811248779297,-0.0008218192961066961,0.3748743718592965,0.08542713567839195,0.0,0.5366328028475295,0.011304067522287369,-0.06596993654966354,0.942713567839196,0.004678827486230888,0.013158731655077091,0.0,0.0017904459685607853,1.0,0.05125628140703518,1.0,0.36180904522613067,0.0,1.0
207,1512169714,172.30105716264796,155.88105716264826,1.53121202808584,821,True,False,False,28.519157407323664,0.23457360260945903,26.51967923217765,0.10437781273485261,0.5098381958177789,0.10504907863730079,0.12752453807690767,0.0,0.08368959277868271,0.10504236072301865,0.0011880135862156749,0.29476248477466505,0.0,0.0,0.545665377326169,0.2953386827930808,-0.06596655398607254,0.9464068209500609,0.00549654017581806,0.02384015677620768,0.0,0.0018650572814687464,1.0,0.030450669914738125,1.0,0.17174177831912302,0.0,0.0
208,1813899210,-42.059734227544745,-57.53973422754496,1.3672524723255584,774,False,True,False,24.224115817314978,0.23250269313450725,22.224952711623192,0.22693567256804134,0.682516466420046,0.24473325038626012,0.15069527249994916,0.03569434177351702,0.226755291223526,0.24075531959533691,-0.04394587501883507,0.0,0.0,0.5129714198410511,0.5548461678035963,0.4061480213992763,0.025942839682102203,0.9638242894056848,0.019830528156968626,0.027167312077066352,0.0030560007575551953,0.001766476062436122,0.0,0.0,0.0,0.14599483204134367,1.0,0.0
209,1329058962,174.9431116717518,160.68311167175182,1.239946348140524,713,True,False,False,25.903012762333884,0.13547532124196043,23.904557745471294,0.032843895918890385,0.4588779938720688,0.032870882110917765,0.11389002490880952,0.0,9.5367431640625e-07,0.03286132961511612,0.00079240562627092,0.4123422159887798,0.31977559607293127,0.0,0.5415937742742489,0.2607448179274797,-0.06928018480539322,0.9565217391304348,0.0010127772922711618,0.01052630799687313,5.20148650388387e-09,0.0017390551867328512,1.0,0.04067321178120617,1.0,0.25245441795231416,0.0,1.0
210,230627142,294.25575622357417,287.19575622357445,0.6185662293294929,353,True,False,False,82.41833367505993,0.2144449046102996,80.47591129233784,0.03382691213483135,0.44922017205072073,0.03385485054221762,0.29103469190857245,0.0,0.0004620552062988281,0.033854007720947266,-0.00023888588475529104,0.43059490084985835,0.28611898016997167,0.0,0.5524741413425285,0.27729550942778586,-0.06756966561079025,0.9235127478753541,0.0021224599035775124,0.05157731320828016,7.802229756367907e-09,0.001752312264389498,1.0,0.07932011331444759,1.0,0.07932011331444759,0.0,1.0
211,987606443,169.9831765784884,154.38317657848842,1.4316199428427212,780,True,False,False,47.447704908320766,0.1777213324683237,45.44849282769907,0.03244485793707713,0.3518298075182059,0.038794923999494295,0.10205031264871503,0.0,0.0002998351992573589,0.038757991045713425,0.0016924119554460049,0.4987179487179487,0.24487179487179486,0.0,0.5547433781258475,0.24163520134985447,-0.06959008425474167,0.9628205128205128,0.0012657072944876578,0.012431969992464374,0.0,0.0018354101831316938,1.0,0.038461538461538464,1.0,0.37435897435897436,0.0,1.0
212,1428704328,180.7672309808434,166.44723098084347,1.352872352848241,716,True,False,False,30.18095944488595,0.21175136921129936,28.182458540479157,0.10153330227331785,0.5484849932805156,0.10860720636932432,0.13460841631883505,0.0,0.0991448387503624,0.10860280692577362,0.0009775495855137706,0.2807262569832402,0.0,0.0,0.558042552915282,0.21840801976621152,-0.06581205874681473,0.9567039106145251,0.005650678426136152,0.01758767165237186,1.0402973008201422e-08,0.0018894865263243614,1.0,0.04329608938547486,1.0,0.1634078212290503,0.0,0.0
213,813158061,29.206558470493473,9.206558470493603,4.675890310953682,1000,False,False,False,15.939606904555946,0.1991668221932908,13.939693247050778,0.5637897196981526,0.8498962195494661,0.7425831631789716,0.12475549894249574,0.005030682050287599,0.5533273816108704,0.7112699747085571,-0.2133653610944748,0.0,0.0,0.0,0.39618893860258686,0.11062788411509246,-0.0021766319405287504,0.716,0.00672444144092967,0.026261312460726487,0.0016567813823883922,0.004675890310953685,1.0,0.159,1.0,0.396,1.0,0.0
214,1749950354,187.8893425046352,172.6293425046357,1.4821363058862944,763,True,False,False,41.91519884879794,0.2589750855441074,39.91613357296962,0.02487679764653749,0.367585702274126,0.029494717600187962,0.12334189204922863,0.0,7.467270188499242e-05,0.029465770348906517,0.0013064241502434015,0.41939711664482304,0.290956749672346,0.0,0.5393186363141049,0.20206926674349235,-0.06801947951316833,0.9462647444298821,0.0019759416684414165,0.02403957840192029,1.3003716260468617e-08,0.0019425115411353807,1.0,0.04456094364351245,1.0,0.30144167758846657,0.0,1.0
215,889174518,26.299361174239106,6.299361174239867,3.218704736159769,1000,False,False,False,60.65324754613021,0.25484822858970035,58.653333888625056,0.2326992280720948,0.42065234902603305,0.27154621610303475,0.1001782203149011,0.026835294611188196,0.08976621925830841,0.27153509855270386,-0.0024571800604462624,0.0,0.0,0.5136749586090446,0.5583448252911912,0.5226468107290566,0.027349917218089104,0.997,0.0009564430803282887,0.02408383156103951,0.0010724583356864913,0.003218704736159775,0.0,0.0,0.0,0.519,1.0,0.0
216,1871442016,201.42308257645925,188.90308257646,1.2398517759320038,626,True,False,False,40.539902341899946,0.2064767565052348,38.54360626374062,0.10971783650030396,0.46504142822234784,0.10973845925919365,0.14314375111173824,0.0,0.00013847350783180445,0.10973834991455078,-0.0001549148582853377,0.3450479233226837,0.0,0.0,0.5486971413584265,0.20504219874739646,-0.07047276943922043,0.9456869009584664,0.004749203598630834,0.027099817563185073,5.20148650366703e-09,0.0019805938912651833,1.0,0.051118210862619806,1.0,0.24600638977635783,0.0,0.0
217,1938763919,-26.719730871768817,-39.67973087176823,3.249401158123568,648,False,True,False,21.55693536287402,0.19497618701802286,19.559904539922854,0.5516504857773974,0.8060638377322219,0.5821677971416342,0.15765305654112038,0.01232154360212543,0.12598982453346252,0.5785687565803528,0.06463387608528137,0.0,0.0,0.0,0.3932135218877159,0.13068323530314957,-0.0020911407191306353,0.691358024691358,0.009836239844585553,0.03978741153360415,0.003800828917875837,0.005014507960067231,1.0,0.1882716049382716,1.0,0.38425925925925924,1.0,0.0
218,1242605113,228.56597947095287,216.64597947095342,1.018763931073619,596,True,False,False,42.47177739015582,0.13524564806208053,40.47678471741162,0.04840303220554515,0.5591962143161536,0.04843076294212588,0.1630209333523187,0.0,0.04837808758020401,0.04840574413537979,0.0015565133653581142,0.32550335570469796,0.1593959731543624,0.0,0.5389908950081667,0.29287918604910373,-0.06760741770267487,0.9211409395973155,0.0028786466475049454,0.016275687026359963,0.0,0.0017093354548215073,1.0,0.0436241610738255,1.0,0.16946308724832215,0.0,1.0
219,1828995021,257.86981314053844,247.44981314053854,1.089746924778004,521,True,False,False,71.91676807698848,0.26751812899024235,69.92740868344275,0.030683591107324416,0.47269511692690735,0.030710864060893194,0.1920298318033306,0.0,0.0007127762073650956,0.030708884820342064,0.00034866094938479364,0.23224568138195778,0.16122840690978887,0.0,0.5252603396426494,0.13152419886551797,-0.06914151459932327,0.9001919385796545,0.0009246699625646852,0.039774405851062636,5.201486504100711e-09,0.0020916447692476063,1.0,0.07293666026871401,1.0,0.11708253358925144,0.0,1.0
220,1937516710,13.598257917338895,-6.401742082660642,2.31669440694295,1000,False,False,False,28.71694869914798,0.19592832907388907,26.717035041642834,0.19831214442658118,0.49309094268117326,0.23715078204614692,0.1314299834059583,0.033421497065434895,0.0004253387451171875,0.23596200346946716,0.023715529590845108,0.026,0.0,0.5649550035595894,0.5442683318648924,0.5431851353123784,0.12991000711917877,0.981,0.027337395403041916,0.025277998052236027,0.002874916206402813,0.002316694406942947,0.0,0.0,0.0,0.325,1.0,0.0
221,1972458574,217.78025816576562,207.00025816576613,1.0602049817244799,539,True,False,False,50.62206337207088,0.17500336111619716,48.63094310458705,0.017105702235892636,0.4765532064305351,0.01813282009766931,0.13856724917834784,0.0,0.0004417419550009072,0.01812744140625,-0.00044162513222545385,0.29684601113172543,0.15584415584415584,0.0,0.5576121107535178,0.2673982676677406,-0.0679020807147026,0.948051948051948,0.0013724453735729613,0.012884952376839441,7.802229756151066e-09,0.0019669851237930987,1.0,0.05380333951762523,1.0,0.12244897959183673,0.0,1.0
222,1627593572,220.32921875594187,210.02921875594237,0.9145994002739142,515,True,False,False,39.82567726181123,0.21799786295561474,37.83697925948057,0.008136953095990903,0.4216034857379154,0.008164423005740348,0.15703630210864197,0.0,2.918243444582913e-05,0.008133983239531517,0.0007043576333671808,0.4349514563106796,0.2543689320388349,0.0,0.5445454737207699,0.24586198419332506,-0.06874527037143707,0.9339805825242719,0.0001673903273996601,0.029587218227532474,7.802229756069751e-09,0.0017759211655804174,1.0,0.06019417475728155,1.0,0.19223300970873786,0.0,1.0
223,550002066,-105.1210187285673,-106.00101872856729,0.16128962847090347,44,False,False,True,-71.54070665035037,0.15630360575801192,-72.25548344618093,1.5755996982905538,1.5990846106028571,1.6182453930131149,0.6984509675022704,0.6031294487601485,0.7101446390151978,1.0030081272125244,1.269918441772461,0.0,0.0,0.5556551143527031,0.5193660706810822,0.5193660706810822,0.11131022870540619,0.9772727272727273,0.11973418296995735,0.12721690172385752,7.702361215214393e-05,0.003665673374338714,0.0,0.0,0.0,0.0,1.0,0.0
224,928135450,158.665057111741,144.96505711174086,1.212780629059282,685,True,False,False,18.459395404678826,0.17040389232528153,16.461442501080974,0.025803506175497728,0.3906100533153269,0.025825157488572913,0.10315734799532077,0.0,0.006992244627326727,0.025793934240937233,-0.0012695336481556296,0.48905109489051096,0.3051094890510949,0.0,0.5530009818436701,0.27318923257291317,-0.06753703206777573,0.9562043795620438,0.0017026007893633053,0.008989705811120694,2.6007432520503554e-09,0.0017704826701595367,1.0,0.040875912408759124,1.0,0.3605839416058394,0.0,1.0
225,1388859855,253.812770086745,242.99277008674522,1.1341709365268833,541,True,False,False,76.0095880230301,0.24558307298817073,74.01829104886922,0.06749701385784553,0.4403166499010834,0.06750414462542886,0.17065990534337014,0.0,0.06749315559864044,0.06750030815601349,-0.0007196808001026511,0.4029574861367837,0.2532347504621072,0.0,0.5649046436241718,0.19527620750886854,-0.06659606844186783,0.9390018484288355,0.0036779324209656673,0.022453815041592926,5.201486504100711e-09,0.0020964342634507984,1.0,0.06469500924214418,1.0,0.20517560073937152,0.0,1.0
226,253571847,-98.9745926361531,-100.0145926361531,0.09826928663594632,52,False,False,True,-58.838039780500715,0.0856245083060008,-59.652106887697705,1.6368556706881947,1.7275779499008819,1.7315834334265763,0.45468490016657764,0.40198104058163897,0.7922477722167969,1.0024216175079346,1.411924958229065,0.0,0.0,0.5178923830389977,0.28268186282366514,0.29398913733661175,0.0357847660779953,0.5384615384615384,0.07847556029636556,0.0664784545098532,0.0011256276869113235,0.0018897939737681985,0.0,0.0,0.0,0.0,1.0,0.0
227,424193372,228.81929761529926,216.31929761529972,1.2511115115661404,625,True,False,False,70.67110300016716,0.23710336020497583,68.67484433535941,0.02852032902745233,0.38787630332036016,0.03560543450713216,0.14033153735395235,0.0,0.01830463483929634,0.03557576984167099,0.0014531230553984642,0.4496,0.3456,0.0,0.5610019438870251,0.21933467001654208,-0.06790395081043243,0.9504,0.00227029330206687,0.018431299746933548,0.0,0.002001778418505827,1.0,0.0512,1.0,0.2512,0.0,1.0
228,463024751,-24.914623552781997,-44.91462355278216,2.4636276594830093,1000,False,False,False,7.928372023724866,0.14148658047064477,5.928458366219671,0.14450373679082007,0.44807506658931434,0.1863056654541172,0.09636287570127947,0.05095196358026357,0.14384546875953674,0.18630418181419373,0.0007435178849846125,0.333,0.0,0.5536584258079529,0.5483773431984009,0.5344837880507112,0.10731685161590576,0.991,0.03245483628817031,0.016269783018989705,0.0016033114014982683,0.002463627659483009,0.0,0.0,0.0,0.348,1.0,0.0
229,1373742587,238.71571926110187,227.85571926110228,0.9765339175275386,543,True,False,False,48.78876881113985,0.24339916778482776,46.79729864676477,0.06170499751366448,0.4972160924220931,0.061733132702531626,0.173877023227823,0.0,2.460479663568549e-05,0.06173276901245117,0.00021190404368098825,0.29097605893186,0.15101289134438306,0.0,0.5285640782125648,0.25830774784088134,-0.06696005165576935,0.9060773480662984,0.0034478921290228785,0.03511131584091831,5.201486504100711e-09,0.0017984050046547676,1.0,0.055248618784530384,1.0,0.1712707182320442,0.0,1.0
230,802303837,215.28504360001529,203.14504360001618,1.1375015871704217,607,True,False,False,65.98072927339794,0.21235956044666812,63.98521252504156,0.0467210355104046,0.3670128429203684,0.04842954279694384,0.11878890842445364,0.0,5.1975250244140625e-05,0.04841413348913193,0.0012215948663651943,0.4843492586490939,0.36079077429983525,0.0,0.5526364713606519,0.23813682094216346,-0.06967701762914658,0.9505766062602965,0.001746112686887855,0.020507271135488496,1.0402973008201422e-08,0.0018739729607420456,1.0,0.051070840197693576,1.0,0.31795716639209226,0.0,1.0
231,1783498037,-4.786916876598841,-24.786916876598877,2.657809781461468,1000,False,False,False,19.794898986713402,0.19670769217005407,17.79498532920821,0.32464067626968246,0.5631417698670194,0.38182450412284313,0.11466206725145682,0.017735376545741782,0.32435959577560425,0.38111552596092224,-0.0232574250549078,0.0,0.0,0.5202479045838118,0.5421741681124258,0.5103580083325505,0.04049580916762352,0.986,0.00393585398094185,0.020604367661174537,0.0013110421504854276,0.0026578097814614686,0.0,0.0,0.0,0.426,1.0,0.0
232,1601410155,217.52949689142406,206.36949689142477,1.1313320759683727,558,True,False,False,61.69033151755048,0.24855201169414226,59.697667673943386,0.06305370233376417,0.4310719091108343,0.06308240515812795,0.13725199199934193,0.0,0.06304121017456055,0.0630699172616005,0.001255140290595591,0.3279569892473118,0.11469534050179211,0.0,0.5732269484656579,0.3113381936401129,-0.06715969741344452,0.9551971326164874,0.0035535860096924917,0.016997287653314527,5.201486504100711e-09,0.0020274768386529993,1.0,0.04659498207885305,1.0,0.12544802867383512,0.0,1.0
233,576219794,210.96181676201522,201.24181676201584,0.7714249477569297,486,True,False,False,28.286089743021794,0.16973500149074078,26.301216107824605,0.11352714272712554,0.5400704997896368,0.11355270546703518,0.18035923413553542,0.0,0.11352157592773438,0.11354713141918182,0.0011251068208366632,0.30246913580246915,0.0,0.0,0.5162072477808582,0.03597898758947849,-0.07079346477985382,0.8930041152263375,0.004899326301367791,0.019720540720476926,2.600743251833515e-09,0.0015872941311870982,1.0,0.09876543209876543,1.0,0.13991769547325103,0.0,0.0
234,594444028,-3.0674283939762432,-12.36742839397597,0.7289846508917056,465,False,True,False,31.405316098019014,0.14031692883688485,29.42399689856506,0.32203182815474457,0.8121854734259341,0.32203182815474457,0.18417070334567814,0.041060045746386775,0.30387240648269653,0.31151992082595825,0.08160782605409622,0.0,0.0,0.5036700274795294,0.4963565176034907,0.33443177842535077,0.007340054959058762,0.8795698924731182,0.04624106417799378,0.029678082590739924,0.0018847846421790257,0.00156770892664883,0.0,0.0,0.0,0.11612903225806452,1.0,0.0
235,66531776,-48.04488997780723,-56.304889977807335,0.5166542917726732,413,False,True,False,6.856435418251774,0.1453844035301471,4.887939393998414,0.706295192896878,1.0551659919016427,0.706295192896878,0.18678557595607787,0.031670882085445044,0.7021150588989258,0.7022552490234375,0.07543516904115677,0.0,0.0,0.5079037742689252,0.5194599443007053,0.40537935013649984,0.01580754853785038,0.9200968523002422,0.07119768719326193,0.04162210058891803,0.0007538670434930755,0.0012509789147038088,0.0,0.0,0.0,0.1694915254237288,1.0,0.0
236,67451976,129.65136606530723,109.65136606530807,12.053235940938759,1000,False,False,False,65.3707662601764,0.20917311791514137,63.37085260267118,0.16297851900697718,0.3439437736951879,0.16297851900697718,0.09079002583133948,0.01145539942115513,0.16287393867969513,0.1628768891096115,0.0057547069154679775,0.433,0.0,0.0,0.23529695884928514,0.01014291654340923,-0.07711958140134811,0.402,0.008308186150571288,0.018247259293006933,0.006028273186854519,0.012053235940938762,0.0,0.391,1.0,0.66,1.0,0.0
237,1395986010,-24.99024736426651,-33.95024736426659,0.6584629846447314,448,False,True,False,17.3024073224851,0.17993550741900816,15.32456872160735,0.4118514079619971,0.919749331110444,0.4118514079619971,0.21282125410442707,0.16639762918098264,0.29053211212158203,0.405142605304718,0.07403412461280823,0.0,0.0,0.5049603353254497,0.5117182249597525,0.2824848856416065,0.00992067065089941,0.921875,0.01102862210891837,0.033717260006201295,0.00045527831147070506,0.001469783447867704,0.0,0.0,0.0,0.0,1.0,0.0
238,1372420504,8.97506247084973,-11.024937529150364,2.505662786028723,1000,False,False,False,25.050033765794737,0.22041820775704585,23.050120108289512,0.43454472871047556,0.7077535079962258,0.4511682234375858,0.14981679502297904,0.004393286787469422,0.07750940322875977,0.44433650374412537,-0.07821660488843918,0.0,0.0,0.539412397891283,0.5400861387080076,0.5185784819349647,0.07882479578256607,0.974,0.032829990901532456,0.03526174694834027,0.031220923730124535,0.002505662786028723,0.0,0.0,0.0,0.369,1.0,0.0
239,651841002,115.82614169560837,95.82614169561135,8.410661868167988,1000,False,False,False,47.04085630161608,0.2297436382489668,45.040942644110906,0.6015604946771669,0.7230470422556068,0.601632099436385,0.06741864363670551,0.0026268741431235945,0.5759801864624023,0.576005756855011,0.17371974885463715,0.0,0.0,0.0,0.17308622883283534,0.030060865893028678,-0.029049882665276527,0.297,0.009716725289181742,0.02142309712151556,0.01867349779566066,0.008410661868168,1.0,0.482,1.0,0.703,1.0,0.0
240,1636612707,192.4834365953808,182.9634365953808,0.6764179748583331,476,True,False,False,15.345979218499044,0.20550228729294034,13.362704853848053,0.6642876814980938,1.0482094368352042,0.6643255092263533,0.2722272655976771,0.0,0.32884931564331055,0.6396610140800476,-0.17933814227581024,0.0,0.0,0.0,0.5180027637732931,0.06098270118702203,-0.06020496040582657,0.8865546218487395,0.024666634941180245,0.04785558233907702,1.040297300733406e-08,0.0014210461656687689,1.0,0.08823529411764706,1.0,0.06722689075630252,0.0,0.0
241,452221964,172.33975710954994,156.89975710955,1.4224641644087515,772,True,False,False,30.8643775004075,0.18540372025892007,28.865231387060092,0.005045658152116065,0.40820817100723733,0.005072167009567184,0.0961814102226649,0.0,7.534027190558845e-06,0.004909992218017578,0.0012723421677947044,0.4533678756476684,0.23056994818652848,0.0,0.5373886803028154,0.27725255228579043,-0.06858214735984802,0.9417098445595855,0.0008098088682977976,0.013757909121905127,0.0,0.0018425701611512325,1.0,0.034974093264248704,1.0,0.3601036269430052,0.0,1.0
242,1821731862,102.89552104193727,82.89552104193939,5.0847173824314185,1000,False,False,False,59.10571373298214,0.1812616885804879,57.10580007547692,0.22033310700232617,0.39416111219396466,0.22033310700232617,0.08644741694748505,0.0009168922107932517,0.22033128142356873,0.22033128142356873,-0.0008969211485236883,0.0,0.0,0.5261550657451153,0.33174880386330186,0.12769089121371507,0.05231013149023056,0.577,0.0047087331077930806,0.007507650766141159,0.014483264467051893,0.005084717382431411,1.0,0.422,1.0,0.598,1.0,0.0
243,123984911,297.25735601593027,290.47735601593047,0.6972992581485505,339,True,False,False,82.09363403838273,0.246185230182711,80.1599107518144,0.10225173489339691,0.4688734730209637,0.10836467472519899,0.32638008318813533,0.0,6.828307959949598e-05,0.10836400836706161,0.0003800248960033059,0.4808259587020649,0.0,0.0,0.5300532414919249,0.15786014784127475,-0.06568235903978348,0.8761061946902655,0.0056131230433910185,0.059640262032104,5.201486504534392e-09,0.0020569299650399727,1.0,0.11209439528023599,1.0,0.12389380530973451,0.0,0.0
244,1686778320,141.42103266767816,123.46103266767797,3.552401691499932,898,True,False,False,16.548171977033494,0.14877890189692258,14.54841265411929,0.11444551471308799,0.39193706118953836,0.13428749211746535,0.0826990300816248,0.0,0.00015306472778320312,0.1342172622680664,0.004342470318078995,0.5077951002227171,0.0,0.0,0.4425164842550961,0.0,-0.07175399363040924,0.7828507795100222,0.005822673379622685,0.013047457018026306,0.0,0.003955903888084558,1.0,0.16703786191536749,1.0,0.4487750556792873,0.0,0.0
245,880264374,9.805267559927639,-10.194732440072462,5.532734754766604,1000,False,False,False,16.415661746487746,0.21344243522719147,14.41574808898256,0.775864660226889,0.9852532502766105,0.9135012959731502,0.14897977110057847,0.005018513979369357,0.28382205963134766,0.8289951086044312,-0.38373392820358276,0.0,0.0,0.0,0.40627947414106164,0.15433828987646847,-0.07275687903165817,0.724,0.023122024915623554,0.0421720330655273,0.00028165269196514867,0.005532734754766603,0.0,0.25,1.0,0.36,1.0,0.0
246,1171302208,18.35466927303933,-1.645330726960915,1.7140852320996198,1000,False,False,False,18.814497898387025,0.23645727304896838,16.814584240881825,0.04580771117340077,0.5607987749485462,0.055883055021669875,0.14576169692258087,0.06253949991595036,9.72747802734375e-05,0.011689281091094017,0.05464683473110199,0.282,0.172,0.5715161934494972,0.5695393508668057,0.555665887631476,0.14303238689899445,1.0,0.02782732081611617,0.024980897017758102,1.2259903690071267e-05,0.0017140852320996173,0.0,0.0,0.0,0.107,1.0,0.0
247,645818112,218.49349867603746,205.43349867603808,1.2595193614490603,653,True,False,False,50.12008211949686,0.2562354980458083,48.1229057773267,0.08254899671704813,0.399571106848488,0.08257656010396631,0.18193761868774622,0.0,0.0006548881647177041,0.08256693184375763,0.001260969671420753,0.27565084226646247,0.0888208269525268,0.0,0.5472064645380454,0.20950293458998204,-0.0666307583451271,0.9372128637059725,0.004461751899399471,0.0398647376333145,0.0,0.0019288198490797245,1.0,0.05053598774885146,1.0,0.15007656967840735,0.0,1.0
248,1992289477,182.82798499385814,167.12798499385872,1.78569847515229,785,True,False,False,29.36874405907244,0.13714570356123487,27.36949336256129,0.11128111567911747,0.5916501111572966,0.1113011409953032,0.13043032332342094,0.0,0.11128111183643341,0.11130113899707794,-2.109050728904549e-05,0.27770700636942675,0.0,0.0,0.5443195651071798,0.2404372476413846,-0.06550195813179016,0.9401273885350319,0.005729776781217595,0.014521535801775603,0.0,0.002274775127582535,1.0,0.03694267515923567,1.0,0.2573248407643312,0.0,0.0
249,313246075,218.17735265074316,206.51735265074342,1.16774658835485,583,True,False,False,41.178270076145694,0.2423179139021187,39.183976295284054,0.0912972933019383,0.5126064105269718,0.09130405335409146,0.14720169427147198,0.0,0.0005087852478027344,0.09130211174488068,-0.0005954408552497625,0.3379073756432247,0.10634648370497427,0.0,0.5273735067482852,0.19366015374660492,-0.06596110016107559,0.9039451114922813,0.004785698528314952,0.025057488420226075,2.600743251833515e-09,0.0020029958633873955,1.0,0.05660377358490566,1.0,0.2144082332761578,0.0,1.0
250,1889010639,217.44291204378104,204.96291204378167,1.1859564928564996,624,True,False,False,69.10124115365439,0.19652180246103046,67.10502028011179,0.025072846832807794,0.37496551707220305,0.027862872676891623,0.12541968290122016,0.0,0.0003437995910644531,0.02785482443869114,-0.0006696486379951239,0.47115384615384615,0.22756410256410256,0.0,0.5594767722348899,0.21314992591738702,-0.06886450946331024,0.9455128205128205,0.0008229113315283006,0.013521813979512517,7.802229756042646e-09,0.0019005713026546461,1.0,0.05608974358974359,1.0,0.23397435897435898,0.0,1.0
251,2024720233,75.36106083419592,55.36106083419716,5.4343801532880605,1000,False,False,False,28.362520323965626,0.2110791456878496,26.362606666460493,0.44511014449810915,0.6602133176424325,0.44511014449810915,0.12287709734161868,0.01089299754954895,0.014363288879394531,0.4446539878845215,0.020146260038018227,0.0,0.0,0.5109030120074749,0.390502892413846,0.28474926613736895,0.0218060240149498,0.71,0.002127700238683901,0.026978935671430185,0.002934617080485441,0.005434380153288061,1.0,0.211,1.0,0.567,1.0,0.0
252,1804064796,184.6130750247742,173.5730750247743,1.0282231441354304,552,True,False,False,16.26908828736195,0.19429059875910207,14.276880439323573,0.007247331077311886,0.48298313757651956,0.007595570107771245,0.127201631430651,0.0,6.752014451194555e-05,0.007588005159050226,-0.00033891439670696855,0.3188405797101449,0.14673913043478262,0.0,0.5493208765570223,0.3025571691989899,-0.06816837936639786,0.9384057971014492,0.0008771313017537261,0.01740886693445337,2.6007432520503554e-09,0.0018627230872018655,1.0,0.04891304347826087,1.0,0.16304347826086957,0.0,1.0
253,1786187759,-75.33204610869288,-78.0520461086929,0.2900567077023266,136,False,False,True,-12.966050924610405,0.23794984906892397,-14.456231403217783,1.4638155557911845,1.501639049072355,1.4638155557911845,0.3185387024218103,0.14907700707702243,0.60433030128479,1.000582218170166,1.0684527158737183,0.0,0.0,0.5832462161779404,0.5794798387214541,0.586413344591856,0.16649243235588074,1.0,0.07195736949866655,0.09719662446222668,0.0006927651815298724,0.002132769909575931,0.0,0.0,0.0,0.0,1.0,0.0
254,989960034,11.368107271983092,-2.1118927280160165,1.1845354593206223,674,False,True,False,54.86180610283563,0.2587890304476349,52.8640924972707,0.17019041488677358,0.4550316501795094,0.1906868035075415,0.17166439917783125,0.010376924442625987,0.0003246307314839214,0.18613138794898987,-0.04143143072724342,0.3219584569732938,0.0,0.5041071753948927,0.5237037701839605,0.38663533873157574,0.008214350789785385,0.9198813056379822,0.02378850438510515,0.04012378573515485,0.0012620054615612997,0.0017574710078940967,0.0,0.0,0.0,0.3768545994065282,1.0,0.0
255,1905578091,166.9705577971647,151.9905577971646,1.3515679917633525,749,True,False,False,26.63996776521919,0.15148746479547198,24.641043711897765,0.02372012977075975,0.42123790391677957,0.028788245422953385,0.11008848166181306,0.0,1.8215179807157256e-05,0.028747940436005592,0.0015228247502818704,0.46461949265687585,0.2616822429906542,0.0,0.5429437604533243,0.2205760668963194,-0.06935402005910873,0.9425901201602136,0.0007903813974783563,0.009882154881393325,0.0,0.0018044966512194287,1.0,0.042723631508678236,1.0,0.32443257676902537,0.0,1.0
256,1958129221,-94.88000635418575,-96.36000635418574,0.15113712784389793,74,False,False,True,-48.53393953167817,0.13002112715846945,-49.58325944766675,1.5428826958155593,1.657963159982359,1.6679226403217686,0.6191825516100375,0.46694079079080647,0.5733836889266968,1.0039335489273071,1.3319472074508667,0.0,0.0,0.5208700615912676,0.3678556002607267,0.5343384206248447,0.04174012318253517,0.6891891891891891,0.09335934865192444,0.10039155308727872,8.124721919341993e-06,0.002042393619512135,0.0,0.0,0.0,0.0,1.0,0.0
257,1850992617,158.68568017981016,140.86568017980994,1.4253011677521208,891,True,False,False,8.369095685740668,0.1642950777873551,6.369353904851955,0.09625731021961212,0.6521030066504436,0.0968430942192267,0.13425395003635066,0.0,0.07021951675415039,0.09683237224817276,0.001441035303287208,0.3153759820426487,0.08641975308641975,0.0,0.5387595142081054,0.2753985573351383,-0.06626547873020172,0.9584736251402918,0.005129603260946514,0.020772490622069786,5.20148650366703e-09,0.0015996646102717416,1.0,0.030303030303030304,1.0,0.20650953984287318,0.0,1.0
258,1474258078,176.89360610544668,160.2136061054473,1.5263983698608288,834,True,False,False,58.38213505737765,0.23864495068633115,56.38259296965733,0.10411653317930888,0.40743760680456276,0.10414409758407636,0.10814696122012436,0.0,0.10411052405834198,0.1041380912065506,0.0011184907052665949,0.33573141486810554,0.0,0.0,0.556541221354791,0.17964596524834633,-0.06597743183374405,0.9580335731414868,0.005451901668826021,0.017102710894904668,5.20148650366703e-09,0.0018302138727348063,1.0,0.04316546762589928,1.0,0.328537170263789,0.0,0.0
259,292536559,82.76094117561003,62.76094117561207,12.84988188230146,1000,False,False,False,34.01089208839736,0.20746698529539195,32.01097843089219,0.5153389315775447,0.6733221362377539,0.5641537358400337,0.07617691343540911,0.008508510467627255,0.5121614336967468,0.5620449781417847,0.04873274266719818,0.0,0.0,0.0,0.24508646439184667,0.010068592373281718,-0.06426304578781128,0.43,0.03490671299645459,0.03710660472222401,0.026110411550112456,0.012849881882301467,1.0,0.37,1.0,0.639,1.0,0.0
260,1081232581,197.78910517329354,184.50910517329405,1.174198626586239,664,True,False,False,49.537196891264266,0.18414182834822562,47.53972502013611,0.03807445021856088,0.4048868346123846,0.038103646083008064,0.12033005495528767,0.0,0.03807248920202255,0.0381016731262207,0.00038774966378696263,0.42771084337349397,0.29668674698795183,0.0,0.5573760996564258,0.26229120150208474,-0.0676044374704361,0.9578313253012049,0.0023471678591213733,0.011890817407139187,0.0,0.0017683714255816824,1.0,0.043674698795180725,1.0,0.27259036144578314,0.0,1.0
261,1564819839,-20.39465012915464,-27.19465012915461,0.9102892483298972,340,False,True,False,15.405668031295473,0.21579240077113512,13.471281977592875,0.6068161985360975,1.0004607755651573,0.6068161985360975,0.24179564392359668,0.1854819872636041,0.30199337005615234,0.5723711848258972,0.20153690874576569,0.0,0.0,0.0,0.5038338890620627,0.13938794183981373,-0.09707288444042206,0.8735294117647059,0.0107836873603712,0.051088222858184006,0.021679293805478655,0.0026773213186173446,0.0,0.03823529411764706,1.0,0.0,1.0,0.0
262,286497476,197.46069041516165,182.7806904151623,1.5366697048472873,734,True,False,False,60.09640595433947,0.26557736313538666,58.09765697024168,0.011018585112531535,0.3687216291880555,0.011046228039744959,0.12178253278402314,0.0,0.010970020666718483,0.010997772216796875,0.0010335183469578624,0.4318801089918256,0.28065395095367845,0.0,0.5648196332016452,0.2795963160693645,-0.06839201599359512,0.9632152588555858,0.0010903775379662083,0.021764680889189664,0.0,0.0020935554561952122,1.0,0.03678474114441417,1.0,0.17302452316076294,0.0,1.0
263,1605952649,-12.53363823146779,-20.61363823146776,0.663782363206136,404,False,True,False,33.93935969278091,0.16078614195462415,31.97384615248752,0.34226300726619907,0.747103995175997,0.34226300726619907,0.1722828947971498,0.030602031807443458,0.33626022934913635,0.33690404891967773,0.06032932922244072,0.0,0.0,0.5002468747843523,0.5415332301795434,0.37464960960031024,0.0004937495687045157,0.9529702970297029,0.04985941584670577,0.01563906552509095,0.0018853724101539904,0.001643025651500338,0.0,0.0,0.0,0.13366336633663367,1.0,0.0
264,200068483,248.25447720028473,235.37447720028518,1.289101030997985,644,True,False,False,86.75115902526815,0.26692091164759246,84.75424999901561,0.01114090270014721,0.3378138213918839,0.05253671406182176,0.15741138755975556,0.0,6.713867333019152e-05,0.05252332612872124,0.0011859750375151634,0.5232919254658385,0.4518633540372671,0.0,0.5662134286791364,0.23692173339426517,-0.06974773108959198,0.9549689440993789,0.0019452148621973957,0.028844318357623376,5.201486504100711e-09,0.00200170967546271,1.0,0.046583850931677016,1.0,0.2546583850931677,0.0,1.0
265,585620245,228.98012536168096,219.5001253616816,0.955466899475961,474,True,False,False,53.07702249768025,0.24954800471425817,51.094087731175954,0.017473498573849517,0.43425209177389923,0.01750535331807842,0.14845871796409837,0.0,3.623962356869015e-06,0.017477702349424362,0.000983521924354136,0.3924050632911392,0.2869198312236287,0.0,0.5662250691073857,0.29368229165673254,-0.06823166459798813,0.9472573839662447,0.001395989577140687,0.019948105936746507,0.0,0.0020157529524809322,1.0,0.05485232067510549,1.0,0.18143459915611815,0.0,1.0
266,1469933337,232.30070318467924,220.94070318467956,1.0641410379132101,568,True,False,False,56.55659736632352,0.23298667132062012,54.56323205466483,0.03835662089654502,0.4462267494159765,0.04010934208613848,0.16006046109729619,0.0,0.0003551483096089214,0.040096282958984375,0.0010234331712126732,0.36619718309859156,0.24295774647887325,0.0,0.5609747829427286,0.2849369822442532,-0.06947349011898041,0.954225352112676,0.0013524200568984597,0.027216700763946774,5.20148650388387e-09,0.0018734877428049474,1.0,0.04753521126760563,1.0,0.16549295774647887,0.0,1.0
267,116008735,210.22911399751894,200.88911399751953,0.8774329039344456,467,True,False,False,38.48651020904742,0.19936267290604534,36.504819261662504,0.10370303289966024,0.5204701466581948,0.10373059024554833,0.15663098050723487,0.0,0.10369577258825302,0.10372333228588104,0.001227066502906382,0.28051391862955033,0.0,0.0,0.5467249753962747,0.18213058695197104,-0.07065613567829132,0.9271948608137045,0.004420048006074442,0.013330424180226362,2.600743251833515e-09,0.0018788713146347864,1.0,0.0728051391862955,1.0,0.07066381156316917,0.0,0.0
268,581611928,23.932872873300227,14.072872873300895,1.7912304373089738,493,False,True,False,34.43911044324805,0.24380206973477372,32.453209203720576,0.3724485137870251,0.7596881258769165,0.3724485137870251,0.24151079934782813,0.07056602508604232,0.0005803108215332031,0.37004977464675903,0.042202603071928024,0.0,0.0,0.0,0.4804509577129327,0.01021725108847022,-0.08638334274291992,0.8356997971602435,0.002688770771428436,0.048950386054993654,0.007681943917767028,0.00363332745904457,0.0,0.06490872210953347,1.0,0.04259634888438134,1.0,0.0
269,744067628,231.00176048018034,217.14176048018106,1.246463323984757,693,True,False,False,69.56324623336313,0.21317007134122715,67.56513518070705,0.05599880707127418,0.4257619598297002,0.05602560553213489,0.14507318624907486,0.0,0.055994223803281784,0.05602102354168892,0.0007165169809013605,0.4083694083694084,0.2510822510822511,0.0,0.555297315792647,0.24085934773087503,-0.06722338497638702,0.9581529581529582,0.0032016553833851625,0.01951418928295487,5.201486504100711e-09,0.0017986483751583798,1.0,0.04329004329004329,1.0,0.31746031746031744,0.0,1.0
270,1345901386,7.720708219800137,-12.279291780199582,1.826005227644602,1000,False,False,False,27.94606568276854,0.19494207107658745,25.946152025263366,0.0599331489338532,0.4051169700260934,0.06817048167768562,0.09638136734088183,0.04180418676273404,0.00010051727440441027,0.06616592407226562,0.01640990749001503,0.516,0.37,0.5940157026052475,0.5553009626315907,0.564002088829875,0.188031405210495,0.981,0.020863265097147175,0.01627412810471647,0.0024143895950495126,0.0018260052276446045,0.0,0.0,0.0,0.437,1.0,0.0
271,223603263,197.49287969898438,181.61287969898513,1.5591331537693076,794,True,False,False,69.90194377733515,0.22603957709908548,67.90262827899606,0.027699297776575173,0.3336558492456094,0.050540709227702756,0.11936979162907362,0.0,0.0001813888520700857,0.050522804260253906,0.00134519103448838,0.5214105793450882,0.29093198992443325,0.0,0.5623226469119903,0.2662132467329502,-0.06974352151155472,0.9659949622166247,0.0018436511243584601,0.017916382957610784,2.6007432520503554e-09,0.0019636437704903097,1.0,0.03526448362720403,1.0,0.3425692695214106,0.0,1.0
272,1169030516,162.11470190770928,146.55470190770896,1.351840839537444,778,True,False,False,15.651439742722236,0.18585723034411034,13.652243660055467,0.06540936493362137,0.5544104841751978,0.06641731732409985,0.12875160010623235,0.0,0.06458387523889542,0.06641502678394318,-0.0005515957018360496,0.2622107969151671,0.13367609254498714,0.0,0.5568494091198269,0.2747653664648533,-0.06666316092014313,0.9652956298200515,0.0036344190605230387,0.01392138721990306,0.0,0.0017375846266548148,1.0,0.03598971722365039,1.0,0.11439588688946016,0.0,1.0
273,1599238136,178.31468680426485,164.39468680426467,1.240851521793844,696,True,False,False,14.484869923425686,0.19374983303632762,12.486702767144639,0.05080383921044899,0.5911045810471641,0.050929804295929595,0.15000541030253203,0.0,0.050683021545410156,0.050916481763124466,0.0011648392537608743,0.29454022988505746,0.14655172413793102,0.0,0.566164994922777,0.29894635401666164,-0.06745568662881851,0.9655172413793104,0.0029806614517516546,0.020807454250700984,1.0402973008201422e-08,0.001782832646255525,1.0,0.035919540229885055,1.0,0.07758620689655173,0.0,1.0
274,1609733005,167.57914551908624,154.83914551908592,1.1447038715198705,637,True,False,False,6.314759104109702,0.17337917048163398,4.318075367024504,0.100417795067137,0.5984107827251203,0.10044554396248521,0.13572765625104438,0.0,0.1004054993391037,0.10043325275182724,0.0015713190659880638,0.2731554160125589,0.0,0.0,0.5522233109056417,0.2337531917542219,-0.06619025021791458,0.9419152276295133,0.005301377801442439,0.022375307943124523,7.802229756367907e-09,0.0017970233461850412,1.0,0.04866562009419152,1.0,0.0847723704866562,0.0,0.0
275,60405287,-109.8186290258964,-121.49862902589642,0.9773545217559838,584,False,False,True,20.705902523475203,0.2152578445724575,18.711551680422147,0.6579889586573611,0.9381302784068866,1.0207055397637834,0.21528093395325873,0.25993750046245595,0.4317641258239746,1.0021320581436157,-0.19383275508880615,0.0,0.0,0.5016921682981774,0.5151824725794354,0.3642760251858272,0.003384336596354842,0.9143835616438356,0.05341746148088968,0.049777162874985965,0.00022809038468957904,0.0016735522632807926,0.0,0.0,0.0,0.011986301369863013,1.0,0.0
276,1774614431,-38.70748482833146,-53.947484828331355,3.203567472925971,762,False,True,False,28.374629321795094,0.13697960624016553,26.375573487625147,0.11761818581447944,0.49007088409408944,0.18640778857421597,0.1174002360280622,0.03205637499944408,0.10695381462574005,0.18174123764038086,-0.041448596864938736,0.42782152230971127,0.0,0.5003540606703609,0.4734896253067218,0.16275306617142632,0.0007081213407218456,0.8162729658792651,0.020180094057474045,0.010663542629953334,0.0016019421101760786,0.0042041567886167575,1.0,0.1010498687664042,1.0,0.20078740157480315,1.0,0.0
277,1043720662,204.98200447615235,191.3820044761526,1.313476709575856,680,True,False,False,43.843812404457815,0.2302505771174583,41.845964999432155,0.09762762630913717,0.6415290721181247,0.09765480486935633,0.16023614912469628,0.0,0.0976252555847168,0.09765243530273438,0.0006802892894484103,0.15735294117647058,0.051470588235294115,0.0,0.5627888682983159,0.25874375969171526,-0.06606795638799667,0.9573529411764706,0.005134065161088279,0.03127773372312556,0.0,0.001931583396435082,1.0,0.04411764705882353,1.0,0.04411764705882353,0.0,1.0
278,1602030473,-16.68258452152959,-34.942584521528374,2.9827399694769294,913,False,True,False,58.25536983495231,0.2408349936335736,56.25557683129059,0.04437237150545538,0.3204616797484879,0.18332560239261064,0.14445488817215016,0.04579402867092352,2.536773718020413e-05,0.1784685105085373,-0.0419197715818882,0.6111719605695509,0.23001095290251916,0.506830747704953,0.4958308580094211,0.18329901224118658,0.01366149540990591,0.8751369112814896,0.01416114973666456,0.03049889045504116,0.002102175569129755,0.003266966012570567,1.0,0.04600219058050383,1.0,0.307776560788609,1.0,0.0
279,1774598066,-14.098860360868034,-34.098860360868095,2.5920997297835853,1000,False,False,False,28.842917674853968,0.16896522838646616,26.843004017348726,0.3146144012357139,0.583483630743154,0.4235750622227753,0.13033579155915867,0.05055317840527975,0.17409905791282654,0.4161292016506195,-0.07907161861658096,0.0,0.0,0.5492100119590759,0.5484659404810518,0.5361228830739856,0.09842002391815186,0.975,0.04751784186122661,0.0292534028000775,0.0018723842983533467,0.002592099729783586,0.0,0.0,0.0,0.263,1.0,0.0
280,1536042010,197.36409481347067,185.74409481347115,1.070632725369477,581,True,False,False,39.92378556673842,0.22247348868668054,37.92960764523885,0.05583080837834985,0.420492916478125,0.05586477678984607,0.1227468153858374,0.0,0.05581789091229439,0.05585183948278427,0.0012022113660350442,0.423407917383821,0.1944922547332186,0.0,0.5549963652745383,0.2971565444767475,-0.06981389969587326,0.9569707401032702,0.0021051448051913066,0.015515040950505805,2.600743251833515e-09,0.0018427413517546954,1.0,0.04475043029259897,1.0,0.3132530120481928,0.0,1.0
281,1296415508,191.47174303862255,177.05174303862313,1.4295223861732889,721,True,False,False,28.447348461748717,0.1418024085581068,26.448774086741743,0.09173680319160106,0.5905609323220166,0.09176398254886953,0.13101091693052222,0.0,0.09173355251550674,0.09176073223352432,0.000772342667914927,0.3092926490984743,0.059639389736477116,0.0,0.5220184492460102,0.12248550154268742,-0.06625926494598389,0.9015256588072122,0.004866277356492613,0.01059193842600615,2.600743251833515e-09,0.001982694016883896,1.0,0.07212205270457697,1.0,0.1539528432732316,0.0,1.0
282,1951647352,138.1101043922826,118.55010439228255,1.820285004998497,978,True,False,False,31.05597893040428,0.19206518157408997,29.056086638987235,0.0547219537814686,0.43083329641043827,0.05784710164042139,0.09570351623619021,0.0,0.05177783966064453,0.05784416198730469,-0.0005831742309965193,0.4100204498977505,0.19120654396728015,0.0,0.5517358548371674,0.22984710931777955,-0.06688379496335983,0.9693251533742331,0.00323355317427841,0.013749833002329038,5.201486504100711e-09,0.0018612321114504068,1.0,0.03067484662576687,1.0,0.31901840490797545,0.0,1.0
283,460733693,187.0898073322838,172.64980733228435,1.3315723032029805,722,True,False,False,32.29670061243754,0.16279150877769122,30.298111981180593,0.04780313838951804,0.44765087293347006,0.0478304136176453,0.12851552091149726,0.0,0.04780006408691406,0.0478273406624794,0.0005421733949333429,0.4376731301939058,0.24376731301939059,0.0,0.547006168465615,0.24674004331231117,-0.06739491969347,0.9487534626038782,0.0028104909196564206,0.013029884404681296,5.201486504100711e-09,0.0018442829684251801,1.0,0.04293628808864266,1.0,0.3060941828254848,0.0,1.0
284,1887839194,218.7626061208544,204.00260612085526,1.3349182957325556,738,True,False,False,51.758342304079015,0.23595944729353546,49.75954402496327,0.028767251874314358,0.3287399450748564,0.036296207686695885,0.1689665960042217,0.0,3.5762786865234375e-05,0.03626670688390732,0.001463100896216929,0.5704607046070461,0.43224932249322495,0.0,0.537167575513202,0.18778164409101009,-0.06949187815189362,0.9254742547425474,0.0011536061577237609,0.03610429579750699,2.6007432520503554e-09,0.0018088323790414024,1.0,0.04742547425474255,1.0,0.2750677506775068,0.0,1.0
285,904342164,147.07628098924175,129.57628098924164,1.5486701003817702,875,True,False,False,23.623110677209702,0.18732610874466923,21.623413944288803,0.11905196548611122,0.5100830136075223,0.12074131834712383,0.11435230165836675,0.0,0.11875572055578232,0.12074098736047745,0.00028271437622606754,0.352,0.0,0.0,0.5546688973033534,0.19762623694259673,-0.06528228521347046,0.9622857142857143,0.006174689180271518,0.016995845567449736,2.6007432527008767e-09,0.001769908686150594,1.0,0.038857142857142854,1.0,0.2742857142857143,0.0,0.0
286,221337892,197.01447288942882,182.6144728894294,1.2412512833191685,720,True,False,False,39.30455303691563,0.17244197741206788,37.3059930621612,0.06488757557534047,0.47837427218364814,0.06491494828335838,0.12392853759725725,0.0,0.06487894058227539,0.06490631401538849,0.0010587311116978526,0.4375,0.13055555555555556,0.0,0.5201588872428046,0.17070170577615498,-0.06995119154453278,0.9180555555555555,0.0025465232818050803,0.01151169155147566,0.0,0.001723960115721067,1.0,0.04861111111111111,1.0,0.3,0.0,1.0
287,1293998076,113.9520413086648,93.9520413086672,11.56983220707163,1000,False,False,False,51.174784414343,0.2656382690449369,49.17487075683786,0.17682179621746144,0.3808270654511407,0.17682179621746144,0.08794356037721675,0.020228699673047034,0.17670507729053497,0.17670507729053497,0.0064236498437821865,0.197,0.0,0.0,0.27253921614559656,0.10034977304370842,-0.07265208661556244,0.474,0.012440921922271258,0.022162853633964575,0.02405187515238015,0.01156983220707164,1.0,0.339,1.0,0.636,1.0,0.0
288,959788703,272.5509884528118,260.0709884528118,1.0920296418712203,624,True,False,False,48.4473550977015,0.18830673900590145,46.451134224158636,0.0018627595820696254,0.5787659192228486,0.0018856733064381312,0.25674789463716696,0.0,0.0015474319225177169,0.0015854835510253906,0.0010207868181169033,0.22275641025641027,0.16185897435897437,0.0,0.49036820083655097,0.1325776625983417,-0.0686713457107544,0.8557692307692307,0.0004911461369381765,0.050434070727336064,5.2014865039922906e-09,0.0017500475029987518,1.0,0.07211538461538461,1.0,0.05448717948717949,0.0,1.0
289,62787811,13.382946961546315,-6.6170530384537365,2.64477956311962,1000,False,False,False,27.93787527348199,0.17172473827764337,25.937961615976814,0.1282136678559147,0.3884981797229248,0.12832643994867887,0.09390133603320133,0.0026751446705199342,0.12820759415626526,0.12832355499267578,-0.000860478903632611,0.369,0.0,0.0,0.5551369730849256,0.48285812778398396,-0.07194093614816666,0.992,0.004807615966978532,0.011480413383884135,0.0030598075954903535,0.00264477956311962,1.0,0.007,1.0,0.525,1.0,0.0
290,1911790372,251.49817695202643,241.4181769520266,1.0075430577160287,504,True,False,False,55.55678568921625,0.1879263729703382,53.56940884880487,0.0010003547144691195,0.47400503301866026,0.011806919462244075,0.20520834966440998,0.0,0.00023374558077193797,0.011735344305634499,0.0012980913743376732,0.2876984126984127,0.21825396825396826,0.0,0.4708339398774634,0.052593654758529736,-0.06843341886997223,0.8194444444444444,0.0011353309787114224,0.02364718223964464,7.802229756151066e-09,0.001999093368484184,1.0,0.10317460317460317,1.0,0.06746031746031746,0.0,1.0
291,1452386286,-32.96142911586197,-52.96142911586197,3.2066657402517156,1000,False,False,False,31.842834961846012,0.14321463204642795,29.842921304340763,0.3089344025788416,0.5378229350610272,0.48933207583780547,0.10851538598391082,0.054249929302471626,0.30841007828712463,0.47341614961624146,-0.12378622591495514,0.0,0.0,0.5171532109379768,0.5543092584501719,0.5333331688120961,0.034306421875953674,0.998,0.01234601299877491,0.01632247247543134,0.0012994275562147658,0.0032066657402517163,0.0,0.0,0.0,0.463,1.0,0.0
292,861905043,202.68585232696498,190.12585232696563,1.3205684970813978,628,True,False,False,38.906174730937586,0.22300224633271917,36.909804944733764,0.10897332535537618,0.4768221395493142,0.10897712618262072,0.14724745674168516,0.0,0.0011186599731445312,0.10897455364465714,-0.0007487916736863554,0.3869426751592357,0.0,0.0,0.5435345416382893,0.21396100966259837,-0.07033995538949966,0.9426751592356688,0.004728349538864427,0.023688333727038602,0.0,0.002102816078155092,1.0,0.05573248407643312,1.0,0.2627388535031847,0.0,0.0
293,33557341,172.91824780092574,159.59824780092583,1.2618004313981128,666,True,False,False,27.695208314001015,0.21347979104022996,25.6976861331084,0.04750979276524504,0.393189736777588,0.04769251396650867,0.10651074946768592,0.0,0.04718580096960068,0.04766673967242241,0.0015677427873015404,0.3918918918918919,0.2732732732732733,0.0,0.5456791501331448,0.27814018711447713,-0.06973625719547272,0.9519519519519519,0.0016988167079316008,0.012548877055935655,5.201486504100711e-09,0.0018945952423395085,1.0,0.04054054054054054,1.0,0.3708708708708709,0.0,1.0
294,1968158754,181.81222390132604,162.11222390132681,1.8237640938352433,985,True,False,False,56.67591361771583,0.30193573118643097,54.67601400915363,0.009653857207345328,0.39019608419140467,0.026858749352651846,0.139936170900749,0.0,0.005115509033203125,0.026847172528505325,0.0007885074592195451,0.4263959390862944,0.25076142131979695,0.0,0.5550201451853225,0.21536567114293576,-0.06796739250421524,0.9675126903553299,0.0018320235263715383,0.028673668033174574,2.6007432520503554e-09,0.0018515371511017692,1.0,0.03147208121827411,1.0,0.2182741116751269,0.0,1.0
295,1569880741,-13.072382939234403,-33.072382939234146,2.7642433697327156,1000,False,False,False,36.18537433752326,0.16947517286655153,34.18546068001807,0.13464543344965846,0.35037838502877394,0.20234767823768776,0.08468691561664075,0.01600213014131523,0.134639173746109,0.2018217146396637,0.014580068178474903,0.431,0.0,0.5473415479063988,0.5514939785413444,0.5308895095204934,0.09468309581279755,0.983,0.007672983869624423,0.012590264376614403,0.0016742850346603702,0.002764243369732714,0.0,0.017,1.0,0.47,1.0,0.0
296,2094708717,260.4306105863477,250.67061058634772,0.8757353918853026,488,True,False,False,55.38942516761885,0.23388257254414577,53.40425051776208,0.0658144976013942,0.4950984909907485,0.06601113816235664,0.21514725148015212,0.0,0.0005084991571493447,0.06600789725780487,0.0006541109178215265,0.41598360655737704,0.21311475409836064,0.0,0.5325001580715819,0.29910249572247266,-0.06694595515727997,0.8975409836065574,0.0036657102280527503,0.039469457006634984,7.802229756367907e-09,0.0017945397374698822,1.0,0.05327868852459016,1.0,0.21721311475409835,0.0,1.0
297,626209299,231.64751839358354,222.32751839358392,0.743979443032924,466,True,False,False,37.88858912875883,0.17979116152970565,35.907083121299415,0.08811150779595507,0.5823229168712672,0.08813725736630816,0.19389663542276908,0.0,0.0881114974617958,0.08813724666833878,4.342555985203944e-05,0.3133047210300429,0.09227467811158799,0.0,0.5215417111068644,0.2791560073196888,-0.07015200704336166,0.8969957081545065,0.0036991105983598584,0.02408556068427858,5.201486504100711e-09,0.0015965224099418946,1.0,0.06223175965665236,1.0,0.10300429184549356,0.0,1.0
298,345113150,12.48991496139202,-7.510085038607643,2.7093720736544125,1000,False,False,False,37.458666314955195,0.2209555512417646,35.458752657450084,0.12685955196502316,0.3148203001370418,0.1345076592593049,0.09198651623439721,0.007922733016090018,0.12682504951953888,0.13450603187084198,0.0006616568425670266,0.679,0.0,0.5491734817624092,0.5513008051854559,0.5476255566254258,0.09834696352481842,0.976,0.004108920765741126,0.014176154648196177,0.020943602056202396,0.0027093720736544123,0.0,0.017,1.0,0.518,1.0,0.0
299,286340482,192.71906098157638,175.13906098157702,1.657655647671081,879,True,False,False,42.652896676043014,0.26487274393985183,40.65318799318922,0.06661045450271987,0.4045030060992175,0.06661979699392499,0.15485567674333942,0.0,0.0022190094459801912,0.06661920249462128,-0.0002814435865730047,0.4482366325369738,0.26621160409556316,0.0,0.537101237529537,0.20808117162901907,-0.06671856343746185,0.9397042093287827,0.0036551837197401566,0.03337702117313048,5.201486504100711e-09,0.0018858426025837106,1.0,0.03754266211604096,1.0,0.30716723549488056,0.0,1.0
300,588060534,23.684139602645757,3.6841396026459723,1.6602855532806962,1000,False,False,False,22.264046281321487,0.16646316070373696,20.2641326238163,0.3577096983379402,0.6078475710678158,0.35811135909606995,0.10683282589948673,0.010271554778494413,0.35768604278564453,0.3580850660800934,0.004339465871453285,0.0,0.0,0.0,0.49073849878952025,0.3787426921259612,-0.1016707718372345,0.907,0.013301754934977096,0.017158001109806028,0.01378345777316715,0.0016602855532806987,0.0,0.013,1.0,0.545,1.0,0.0
301,1562456108,226.85083107189257,212.6708310718937,1.393941897261205,709,True,False,False,48.95718756977361,0.28143724288524397,46.95879592866874,0.029562354814711263,0.4372635620836567,0.03888737753440552,0.16742361289317767,0.0,0.0025288581382483244,0.03886814042925835,0.0012230253778398037,0.39492242595204513,0.25952045133991536,0.0,0.5347690526586504,0.20542815399356187,-0.06777163594961166,0.921015514809591,0.002416422563540334,0.032225995545034296,0.0,0.0019660675560806825,1.0,0.0465444287729196,1.0,0.20451339915373765,0.0,1.0
302,1581055371,20.617264291860792,7.757264291861617,1.2325269392574432,643,False,True,False,54.58699234438016,0.25259645499575956,52.59011454008464,0.24781040440199573,0.5270373137007279,0.27360412623182406,0.19725968456131146,0.009956761631150265,0.002214622450992465,0.2687065601348877,-0.05153641849756241,0.0,0.0,0.5082712043076754,0.5165070423197219,0.3661036123515805,0.016542408615350723,0.9020217729393468,0.019801727526195637,0.04446517002924904,0.002654378380117131,0.0019168381636974208,0.0,0.0,0.0,0.3421461897356143,1.0,0.0
303,939185871,-140.75021447286852,-157.93021447286878,1.302603561402097,859,False,False,True,15.170561102530238,0.19298134664464064,13.170917276482099,0.6154449084598388,0.9322922098696057,1.0365654652398255,0.21296979716075218,0.19360766050638337,0.1658451110124588,1.0005544424057007,-0.27084824442863464,0.0,0.0,0.5629399940371513,0.5041288913244931,0.5349821918364615,0.12587998807430267,0.9161816065192084,0.06946722545417189,0.04743131208912819,0.0017389349606051485,0.001516418581376133,0.0,0.0,0.0,0.10128055878928988,1.0,0.0
304,1235193594,-112.95911662499421,-113.71911662499419,0.20071693778357785,38,False,False,True,-81.88737099379347,0.1946453884803659,-82.5222618037727,1.609478408699616,1.730372317310004,1.8115192105527131,0.7354553649126582,0.6268357582754062,0.7390679717063904,1.00498628616333,1.5071842670440674,0.0,0.0,0.5524825938045979,0.3346893804662518,0.3346893804662518,0.10496518760919571,0.631578947368421,0.11999654594922218,0.12443354151048677,0.0016194204052013411,0.0052820246785152064,0.0,0.0,0.0,0.0,1.0,0.0
305,1550110083,203.450996165094,190.51099616509424,1.1030714524304448,647,True,False,False,18.321385509972163,0.14022637816784994,16.324384678708327,0.04874123128861515,0.5804659956320661,0.04876735558145729,0.16517501973445092,0.0,0.04873485490679741,0.04876098781824112,-0.0007880592602305114,0.2472952086553323,0.15301391035548687,0.0,0.4422609281328174,0.20491071984171869,-0.06925743818283081,0.7867078825347759,0.0018282940605481267,0.018644321804270673,1.0402973007984581e-08,0.0017049017811907943,1.0,0.12982998454404945,1.0,0.04636785162287481,0.0,1.0
306,767100266,158.29198437262093,142.49198437262112,1.390549204851153,790,True,False,False,36.723603353012564,0.2073931434185319,34.72431593317498,0.02439767531780805,0.3277943394627815,0.024536155783646558,0.09326721640400339,0.0,0.018285274505615234,0.024519825354218483,0.0008950448245741427,0.5367088607594936,0.4088607594936709,0.0,0.5574993008581178,0.29694040268659594,-0.06804651767015457,0.9658227848101266,0.0017260848507433277,0.009569155726579135,5.201486504100711e-09,0.0017601888669001944,1.0,0.03417721518987342,1.0,0.4569620253164557,0.0,1.0
307,1775315640,-16.744226799695692,-36.744226799695895,2.759163217288417,1000,False,False,False,14.269706078626198,0.18025736706478843,12.269792421121045,0.11926548478026533,0.36229392695535023,0.1461982565812296,0.08734986476576452,0.007324314660202908,6.170272536110133e-05,0.14619703590869904,0.00059742690064013,0.588,0.0,0.5342772789299488,0.5509650432609488,0.5411199844256044,0.06855455785989761,0.974,0.00955102803548,0.01767640054376167,0.0015117834442295603,0.002759163217288418,0.0,0.015,1.0,0.455,1.0,0.0
308,253685681,177.6907059173099,162.69070591731037,1.3887282993802734,750,True,False,False,36.161444949461085,0.2606661014143832,34.16251013667283,0.11332437744405571,0.44090939285306513,0.11333916837737637,0.14240348855422924,0.0,0.0006620407220907509,0.11333465576171875,0.001011381158605218,0.35333333333333333,0.0,0.0,0.5627941316055755,0.3000805279612541,-0.06567700207233429,0.9666666666666667,0.005869112251130942,0.028504086065864024,1.0402973008201422e-08,0.0018516377325070326,1.0,0.034666666666666665,1.0,0.24666666666666667,0.0,0.0
309,1633039757,181.58708382540502,165.6470838254055,1.3940952168869483,797,True,False,False,37.54344819919387,0.15086047200958136,35.544112370470586,0.07070410725689126,0.47196324212016794,0.07073118998195517,0.11689006796553214,0.0,0.0008654594421386719,0.07073116302490234,-6.175279850140214e-05,0.42659974905897113,0.12045169385194479,0.0,0.5270851131691773,0.21661710120737554,-0.0698225274682045,0.9284818067754078,0.002862159235658698,0.014988042654756907,5.201486504100711e-09,0.0017491784402596572,1.0,0.03889585947302384,1.0,0.25972396486825594,0.0,1.0
310,426878082,-56.313141094353284,-72.75314109435355,1.3883369265319943,822,False,True,False,6.072589744276226,0.19841111735508327,4.073106350881657,0.24001451587572337,0.8151133574473203,0.25576556683327883,0.15342701139223672,0.019537706954215316,0.23956283926963806,0.25201311707496643,-0.043651048094034195,0.0,0.0,0.5114599717780948,0.5519519259520219,0.3970380818902049,0.022919943556189537,0.9598540145985401,0.01738458634478548,0.03098458638763112,0.002137531373269483,0.0016889743631776073,0.0,0.0,0.0,0.1192214111922141,1.0,0.0
311,931088333,-23.438706156627404,-43.43870615662757,2.1372859227813583,1000,False,False,False,15.472299516825947,0.17685761060794145,13.472385859320767,0.39367989521297214,0.6841986650774193,0.5866973405150131,0.12162724254483646,0.08535813132514826,0.3922867774963379,0.5782474279403687,-0.09921532869338989,0.0,0.0,0.5041264756582677,0.5127088189026253,0.4048255485948175,0.008252951316535473,0.948,0.023368419331320923,0.02226505499934865,0.0010978205400606136,0.0021372859227813575,0.0,0.0,0.0,0.363,1.0,0.0
312,233020741,58.784759776771466,38.78475977677143,9.987212791002703,1000,False,False,False,18.934599915076824,0.18790277875585937,16.93468625757157,0.22798057298745228,0.4691748438912558,0.22798057298745228,0.09505230319247623,0.029832123466499216,0.22788134217262268,0.22788134217262268,0.006725737825036049,0.0,0.0,0.0,0.31824939006904607,0.10055664458777755,-0.04494280740618706,0.563,0.03418428373739206,0.028725408890150884,0.026823493737927192,0.009987212791002698,0.0,0.275,1.0,0.539,1.0,0.0
313,321104617,11.529845468519524,-8.470154531480446,2.4954212545541776,1000,False,False,False,32.32461654110844,0.15370137760449123,30.32470288360325,0.1154209026642854,0.4240151361466642,0.11688051824184509,0.09666850569032531,0.03817615737661752,0.11541461944580078,0.11630316078662872,0.011603031307458878,0.481,0.0,0.5735935494303703,0.5206134057299351,0.5432930950261653,0.14718709886074066,0.936,0.0001278148173335119,0.013785879491169042,0.0026230854144172807,0.002495421254554177,0.0,0.043,1.0,0.396,1.0,0.0
314,1639806757,-105.46274701806252,-106.4827470180625,0.20338798432719712,51,False,False,True,-67.42652894345329,0.19266718696839477,-68.22861693052097,1.6081384772000555,1.691845862610815,1.761158586305918,0.4887629146477687,0.3555944260072637,0.7576500177383423,1.0000660419464111,1.4496715068817139,0.0,0.0,0.537312425673008,0.4762214019520245,0.48574582999106497,0.07462485134601593,0.9019607843137255,0.0915228390059896,0.10642672886310818,0.00010433141629845322,0.003987999692690142,0.0,0.0,0.0,0.0,1.0,0.0
315,1415609443,205.08726981692018,190.96726981692115,1.2541398731889253,706,True,False,False,54.05799028692433,0.15097733483106257,52.05964787793018,0.018158117722589157,0.44595649423786216,0.01817040086331757,0.12937945152999264,0.0,0.002069187117740512,0.018151378259062767,-0.0008312248974107206,0.3937677053824363,0.26203966005665724,0.0,0.5503492425789492,0.21178083665668965,-0.06781566888093948,0.9546742209631728,0.0013587475839574232,0.012929418147367673,0.0,0.0017764020866698636,1.0,0.046742209631728045,1.0,0.21671388101983002,0.0,1.0
316,1375016442,192.77800866777255,181.99800866777247,1.045532232996395,539,True,False,False,9.188735869572474,0.1352619104190714,7.1976156020887165,0.18810752382382126,0.6997517883387966,0.18813223304306237,0.18361168396726885,0.0,0.18808850646018982,0.18811321258544922,0.002675137482583523,0.09090909090909091,0.0,0.0,0.46922346823545324,0.1212526786327362,-0.07216127216815948,0.8293135435992579,0.008488508683950824,0.01767957034689727,2.6007432527008767e-09,0.0019397629554664092,1.0,0.09090909090909091,1.0,0.06493506493506493,0.0,0.0
317,1625242512,45.905894416984026,25.90589441698439,2.633151056884073,1000,False,False,False,53.19217824946069,0.2796303218582286,51.192264591955315,0.11824355836718839,0.3458836383830251,0.17979655111833445,0.12065038911432387,0.052069078152258655,0.0012294768821448088,0.17494019865989685,-0.04150574281811714,0.503,0.0,0.0,0.5284194973494741,0.1833524027292151,-0.023117737844586372,0.935,0.005780761101744587,0.029557280506814516,0.020782610197229393,0.0026331510568840723,0.0,0.027,1.0,0.452,1.0,0.0
318,924032943,159.9287690299563,142.5287690299563,1.6064001131243937,870,True,False,False,32.463888445111714,0.16885817431052208,30.464207341276015,0.02632112555997836,0.4111061188647673,0.02655989776341986,0.12037009433679356,0.0,0.013092422857880592,0.02655973471701145,9.306430729338899e-05,0.43908045977011495,0.21954022988505748,0.0,0.5609741396763116,0.2877501806616783,-0.06782019138336182,0.9701149425287356,0.0017914763136078502,0.014709311904381423,0.0,0.0018464369116372372,1.0,0.03103448275862069,1.0,0.2942528735632184,0.0,1.0
319,805957211,159.33138035633607,144.39138035633582,1.4380686294068787,747,True,False,False,28.69614831517646,0.14895170955902914,26.697246107930876,0.049183037149976974,0.41140574409107283,0.049192954287069865,0.09624290865435432,0.0,9.5367431640625e-06,0.04919233173131943,0.0002474880311638117,0.40963855421686746,0.18875502008032127,0.0,0.5447356140713545,0.23752228827215732,-0.06948534399271011,0.9611780455153949,0.0018153036730971406,0.011122781852574894,1.3003716260034937e-08,0.0019251253405714553,1.0,0.038821954484605084,1.0,0.392235609103079,0.0,1.0
320,353200484,252.31369517743587,243.05369517743623,0.8535990794850693,463,True,False,False,69.09899046621618,0.23006551502728645,67.11805056268183,0.09421918965617143,0.4389469298758525,0.09423474303091958,0.18688451097316425,0.0,0.09421911090612411,0.0942346602678299,0.0001248931948794052,0.4017278617710583,0.08855291576673865,0.0,0.5565485515939494,0.3037973553687334,-0.07027292251586914,0.9481641468682506,0.003991487130031847,0.027030225344330156,5.20148650366703e-09,0.001843626521566025,1.0,0.05399568034557235,1.0,0.19222462203023757,0.0,1.0
321,1440612902,209.5485332373064,199.76853323730668,0.8644033173903434,489,True,False,False,27.036528374403357,0.2001019159830404,25.051205471045087,0.14123277730009653,0.6210003303422676,0.14125824427686492,0.18089432630598132,0.0,0.08948592841625214,0.14125433564186096,0.0010508275590837002,0.14314928425357873,0.0,0.0,0.5211905497773827,0.11200216706842184,-0.07120209187269211,0.8936605316973415,0.006246142650563617,0.028271241841401607,2.600743251833515e-09,0.0017676959455835224,1.0,0.08588957055214724,1.0,0.06952965235173825,0.0,0.0
322,1072951446,-4.716733938269323,-24.716733938269424,1.6780955590881328,1000,False,False,False,10.417686556656111,0.16299827863304378,8.41777289915093,0.1251029251354503,0.5579982105091271,0.1251029251354503,0.10063783272344294,0.05991202541392537,0.11698503792285919,0.11698503792285919,0.044331058859825134,0.348,0.0,0.6010694056749344,0.5549619802031666,0.5865247841179371,0.20213881134986877,0.991,0.005553651197261024,0.014679089833838728,0.000876537275740317,0.0016780955590881344,0.0,0.0,0.0,0.307,1.0,0.0
323,1717708834,177.6061514400876,162.9861514400881,1.454294763332389,731,True,False,False,38.39001037761917,0.24446269241648913,36.39129968730849,0.03368921021210428,0.38399395310117157,0.033716959926993154,0.10613563027750794,0.0,0.00022220611572265625,0.033716581761837006,0.00015969037485774606,0.47606019151846785,0.24350205198358413,0.0,0.549348465656217,0.24366479262709617,-0.06916183233261108,0.960328317373461,0.0010752621807318603,0.020098640964720024,0.0,0.0019894593205641454,1.0,0.03967168262653899,1.0,0.32558139534883723,0.0,1.0
324,324576056,-15.407449675969803,-35.40744967596998,2.713979355018869,1000,False,False,False,22.74950817290104,0.14675815345247775,20.74959451539591,0.27107118132689273,0.5773692169403106,0.3317947209014449,0.10834345836572143,0.047029261826819095,0.2710650563240051,0.33163613080978394,-0.010257366113364697,0.0,0.0,0.582761213183403,0.5359669048036885,0.5578657730296254,0.16552242636680603,0.974,0.039266468946995925,0.014601147876111909,0.0010690641219229177,0.0027139793550188733,0.0,0.0,0.0,0.363,1.0,0.0
325,1043075022,232.0000938023907,221.26009380239122,1.3677841162205018,537,True,False,False,55.422422093485885,0.2679581302029166,53.431482120540565,0.14782336966318912,0.5494422264165311,0.14784082871466062,0.1832774032547303,0.0,0.14777612686157227,0.14779357612133026,0.0037375784013420343,0.15828677839851024,0.0,0.0,0.5182760751362218,0.0,-0.07182712852954865,0.8845437616387337,0.00650042382017277,0.0345181764694206,2.600743251833515e-09,0.0025470840153081972,1.0,0.08752327746741155,1.0,0.07076350093109869,0.0,0.0
326,1970269961,182.63405347187066,164.1140534718715,1.6784390037939827,926,True,False,False,54.23725486103585,0.26871539743456985,52.237436504674406,0.06430593398545865,0.46103263892864726,0.06433368280426109,0.14557497483044163,0.0,0.06429366767406464,0.06432142108678818,0.001255998620763421,0.37365010799136067,0.09611231101511879,0.0,0.5601124071634774,0.23158751420676707,-0.06712670624256134,0.9676025917926566,0.003612101757584458,0.029644681611211848,2.600743251833515e-09,0.0018125691185680185,1.0,0.03347732181425486,1.0,0.24946004319654427,0.0,1.0
327,110878897,211.9962253367529,200.87622533675327,1.0267149655448486,556,True,False,False,29.927179079768283,0.1727713957086126,27.934664189851905,0.031013380715432703,0.5402496129751294,0.031040746815822015,0.15952127342079678,0.0,0.03100299835205078,0.03103036805987358,0.0008026337600313127,0.21762589928057555,0.1510791366906475,0.0,0.4804056040748364,0.13350740684196352,-0.06924542784690857,0.8435251798561151,0.0009245763358076122,0.01826493580893619,2.6007432520503554e-09,0.0018466096502605196,1.0,0.08093525179856115,1.0,0.07913669064748201,0.0,1.0
328,176865162,22.730411959811892,2.7304119598125736,2.6698974914850115,1000,False,False,False,38.014753307829935,0.20499115907852616,36.01483965032462,0.11954738116025022,0.38578649202520343,0.14072418217090624,0.12641752181725405,0.09900243723531976,0.002010440919548273,0.1406872719526291,0.00322288041934371,0.467,0.0,0.5448486246168613,0.5363897118531168,0.28081687962636354,0.08969724923372269,0.947,0.04730170969400987,0.028524580859038872,0.001009733366114339,0.0026698974914850146,0.0,0.039,1.0,0.432,1.0,0.0
329,548674510,167.23938001059,148.97938001058964,1.6641106227714657,913,True,False,False,15.009150234874024,0.2777286963000167,13.009357231212434,0.15568358778765812,0.7430449971195449,0.15570333963705063,0.15299937025770072,0.0,0.1556459367275238,0.15566568076610565,0.003424296388402581,0.12924424972617743,0.0,0.0,0.5381596209960791,0.05665793307125568,-0.0648774802684784,0.9485213581599123,0.007903297239608675,0.028966686108634877,5.20148650366703e-09,0.001822684143232712,1.0,0.05257393209200438,1.0,0.14676889375684557,0.0,0.0
330,1188201133,128.56230541164413,108.56230541164474,8.58110143995998,1000,False,False,False,57.98253220033322,0.2590381523932768,55.982618542828135,0.1427738179725855,0.3174040196087483,0.1738450361013084,0.12079108066843378,0.012737745251422104,0.0006269455188885331,0.17336559295654297,-0.01290223840624094,0.647,0.0,0.0,0.3065107855500537,0.030146252838894726,-0.06649424135684967,0.528,0.008167192706834771,0.028369090994406643,0.006592180317754752,0.008581101439959977,0.0,0.269,1.0,0.664,1.0,0.0
331,1768873092,174.04363668952135,160.24363668952117,1.237301511765488,690,True,False,False,14.249766614482617,0.22595819444523416,12.251713382792177,0.1261956168006896,0.6341130869014088,0.1262215377132013,0.14466345554705715,0.0,0.12619534134864807,0.12622126936912537,-0.00026027203421108425,0.2492753623188406,0.0,0.0,0.5597866473665488,0.3154620742797852,-0.06498616188764572,0.9652173913043478,0.006399474020287767,0.02452603362701053,2.600743251833515e-09,0.0017931905967615764,1.0,0.036231884057971016,1.0,0.11739130434782609,0.0,0.0
332,1913795861,-100.91316227279604,-101.95316227279602,0.15723064847745943,52,False,False,True,-63.19792926954569,0.14894397226841655,-64.01199637674267,1.5534333475469817,1.5716873104571343,1.5534333475469817,0.5837017545116493,0.515825443555808,0.7240917086601257,1.0035327672958374,1.1857812404632568,0.0,0.0,0.592261791229248,0.5521229898843628,0.563830995336175,0.1845235824584961,0.9807692307692307,0.10765230535697352,0.11476200519877088,0.0008395407277014683,0.0030236663168742186,0.0,0.0,0.0,0.0,1.0,0.0
