episode,reset_seed,task_return,train_return,variation,length,success,crash,out_of_bounds,discounted_task_return,discounted_variation,discounted_train_return,min_distance_to_pad,mean_distance_to_pad,final_distance_to_pad,mean_speed,final_speed,min_abs_x,final_abs_x,final_y,near_pad_fraction_0p2,near_pad_fraction_0p1,final_m_power,mean_m_power,last50_mean_m_power,final_main_cmd,positive_main_fraction,final_theta_abs,mean_theta_abs,final_theta_variation,mean_theta_variation,final_both_legs_contact,both_legs_contact_fraction,ever_both_legs_contact,low_velocity_fraction,final_lander_awake,landing_candidate
0,464507548,-43.195788362529164,-871.8053341907172,1.6172190916563742,1000,False,False,False,4.829701053818461,0.13250696630275222,-63.4236957550629,0.01299810204773015,0.3619428741954633,0.1237327465195463,0.086389689625034,0.06906359336989663,4.253387305652723e-05,0.0666104331612587,0.10427292436361313,0.526,0.352,0.5622294768691063,0.5636791705386713,0.536501453043893,0.12445895373821259,0.993,0.029708360388012275,0.014672180155404474,0.0008051797078556383,0.0016172190916563737,0.0,0.0,0.0,0.386,1.0,0.0
1,172674724,15.760431208088963,-893.170855893503,1.777862574203183,1000,False,False,False,66.36175584674574,0.19434437281790415,-32.81034421971131,0.1131214995055267,0.31005717111244224,0.1131214995055267,0.07762928261728484,0.01924290930402676,0.11289606243371964,0.11289606243371964,0.007138118613511324,0.515,0.0,0.5855817943811417,0.5732691386081278,0.5102164785563946,0.17116358876228333,0.996,0.001587386562926728,0.011379383646233844,0.0006394058947744134,0.0017778625742031822,0.0,0.003,1.0,0.621,1.0,0.0
2,163903425,120.0104040196355,-484.255884833621,1.168532577706532,1000,False,False,False,26.64028907971667,0.18613189564582763,-68.42557240070225,0.13631938220377177,0.375394635597684,0.13632729606806052,0.10110094491596301,2.2830615856957272e-08,0.0020300864707678556,0.13624076545238495,0.0048564886674284935,0.64,0.0,0.0,0.26066717654770766,0.0,-0.07089187949895859,0.439,0.010122108341362242,0.024619711516642693,0.0,0.001168532577706527,1.0,0.541,1.0,0.591,1.0,0.0
3,1019325551,-108.88692599118221,-177.30177462362235,0.13486969726488018,49,False,False,True,-71.56441505005668,0.1277921424410786,-136.23825179153027,1.5775919432538568,1.6946581125338684,1.755060547623727,0.7040671641933234,0.576505493066009,0.6701469421386719,1.0019373893737793,1.4409576654434204,0.0,0.0,0.5941535085439682,0.39553284424129037,0.39553284424129037,0.1883070170879364,0.7142857142857143,0.10793176042089071,0.11016495580896012,0.0003745694461304433,0.0027524428013240864,0.0,0.0,0.0,0.0,1.0,0.0
4,1629015762,32.835997761041085,-778.7621780911775,1.5831963517044354,1000,False,False,False,36.14119926778343,0.15890501087685352,-45.31121982814857,0.043155051875916284,0.36957404552718104,0.1196726549281901,0.09582229703712615,0.014926828914471248,0.00011739730689441785,0.11963977664709091,0.0028050278779119253,0.535,0.356,0.0,0.5533655128851533,0.31627062583342197,-0.07259465754032135,0.953,0.0050311521251409,0.020300731725503816,3.0045411511988793e-05,0.0015831963517044367,1.0,0.023,1.0,0.36,1.0,0.0
5,1449951718,13.461331118456906,-756.519475241369,1.499961612719656,1000,False,False,False,46.91146711062322,0.12642632544829016,-18.301609271026873,0.024299385457079527,0.37146217595300346,0.0755850309875481,0.11134958754590484,0.05831691563401274,2.1076202756376006e-05,0.052420616149902344,0.05445342883467674,0.488,0.346,0.5555370301008224,0.578903195893392,0.5556731035932898,0.1110740602016449,1.0,0.0279346300834382,0.01245287451375737,0.0025157405595811443,0.001499961612719652,0.0,0.0,0.0,0.335,1.0,0.0
6,1892108963,-65.8364436723292,-146.5634448031256,0.1584140022615927,76,False,False,True,-22.98139834545453,0.14070421199804456,-94.40174279413722,1.4046157304070497,1.4788781292961957,1.4046157304070497,0.3671800116243189,0.24425296096756788,0.7975261807441711,1.001631736755371,0.984722912311554,0.0,0.0,0.5676398649811745,0.618251617409681,0.5939647790789604,0.13527972996234894,1.0,0.0667617294654361,0.08126951119045535,0.0013501810607781384,0.0020843947665999053,0.0,0.0,0.0,0.0,1.0,0.0
7,1353470719,192.94248125646266,-464.5323727892491,1.2821897080914224,819,True,False,False,48.16571295682769,0.1912261214785529,-49.44681536243641,0.09827170656584007,0.4268183047384083,0.098299176191735,0.13380794539643986,0.0,5.1975250244140625e-05,0.09828968346118927,0.0013660765253007412,0.4456654456654457,0.040293040293040296,0.0,0.5595963779445715,0.2680857937783003,-0.07060885429382324,0.9633699633699634,0.007798168695503472,0.029194991669947604,5.721635154467414e-08,0.0015655551991348262,1.0,0.03418803418803419,1.0,0.36507936507936506,0.0,1.0
8,676069518,-9.585458152857564,-801.2337527419674,1.5432965891782209,1000,False,False,False,25.256825859804287,0.14682596199035358,-50.15606879287759,0.07382101764900795,0.35497670259355196,0.09610151682551371,0.08626695457983045,0.024104207432176637,0.03693952411413193,0.08435077965259552,0.04604831710457802,0.567,0.388,0.5753313302993774,0.5612609716036823,0.5642229896783829,0.15066266059875488,0.984,0.005422156318066735,0.013809766271881404,0.0008601789257779513,0.0015432965891782214,0.0,0.0,0.0,0.493,1.0,0.0
9,1315085260,-0.22847032891583385,-766.91308159597,1.493369222534106,1000,False,False,False,28.371012807191,0.1836001655042057,-65.42898360241703,0.07328756030463626,0.38976532839581746,0.07328756030463626,0.0979099560476892,0.038994396453112215,0.00020675659470725805,0.046484850347042084,0.056658849120140076,0.511,0.24,0.5827777683734894,0.571459933928214,0.5727059592306614,0.16555553674697876,1.0,0.005269406539552321,0.018734395262956352,0.001044088859380756,0.001493369222534108,0.0,0.0,0.0,0.383,1.0,0.0
10,1377954153,178.50746511383477,-175.24973065392768,0.6869943915355248,513,True,False,False,15.282766523384309,0.12763634984199485,-50.52387692361115,0.1613591982752604,0.5927445991258264,0.16138618444466207,0.1463392099035096,0.0,0.16135911643505096,0.16138610243797302,0.0001626944576855749,0.20662768031189083,0.0,0.0,0.5459263342447485,0.26337229982018473,-0.06965207308530807,0.9376218323586745,0.011849626039090984,0.009311443385096395,4.6813378536472716e-08,0.0013391703538704201,1.0,0.056530214424951264,1.0,0.10916179337231968,0.0,0.0
11,681462722,192.26123503274874,-393.73119139597065,1.1459448528574394,651,True,False,False,24.41238146519297,0.1704703610003214,-62.819918045446585,0.02563564153225468,0.517531534660042,0.025663000442387757,0.14600334631936573,0.0,0.02561807632446289,0.02564544603228569,0.0009490466327406466,0.2872503840245776,0.13210445468509985,0.0,0.5211684290680372,0.050648957565426825,-0.07110501080751419,0.9139784946236559,0.003212239433142207,0.026920104517514445,4.421263528420552e-08,0.0017602839521619652,1.0,0.06605222734254992,1.0,0.12135176651305683,0.0,1.0
12,1906037396,-80.97225933093577,-159.6712766209613,0.15467803458005097,68,False,False,True,-41.12545848569942,0.14081352009246823,-112.52244675435935,1.4769029503532225,1.5160510873465245,1.4769029503532225,0.5164322164642557,0.3534535460321584,0.6877580881118774,1.0015836954116821,1.0853904485702515,0.0,0.0,0.5905353352427483,0.5967244051999467,0.6004051271080971,0.18107067048549652,1.0,0.08366244102632317,0.10390269815393889,0.0007838224042699543,0.002274676979118397,0.0,0.0,0.0,0.0,1.0,0.0
13,1887175263,203.57681668531163,-443.07916882073846,1.2600319710120993,832,True,False,False,64.78878694283746,0.1898270003895314,-32.12424604217442,0.04540275351074173,0.3416562546067421,0.04543939468631561,0.15296085846454963,0.0,3.566742088878527e-05,0.045438192784786224,0.0003304934361949563,0.49399038461538464,0.12860576923076922,0.0,0.559461834596452,0.30429124146699904,-0.07084318995475769,0.9699519230769231,0.004484434606764962,0.03440179990743512,1.5604459512735813e-08,0.0015144615036203116,1.0,0.03125,1.0,0.20793269230769232,0.0,1.0
14,297761393,-110.3987720361445,-176.30841567870115,0.1294992872851134,58,False,False,True,-65.9609890216696,0.11565695120956024,-124.672932349354,1.5621869837706837,1.665673856065476,1.695638725601686,0.6758823440305823,0.6017685893020751,0.6311996579170227,1.0047998428344727,1.3658579587936401,0.0,0.0,0.5685982182621956,0.3620928358848624,0.4200276896264404,0.13719643652439117,0.6724137931034483,0.10451521602556328,0.09317050025439913,0.000309654894559766,0.002232746332501955,0.0,0.0,0.0,0.0,1.0,0.0
15,241769223,56.38481517715841,-733.7841055158065,1.540337841385929,1000,False,False,False,45.88003590533197,0.17046706084483734,-41.35340817459179,0.13162059575667687,0.4404533555098794,0.132184770421631,0.1413369820462594,0.017986777703835843,0.0011535644298419356,0.12583112716674805,0.040488775819540024,0.514,0.0,0.585115872323513,0.5571091176376213,0.5762446471303702,0.17023174464702606,0.975,0.009324580670339892,0.02667732430396133,0.00029540737283932465,0.001540337841385928,0.0,0.0,0.0,0.427,1.0,0.0
16,233261862,200.8499427777599,-287.5417997279954,0.9512234850115099,639,True,False,False,27.312146151114582,0.14078883467576472,-45.079020917484975,0.11436438963203788,0.6277022832866191,0.11439692717803221,0.14190232306982253,0.0,0.11435995250940323,0.1143924742937088,0.0010093427263200283,0.19874804381846636,0.0,0.0,0.4686454808860886,0.0,-0.07036560028791428,0.8215962441314554,0.008837612302343196,0.01983224404691663,8.06230408129105e-08,0.0014886126526001725,1.0,0.1189358372456964,1.0,0.06416275430359937,0.0,0.0
17,1516995425,15.805330951884269,-753.4240014546061,1.4984586648129825,1000,False,False,False,23.73224523006231,0.1515277745621842,-54.03155570853506,0.06842834988351781,0.46434504030955,0.10032618762439809,0.11152354301553812,0.011620706881957179,0.009218215942382812,0.009235382080078125,0.09990020841360092,0.422,0.242,0.5529764145612717,0.558135500881821,0.5184962559025734,0.10595282912254333,0.98,0.011765482892286416,0.022610754351261562,0.004096536026374956,0.0014984586648129818,0.0,0.0,0.0,0.37,1.0,0.0
18,956231059,6.234056929033221,-824.3752246253791,1.6212185631088265,1000,False,False,False,40.50424558796165,0.12362441429185278,-23.30787521547001,0.1043510371352648,0.3747396000955182,0.1043510371352648,0.10260026181222233,0.014905810584618802,6.904602196300402e-05,0.08175506442785263,0.06484788656234741,0.403,0.0,0.5658323615789413,0.5715682300617918,0.5830234296619892,0.1316647231578827,1.0,0.00430825050608522,0.014903939045796009,0.001097455785819516,0.001621218563108826,0.0,0.0,0.0,0.41,1.0,0.0
19,1399996587,41.257755210529915,-747.8787932558596,1.5382730969327785,1000,False,False,False,39.75825915999739,0.17779349236955458,-51.138400682284995,0.03836142770389462,0.3836421605897339,0.04009599550904046,0.1460657020623736,0.06128177696667081,0.00019760131544899195,0.033144377171993256,0.022564111277461052,0.522,0.325,0.6115856394171715,0.5673207666790113,0.5786899415403605,0.22317127883434296,0.975,0.026687050944695916,0.03034234244825776,0.0014782624644541394,0.0015382730969327799,0.0,0.0,0.0,0.291,1.0,0.0
20,908945483,23.905224215821303,-725.9824284952497,1.4597753054221423,1000,False,False,False,24.465751499283236,0.16608016775223222,-60.57424603433802,0.04280652485782802,0.44501534170595514,0.045856390518701884,0.13632032546632045,0.049991905803722585,0.010177803225815296,0.010177803225815296,0.044712647795677185,0.42,0.194,0.5375616475939751,0.5656997890875209,0.571266763433814,0.07512329518795013,0.983,0.0035884740051397614,0.03118714475501337,0.0010258789427693986,0.0014597753054221413,0.0,0.0,0.0,0.319,1.0,0.0
21,988018957,212.8065220123623,-196.1755020083487,0.7964840480414238,537,True,False,False,41.29463585662145,0.17700024694228905,-49.196427587468264,0.0710413889754526,0.4725602674846549,0.07106913784688967,0.14572186032859055,0.0,0.06698580086231232,0.0710575133562088,0.0012853598454967141,0.2644320297951583,0.1191806331471136,0.0,0.5473572855591566,0.2980110052973032,-0.07085002213716507,0.9329608938547486,0.006065588000848839,0.02820882924148306,8.582452731744489e-08,0.0014832105177680118,1.0,0.05027932960893855,1.0,0.16387337057728119,0.0,1.0
22,1811609170,191.68331858180454,-258.30154721594283,0.8770897315954956,572,True,False,False,23.846327425004326,0.16975560433667541,-63.025101488185115,0.15599755550128638,0.5808618057960611,0.1560224441962307,0.15335216491086914,0.0,0.0011075020302087069,0.15601977705955505,0.0009122824412770569,0.14685314685314685,0.0,0.0,0.545075537356828,0.23030680179595947,-0.06986364722251892,0.9318181818181818,0.011491716954233051,0.026882609702060446,4.1611892032805686e-08,0.0015333736566354816,1.0,0.055944055944055944,1.0,0.1520979020979021,0.0,0.0
23,1520953939,20.439545582490965,-764.8304686564351,1.5305400284778516,1000,False,False,False,35.57247737582692,0.12550927034771783,-29.182071455537027,0.04092927684279219,0.4132415541920181,0.0508162789664008,0.10214542016837655,0.04993904677229148,0.0001241683930857107,0.049814701080322266,0.010039410553872585,0.467,0.278,0.5422263443470001,0.5586644142509903,0.576707805916667,0.08445268869400024,0.981,0.0032254788417595747,0.016374310204560195,0.00035046608276352934,0.0015305400284778517,0.0,0.0,0.0,0.411,1.0,0.0
24,1762306363,186.1420309389301,-392.0242817307454,1.126452625339351,747,True,False,False,31.744467006566243,0.1722486372295618,-56.37875381546031,0.06589999634824881,0.5509546766193079,0.06592746777205886,0.13430267771786733,0.0,0.06589679419994354,0.0659242644906044,0.000649890920612961,0.15796519410977242,0.09236947791164658,0.0,0.5128986301029773,0.14086965706199409,-0.0707566887140274,0.9129852744310576,0.005765623475646144,0.03043987191389833,4.42126352846392e-08,0.0015079687086202833,1.0,0.058902275769745646,1.0,0.10040160642570281,0.0,1.0
25,1960256931,40.20950406035429,-799.5581843854502,1.6395353768916126,1000,False,False,False,56.43165335463627,0.1974430340055703,-44.28977730565403,0.05755997832512173,0.37189179162521807,0.099438426068823,0.11413101429348471,0.008894343294988285,0.0003036498965229839,0.09903564304113388,0.008941028267145157,0.455,0.187,0.568355955183506,0.5732841748250649,0.6029055599868297,0.13671191036701202,1.0,0.009031188223335079,0.021189373391073567,0.0005970357235375052,0.00163953537689161,0.0,0.0,0.0,0.353,1.0,0.0
26,261608047,-81.67621375247836,-155.9995507410303,0.14592667397710385,68,False,False,True,-40.339967152407915,0.13169878640767757,-107.17958857867256,1.476581481532854,1.5215759019086568,1.476581481532854,0.42781373520707333,0.2825391650778522,0.7537471652030945,1.0023752450942993,1.0842217206954956,0.0,0.0,0.5714340880513191,0.5969905447872246,0.5904880549013615,0.14286817610263824,1.0,0.07418651335336042,0.09107459233934792,0.0005555811764717672,0.002145980499663292,0.0,0.0,0.0,0.0,1.0,0.0
27,628052497,203.53214938287272,-321.7722708457395,1.022928840457224,692,True,False,False,25.40018961236251,0.19242523897412553,-72.81052184707991,0.08876335582847486,0.572467935054481,0.08878948585879327,0.18890426117260598,0.0,0.00020742416381835938,0.08878936618566513,0.00014577865658793598,0.2991329479768786,0.08092485549132948,0.0,0.5457834652104352,0.26171573350788097,-0.07044601440429688,0.9552023121387283,0.0072371396121045165,0.037165511769411644,7.802229756107698e-08,0.0014782208677127518,1.0,0.04046242774566474,1.0,0.09104046242774566,0.0,1.0
28,2107186230,173.5819246026222,-387.642811243881,1.0944894716930071,699,True,False,False,27.29842501895813,0.1619469765100992,-55.67328482966397,0.019252800600347435,0.38169394474198376,0.019447528800996833,0.10610590734106434,0.0,0.017998408526182175,0.019445419311523438,0.0002864337002392858,0.5264663805436338,0.28183118741058655,0.0,0.5463096913708393,0.27627465611323715,-0.07098947465419769,0.9427753934191703,0.0028570673054641284,0.021080541260677307,7.542155430924347e-08,0.0015657932356123129,1.0,0.04005722460658083,1.0,0.39198855507868385,0.0,1.0
29,1280894744,2.688584901881441,-297.4861054448513,0.5853493806934655,375,False,True,False,45.11541952992988,0.18396749079296726,-48.8221698872712,0.3665679727163763,0.784662012378205,0.3665679727163763,0.20151521705470085,0.013875134909256024,0.35656508803367615,0.35656508803367615,0.08504949510097504,0.0,0.0,0.5132589424028993,0.5898678902567674,0.5000094805518165,0.02651788480579853,0.9893333333333333,0.06437180246141518,0.03822956451395431,0.0021954954384991038,0.001560931681849241,0.0,0.0,0.0,0.029333333333333333,1.0,0.0
30,1308163710,-48.808663114634705,-305.1359380291054,0.49569454982894146,424,False,True,False,11.662404874119117,0.1253685129061806,-52.993644864324,0.30643208302052505,0.9487392975007297,0.30643208302052505,0.21948573555140863,0.3715142647769298,0.3042866587638855,0.3042866587638855,0.03619738668203354,0.0,0.0,0.506477131973952,0.5084700304279702,0.2827030096857925,0.01295426394790411,0.8985849056603774,0.06579837775447847,0.02491812008647111,0.0002568077916784983,0.0011690909194078808,0.0,0.0,0.0,0.0,1.0,0.0
31,12673048,194.99087136677124,-359.8526821442639,1.0862871070220714,585,True,False,False,30.13472521571243,0.17244111257140002,-58.08023840461008,0.1363773515511836,0.4933861856448849,0.1363885061718312,0.13497532976365328,0.0,0.13632622361183167,0.13633736968040466,0.0037344670854508877,0.22393162393162394,0.0,0.0,0.49904130498617966,0.010128510678187012,-0.07066496461629868,0.8512820512820513,0.010160234587251196,0.017062909802820034,2.340668926910372e-08,0.001856901037644566,1.0,0.10598290598290598,1.0,0.2341880341880342,0.0,0.0
32,889932132,222.395635135239,-318.3195734383329,1.0574704171471425,599,True,False,False,55.83176814001094,0.21155488220479662,-51.94081435775832,0.07572320187184174,0.5161123822063586,0.07575066272409706,0.14502972945506692,0.0,0.0757104903459549,0.07573795318603516,0.0013875699369236827,0.22370617696160267,0.09515859766277128,0.0,0.510175046312758,0.10464422560995444,-0.070830337703228,0.8781302170283807,0.00635938421324353,0.02742174763438048,4.1611892032805686e-08,0.0017653930169401393,1.0,0.09515859766277128,1.0,0.05676126878130217,0.0,1.0
33,1075134211,3.7149966985917926,-780.3545946312348,1.5281391826596535,1000,False,False,False,37.42846254178592,0.15034495226891043,-39.74392725017451,0.07098167534285799,0.35240314733280387,0.1124288425202404,0.08784682528619879,0.03893028192139219,0.05521545559167862,0.09756898880004883,0.05586176738142967,0.625,0.248,0.5767886564135551,0.559430769671686,0.5757051906734705,0.1535773128271103,0.976,0.018858986705510353,0.015803178356152588,0.003014348554002299,0.0015281391826596532,0.0,0.0,0.0,0.548,1.0,0.0
34,865824620,203.73227540895465,-281.49310709264984,0.9459707650032089,612,True,False,False,18.28580645891588,0.14236351638206457,-54.891688204412105,0.031133871150203902,0.6120296398807014,0.03197422053393459,0.18678241318421496,0.0,0.031104182824492455,0.03195657581090927,0.001062092836946249,0.28594771241830064,0.22712418300653595,0.0,0.5015760599438662,0.27253639183938505,-0.07109315693378448,0.8823529411764706,0.003602711448980096,0.04101932629056603,3.6410405528704975e-08,0.0015457038643843291,1.0,0.049019607843137254,1.0,0.15849673202614378,0.0,1.0
35,1400560478,3.186160058900611,-787.8232231017473,1.5420187663212939,1000,False,False,False,25.86713835058232,0.12211293003872807,-37.189240326286885,0.053448792094520435,0.40226419578801537,0.07423500806719255,0.10215129767994985,0.041965194075371026,0.0003109932004008442,0.05988883972167969,0.04386528581380844,0.517,0.306,0.5627821907401085,0.5632767710052431,0.5558036729693413,0.12556438148021698,0.986,0.019563790727553872,0.015739875281443532,0.0026059148299871666,0.0015420187663212938,0.0,0.0,0.0,0.377,1.0,0.0
36,1099137468,-108.27648409195244,-169.33435342379198,0.12043573866367908,42,False,False,True,-74.70763473317587,0.11039663116909466,-130.5946318765749,1.5998443105332618,1.7041526764376849,1.7479840029932612,0.7155261292907846,0.6324927305009074,0.7181223034858704,1.0032265186309814,1.4314274787902832,0.0,0.0,0.534893736243248,0.2756307695415758,0.2756307695415758,0.06978747248649597,0.5238095238095238,0.10029102641777728,0.08982165278100587,0.00010269814953618728,0.002867517587230455,0.0,0.0,0.0,0.0,1.0,0.0
37,308651950,139.6283564995043,-581.6507138458137,1.4065181406906346,901,True,False,False,16.35739669307403,0.13989828631731796,-55.59151293684892,0.07663293596294611,0.4595283717409752,0.07804790778013838,0.11335930233680647,0.0,0.07638168334960938,0.07804546505212784,0.0006174898007884622,0.4683684794672586,0.11986681465038845,0.0,0.5381177875237099,0.2753495973162353,-0.07064509391784668,0.9500554938956715,0.006536390148790913,0.01819312219720449,4.941412178917359e-08,0.0015610634191904945,1.0,0.048834628190899,1.0,0.3362930077691454,0.0,1.0
38,2135886441,198.0346284208819,-408.5560886289957,1.1839814340997554,730,True,False,False,53.92569748808973,0.1468984115615996,-21.522205959690474,0.02189320654823184,0.43183038566504595,0.022526261267258003,0.13836820842808645,0.0,3.623962356869015e-06,0.02252521552145481,0.00021705389372073114,0.42191780821917807,0.15753424657534246,0.0,0.5680804643193132,0.27421702817082405,-0.07095801830291748,0.9616438356164384,0.003052538193008022,0.016346616571882192,2.6007432520069873e-08,0.0016218923754791163,1.0,0.03972602739726028,1.0,0.16027397260273973,0.0,1.0
39,2123588507,23.52215606141831,-847.918241343338,1.7028807948095162,1000,False,False,False,59.602631218499404,0.22385043499468169,-54.32249993634685,0.02193185934464454,0.3241939193576297,0.11654992569002287,0.10497337422116387,0.0642539948827162,5.664825584972277e-05,0.09365177154541016,0.06937745213508606,0.567,0.379,0.5466036573052406,0.573079019183293,0.562635139375925,0.09320731461048126,1.0,0.02733298194174322,0.023690277369019786,0.0017667889208344036,0.001702880794809513,0.0,0.0,0.0,0.39,1.0,0.0
40,1731118266,3.776321635092505,-781.9533928798139,1.5314594290298125,1000,False,False,False,32.65399322921957,0.1738108605396085,-56.251350698089695,0.07541925908161132,0.35929273371974924,0.18887622997386694,0.12636610941989537,0.027404043917334545,0.00016927719116210938,0.16823597252368927,0.08585387468338013,0.555,0.087,0.5537773109972477,0.5651739621644374,0.5794586671888828,0.10755462199449539,0.983,0.021120660656800634,0.03310505416441065,0.00031496561228040384,0.0015314594290298132,0.0,0.0,0.0,0.217,1.0,0.0
41,4716089,-115.57257201112807,-185.91136727763626,0.13871759053301644,49,False,False,True,-75.71456667354504,0.13254362091618616,-142.76414265257245,1.5807027067621993,1.6681792113408545,1.718534293101815,0.6681887057276608,0.6169651142799988,0.6888719797134399,1.0058159828186035,1.393446922302246,0.0,0.0,0.5973633974790573,0.44442595564285103,0.44442595564285103,0.19472679495811462,0.7959183673469388,0.11369452893063194,0.11218424505373095,0.0009076593949586542,0.002830971235367682,0.0,0.0,0.0,0.0,1.0,0.0
42,954698821,-74.85829993933439,-162.20885508676668,0.17066111029486458,101,False,False,True,-22.452615238192983,0.14743625939911204,-97.44600090202806,1.4161312914421527,1.4939955810946863,1.4161312914421527,0.3315596703034427,0.18159360274309758,0.7265617251396179,1.000802755355835,1.0019090175628662,0.0,0.0,0.6038718298077583,0.6130362774918575,0.6127764971554279,0.20774365961551666,1.0,0.0805878423537727,0.09590345085741757,0.000514224157277976,0.0016897139633154903,0.0,0.0,0.0,0.0,1.0,0.0
43,722439037,226.56901135806692,-422.9534715683843,1.2674849658529004,789,True,False,False,82.14123729239243,0.181037797658938,-10.376941759134798,0.0476674402121983,0.24517620348165095,0.047694617934196853,0.14594134565327335,0.0,0.008533286862075329,0.04768647998571396,0.0008810258004814386,0.761723700887199,0.42458808618504434,0.0,0.5544570949693188,0.19861521039158106,-0.0709482803940773,0.9581749049429658,0.004601679688588468,0.030538056308349885,3.901114878010481e-08,0.0016064448236411926,1.0,0.04182509505703422,1.0,0.4866920152091255,0.0,1.0
44,143133740,156.87554439101376,-415.63496356323753,1.114621015908503,760,True,False,False,37.04838703734801,0.14123289909541153,-35.56709917413697,0.05506747374882398,0.3741460030370557,0.07545456461730854,0.09358586856520822,0.0,0.051657866686582565,0.07544831931591034,0.0009707903955131769,0.4789473684210526,0.3960526315789474,0.0,0.5587220449809377,0.26456466645002363,-0.0707438513636589,0.9644736842105263,0.006357343279976499,0.010988286665577232,7.542155430924347e-08,0.0014666065998796087,1.0,0.03684210526315789,1.0,0.3447368421052632,0.0,1.0
45,851876933,220.7825672974809,-183.13445097271227,0.7835940365403857,606,True,False,False,58.55814175285758,0.11585030111942651,-1.362480269841834,0.1080050073278116,0.48975474530046303,0.1116508585947818,0.16034907364302955,0.0,0.10793466866016388,0.1116413101553917,0.0014601683942601085,0.24587458745874588,0.0,0.0,0.538358324895868,0.2178625249862671,-0.07048791646957397,0.9306930693069307,0.008647832816313464,0.015603863444179808,5.461560829284062e-08,0.0012930594662382618,1.0,0.07095709570957096,1.0,0.12211221122112212,0.0,0.0
46,1892204776,-67.54629828315228,-189.3322440851083,0.23661189160391197,174,False,False,True,-0.9331676339066028,0.16562150298655806,-85.39593947023306,1.2639859207779496,1.3999510316569876,1.2639859207779496,0.2758341444713627,0.14909319369099053,0.6350857019424438,1.0004453659057617,0.7725085616111755,0.0,0.0,0.5688670575618744,0.5695435347078347,0.5797850798070431,0.13773411512374878,1.0,0.05137003155721517,0.06945617842353889,0.0019150052787676175,0.0013598384574937477,0.0,0.0,0.0,0.0,1.0,0.0
47,1103841343,-108.94894258659333,-170.701477794023,0.12042507041485931,77,False,False,True,-55.52217550217249,0.10909584253471154,-111.14765283469204,1.6152754093520936,1.660726754699032,1.6802945766100579,0.2887792540490154,0.21830176194093565,0.7859509587287903,1.001467227935791,1.3492417335510254,0.0,0.0,0.5721878558397293,0.5465622756436661,0.5570246243476867,0.14437571167945862,1.0,0.07178636542835903,0.07844816568819121,0.0008631866853489323,0.0015639619534397312,0.0,0.0,0.0,0.0,1.0,0.0
48,1871136645,-104.26777782377322,-165.71895032004923,0.11858234499255206,108,False,False,True,-35.88322590168156,0.10086112396567884,-87.63827908272322,1.5599947637728786,1.694152892487159,1.7209048796797835,0.3790668004206516,0.2867140212209223,0.6165567636489868,1.0008947849273682,1.3999011516571045,0.0,0.0,0.5774673447012901,0.45431045599549114,0.5675742819160223,0.15493468940258026,0.8240740740740741,0.08009275966682967,0.0799629328754601,0.00030740785239000146,0.0010979846758569635,0.0,0.0,0.0,0.0,1.0,0.0
49,368689141,43.02913721306241,-652.8597785233903,1.3517778314729074,1000,False,False,False,20.974497747084904,0.1762556189639123,-69.15322539237609,0.16902481894609792,0.663029389853422,0.1694222348127358,0.17150471431375958,0.015321007039164627,0.10272760689258575,0.16338101029396057,0.0448390357196331,0.116,0.0,0.554136298596859,0.5562371489768848,0.5614405756816268,0.10827259719371796,0.977,0.03210201425711335,0.035971665346709515,0.0013710286186864214,0.0013517778314729072,0.0,0.0,0.0,0.246,1.0,0.0
50,711874407,216.27559470422565,-157.31889142925496,0.7279089722669608,482,True,False,False,34.810743656892946,0.13774921508450602,-36.04811703169303,0.03927590947370238,0.5749077074382343,0.03930309109698142,0.1508014297463111,0.0,0.0003044128534384072,0.03930044174194336,0.00045634270645678043,0.26348547717842324,0.14937759336099585,0.0,0.5347542875365227,0.16776207026094198,-0.07091223448514938,0.8838174273858921,0.004092400519511322,0.010491049529268642,3.380966227643778e-08,0.001510184589765479,1.0,0.08091286307053942,1.0,0.07261410788381743,0.0,1.0
51,1949523453,4.666459687077475,-723.8411548481573,1.417015229070468,1000,False,False,False,25.005785394047255,0.17835867355189994,-66.17346503940776,0.10090615784276216,0.5419934219247691,0.1411777903663703,0.13746732262678268,0.07538373424620123,0.00019216537475585938,0.0701015442609787,0.12254363298416138,0.359,0.0,0.5636255815625191,0.5729402363051195,0.5671076702326536,0.12725116312503815,0.999,0.034189737495991565,0.02915905870443612,0.0010365522305292793,0.001417015229070469,0.0,0.0,0.0,0.028,1.0,0.0
52,965219006,-92.48324747188016,-175.97924364622133,0.16295199234868218,101,False,False,True,-35.53539569527452,0.13829258015518808,-105.95694173714764,1.534995355592418,1.650011763463345,1.7089748550799166,0.43992583255742407,0.23413840106322623,0.5685643553733826,1.0011142492294312,1.385050654411316,0.0,0.0,0.5432366691529751,0.46920905982393146,0.5543551230430603,0.08647333830595016,0.8613861386138614,0.07095128237459154,0.09128494932972558,0.001844452315826542,0.0016133860628582406,0.0,0.0,0.0,0.0,1.0,0.0
53,608969183,-90.24816362056882,-142.94002378468204,0.10270372032822643,67,False,False,True,-43.31175539107859,0.08152954315439465,-85.05655547577678,1.626525201281466,1.7120988058452762,1.6880243288305876,0.399486881080893,0.3322724333295622,0.7694393396377563,1.0004703998565674,1.3595900535583496,0.0,0.0,0.5513964705169201,0.3486804463136107,0.46723179806023835,0.10279294103384018,0.6417910447761194,0.06167684988582312,0.047941283207536003,0.0006831788419028872,0.0015328913481824843,0.0,0.0,0.0,0.0,1.0,0.0
54,174629327,182.4893445113676,-559.6271172709598,1.4461129235646502,953,True,False,False,43.551935524567675,0.17849554816393373,-47.69570008269483,0.005824518625362109,0.3787412478068765,0.006407779471939753,0.13705539074956885,0.0,2.6035308110294864e-05,0.006328678224235773,0.0010037278989329934,0.4732423924449108,0.18992654774396642,0.0,0.5472857607362435,0.26582668378949165,-0.07121210545301437,0.9464847848898216,0.002004912972990317,0.02898296632521059,4.941412178873991e-08,0.0015174322387876734,1.0,0.030430220356768102,1.0,0.2728226652675761,0.0,1.0
55,529795964,9.15918907569697,-846.5872412409074,1.6714928606332113,1000,False,False,False,67.76375143590023,0.21204453606166107,-40.2584302524354,0.07232492315655431,0.2856609385667596,0.12254969244371297,0.08007532120252785,0.033127392067193125,0.000164031982421875,0.11599073559045792,0.03955472633242607,0.606,0.254,0.5717951953411102,0.5801192987943068,0.5504879279434681,0.14359039068222046,1.0,0.019962870878463074,0.012950511960718948,0.0005385463081709653,0.0016714928606332093,0.0,0.0,0.0,0.512,1.0,0.0
56,120278483,-23.541779677337136,-845.1538814142062,1.6032242034737418,1000,False,False,False,21.8694403834821,0.13738960398076022,-48.825275264403494,0.08815542368285599,0.366878164659469,0.15986800350399816,0.08383583797522623,0.019380608100197014,3.0994415283203125e-05,0.13362979888916016,0.0877545177936554,0.571,0.067,0.5481390133500099,0.563655755255837,0.5578506230562925,0.09627802670001984,0.987,0.0173595099783494,0.012345321294219145,0.0008988896887127985,0.0016032242034737419,0.0,0.0,0.0,0.506,1.0,0.0
57,2011373962,23.116739025548846,-765.6557552974785,1.5375449886460508,1000,False,False,False,39.350991895141,0.16866380134322959,-46.9808224339786,0.048153038815489116,0.3631888732162247,0.08684777588826358,0.10773963103233665,0.021351273132966725,0.0001220703125,0.07761316001415253,0.038970932364463806,0.473,0.258,0.5359756760299206,0.5575921766266693,0.5448419118672609,0.07195135205984116,0.98,0.0011413399147220122,0.025227570140531407,0.0011054080459519588,0.0015375449886460522,0.0,0.0,0.0,0.349,1.0,0.0
58,1117234558,157.87964396942408,-518.7190844215144,1.3198774567818758,833,True,False,False,30.88215478541017,0.13059707880557697,-36.415922079721994,0.0082768642825131,0.39269711102560606,0.019233737574206093,0.09982997991908237,0.0,0.00014104842557571828,0.01915569230914116,0.0017309284303337336,0.47058823529411764,0.26290516206482595,0.0,0.5498844070599324,0.2991335362195969,-0.07131605595350266,0.9507803121248499,0.0027678858687945635,0.014187257923984425,8.582452731701121e-08,0.0015844867428353843,1.0,0.030012004801920768,1.0,0.32653061224489793,0.0,1.0
59,1707184565,212.32832795847213,-369.95471241309417,1.1363660807431324,705,True,False,False,64.142910784089,0.21297214194101943,-44.341485852071344,0.04982085580972923,0.3983361952144824,0.04984840254703718,0.14476013150542508,0.0,0.049805451184511185,0.049833010882139206,0.0012386536691337824,0.34893617021276596,0.1829787234042553,0.0,0.5693626096406093,0.2371456116437912,-0.07136557251214981,0.9574468085106383,0.0014386411162881742,0.032365333408180014,1.0402973007984581e-08,0.0016118667811959324,1.0,0.04397163120567376,1.0,0.10921985815602837,0.0,1.0
60,2024064892,78.28971079811305,-1558.941012834843,3.234461447265911,1000,False,False,False,39.53782782044648,0.1857038282852759,-55.31399997969673,0.1524820020887902,0.42025711650454023,0.1877601495886788,0.12914239157369706,0.021910223474639244,0.0018296241760253906,0.18609380722045898,-0.024959340691566467,0.418,0.0,0.0,0.45304589656244204,0.11143054969550575,-0.07055020332336426,0.788,0.00039488498949722463,0.029713374992573222,0.007966607620232213,0.0032344614472659115,1.0,0.132,1.0,0.388,1.0,0.0
61,2087047656,150.67693382564033,-1091.4227886630038,2.445559444977288,966,True,False,False,10.081792356731663,0.14802810666323712,-65.93213946042252,0.37159026113606075,0.6273517823645571,0.3716586369468464,0.10544457096729513,0.0,0.37022846937179565,0.3702908456325531,0.03185642883181572,0.0,0.0,0.0,0.3912693107822351,0.18600514465477316,-0.07175298780202866,0.7070393374741201,0.024808133579293467,0.026019479522383822,1.040297300733406e-08,0.0025316350362083718,1.0,0.2815734989648033,1.0,0.5113871635610766,0.0,0.0
62,714619600,189.44597869112758,-433.91255614397824,1.2103570696702124,909,True,False,False,14.247406392251019,0.16340309526310584,-69.45392575190024,0.09987026291141277,0.6792657377850853,0.09989725042813198,0.19192771249449433,0.0,0.09986505657434464,0.0998920425772667,0.001020035706460476,0.3234323432343234,0.030803080308030802,0.0,0.48492451731074404,0.212949438393116,-0.07052022218704224,0.8822882288228823,0.007912631957326026,0.03948352833975695,5.2014865040139746e-08,0.001331525929230155,1.0,0.06490649064906491,1.0,0.24642464246424642,0.0,1.0
63,1075806674,-88.38945636060089,-178.07134665172097,0.17528378058224015,102,False,False,True,-34.99641568375564,0.1487178093163436,-110.63782374656367,1.4686607792885336,1.4869961307521313,1.489255051680459,0.6316455842651016,0.419033212956235,0.3834266662597656,1.0003505945205688,1.103258490562439,0.0,0.0,0.5793240070343018,0.5070876504166746,0.5729097051918507,0.15864801406860352,0.9019607843137255,0.09572024095827968,0.11227076096142681,0.0012337821957902756,0.0017184684370807862,0.0,0.0,0.0,0.0,1.0,0.0
64,1380583167,166.7451066009701,-572.0602895218818,1.443050792245702,864,True,False,False,61.146861464362644,0.1613706874612091,-21.53814354835769,0.04481217454478271,0.3179554807077325,0.04483963037381915,0.10628494520066764,0.0,0.00014905929856467992,0.044820405542850494,0.0013128971913829446,0.5497685185185185,0.3854166666666667,0.0,0.572229259914753,0.26021989695727826,-0.07106353342533112,0.9675925925925926,0.004401577852591428,0.01678816265206779,2.3406689268236358e-08,0.0016701976762103045,1.0,0.032407407407407406,1.0,0.2789351851851852,0.0,1.0
65,1527789836,207.4796453679446,-274.61268237869785,0.9401846554932843,600,True,False,False,53.851540886130934,0.19352773118672334,-44.90751468864803,0.07378741767548781,0.36219486268327306,0.07381421630991845,0.1286721856682857,0.0,0.0003448486386332661,0.07381343841552734,-0.0003388786280993372,0.465,0.21833333333333332,0.0,0.5635184149141423,0.22728037276305257,-0.07094211876392365,0.9483333333333334,0.0027652513158802567,0.02922883721284674,2.860817577233707e-08,0.0015669744258221421,1.0,0.055,1.0,0.39666666666666667,0.0,1.0
66,1377783636,154.63050692304972,-684.3571200600055,1.6396152539661137,959,True,False,False,57.972155309408095,0.20827692224405622,-48.166175441434426,0.009135233812969122,0.26565803475744176,0.009162485300925451,0.08646462677458429,0.0,3.52859501617786e-06,0.009153652004897594,0.00040223359246738255,0.6120959332638165,0.43795620437956206,0.0,0.5659000769071086,0.2796837263554335,-0.07112860679626465,0.97288842544317,0.0010797432613551088,0.019522510901653783,2.860817577233707e-08,0.0017097135077853104,1.0,0.028154327424400417,1.0,0.5578727841501564,0.0,1.0
67,282964358,-54.71083419190254,-363.6722672224278,0.5998028660610505,453,False,True,False,5.431164760784364,0.11921256961562739,-56.15404477697213,0.37704934082930763,0.8185662718800742,0.37704934082930763,0.16091701139777786,0.05254452166512629,0.3726580739021301,0.3726580739021301,0.057377394288778305,0.0,0.0,0.5412598475813866,0.57032866052981,0.5575255485624075,0.08251969516277313,0.9867549668874173,0.06046440938915902,0.021803044498510536,0.00017908197884831945,0.0013240681370001116,1.0,0.002207505518763797,1.0,0.0,1.0,0.0
68,679598937,-24.195839880715358,-912.6984974269341,1.7370053150924387,1000,False,False,False,26.445560360892536,0.17839850146741734,-64.75360403032121,0.1772299346647765,0.3852245649161598,0.1863579303171181,0.09393095158292618,0.07276268425978101,0.1771976500749588,0.18269720673561096,0.03675607219338417,0.222,0.0,0.5639244839549065,0.5689561049104086,0.5407848461717367,0.12784896790981293,0.994,0.017701797698864014,0.015280314319070211,0.00025692352475321575,0.001737005315092438,0.0,0.0,0.0,0.524,1.0,0.0
69,964498172,185.06155949281526,-571.2218265086651,1.4740867720029611,962,True,False,False,50.75839091040983,0.16350073905949167,-32.99185212030526,0.024982322212950287,0.33606604145560987,0.025009762986163815,0.1276868780300818,0.0,0.0001720428408589214,0.02498331107199192,0.0011499619577080011,0.5592515592515592,0.18087318087318088,0.0,0.5401334088235675,0.22302107681520283,-0.0711536556482315,0.9428274428274428,0.0031611676626233645,0.030474074465187115,3.1208919024170584e-08,0.0015323147318118116,1.0,0.033264033264033266,1.0,0.39604989604989604,0.0,1.0
70,538463003,292.60904121845977,-6.562288649450792,0.5831026597358212,381,True,False,False,94.29549433814697,0.17927990965015417,2.698994451340569,0.05425562623950318,0.36147920568028,0.054282709072981196,0.2514291089168562,0.0,0.0004722595331259072,0.05427723005414009,0.0007712340448051691,0.5616797900262467,0.3989501312335958,0.0,0.5654231268824554,0.2660187565535307,-0.07125070691108704,0.9291338582677166,0.0016768020664889756,0.05072535839712542,2.3406689268236358e-08,0.0015304531751596348,1.0,0.07349081364829396,1.0,0.33070866141732286,0.0,1.0
71,569527992,11.578838460054383,-801.6009772674644,1.5863596314550366,1000,False,False,False,57.00917507376582,0.14661827943325811,-18.299878300368253,0.15530866885366396,0.34258301751814635,0.15748334075861337,0.09012409407133316,0.04134293552937861,0.15529689192771912,0.15747547149658203,0.0015743231633678079,0.557,0.0,0.6071067750453949,0.5774919760478661,0.579484980404377,0.2142135500907898,1.0,0.02083558018522931,0.013222071806249864,0.0008729069632533899,0.001586359631455037,0.0,0.0,0.0,0.455,1.0,0.0
72,828003095,68.76065289645926,-742.5891391035422,1.5826995840000049,1000,False,False,False,51.191731601980734,0.16759349267253212,-34.60492839179054,0.07028605485881599,0.3300595408842521,0.09011846845928191,0.11739081070451668,2.2503173300548926e-07,9.860992577159777e-05,0.09010334312915802,0.0016510343411937356,0.651,0.192,0.0,0.5527315414061305,0.42611846059560776,-0.07076937705278397,0.958,0.0072436018089,0.02405982615072543,1.209605686519448e-05,0.0015826995840000045,1.0,0.015,1.0,0.505,1.0,1.0
73,954833235,166.33858734527598,-417.2411181229519,1.137159410936457,750,True,False,False,29.286659575994296,0.12640280994370576,-35.913680208646866,0.025758571124527504,0.37662976646025953,0.025786283023203013,0.10580135715573728,0.0,0.025725077837705612,0.025752831250429153,0.0013130402658134699,0.5053333333333333,0.32666666666666666,0.0,0.5567587849758565,0.23448041960597038,-0.07137445360422134,0.9453333333333334,1.3512161565924493e-05,0.011292640312546664,2.8608175772335375e-08,0.0015162125479152746,1.0,0.04133333333333333,1.0,0.4,0.0,1.0
74,530674831,194.1391189185902,-355.8562214711254,1.0707906807794318,730,True,False,False,50.78262710130305,0.20003422985056138,-51.2331854909583,0.19266659153759835,0.5744265767150583,0.1926909128538689,0.14009864151636992,0.0,0.19264335930347443,0.19266767799854279,0.00299228192307055,0.0589041095890411,0.0,0.0,0.5611796585536779,0.1743786907196045,-0.07059656828641891,0.9506849315068493,0.009595204910544804,0.027218299856113883,1.0402973009068783e-08,0.0014668365490129193,1.0,0.050684931506849315,1.0,0.15753424657534246,0.0,0.0
75,268805063,136.5892154214205,-603.5143334517779,1.4426470977463963,939,True,False,False,27.482747362716687,0.1680793791525469,-58.55678281744516,0.0579008033321486,0.3704373202493751,0.06115304386820839,0.09279105623679758,0.0,0.026455020532011986,0.06114320829510689,0.0010967468842864037,0.5484558040468583,0.21192758253461128,0.0,0.5486875325185966,0.2542619737237692,-0.07089253515005112,0.9605963791267306,0.0054439271398294825,0.01572816993877635,1.3003716260034937e-08,0.0015363653863113926,1.0,0.029818956336528223,1.0,0.4579339723109691,0.0,1.0
76,386459433,170.65883507756513,-530.4596333734905,1.3655169369021123,918,True,False,False,45.749562097226,0.15539658680770482,-33.94853445516826,0.003441235933052805,0.3475675914516596,0.006833679868954192,0.1167649523383861,0.0,7.705688767600805e-05,0.0067043304443359375,0.0013233041390776634,0.5054466230936819,0.37363834422657954,0.0,0.5616381895557971,0.21291125908493996,-0.07128310203552246,0.9651416122004357,0.0020119738283731264,0.017448621159460522,4.42126352846392e-08,0.0014874912166689686,1.0,0.03594771241830065,1.0,0.2984749455337691,0.0,1.0
77,1842675722,25.89710003845403,-727.0001013416042,1.4657944027601193,1000,False,False,False,32.65806085797352,0.1942610915902803,-66.47239859467199,0.022933583747324113,0.4499711039230344,0.02294385289696036,0.13093989324961022,0.038068330119507124,0.007273674011230469,0.007273674011230469,0.021760378032922745,0.395,0.285,0.5696957409381866,0.5797071089111269,0.5923450356721878,0.1393914818763733,1.0,0.01042537060900851,0.029841823145859783,0.0010490436003687802,0.0014657944027601179,0.0,0.0,0.0,0.193,1.0,0.0
78,215035549,41.17670358549773,-764.6274195484698,1.5716082462679344,1000,False,False,False,50.821512604602304,0.20180997294757247,-52.08338752668897,0.0396394925474688,0.38692614348965026,0.05435549826033334,0.13554307574758667,0.03139949814820644,4.4345855712890625e-05,0.018084239214658737,0.05125895515084267,0.468,0.239,0.5757420435547829,0.5771902652140707,0.5633343141525984,0.15148408710956573,1.0,0.009610784662996093,0.02974789705048185,0.0022723675573568178,0.0015716082462679348,0.0,0.0,0.0,0.286,1.0,0.0
79,839465270,24.465369849698664,-830.0396411885556,1.6690100220765085,1000,False,False,False,49.32266805903543,0.21454714633780805,-59.95081876737366,0.05513868483694477,0.3238352376912959,0.06902020238637671,0.11108817718529497,0.06261887581923359,0.00029458999051712453,0.06900663673877716,0.0013683652505278587,0.541,0.239,0.5040196520276368,0.5800245741032996,0.5897668919060379,0.008039304055273533,1.0,0.0012052134375328419,0.02341500243631137,0.017351240508813433,0.0016690100220765097,0.0,0.0,0.0,0.25,1.0,0.0
80,609512609,39.225782950461124,-888.7843685919376,1.816020303084797,1000,False,False,False,24.469404708557104,0.19779667314478536,-76.42884552134085,0.18381132183255092,0.5242823018375763,0.18431200540591086,0.13412587305862342,0.01657320014572432,0.1838090866804123,0.18430796265602112,-0.0012207531835883856,0.122,0.0,0.0,0.5103244572224211,0.17266760520637037,-0.06764937937259674,0.905,0.012324638790358096,0.029742879337037124,0.0014101463979402078,0.001816020303084799,0.0,0.091,1.0,0.368,1.0,0.0
81,1146558410,192.61491230537644,-304.30554387746406,0.9692809123656818,614,True,False,False,30.757765193104415,0.13960582989452,-41.040971070652574,0.01458367041551576,0.44467648136169924,0.014608781360344311,0.13120084470318677,0.0,0.0001483917294535786,0.014603900723159313,0.00037759303813800216,0.3745928338762215,0.255700325732899,0.0,0.5686941711935108,0.286489414870739,-0.07103370875120163,0.9543973941368078,0.002550866360489518,0.020678857649669584,1.5604459512302132e-08,0.0015786334077616964,1.0,0.04560260586319218,1.0,0.24429967426710097,0.0,1.0
82,1891899470,17.80243668602792,-818.7532332069484,1.6331113397859518,1000,False,False,False,44.018274629092176,0.18634685031497022,-51.155064185898404,0.03741992357618575,0.3095943543232114,0.11343795410058012,0.11507318761949614,0.05110797926501794,0.00020208358182571828,0.09775590896606445,0.05754955857992172,0.632,0.433,0.5738405734300613,0.5662118217134848,0.5476451858133078,0.14768114686012268,0.976,0.03693677775743529,0.0258928979746396,0.0020107542423343783,0.0016331113397859492,0.0,0.0,0.0,0.319,1.0,0.0
83,1915251784,14.206301791663357,-799.7059961647747,1.587824595912879,1000,False,False,False,46.17646522357094,0.20248079788370135,-57.06384737578511,0.2002444074631645,0.5044044084476821,0.2002444074631645,0.10919179988033118,0.036161923867338734,0.19975785911083221,0.19975785911083221,0.013950643129646778,0.0,0.0,0.533459734171629,0.5681983340342994,0.5278353959042579,0.0669194683432579,0.999,0.0010706329390164726,0.02304435141321866,0.0014297772550092814,0.0015878245959128773,0.0,0.0,0.0,0.374,1.0,0.0
84,1313639606,168.18480851175264,-463.123676301569,1.2304569696266443,804,True,False,False,47.62278178740007,0.19197561015744902,-50.364404240292004,0.01573747835013889,0.3038001276064149,0.018596475341848964,0.09407464067270312,0.0,4.57763690064894e-06,0.01855936087667942,0.0011743163922801614,0.6007462686567164,0.32587064676616917,0.0,0.5560656516310013,0.22080819480121136,-0.07119369506835938,0.9589552238805971,0.0027581490111518677,0.019682495956155868,3.1208919024604265e-08,0.0015304191164510492,1.0,0.041044776119402986,1.0,0.4925373134328358,0.0,1.0
85,695909292,189.7042820051313,-129.1524260771636,0.6141934161645898,588,True,False,False,23.405923840648576,0.1950086394155003,-76.0929693094786,0.6070656952248898,1.0002100871553896,0.6070787039867249,0.21654044589706964,0.0,0.3062872886657715,0.6069934964179993,0.010170945897698402,0.0,0.0,0.0,0.501925641404731,0.0,-0.06778296828269958,0.8792517006802721,0.03560160558596462,0.04867680759663518,1.0402973003864613e-08,0.0010445466261302546,1.0,0.12074829931972789,1.0,0.07482993197278912,0.0,0.0
86,657540159,166.21829246010174,-372.44945863989346,1.0481355021999894,730,True,False,False,26.402392765422242,0.15462434319578736,-52.90847649945187,0.16559728502805143,0.49309076613778857,0.16655066509119076,0.12373545123340636,0.0,0.16386404633522034,0.16653355956077576,0.0023869608994573355,0.2945205479452055,0.0,0.0,0.5419713188648505,0.2770579881221056,-0.07001861184835434,0.9424657534246575,0.012125328230495487,0.014084360388896263,2.0805946016402843e-08,0.0014358020578082056,1.0,0.038356164383561646,1.0,0.363013698630137,0.0,0.0
87,1508100295,204.83090862808746,-471.9882120703898,1.3209182413969542,818,True,False,False,55.39963399983892,0.18964078062257067,-41.4202185134545,0.0010149177736957795,0.3358482256894072,0.001079155216463259,0.14591616139942407,0.0,8.97407517186366e-05,0.00038051605224609375,0.0010098433122038841,0.5562347188264058,0.33251833740831294,0.0,0.5537308813186594,0.2626548379659653,-0.07123684883117676,0.9523227383863081,0.00163587758340729,0.03282590643872616,3.380966227643778e-08,0.0016148144760353964,1.0,0.035452322738386305,1.0,0.2237163814180929,0.0,1.0
88,226019867,-107.24101949334145,-182.8886082148814,0.1492951774430797,50,False,False,True,-70.02336897587573,0.14253871884972838,-142.08271626646484,1.5731208447117428,1.6383629615060826,1.6927079854326141,0.6245206876108466,0.48790010781188514,0.6961653828620911,1.0001784563064575,1.365614652633667,0.0,0.0,0.5806588679552078,0.5484453037381172,0.5484453037381172,0.16131773591041565,1.0,0.10303879488733157,0.11282851929452752,0.0007030329158888848,0.0029859035488615966,0.0,0.0,0.0,0.0,1.0,0.0
89,667780743,2.330663039162725,-784.7776064320591,1.5342165389424438,1000,False,False,False,21.94384728474631,0.1852997525772835,-72.70594266140061,0.10932015685152535,0.4134114165681566,0.10932015685152535,0.1027741900659151,0.054933046457638426,0.1070794090628624,0.1070794090628624,0.022020373493433,0.438,0.0,0.5811370015144348,0.5358719719983638,0.5571200467646122,0.16227400302886963,0.935,0.012465866951173108,0.01926017681889844,0.0007370454361389396,0.0015342165389424442,0.0,0.062,1.0,0.359,1.0,0.0
90,498383730,7.257084785215592,-782.1135307871994,1.5387412311448292,1000,False,False,False,43.724659692468,0.1490753848145514,-32.812946372313085,0.051592930759052816,0.33146945564596153,0.06731117548858442,0.08733803692325151,0.028209509129227144,0.00015707015700172633,0.01608896255493164,0.06536007672548294,0.548,0.364,0.5572097599506378,0.5729508370216936,0.5591023986041546,0.11441951990127563,1.0,0.008595503911525172,0.012110411500810964,0.002289787335658917,0.0015387412311448298,0.0,0.0,0.0,0.513,1.0,0.0
91,588981715,171.23049196433266,-466.5658761020687,1.2393127361328005,907,True,False,False,22.16360471939603,0.12392371774637205,-41.798034291120956,0.09788563325096783,0.6732895179289003,0.09788945415840689,0.13071322362947516,0.0,0.0978824645280838,0.09788627922534943,0.0007884001825004816,0.2205071664829107,0.03969128996692393,0.0,0.5482514056437695,0.30495137587189675,-0.07110325247049332,0.9503858875413451,0.0042354368470723085,0.022331348108156564,1.560445951186845e-08,0.0013663866991541363,1.0,0.02866593164277839,1.0,0.1378169790518192,0.0,1.0
92,742924764,23.4399440735811,-863.7804065584552,1.734440701264074,1000,False,False,False,29.365549300893026,0.18425480762398963,-64.76176816860722,0.20030238793491204,0.5173221043966083,0.20030238793491204,0.13067400296763265,0.032545190384646525,0.0029913901817053556,0.19544276595115662,0.04385398328304291,0.0,0.0,0.5400337055325508,0.5505732638139743,0.5389092002809047,0.08006741106510162,0.976,0.00193589737440409,0.02637247686244621,0.0010442910671686016,0.0017344407012640731,0.0,0.01,1.0,0.385,1.0,0.0
93,2053789632,175.5633101840038,-463.7310432135213,1.2474687067950512,778,True,False,False,41.73698312881002,0.19407546164679132,-57.29994377725253,0.053505064394527346,0.33283791842500793,0.05808921195117138,0.11241311398038796,0.0,5.235672142589465e-05,0.05806903913617134,0.0015307641588151455,0.5694087403598972,0.38688946015424164,0.0,0.5532679866722864,0.23274882980622352,-0.07101160287857056,0.9473007712082262,0.005230500395780664,0.024795845481184606,3.6410405528271295e-08,0.0016034302143895245,1.0,0.03984575835475578,1.0,0.38946015424164526,0.0,1.0
94,1243069214,142.47250835420556,-626.6657554348388,1.5006765275780904,940,True,False,False,38.694026644988995,0.15202306141908797,-39.3173462624046,0.06380432926571293,0.3843937538675691,0.07521472774967368,0.0971783427505349,0.0,0.00012159347534179688,0.07519378513097763,0.0017748093232512474,0.42659574468085104,0.16276595744680852,0.0,0.5565554540376476,0.2778124027699232,-0.07091815769672394,0.9723404255319149,0.0063094141825848285,0.015278677344531037,2.0805946016402843e-08,0.0015964643910405217,1.0,0.02872340425531915,1.0,0.42446808510638295,0.0,1.0
95,432678313,-95.73590029806364,-178.8315163558492,0.1619112321155713,107,False,False,True,-37.00456368254557,0.1365305493944579,-106.58750625674648,1.553240624954566,1.6224243617725953,1.65271030469933,0.3442228200376048,0.16414090681421178,0.6432994604110718,1.001286268234253,1.3148677349090576,0.0,0.0,0.5400275513529778,0.5308386951175771,0.5597817626595497,0.0800551027059555,0.9719626168224299,0.06593274775533788,0.08621157819181788,4.3536442038985546e-05,0.001513189085192254,0.0,0.0,0.0,0.0,1.0,0.0
96,634649199,180.6907793394813,-522.7949298685477,1.3738914184160567,827,True,False,False,60.012455806345024,0.1818047462620085,-32.88942603691762,0.050279821846278105,0.3927852990990516,0.05030738542577106,0.10776879613899637,0.0,0.05027618259191513,0.05030374601483345,0.0006051158998161554,0.23216444981862153,0.1656590084643289,0.0,0.5436594314733717,0.24220158595591784,-0.07086887955665588,0.9528415961305925,0.004779085813503758,0.017174514527015117,4.941412178917359e-08,0.0016612955482660909,1.0,0.03506650544135429,1.0,0.3047158403869408,0.0,1.0
97,37235637,169.8978588866067,-587.0569438802094,1.474269605533633,991,True,False,False,24.225958888360942,0.1657302780245949,-60.639085607390676,0.03205407723466322,0.505366246785468,0.03231296546297234,0.1471038558481063,0.0,0.009287548251450062,0.032292939722537994,0.001137444982305169,0.43693239152371344,0.28557013118062563,0.0,0.5492255881627952,0.28872362852096556,-0.07134126126766205,0.9505549949545913,0.0003746668114559395,0.029302690163190113,8.5824527316957e-08,0.0014876585323245547,1.0,0.025227043390514632,1.0,0.2401614530776993,0.0,1.0
98,1305772342,192.25709033152083,-350.1005090453044,1.0567951987536497,698,True,False,False,31.096234529166615,0.1767232718637288,-59.263605032568904,0.08176445069934728,0.47487297998274774,0.08177406374252569,0.13898038307707053,0.0,0.04702634736895561,0.08177080005407333,-0.0007305884500965476,0.45272206303724927,0.1518624641833811,0.0,0.5443800315407658,0.21016821444034575,-0.07081857323646545,0.9255014326647565,0.003205678408103147,0.02857563850819451,5.201486504100711e-09,0.0015140332360367484,1.0,0.050143266475644696,1.0,0.2851002865329513,0.0,1.0
99,1165275128,174.0269715241389,-283.8981894212304,0.8921303218907378,593,True,False,False,23.514534848098705,0.14207061979815505,-49.51561444867392,0.10295794509192602,0.494370404902358,0.10298521329339734,0.12088023694390775,0.0,0.10295315086841583,0.10298041999340057,0.0009936071000993252,0.28836424957841483,0.0,0.0,0.5551397716394872,0.23890298299491405,-0.07048309594392776,0.9477234401349073,0.008110486100967498,0.01775306274982756,7.802229756020962e-08,0.0015044356187027628,1.0,0.05227655986509275,1.0,0.11973018549747048,0.0,0.0
100,583811102,9.495077023934622,-758.40636253906,1.495802879125989,1000,False,False,False,7.051862450822169,0.1543927630562512,-72.14443273480848,0.09954526420437743,0.5713623714838227,0.12863954611583328,0.1426449954041428,0.013994944435630124,0.00020170211791992188,0.08434315025806427,0.0971306636929512,0.311,0.005,0.557835977524519,0.5617162040537224,0.5640965471416712,0.11567195504903793,0.989,0.008497208170128865,0.02742218184661571,0.0003394112984778687,0.001495802879125991,0.0,0.0,0.0,0.2,1.0,0.0
101,1168068246,36.68471439965077,-718.5576770961965,1.4704847829916945,1000,False,False,False,20.119536667997927,0.17509586198652302,-69.42830798276881,0.02390161440099382,0.5964713860437949,0.02390161440099382,0.15953387314299453,0.08547466888332794,0.02200622484087944,0.02200622484087944,0.009328088723123074,0.331,0.153,0.6487165093421936,0.5629145492352545,0.614911367893219,0.2974330186843872,0.981,0.0336269730666577,0.029485949938464637,0.002979939420406308,0.0014704847829916938,0.0,0.0,0.0,0.171,1.0,0.0
102,555937879,200.23624451290817,-452.6459903553874,1.2724844697365891,832,True,False,False,38.062946392081436,0.17410877412100248,-50.990973458665884,0.03771696596851368,0.45928047977837544,0.04018185542700334,0.17012789982007243,0.0,0.0028561591170728207,0.0401768684387207,0.0006330466130748391,0.35096153846153844,0.16947115384615385,0.0,0.5520296084331886,0.2683612644299865,-0.0712268128991127,0.9350961538461539,0.0008226564586896017,0.03486058993114122,1.3003716260143357e-08,0.0015294284492026332,1.0,0.03485576923076923,1.0,0.1310096153846154,0.0,1.0
103,800230316,-13.477858215081442,-813.1373637197908,1.5593190110094202,1000,False,False,False,22.7994341389723,0.12625929241963396,-42.33012572834982,0.049041194744310866,0.3577515498085808,0.09522775288038529,0.0842225952157585,0.006176257114285042,0.00017137527174782008,0.08375034481287003,0.04532333463430405,0.5,0.243,0.5627781376242638,0.5641516706331168,0.5697413006797433,0.12555627524852753,0.989,0.0010568789896013358,0.013460173470923409,0.001940660391850504,0.0015593190110094188,0.0,0.0,0.0,0.467,1.0,0.0
104,1458649717,-11.496568143367782,-242.53779135757964,0.44880244642842415,332,False,True,False,46.26172947226485,0.17668131517067778,-44.00782074535518,0.38607273674714454,0.8566861867641481,0.38607273674714454,0.22593868030208994,0.142550282715811,0.3802475929260254,0.3802475929260254,0.06681261956691742,0.0,0.0,0.6248716413974762,0.6018847831221948,0.6047726126015186,0.2497432827949524,1.0,0.017973877054918437,0.03121847133098241,5.9664951316457104e-05,0.0013518145976759756,0.0,0.0,0.0,0.0,1.0,0.0
105,1478023289,141.13525968517632,-638.6794053485338,1.5213493300674208,957,True,False,False,30.44853703195344,0.15882125286860102,-50.96195638409844,0.10469003326071136,0.4388168442820277,0.10471798144679222,0.09838427982643977,0.0,0.10468988120555878,0.10471782833337784,0.00017907381698023528,0.4367816091954023,0.0,0.0,0.5323745993955222,0.2607077617570758,-0.07029595971107483,0.9404388714733543,0.008249263061267472,0.011390731393608165,1.560445951100109e-08,0.0015897067189837198,1.0,0.04179728317659352,1.0,0.3437826541274817,0.0,0.0
106,952651705,32.15219836477025,-1550.1963107312756,3.124697018192096,1000,False,False,False,14.465288155179968,0.17498513004454758,-75.02719052459915,0.5177376030026132,0.7202339909660004,0.5568485455237496,0.0999784995831344,0.010865155930151816,0.35316142439842224,0.5451410412788391,0.1135849803686142,0.0,0.0,0.5052136150188744,0.3659444950340985,0.23171666878974065,0.010427230037748814,0.67,0.02629889781656012,0.03255010519368612,0.004280300643448552,0.0031246970181920946,0.0,0.223,1.0,0.611,1.0,0.0
107,621463961,-52.32223594933748,-150.21450745954985,0.19226454302042495,88,False,False,True,-6.771741333642517,0.17326621942404513,-94.57895170339727,1.3257611154780957,1.3650214514231176,1.3257611154780957,0.5710698697627589,0.3692182118564629,0.5645171999931335,1.0003268718719482,0.8700509667396545,0.0,0.0,0.6060222908854485,0.6378231269561432,0.6118426941335201,0.2120445817708969,1.0,0.09808193429355655,0.11949006195850907,0.0016577969726283143,0.0021848243525048267,0.0,0.0,0.0,0.0,1.0,0.0
108,1251300265,17.28476945171133,-834.7520489935577,1.6640736368905384,1000,False,False,False,41.30383101541561,0.18132218050475388,-51.357172894466686,0.11830295842436828,0.3677899258735357,0.11830295842436828,0.09247567839334105,0.06430571557787437,0.11819934844970703,0.11819934844970703,0.004950151313096285,0.475,0.0,0.5779139697551727,0.5111113090114668,0.5533074554428459,0.15582793951034546,0.885,0.018336164491041165,0.01705319932347922,0.0009609486241927492,0.0016640736368905382,0.0,0.115,1.0,0.439,1.0,0.0
109,413166735,-92.75763048436492,-184.95007667302167,0.18086489237731368,88,False,False,True,-43.07224322962219,0.15950585922663152,-123.99927350067021,1.4740495564891407,1.4839144812357767,1.492495916513164,0.6488013863394958,0.44869331642536336,0.45422354340553284,1.000189185142517,1.107775092124939,0.0,0.0,0.57869853079319,0.5503375588027253,0.5746958842128516,0.15739706158638,0.9772727272727273,0.10013805069969285,0.11725657456704526,0.0015134349161946004,0.002055282867924018,0.0,0.0,0.0,0.0,1.0,0.0
110,78844491,189.10330663891514,-491.80569735774577,1.3249780079933222,921,True,False,False,51.37745213395068,0.20847222705999507,-54.85847039127393,0.07270620614766395,0.5467889057687676,0.07273395166892356,0.1554516094312525,0.0,0.07268552482128143,0.07271327823400497,0.0017340397462248802,0.2269272529858849,0.11726384364820847,0.0,0.5641563418902756,0.22236595615744592,-0.07144000381231308,0.9663409337676439,0.002829084933536813,0.025364248074969245,1.3003716260034937e-08,0.0014386297589504041,1.0,0.03474484256243214,1.0,0.11834961997828447,0.0,1.0
111,288548080,202.6134995759231,-398.8298744537207,1.1748467480592906,701,True,False,False,52.34413300380444,0.20894604261832703,-54.12714528921927,0.0624083093252298,0.4790894795545918,0.06319764143301473,0.14405716450204284,0.0,0.06126537173986435,0.06318835914134979,0.0010831212857738137,0.2810271041369472,0.15121255349500715,0.0,0.5685710003131206,0.2923979801638052,-0.0713094174861908,0.9629101283880172,0.00222586919384667,0.02187061099868032,1.560445951186845e-08,0.001675958271125947,1.0,0.03851640513552068,1.0,0.181169757489301,0.0,1.0
112,1758747646,25.674776904471205,-758.7726061517385,1.5288947661124197,1000,False,False,False,43.257919872422434,0.19361414274190156,-55.54906515603352,0.03809464251105219,0.3586128131636183,0.06367519127596982,0.12621084636109667,0.01785083469488748,5.970001075183973e-05,0.030204296112060547,0.05605560168623924,0.48,0.28,0.5469837337732315,0.5801095426324755,0.5535450584068894,0.09396746754646301,1.0,0.00506776961485077,0.02754821133806831,0.0008929343117585562,0.0015288947661124194,0.0,0.0,0.0,0.263,1.0,0.0
113,60265409,54.83580007640439,-741.6145185362823,1.5529006372253726,1000,False,False,False,58.646687505467796,0.21053379932528157,-48.62012581467819,0.032893419195754905,0.32125838601326856,0.05043938315044387,0.12247353088649268,0.012032105770536079,4.1294097172794864e-05,0.025056267157197,0.043775733560323715,0.57,0.459,0.5841552019119263,0.5733733196229441,0.5765274572372436,0.16831040382385254,1.0,0.00278651759345211,0.02893563434769517,0.003220374883127465,0.0015529006372253721,0.0,0.0,0.0,0.45,1.0,0.0
114,721080364,-85.90463268766179,-167.08234046842662,0.1581554155615298,105,False,False,True,-30.47348165900005,0.12445740771583617,-94.00599928793321,1.512282045950545,1.5732307946795965,1.515286712885359,0.5255770895731451,0.37651242234291366,0.49532002210617065,1.0015919208526611,1.1370608806610107,0.0,0.0,0.6048902496695518,0.461231357169648,0.5941146178543568,0.2097804993391037,0.8095238095238095,0.08328527083694069,0.08719634366367068,1.3274193558357461e-05,0.0015062420529669504,0.0,0.0,0.0,0.0,1.0,0.0
115,229601205,170.88576892416455,-293.8749944305348,0.906001526709399,588,True,False,False,17.674513408086984,0.14293535076663558,-55.78773541760753,0.07692271914098978,0.518890146537265,0.07695027632364602,0.1148281713812116,0.0,0.00018558502779342234,0.07694177329540253,0.0011439180234447122,0.28741496598639454,0.10714285714285714,0.0,0.5520468286082598,0.28703844256699085,-0.07076741009950638,0.9506802721088435,0.006445585198146268,0.014538715818732346,4.1611892032805686e-08,0.0015408189229751674,1.0,0.047619047619047616,1.0,0.16666666666666666,0.0,1.0
116,1515063585,148.59338499264993,-521.4517329882883,1.3076902359618767,810,True,False,False,6.585568786922775,0.1317826587623479,-61.3051777699927,0.04931002997178887,0.4898835114570887,0.049330057642415555,0.11776360182204174,0.0,0.04908408969640732,0.04932890087366104,0.00033782480750232935,0.1962962962962963,0.13333333333333333,0.0,0.49235198228132415,0.289631621837616,-0.07081747055053711,0.8851851851851852,0.004729212985624101,0.034967156811765494,9.622750032564631e-08,0.0016144323900763905,1.0,0.03950617283950617,1.0,0.33209876543209876,0.0,1.0
117,582664441,157.4239639306905,-503.1790875975872,1.2890061030565518,805,True,False,False,41.00710620105994,0.19006401083283095,-56.02428635483367,0.09019802626558901,0.3245501210824738,0.11255097758688207,0.1119762713456418,0.0,0.02135601080954075,0.11254606395959854,0.0010516857728362083,0.6074534161490683,0.05093167701863354,0.0,0.5593867631577047,0.2974448623508215,-0.0703941211104393,0.9627329192546584,0.008718877319729182,0.02527767994385585,4.1611892032805686e-08,0.0016012498174615578,1.0,0.03229813664596273,1.0,0.39006211180124223,0.0,0.0
118,1930167067,25.71724963970487,-704.6876541754034,1.4208098076302123,1000,False,False,False,25.694865860585658,0.18618777257864852,-69.39893408624373,0.05205208595071711,0.49044194173886324,0.07551633728922603,0.15528537997214475,0.05359004774381604,0.004277133848518133,0.004277133848518133,0.0753951147198677,0.367,0.187,0.5483470074832439,0.5740014242865146,0.557372113391757,0.09669401496648788,0.991,0.018048934505172035,0.032808780100414915,0.002273922151635719,0.0014208098076302145,0.0,0.0,0.0,0.145,1.0,0.0
119,1027610996,180.26043069655995,-300.7456763384057,0.9351322140699307,672,True,False,False,23.522622250592782,0.13326356208683068,-45.10682597531912,0.11485979192197376,0.5222554624279859,0.11486951596585954,0.12806727734753898,0.0,0.1128450408577919,0.11485986411571503,0.0014890646561980247,0.30654761904761907,0.0,0.0,0.520425011344958,0.0,-0.07045886665582657,0.9002976190476191,0.008852444991295338,0.020409972989498266,2.860817577277075e-08,0.0013915657947469213,1.0,0.08035714285714286,1.0,0.2619047619047619,0.0,0.0
120,2058213044,67.70154143272231,-1516.025328183605,3.127453739232658,1000,False,False,False,40.248216745065214,0.17397551247296392,-48.73945314892201,0.6990833645644029,0.8827875607313113,0.7523546029866088,0.09662745045385791,0.006818107715106851,0.6971931457519531,0.7481456995010376,-0.07946987450122833,0.0,0.0,0.0,0.2796173747083085,0.0,-0.0778268426656723,0.481,0.029666657469965965,0.03329690231138936,0.0031051730102213335,0.0031274537392326548,0.0,0.262,1.0,0.514,1.0,0.0
121,739874895,54.54374342857043,-779.1021161569034,1.6272917191709437,1000,False,False,False,92.57583096298215,0.18446787371667614,-1.6580195528611001,0.08555306313550601,0.24412445313769526,0.11649373907314413,0.12287397773688065,0.06382511404690502,6.86645489622606e-06,0.07228412479162216,0.0913553312420845,0.732,0.074,0.5480780564248562,0.5676292218864546,0.5225036271999124,0.09615611284971237,0.998,0.03446243062745347,0.03102642720775861,0.002368005339149548,0.0016272917191709466,0.0,0.0,0.0,0.409,1.0,0.0
122,594460151,85.89393477028341,-736.0556235525322,1.603899116645631,1000,False,False,False,62.595713317016234,0.22103283263761647,-49.92061665929715,0.038728201660474984,0.43127492672670825,0.038755666518595196,0.16566504249293115,2.6443866619743768e-08,0.00048379896907135844,0.0387483611702919,0.0007524585817009211,0.305,0.074,0.0,0.5634162090756581,0.24771360419690608,-0.07098133862018585,0.968,0.004044095614719734,0.03336705084325188,3.6410405528271295e-08,0.0016038991166456315,1.0,0.031,1.0,0.095,1.0,1.0
123,9883956,8.728777652234054,-813.2367443679149,1.6039310440402965,1000,False,False,False,34.95802644445871,0.1418385831640776,-37.96117879508513,0.09138772496830525,0.37916526058225225,0.1359441946961089,0.10610790961301703,0.042824231437484095,0.08957824856042862,0.13559599220752716,0.009723732247948647,0.595,0.106,0.5455298237502575,0.5536148873791099,0.5583149540051818,0.09105964750051498,0.968,0.015697398372665972,0.017027440610957192,0.0023845421651175844,0.0016039310440402982,0.0,0.01,1.0,0.455,1.0,0.0
124,2050880929,-9.17421431247206,-351.3699783439416,0.6638315280629391,514,False,True,False,36.31911722296822,0.13727056441353122,-34.304748824535515,0.36360455725276986,0.7926921151773939,0.3637000866145705,0.15836724344554404,0.00835044928810318,0.3498654365539551,0.35012149810791016,0.09845145791769028,0.0,0.0,0.5078183487057686,0.5085701378820993,0.4065567965482478,0.01563669741153717,0.9007782101167315,0.07068177255287013,0.03300540962950744,0.001490766838009902,0.001291501027359804,0.0,0.0,0.0,0.23929961089494164,1.0,0.0
125,749775730,176.83896844424316,-287.01844380821024,0.9035548245049078,604,True,False,False,21.590847840416057,0.15671026591025242,-58.759664630051816,0.07292770524644394,0.5042335350802747,0.07295536193858446,0.12531244620578966,0.0,0.07292632758617401,0.07295398414134979,0.0004483675875235349,0.31125827814569534,0.12086092715231789,0.0,0.5403253828169198,0.19367957534268498,-0.07065381854772568,0.9403973509933775,0.006219717148565548,0.015211027736217042,2.3406689268236358e-08,0.001495951696200177,1.0,0.054635761589403975,1.0,0.0728476821192053,0.0,1.0
126,1664184446,229.51312397012964,-280.2834472705662,0.9941131424813906,637,True,False,False,52.10220191593548,0.18052501444897018,-40.15698904563475,0.07452182002267904,0.46547574445270357,0.0745463412714051,0.1489672276755519,0.0,0.07451991736888885,0.07454442977905273,0.0005338406772352755,0.3956043956043956,0.11616954474097331,0.0,0.5332624270734955,0.28247382640838625,-0.07065825909376144,0.9152276295133438,0.006317263225719457,0.02375453459053801,3.6410405529138656e-08,0.0015606171781497502,1.0,0.04395604395604396,1.0,0.34065934065934067,0.0,1.0
127,1005736261,142.31128121800725,-458.37843542785583,1.170299433291726,777,True,False,False,15.610029769700317,0.15411830938313878,-63.448312884158945,0.044822502781990944,0.41871192238369415,0.04595027694728087,0.0892110934883048,0.0,0.0444241538643837,0.04593238979578018,0.0012819981202483177,0.40797940797940796,0.2548262548262548,0.0,0.543494750217006,0.2678929390013218,-0.07104885578155518,0.9498069498069498,0.004473211749446637,0.01180804062891171,6.241783804834117e-08,0.0015061768768233274,1.0,0.036036036036036036,1.0,0.40283140283140284,0.0,1.0
128,537036580,183.33227918306375,-199.64611834961318,0.7425567950653537,585,True,False,False,18.403008043838057,0.14257157804365528,-54.87718831261222,0.24930723089603937,0.6796176739404669,0.24933413167925902,0.1623068158142799,0.0,0.24929971992969513,0.24932661652565002,0.0019358491990715265,0.0,0.0,0.0,0.5343179187793126,0.18850778989493847,-0.06884106248617172,0.9213675213675213,0.017304943784178548,0.019506020211578583,4.941412178743887e-08,0.0012693278548125697,1.0,0.05982905982905983,1.0,0.17094017094017094,0.0,0.0
129,828663290,38.11923402579861,-753.8237288374288,1.5438859257264543,1000,False,False,False,47.16178641955698,0.19717936578498016,-53.42781013043833,0.07952345947918267,0.46302567550192053,0.0838585429472357,0.13822660999310454,0.003485521628875202,0.00018472671217750758,0.06951208412647247,0.04690762609243393,0.361,0.08,0.5501242130994797,0.5734018327781815,0.5934418875724077,0.10024842619895935,0.999,0.007870351674277767,0.029224358630504908,0.00016189366669564637,0.001543885925726454,0.0,0.0,0.0,0.101,1.0,0.0
130,1427199343,263.6765980774069,-154.23082615073943,0.8140148484562937,545,True,False,False,73.42028165510334,0.17626192816597755,-16.70232233598916,0.05106920436726726,0.32681780379701736,0.051096671230191154,0.20340832401856077,0.0,0.0006909370422363281,0.05109662935137749,6.541967741213739e-05,0.6422018348623854,0.3871559633027523,0.0,0.5420829031847144,0.180281101167202,-0.07108788192272186,0.9155963302752294,0.0014448931405196025,0.04304445087367004,3.1208919024387424e-08,0.0014936052265253088,1.0,0.06605504587155964,1.0,0.45504587155963305,0.0,1.0
131,761445496,170.19208584176374,-512.5596022387077,1.328103376160945,935,True,False,False,16.0764657075571,0.16730955738748793,-69.57814705159007,0.01469812685258625,0.6007120961972098,0.01585637395897426,0.14963436065597324,0.0,0.007718563079833984,0.015842819586396217,-0.0006554865976795554,0.23636363636363636,0.10481283422459893,0.0,0.5453158305380195,0.24944856971502305,-0.0709015503525734,0.9508021390374332,0.0007266557106667594,0.02726419023465257,2.0805946016294423e-08,0.00142043141835395,1.0,0.034224598930481284,1.0,0.059893048128342244,0.0,1.0
132,2057742878,202.5084341406822,-267.442750772449,0.9150223698262633,622,True,False,False,43.20248354687683,0.1370854544220419,-27.336387806112,0.06533467344075955,0.49552390817387704,0.06546982439214181,0.15216952455200078,0.0,0.06525726616382599,0.0654682144522667,0.00045913219219073653,0.32636655948553056,0.18006430868167203,0.0,0.5782738435306733,0.2988603930175304,-0.07115615159273148,0.9598070739549839,0.00232296648024315,0.01351651176282714,7.802229755934226e-09,0.0014710970575984932,1.0,0.04180064308681672,1.0,0.1302250803858521,0.0,1.0
133,1654955899,-99.64428235720843,-169.11829046322703,0.1356680162120371,82,False,False,True,-47.06649548793979,0.1196596653142203,-108.01909314143015,1.5961935336424644,1.664075708122868,1.6843425403974766,0.342566476092278,0.2098286800723729,0.7303549647331238,1.001455545425415,1.3542882204055786,0.0,0.0,0.565888024866581,0.5038808806140612,0.5626222828775644,0.13177604973316193,0.9146341463414634,0.07216759277721467,0.08294977698727714,0.0005862387379266948,0.0016544880025858178,0.0,0.0,0.0,0.0,1.0,0.0
134,999665527,9.811522141471444,-943.3427175251878,1.866308479333316,1000,False,False,False,59.995699283765376,0.176198559007988,-30.103493877733854,0.18752350149235938,0.38696313624532186,0.20067553052777407,0.09252209633078338,0.025303815080466398,0.1840350180864334,0.1915530264377594,0.059817276895046234,0.125,0.0,0.5630089864134789,0.5702127436287701,0.5694124973192811,0.1260179728269577,0.999,0.011833972165457013,0.01402634090983613,0.0032799195500685177,0.0018663084793333188,0.0,0.0,0.0,0.526,1.0,0.0
135,1601570055,-58.1353064276278,-142.67596732556646,0.16676132179587744,58,False,False,True,-26.118232176457244,0.1558863497807594,-104.94487478974119,1.381987807654992,1.427291003603691,1.382156578859694,0.6420911387594389,0.3976057078394712,0.6933828592300415,1.0008313655853271,0.9532541036605835,0.0,0.0,0.5953932851552963,0.6686001046207445,0.6581220383942127,0.19078657031059265,1.0,0.1020830633541024,0.12152880917039187,0.0019823073126436636,0.0028751952033771954,0.0,0.0,0.0,0.0,1.0,0.0
136,12271510,235.95405689285846,-110.00216384839008,0.673272441482497,466,True,False,False,40.87787426696591,0.15744750781949984,-39.82738565024347,0.10545689540745871,0.5690737947772693,0.10548435851064551,0.1993565865097565,0.0,0.1054534912109375,0.10548095405101776,0.000847480318043381,0.27682403433476394,0.0,0.0,0.5244349126277847,0.18085615564137697,-0.07042677700519562,0.9012875536480687,0.008275022122807209,0.03059460462233122,3.901114878010481e-08,0.0014447906469581481,1.0,0.07725321888412018,1.0,0.07510729613733906,0.0,0.0
137,1787728803,42.35109835419574,-1502.3025088493123,3.0493072144070177,1000,False,False,False,42.19212680014284,0.14914924833400983,-34.3824110243672,0.35217476351142396,0.5170945700779087,0.35535285814627193,0.08565334516962846,0.014741966417544087,0.3519189953804016,0.35513296723365784,0.012499175034463406,0.0,0.0,0.0,0.423648524895194,0.26164626548066733,-0.09004217386245728,0.755,0.019416195947257887,0.016816059666145713,0.004744888315389901,0.0030493072144070162,0.0,0.244,1.0,0.655,1.0,0.0
138,1945554712,6.052819874882495,-845.9247423726036,1.6639551244949746,1000,False,False,False,40.09574603212738,0.17082330556090347,-47.315820405829626,0.06481930147891324,0.41717653476659095,0.0982625746763884,0.11160092015232698,0.08796035472609803,1.3446808225126006e-05,0.03356752544641495,0.09235125780105591,0.448,0.178,0.6124936416745186,0.5670392047464847,0.5859506271779538,0.22498728334903717,0.999,0.03225226439626965,0.019549769734370212,0.0022177994126285246,0.0016639551244949737,0.0,0.0,0.0,0.29,1.0,0.0
139,628675380,-85.780832439987,-180.50429489483022,0.18424692490968653,130,False,False,True,-23.964185376981224,0.1390773405491105,-94.96134713251253,1.4683810307622358,1.50891335422401,1.4683810307622358,0.4916108960006395,0.3208193697225777,0.40310725569725037,1.0022270679473877,1.0731652975082397,0.0,0.0,0.5716442689299583,0.4862825905939994,0.5753689730912447,0.1432885378599167,0.8769230769230769,0.07937653057967999,0.09048167129642809,0.0008090028004361233,0.0014172840377668198,0.0,0.0,0.0,0.0,1.0,0.0
140,485269103,47.37917931734098,-752.6671843790248,1.5600927273927319,1000,False,False,False,52.82759794701835,0.17802695463581897,-38.18579302839656,0.03799127410053573,0.37820419171597125,0.13882713927228812,0.12784776407979595,0.033497284057610356,1.3256072634248994e-05,0.10397014766931534,0.09199555963277817,0.468,0.239,0.5414948873221874,0.5621076573312748,0.5317594834417104,0.08298977464437485,0.987,0.01058403090165607,0.028893678556375358,0.0025612542166774874,0.0015600927273927328,0.0,0.0,0.0,0.421,1.0,0.0
141,1372997985,45.12651665564189,-711.3176578973901,1.4728883491060605,1000,False,False,False,18.65597028342502,0.18404594980131778,-75.36691827473891,0.16753554762017975,0.6457212827453336,0.16753554762017975,0.16443189225507138,0.04226258056602744,0.16744165122509003,0.16744165122509003,-0.0056083109229803085,0.049,0.0,0.5271634627133608,0.5307658947985765,0.553857520930469,0.05432692542672157,0.961,0.016705244899550963,0.03033644637142948,0.0009972862089101218,0.0014728883491060612,0.0,0.006,1.0,0.258,1.0,0.0
142,89323474,243.4542083715667,-260.6650012131116,0.9825584191693566,642,True,False,False,57.09742311147957,0.18285225022832058,-36.325548269645864,0.03621213684720532,0.4083952619034861,0.0363058776089851,0.18341672889119076,0.0,0.0011208534706383944,0.03629302978515625,0.0009657836053520441,0.49065420560747663,0.19626168224299065,0.0,0.5468871115775404,0.32081069335341456,-0.07130376994609833,0.9252336448598131,0.0006072066208469966,0.03487531584343118,3.380966227643778e-08,0.0015304648273665993,1.0,0.03894080996884735,1.0,0.32398753894080995,0.0,1.0
143,1586705974,-1.407510761823398,-835.9953318390121,1.6291756421543775,1000,False,False,False,34.442148451052596,0.18450197723801964,-59.8087538254624,0.11076912436370585,0.3341158597919565,0.11644500430288807,0.09095354433927706,0.01569168297996375,0.0001276016264455393,0.10780181735754013,0.04402507469058037,0.624,0.0,0.5520464032888412,0.5644528039442376,0.5547362538799644,0.1040928065776825,0.983,0.005088184799193396,0.019846951579792646,0.002970939223289752,0.0016291756421543768,0.0,0.0,0.0,0.484,1.0,0.0
144,391638893,144.20048275515435,-642.5754143648313,1.5367517942399722,920,True,False,False,20.93289697388014,0.17933339340101173,-70.73360679251172,0.007360687241080229,0.39897442798647065,0.030569165365603456,0.12427841585114653,0.0,0.0002610206720419228,0.0305512435734272,0.0010466075036674738,0.44456521739130433,0.3184782608695652,0.0,0.5683320461650906,0.251657093167305,-0.07109808921813965,0.9641304347826087,0.0035153095708807328,0.028503923721573506,3.38096622760041e-08,0.0016703823850434479,1.0,0.03152173913043478,1.0,0.1934782608695652,0.0,1.0
145,1169248461,149.00241387565626,-654.9551394944037,1.5703551067401207,939,True,False,False,65.27331941470408,0.21181491133234145,-42.633976855355165,0.03625426438173908,0.241943858634528,0.036281996765184,0.08490341529787628,0.0,6.752014451194555e-05,0.03626098483800888,0.0012346124276518822,0.6315228966986155,0.5282215122470714,0.0,0.5709317676485958,0.288306051036343,-0.0711042508482933,0.972310969116081,0.00386547364233412,0.014734481437529678,3.6410405528271295e-08,0.0016723696557402767,1.0,0.02875399361022364,1.0,0.5484558040468583,0.0,1.0
146,1148949906,241.15485328969072,-49.5328607968771,0.5663754281731354,375,True,False,False,56.41399392824623,0.15417500253391955,-22.62735135943072,0.2562962117215105,0.6963839869134596,0.25632111019633597,0.2220239027894667,0.0,0.2562660276889801,0.25629091262817383,0.0039344169199466705,0.0,0.0,0.0,0.5259687174217155,0.03083789598662406,-0.06909098476171494,0.8746666666666667,0.017719758431762534,0.01765573538076262,5.721635154207205e-08,0.0015103344751283615,1.0,0.11733333333333333,1.0,0.09066666666666667,0.0,0.0
147,1856387900,203.20155932751936,-336.6248923723452,1.0520929033997293,689,True,False,False,34.65518286042029,0.13664646015507953,-35.66608078448361,0.025525303666230934,0.5030695011073112,0.025549996106984087,0.1443215573663927,0.0,1.602172778802924e-05,0.025549983605742455,-2.5274754079873674e-05,0.3149492017416546,0.15239477503628446,0.0,0.5511630728056165,0.31408817797899247,-0.07088758796453476,0.9477503628447025,0.0032530935336096346,0.022806674954852554,1.8205202764569328e-08,0.001526985346008316,1.0,0.03773584905660377,1.0,0.22786647314949202,0.0,1.0
148,1452815149,-90.79722616057843,-163.9728200811306,0.14271118784110443,91,False,False,True,-36.22339712707169,0.1110530035648366,-92.94852960358693,1.5437662579233897,1.6304899548238425,1.6075017837249017,0.505003957842089,0.3817224819246135,0.5773810148239136,1.0009911060333252,1.2578071355819702,0.0,0.0,0.568759560585022,0.4195067474188713,0.5601751607656479,0.13751912117004395,0.7582417582417582,0.07893965252671739,0.07632734115441206,0.0011496273456410577,0.0015682548114407074,0.0,0.0,0.0,0.0,1.0,0.0
149,118590695,268.8991176690905,-123.25903535770857,0.7643563060535977,499,True,False,False,85.31992328583594,0.19139691664371472,-12.365261332905341,0.01760610570967715,0.3394309283587869,0.021516502851771604,0.18763720477298448,0.0,0.0002900123654399067,0.02146301232278347,0.0015162443742156029,0.5170340681362725,0.3587174348697395,0.0,0.5646794738401033,0.21854906357824802,-0.07141438126564026,0.9378757515030061,0.00026423157265480804,0.0409302537166966,2.3406689268290568e-08,0.0015317761644360682,1.0,0.06212424849699399,1.0,0.2565130260521042,0.0,1.0
150,816655702,158.8282496565953,-400.42021798441453,1.0895769352820188,723,True,False,False,24.387438274298667,0.14244182484066759,-48.83207689097939,0.02507557671221629,0.41280298289558426,0.02510293821927226,0.0975396512957759,0.0,0.025065232068300247,0.025092601776123047,0.000720307813026011,0.36376210235131395,0.21161825726141079,0.0,0.5470444158590392,0.16133058350533247,-0.07105692476034164,0.950207468879668,0.0031886396386874693,0.012699533545547538,3.901114878053849e-08,0.001507022040500719,1.0,0.051175656984785614,1.0,0.2697095435684647,0.0,1.0
151,1777571204,242.64053021222367,-314.13893546049906,1.0873989313454449,654,True,False,False,68.71928380862528,0.22953966055940167,-48.04775104982428,0.02764940231066635,0.4038865650099111,0.02787722422707837,0.1635702735964105,0.0,0.0003444671747274697,0.02784748002886772,0.0012874341337010264,0.40061162079510704,0.2798165137614679,0.0,0.5692802943084219,0.29478494353592394,-0.07116790860891342,0.9617737003058104,0.0033341593509612385,0.03739944392930642,5.201486504100711e-09,0.0016626894974700998,1.0,0.039755351681957186,1.0,0.23853211009174313,0.0,1.0
152,25063030,184.29454171033575,-389.0430541647636,1.1155551917501998,778,True,False,False,27.77530612322673,0.1568496309051777,-52.64870541202897,0.09039641266282823,0.5493089797763923,0.09042377672635628,0.140320470121966,0.0,0.09038658440113068,0.09041395038366318,0.0013330316869542003,0.26735218508997427,0.08354755784061697,0.0,0.5510967438980688,0.2832282218337059,-0.07127415388822556,0.9383033419023136,0.0038388452823623926,0.028708924355341916,7.802229756367907e-09,0.0014338755678023137,1.0,0.03470437017994859,1.0,0.12339331619537275,0.0,1.0
153,1360549999,193.37371875820673,-375.24613807940426,1.1106797136752227,664,True,False,False,34.76479128557896,0.17386653046255462,-54.1659458168262,0.04598978880381774,0.4481234477546168,0.053564497603001304,0.11961545379865149,0.0,0.00023679733567405492,0.05355777591466904,0.000848553201649338,0.4006024096385542,0.24246987951807228,0.0,0.5279535102049248,0.17277634736150504,-0.07126989215612411,0.9171686746987951,0.0016384835281458244,0.026705166134378157,2.6007432520286713e-08,0.0016727104121614796,1.0,0.05271084337349398,1.0,0.19728915662650603,0.0,1.0
154,1128058892,11.640480267780363,-805.2002270997754,1.593681414735114,1000,False,False,False,35.87644732690409,0.19424225948742432,-63.24459607431315,0.06283319101310739,0.34308015441073714,0.10436627418310088,0.10621839785439974,0.012870743207754652,0.00030517578125,0.10401725769042969,0.008528146892786026,0.572,0.292,0.5640284717082977,0.5776560203639092,0.5723644832521677,0.12805694341659546,0.996,0.004216235559642568,0.026481650948341928,0.0013954905595292039,0.0015936814147351121,0.0,0.0,0.0,0.433,1.0,0.0
155,1835097532,75.9549146305289,-3133.7626242650213,6.3794350777910935,1000,False,False,False,24.36749909438222,0.1400615076176416,-47.66316837194382,0.34713595145955867,0.6588089258166717,0.34713595145955867,0.09751394849120619,0.06944283859142521,0.3462042808532715,0.3462042808532715,0.02541583590209484,0.0,0.0,0.5073958369903266,0.31111411869169386,0.2940773941783118,0.014791673980653286,0.56,0.042833474141683085,0.031186429361821352,0.0002951141390376555,0.006379435077791091,1.0,0.287,1.0,0.541,1.0,0.0
156,131059846,8.059091859543749,-741.63284822693,1.4593838801729457,1000,False,False,False,-0.07166961637014117,0.130260037593543,-67.2016020706471,0.03222731879180164,0.4110355142487486,0.04885546224668645,0.1107262367508445,1.117570771391205e-06,9.16481003514491e-05,0.04883212968707085,0.001509735593572259,0.488,0.393,0.0,0.5628783120927401,0.3268474328517914,-0.07107416540384293,0.978,0.0046507157273267844,0.017214395980478754,2.61082113213202e-06,0.0014593838801729465,1.0,0.022,1.0,0.289,1.0,1.0
157,1371903228,0.6334760333411682,-825.6184680382535,1.6125038881431857,1000,False,False,False,27.469441312137768,0.18151439322036977,-65.28766895555215,0.05189709492644801,0.39612890393698114,0.07166946725332947,0.11546258208027499,0.027955853627368837,0.00022821426682639867,0.04113597795367241,0.058688532561063766,0.471,0.256,0.5529142208397388,0.5831926957285032,0.5804714269191027,0.10582844167947769,0.999,0.02490617119692201,0.021618482829993943,0.0005904259345624711,0.0016125038881431894,0.0,0.0,0.0,0.207,1.0,0.0
158,1386590529,192.72255113441508,-265.29912934778196,0.8932433609643954,570,True,False,False,37.22946874377124,0.14226911997558964,-35.89858858598022,0.05174844619613417,0.45913806841686133,0.06196163631375391,0.1300159563663608,0.0,0.00036067963810637593,0.06195831298828125,0.0006417369586415589,0.3543859649122807,0.21052631578947367,0.0,0.5531393922375221,0.21924126863479615,-0.07120731472969055,0.9456140350877194,0.0021261553971921947,0.02302884707649336,0.0,0.0015670936157270083,1.0,0.054385964912280704,1.0,0.0824561403508772,0.0,1.0
159,1177456203,10.09048316822148,-816.390587216927,1.6129621407702983,1000,False,False,False,19.13441670367874,0.1273363975143739,-46.53369571101325,0.33537898165537167,0.736854754592528,0.3548461598898183,0.12824011592407544,0.05324514601615209,0.3347640931606293,0.353921502828598,-0.025600137189030647,0.0,0.0,0.5285579059273005,0.5411128791853552,0.5508808388188481,0.057115811854600906,0.975,0.02239670883155127,0.023079631535607846,0.00013905133871306222,0.0016129621407702985,0.0,0.0,0.0,0.33,1.0,0.0
160,882685052,40.12421372269742,-1247.183455531118,2.5346153385076344,1000,False,False,False,46.68219785428764,0.23047478115347894,-70.55510637995701,0.3116514591784455,0.5354461033710225,0.33696692790080834,0.11531737323567859,0.04206296913396811,0.00010929107520496473,0.3364202380180359,0.01918681710958481,0.0,0.0,0.5454103015363216,0.4669016408014577,0.5471936859376728,0.09082060307264328,0.829,0.014091981669505182,0.03416319200542216,0.000670528826725008,0.002534615338507635,0.0,0.165,1.0,0.47,1.0,0.0
161,867409381,178.0581091646077,-515.4518884361681,1.3554599952015514,789,True,False,False,23.66780990681647,0.17026111575533492,-63.46202819290932,0.03155941191692265,0.45626331705331985,0.03158686449229147,0.14175951016254396,0.0,0.0010934829479083419,0.031567953526973724,0.0010928488336503506,0.45627376425855515,0.11153358681875793,0.0,0.5257458323191929,0.07558356101624668,-0.0711023136973381,0.9201520912547528,0.00357692540472912,0.029036510342460572,4.1611892032805686e-08,0.0017179467619791537,1.0,0.051964512040557666,1.0,0.23954372623574144,0.0,1.0
162,241021414,162.82483168523754,-369.3381392941567,1.03852594195879,645,True,False,False,15.296298783140232,0.13839689128333163,-55.89908679451573,0.022986270972347667,0.4358137681403586,0.02301111549495639,0.10721924286975618,0.0,0.02298259735107422,0.023007487878203392,-0.0004085802938789129,0.3953488372093023,0.24186046511627907,0.0,0.5504131972183322,0.2534807663410902,-0.07081541419029236,0.9488372093023256,0.003112834149656004,0.012281886968680295,1.3003716260468617e-08,0.001610117739470992,1.0,0.043410852713178294,1.0,0.24651162790697675,0.0,1.0
163,674548240,170.85087322592733,-511.38594674262185,1.3293136399370968,879,True,False,False,32.61728800851969,0.19067013774847286,-64.71748954857054,0.05984192568012689,0.5056324505568429,0.05986099700405983,0.13926440926026606,0.0,0.05984144285321236,0.05986051633954048,-0.00023988723114598542,0.391353811149033,0.3412969283276451,0.0,0.5620294047839541,0.26688219264149665,-0.07100261747837067,0.9681456200227532,0.001948395571194629,0.03329508582948829,3.6410405528271295e-08,0.0015123022069819078,1.0,0.03299203640500569,1.0,0.2923777019340159,0.0,1.0
164,783109940,189.17680910280916,-452.02063375832006,1.2500348857222572,809,True,False,False,31.66728754212917,0.17151774313718213,-56.0909953150898,0.06789083834823828,0.4679240342425288,0.07449925337025863,0.15177928708569643,0.0,0.0018461227882653475,0.07449913024902344,0.00013544321700464934,0.415327564894932,0.28059332509270707,0.0,0.5278336573225229,0.2610333925113082,-0.0705733522772789,0.9159456118665018,0.006330272793651926,0.030489381770841054,0.0,0.001545160550954584,1.0,0.05315203955500618,1.0,0.21878862793572312,0.0,1.0
165,2026472473,-5.368776284158292,-847.2971265854411,1.6438567006025662,1000,False,False,False,43.610381755581464,0.18071446509727762,-48.74676445056254,0.1246179522947683,0.3716687909452083,0.14404384400944606,0.10493041684258125,0.06327684877711343,0.00028743743314407766,0.12752218544483185,0.06698299199342728,0.543,0.0,0.567237488925457,0.5758532840758562,0.5758366744220257,0.134474977850914,1.0,0.02205108825855918,0.01918531908545908,0.0016100850372981826,0.0016438567006025644,0.0,0.0,0.0,0.192,1.0,0.0
166,1224070920,209.44710414322918,-365.03836470060156,1.122370937687663,665,True,False,False,57.903967602231894,0.19373865022501938,-40.96285466269459,0.030610437103243578,0.42119993641156644,0.03062628208015249,0.12514216632400832,0.0,0.025630760937929153,0.030596066266298294,0.001360104070045054,0.35639097744360904,0.162406015037594,0.0,0.5683155075393974,0.30560594123671764,-0.07139129936695099,0.9639097744360903,0.0002838619624028276,0.015301841986968483,1.3523864910553428e-07,0.0016877758461468595,1.0,0.03759398496240601,1.0,0.28270676691729324,0.0,1.0
167,856913638,29.06612439630562,-748.867945546015,1.5158681398846405,1000,False,False,False,18.339981427684695,0.19827517613398132,-82.79752029681113,0.03379903002354223,0.5196726628446063,0.06668352160232932,0.16162798842945553,0.05492301593948591,6.11305222264491e-05,0.03272075578570366,0.058103736490011215,0.374,0.241,0.5455460585653782,0.575844372256659,0.5547653463482857,0.09109211713075638,0.995,0.012977270602394257,0.029185645697788254,0.002279968229510876,0.0015158681398846417,0.0,0.0,0.0,0.159,1.0,0.0
168,626537496,-2.425971122435274,-772.4031949279547,1.4999544476110378,1000,False,False,False,24.111940502112603,0.1439406813750119,-49.8583138428985,0.05028242098460587,0.4421953121422889,0.1183220639295217,0.10276994509913792,0.04651067144461689,1.296997106692288e-05,0.07081098854541779,0.09479406476020813,0.395,0.195,0.6045222356915474,0.5547605295043905,0.5712157250940799,0.2090444713830948,0.981,0.025610949211533007,0.019751358399822207,0.00086886670861136,0.0014999544476110378,0.0,0.0,0.0,0.305,1.0,0.0
169,154517276,-1.2531533276661961,-813.4821992219644,1.5844580917885942,1000,False,False,False,51.49453472878894,0.19377551189593148,-47.393134876682026,0.09755965437857163,0.29628151483275394,0.14300037353902456,0.08201142095209914,0.022683866939308742,0.0489865317940712,0.12505865097045898,0.06935013085603714,0.614,0.018,0.5892094969749451,0.5714859279114753,0.5709898515790701,0.17841899394989014,0.999,0.015424785864244882,0.016525943893034505,0.002111223554903568,0.001584458091788595,0.0,0.0,0.0,0.505,1.0,0.0
170,916885238,-65.08140485173661,-987.0936762357669,1.8047845427680604,981,False,True,False,57.12779453676794,0.15436476525925044,-22.05448358332708,0.3324198345393342,0.5023353058256368,0.36824295277810903,0.08426033153543143,0.010049538058733105,0.32357311248779297,0.36462926864624023,0.05146230384707451,0.0,0.0,0.0,0.5157588111477384,0.4266581444325857,-0.0675092339515686,0.9439347604485219,0.04116745882037836,0.046888391217329836,0.009302928832580923,0.0018397395950744755,0.0,0.00815494393476045,1.0,0.5973496432212029,1.0,0.0
171,515494164,21.003485957067355,-779.1015709980774,1.5602101139102866,1000,False,False,False,38.954161570336076,0.19751683356672925,-61.80416887053374,0.12102367974387601,0.45800247473958733,0.12102367974387601,0.1256647391198203,0.029109273581115907,8.392333984375e-05,0.0483819954097271,0.11093202233314514,0.335,0.0,0.5862674340605736,0.5687548055937514,0.5560568832606078,0.17253486812114716,1.0,0.005856290586898432,0.02673085324121199,0.0009448548998562808,0.0015602101139102883,0.0,0.0,0.0,0.213,1.0,0.0
172,1344467073,22.894164390396245,-917.6405055875151,1.8410693399558256,1000,False,False,False,58.92469803008823,0.19974378672673979,-42.94710899078683,0.15063907439120688,0.3233494218809331,0.16823469925037934,0.07990421029831168,0.032598355614826435,0.15063905715942383,0.16774511337280273,0.012825403362512589,0.549,0.0,0.5504018552601337,0.5113814502721652,0.5584847187623382,0.10080371052026749,0.882,0.01577730620908461,0.011420775168462285,0.0038679020863457043,0.0018410693399558244,0.0,0.118,1.0,0.66,1.0,0.0
173,743363182,51.25225975320204,-711.0119428578336,1.4845284052220713,1000,False,False,False,20.526755851897633,0.18536243647685635,-74.15437604403593,0.09765613114391426,0.5742384913150401,0.09768360019828176,0.1433695861414906,3.4552313403365077e-06,0.09765557944774628,0.09768304973840714,-0.0003279352094978094,0.314,0.02,0.0,0.5667119613552931,0.35731955629307777,-0.07081825286149979,0.975,0.004130782288424789,0.03017662692551314,1.5061554358322508e-05,0.0014845284052220726,1.0,0.02,1.0,0.223,1.0,1.0
174,1926328121,155.70960361752662,-424.3152036823174,1.1285296145996877,788,True,False,False,16.111091510611566,0.15879264667305157,-65.28450477748831,0.11819433933932369,0.5418951738513904,0.11822533398729121,0.12480775820986248,0.0,0.11819133907556534,0.11822233349084854,0.000842294713947922,0.22081218274111675,0.0,0.0,0.5361077857184872,0.1771845465898514,-0.07028942555189133,0.9428934010152284,0.009087714077546336,0.0246085570777047,4.421263528550656e-08,0.0014321441809640712,1.0,0.04568527918781726,1.0,0.15355329949238578,0.0,0.0
175,1395484617,-69.42917105704547,-149.05338378303492,0.15736842545197904,47,False,False,True,-39.562972904658125,0.15252219074867168,-116.57701748921153,1.4189175911373262,1.4804199963052884,1.4189175911373262,0.6484134155208398,0.4896793593274138,0.7608383297920227,1.0026150941848755,1.0040369033813477,0.0,0.0,0.664668545126915,0.6923497731381274,0.6923497731381274,0.32933709025382996,1.0,0.11948639455587688,0.12702808362369877,0.0005701037267911019,0.003348264371318702,0.0,0.0,0.0,0.0,1.0,0.0
176,126288124,133.94343042992978,-651.3891783889264,1.532585217637714,952,True,False,False,18.920629219065958,0.17573792381060646,-70.94819281279835,0.05115760443597768,0.41619559521321686,0.053649245476489665,0.10716582487562402,0.0,0.050537109375,0.053644370287656784,0.0007232403731904924,0.44537815126050423,0.18592436974789917,0.0,0.5605169220581971,0.2562037097476423,-0.0712401419878006,0.9611344537815126,0.001636132456245989,0.018044501953735755,1.8205202764352488e-08,0.0016098584218883544,1.0,0.029411764705882353,1.0,0.27521008403361347,0.0,1.0
177,244472222,251.1761663071577,-210.71321936438724,0.8994587713430895,608,True,False,False,73.10725695428285,0.17400693351633226,-15.891771384755911,0.06292893160403204,0.3254243553818985,0.06295562669040414,0.19155064037956251,0.0,0.0002426147402729839,0.06295499950647354,-0.0002810144505929202,0.6151315789473685,0.2944078947368421,0.0,0.555236942089993,0.27756622329354286,-0.07057973742485046,0.9506578947368421,0.005616175665783089,0.040045391266038205,4.1611892032805686e-08,0.0014793729791827133,1.0,0.046052631578947366,1.0,0.38651315789473684,0.0,1.0
178,624263177,220.12158585488794,-280.41993601499166,0.9768430437397595,606,True,False,False,42.73178110435442,0.1846494790408217,-51.58842987904246,0.0005785220828223648,0.4622248279752999,0.0007253120903315842,0.13881813844154015,0.0,7.629394644936838e-07,0.0006567955133505166,-0.000307729234918952,0.4141914191419142,0.14521452145214522,0.0,0.541560500319248,0.28617716824635864,-0.0709400475025177,0.9158415841584159,0.0016402494328139532,0.021323396084045855,5.201486504100711e-09,0.001611952217392342,1.0,0.0462046204620462,1.0,0.2838283828382838,0.0,1.0
179,1916746531,179.25354330986727,-522.0538848430833,1.3650148563059,940,True,False,False,45.80481012853305,0.19925259130964593,-55.82132772413942,0.003217424926805993,0.41191866457074683,0.003242893482299568,0.14632889507317123,0.0,0.0029799460899084806,0.0030074119567871094,0.0012131906114518642,0.32978723404255317,0.20319148936170212,0.0,0.5651488357243386,0.2559208339452744,-0.07129529118537903,0.9691489361702128,0.0014157444977902043,0.03337449427822154,3.1208919024387424e-08,0.0014521434641552142,1.0,0.031914893617021274,1.0,0.19787234042553192,0.0,1.0
180,1882517521,25.73747340831906,-743.1874118176778,1.4978497704519915,1000,False,False,False,40.20091930379204,0.11557478133968531,-19.586385023555767,0.06976886090315251,0.39120364244179506,0.11775953864173423,0.11743325004833484,0.03527067367248115,4.806518700206652e-05,0.09027738869190216,0.07561284303665161,0.542,0.348,0.5850891545414925,0.564787782298401,0.5553719509392977,0.17017830908298492,0.982,0.003834754638319855,0.018136190014507888,0.0004298212612411103,0.0014978497704519925,0.0,0.0,0.0,0.365,1.0,0.0
181,893071467,-6.051471596809291,-838.4018624347775,1.6247007816759365,1000,False,False,False,18.73027376200812,0.13930938694323022,-52.92433336711218,0.20688284350819802,0.48214081534716463,0.20844131834252064,0.09546932120806387,0.01651214089225737,0.20686693489551544,0.20844078063964844,-0.00047345401253551245,0.0,0.0,0.5232405140995979,0.5602778621708421,0.5475341934338211,0.04648102819919586,0.997,0.005009960618937543,0.009538297109371225,0.0003998925580825565,0.0016247007816759366,0.0,0.0,0.0,0.473,1.0,0.0
182,171120969,17.19436229728162,-750.4525195029966,1.4952937636005548,1000,False,False,False,24.11279574734987,0.19298783176352527,-74.3810337919178,0.2322271132013301,0.568192640720434,0.23395841045027946,0.11931700664585387,0.030624036392460925,0.23221902549266815,0.2339552938938141,-0.0012075924314558506,0.0,0.0,0.5144256427884102,0.5504279338829219,0.5486225618980825,0.028851285576820374,0.982,0.004446306085225662,0.023768562365055843,0.00034031278110760194,0.0014952937636005554,0.0,0.012,1.0,0.417,1.0,0.0
183,790228919,9.496033262676837,-890.3153498948164,1.759622766314987,1000,False,False,False,23.45533256302501,0.19013562781745375,-73.61239500320731,0.3681304460527582,0.6172816368334568,0.36816201432731227,0.11392786731449513,0.02209508317643067,0.18021468818187714,0.3681577742099762,0.0017669415101408958,0.0,0.0,0.5002849152951967,0.5408892931161099,0.5007419017486973,0.0005698305903933942,0.976,0.0015890365719736879,0.030381201856327773,2.94397634271722e-05,0.001759622766314987,0.0,0.0,0.0,0.477,1.0,0.0
184,1786810991,-10.665410900348869,-866.8179417288607,1.6723050616570252,1000,False,False,False,21.369357781244247,0.1794283255784392,-70.34471866548049,0.041249988558804546,0.37028012895337037,0.09768348337772685,0.10352121241171,0.030476074531618408,4.158019874012098e-05,0.07409076392650604,0.06366020441055298,0.506,0.22,0.5472842715680599,0.5732143303561025,0.547534722648561,0.09456854313611984,0.998,0.020414525054212075,0.0232755919925576,0.0009794347072281835,0.0016723050616570233,0.0,0.0,0.0,0.334,1.0,0.0
185,52965927,83.44168080527027,-1411.9034509658088,2.950690263542154,1000,False,False,False,38.32009963127824,0.19213619648756464,-59.74791227000924,0.12643082035554207,0.5185737635236982,0.16050439923685145,0.14017415771137132,0.017755076228572995,0.1264142096042633,0.15984535217285156,-0.014530160464346409,0.357,0.0,0.0,0.4600955076469836,0.010089630084112287,-0.0014298520982265472,0.78,0.009738013022885425,0.025159829423432603,0.008596952688063006,0.002950690263542158,1.0,0.144,1.0,0.282,1.0,0.0
186,1729187195,193.27925519586992,-460.94065784526754,1.2766398260822718,795,True,False,False,41.3642267002524,0.18048031309108387,-50.87525218864565,0.01262883624620494,0.4424785622685707,0.013890817206992236,0.12510063408561764,0.0,4.787445141118951e-05,0.013866710476577282,0.0008180117583833635,0.3836477987421384,0.2779874213836478,0.0,0.5473141328493168,0.2663927023112774,-0.07123660296201706,0.9622641509433962,0.0007678305152864531,0.02163003505646486,4.1611892032588846e-08,0.0016058362592229866,1.0,0.03522012578616352,1.0,0.23522012578616353,0.0,1.0
187,1240058640,31.08695066347735,-776.5022914805621,1.5751784842880752,1000,False,False,False,43.19743548638105,0.1973171057695504,-57.46103105589953,0.04742929574568809,0.3430822080543687,0.04742929574568809,0.11133090137285262,0.03597797680015823,9.91821252682712e-06,0.0427950844168663,0.020447954535484314,0.535,0.421,0.5688063949346542,0.5720362015441061,0.5713797563314438,0.13761278986930847,0.997,0.014296922838508438,0.024132401492895937,0.0007179598817839156,0.0015751784842880758,0.0,0.0,0.0,0.485,1.0,0.0
188,821825863,26.153168679087145,-804.9214742887041,1.62214928593558,1000,False,False,False,70.414419880014,0.2415528739506301,-52.36193075280648,0.10674906317495755,0.3578940267764468,0.11260645800772677,0.07858830185762368,0.031866509272466356,0.0012956619029864669,0.1125524491071701,0.003487203037366271,0.467,0.0,0.562923863530159,0.5713124942752765,0.5891922926530242,0.125847727060318,1.0,0.013988374560202417,0.017111863872652528,0.002518700205401951,0.0016221492859355804,0.0,0.0,0.0,0.575,1.0,0.0
189,1952289020,30.02820400465307,-789.5358194209007,1.5991280468511058,1000,False,False,False,60.52429309853226,0.150559651126782,-16.75544612236396,0.024896499234742703,0.33835855009997295,0.024896499234742703,0.10427547026461972,0.033028181989873895,1.0776519957289565e-05,0.01891632005572319,0.016186676919460297,0.467,0.384,0.5684748962521553,0.5783579077962786,0.5792059960216284,0.1369497925043106,1.0,0.0068825198172745876,0.0101913635768611,0.0008830700176965106,0.0015991280468511068,0.0,0.0,0.0,0.342,1.0,0.0
190,457488617,140.6227203247138,-621.3732651793812,1.4859519710081917,951,True,False,False,35.5979204424079,0.14158244853240262,-37.193162537491325,0.07949640906766298,0.39509426977231826,0.08237449689043012,0.09148641404437581,0.0,0.0789112076163292,0.0823606476187706,0.0015104508493095636,0.5205047318611987,0.11251314405888538,0.0,0.5383787860890182,0.2888214318454266,-0.07079549133777618,0.935856992639327,0.006776561636071987,0.01569938072131122,0.0,0.0015625152166227033,1.0,0.04100946372239748,1.0,0.35646687697160884,0.0,1.0
191,815712761,38.75028860587634,-684.0476986706246,1.4055959745529993,1000,False,False,False,34.343600233264056,0.20106091298505888,-68.18676991677029,0.0868010306615145,0.5954722489505605,0.0899216689623951,0.15031408623662657,0.06238574664616338,0.0499693863093853,0.0499693863093853,0.07475939393043518,0.184,0.026,0.5259414110332727,0.5722231082115322,0.5772759117558599,0.051882822066545486,1.0,3.435191724444494e-05,0.03190795730195874,0.004178762100309873,0.001405595974553,0.0,0.0,0.0,0.028,1.0,0.0
192,134902683,47.4621232289587,-744.1786104306055,1.543281467319127,1000,False,False,False,47.21356115300146,0.1835435510199763,-46.558128014491764,0.07751892348881215,0.37330620242210466,0.07751892348881215,0.15661720873092166,0.06351518348435971,0.0002711295965127647,0.03946266323328018,0.06672242283821106,0.467,0.164,0.5938156694173813,0.563527055336861,0.5700754717737436,0.18763133883476257,0.978,0.01138739334016435,0.031033679401691758,0.0008295863829043161,0.0015432814673191286,0.0,0.0,0.0,0.246,1.0,0.0
193,934119719,83.59001659575141,-795.975037780881,1.7191301087532667,1000,False,False,False,80.86463153608328,0.2449450210167441,-43.607792629793934,0.053708575144177824,0.33627609899867306,0.05373737616272795,0.10707010375314781,1.639396317617931e-07,0.00012655257887672633,0.053735923022031784,0.00039518834091722965,0.399,0.138,0.0,0.5609138894338394,0.3400400120764971,-0.07079776376485825,0.977,0.005004809521833989,0.02796775548819411,1.0402973008114685e-07,0.0017191301087532654,1.0,0.021,1.0,0.443,1.0,1.0
194,22390618,-106.58019880335779,-180.60836911043953,0.1457763406141635,57,False,False,True,-65.09655624071564,0.13639805812780406,-134.16777492371298,1.5855142180015305,1.6606943491656259,1.7026287520716277,0.5192578633905799,0.3933273862974885,0.7145047187805176,1.001981496810913,1.3765819072723389,0.0,0.0,0.5954578369855881,0.5098104967425267,0.5506105616688728,0.19091567397117615,0.9298245614035088,0.09432960273547296,0.10075892421991296,0.00035901700148328886,0.0025574796598976054,0.0,0.0,0.0,0.0,1.0,0.0
195,590562343,160.69583331891332,-420.44038913708016,1.132512444911986,744,True,False,False,17.875512177933242,0.1265634931338222,-47.40510299262031,0.09462870197612583,0.5303297737445937,0.09465607456665694,0.1143066982470022,0.0,0.09462718665599823,0.09465456008911133,0.000535450002644211,0.35618279569892475,0.05913978494623656,0.0,0.5559484671597289,0.2806803851015866,-0.07106038182973862,0.9475806451612904,0.004032921846430291,0.016100946657859532,5.20148650366703e-09,0.0015221941463870777,1.0,0.036290322580645164,1.0,0.2540322580645161,0.0,1.0
196,1269560368,41.04017796684044,-760.574050239916,1.563228456413513,1000,False,False,False,55.94084481546787,0.19984411249567124,-45.981125089872926,0.06888874779168226,0.3319808904961966,0.0695172350255534,0.1280932556300186,0.03000886075390484,3.910064606316155e-06,0.03480224683880806,0.0601784810423851,0.522,0.264,0.5324951857328415,0.569195179456845,0.5685767789930105,0.06499037146568298,1.0,0.02325517516789776,0.03017267984400167,0.001897784457324303,0.0015632284564135119,0.0,0.0,0.0,0.416,1.0,0.0
197,1785119941,168.86647409626747,-466.8046980294323,1.2386223442513984,818,True,False,False,31.301912217661005,0.14586933761268162,-43.63221879068747,0.07521572112491277,0.4983383405292727,0.07850446175734231,0.1064652819206454,0.0,0.07449464499950409,0.07849588245153427,0.001160583458840847,0.21882640586797067,0.12591687041564792,0.0,0.49688821533793914,0.2582718896865845,-0.07075676321983337,0.8740831295843521,0.00654398171834359,0.020549547969734912,2.6007432520069873e-08,0.001514208244806111,1.0,0.07334963325183375,1.0,0.2078239608801956,0.0,1.0
198,965189358,10.6640608756104,-778.260942474315,1.5378500066998515,1000,False,False,False,33.90027429073806,0.12745510413577477,-31.827191434654612,0.0233208214769264,0.375485765942905,0.02658093200228026,0.08112301778562284,0.01383687460051419,1.831054760259576e-05,0.024565506726503372,0.010152922011911869,0.488,0.396,0.5518672429025173,0.5587711467847694,0.5706549917161464,0.10373448580503464,0.978,0.0023205902136430603,0.014456033408400744,0.0026002272686329645,0.0015378500066998498,0.0,0.0,0.0,0.474,1.0,0.0
199,1798176648,184.34201161097747,-431.843102651481,1.200290228524917,802,True,False,False,39.14419397736849,0.15841997230511778,-42.06516055491476,0.002494696823908274,0.3763096203024702,0.0031671995492507884,0.11051917755334036,0.0,4.96864304295741e-05,0.0028369904030114412,0.0014080619439482689,0.5536159600997507,0.41895261845386533,0.0,0.5428769575905733,0.2663961619138718,-0.07131825387477875,0.9364089775561097,0.001767417487969129,0.024999805550140995,1.3003716260251777e-08,0.0014966212325747102,1.0,0.034912718204488775,1.0,0.39276807980049877,0.0,1.0
200,69892020,-10.751492952182858,-876.7550068933655,1.6920070278823653,1000,False,False,False,46.36257016481565,0.21354055762145216,-62.40762230341556,0.08934186161261022,0.30598613625969306,0.11489808250996492,0.07525450548673611,0.06863651288100027,0.08830852806568146,0.11172370612621307,0.026821313425898552,0.545,0.067,0.5696427822113037,0.5755979521237313,0.5577815735340118,0.13928556442260742,1.0,0.02155385475694672,0.015187879387732866,0.0006551870422812807,0.0016920070278823632,0.0,0.0,0.0,0.589,1.0,0.0
201,1722285593,50.52830549261987,-773.6611433014189,1.6083788975880775,1000,False,False,False,82.6821114733449,0.20052800713023586,-19.581805749277997,0.012946608305944792,0.21818901909771682,0.018250557088380272,0.11379127353967568,0.03431855843077802,0.0003627777041401714,0.012597084045410156,0.013205919414758682,0.657,0.528,0.5335366502404213,0.5818535424543079,0.5648231002688407,0.06707330048084259,1.0,0.006148965878951498,0.027512725236254813,0.001338665294751057,0.001608378897588077,0.0,0.0,0.0,0.415,1.0,0.0
202,1838200024,189.00945230896468,-420.8428707385929,1.189104646095117,765,True,False,False,35.229130682153496,0.16350453492423286,-48.52222065680229,0.03253266172173134,0.43368884886519105,0.03256012109757397,0.12548151534312132,0.0,0.03251772001385689,0.03254518657922745,0.0009860610589385033,0.1843137254901961,0.11633986928104575,0.0,0.5015388211837264,0.09674265645910055,-0.0710725411772728,0.8784313725490196,0.0036433152279095153,0.026862544828248958,3.1208919024170584e-08,0.0015543851582942676,1.0,0.06928104575163399,1.0,0.33202614379084966,0.0,1.0
203,2126813241,33.19845096543441,-682.3119218396535,1.3910207456101829,1000,False,False,False,11.45327292441782,0.17068315980575138,-75.88822063596324,0.09304734651725691,0.6983571404552368,0.09304734651725691,0.17028583587077595,0.03307917824266783,0.05780506134033203,0.05780506134033203,0.07291353493928909,0.15,0.013,0.5720572769641876,0.5687163291946054,0.5859495374560356,0.14411455392837524,0.988,0.0015059654190283153,0.031253420418111556,0.0006542701177384871,0.0013910207456101793,0.0,0.0,0.0,0.095,1.0,0.0
204,1376935700,234.73369596023107,-263.8709692195175,0.9748093303594976,560,True,False,False,57.014041728045065,0.2217620227768016,-55.859779493474974,0.014444778927509946,0.49499531765084676,0.0144722256170478,0.1513416644917158,0.0,0.00017194748215842992,0.014410781674087048,0.0013321733567863703,0.2910714285714286,0.2017857142857143,0.0,0.5641898656164163,0.2972615296766162,-0.0712500587105751,0.9535714285714286,0.002491372245495428,0.02342350030787784,2.3406689268236358e-08,0.0017407309470705312,1.0,0.048214285714285716,1.0,0.10357142857142858,0.0,1.0
205,1075994928,-28.010079236660403,-257.77380865586014,0.44424745883839944,382,False,True,False,16.07714028070555,0.10921444580468698,-40.48706223274984,0.3998585051791466,0.9038733586447844,0.3998585051791466,0.1983044919023573,0.14452726909974137,0.3902161717414856,0.3902161717414856,0.08728209137916565,0.0,0.0,0.508087744936347,0.5344429767587897,0.3032474662456661,0.016175489872694016,0.9345549738219895,0.014720564408689818,0.013917703509656563,0.0017796743032765898,0.0011629514629277473,0.0,0.0,0.0,0.0,1.0,0.0
206,2130197154,147.43660384695974,-433.44900257774646,1.1321712128494128,740,True,False,False,5.696037400888676,0.14430409332984814,-68.45483145739705,0.10493245297122389,0.5435281938636201,0.10495810311750911,0.11045282450385879,0.0,0.09939718246459961,0.10495786368846893,-0.00022418737353291363,0.2648648648648649,0.0,0.0,0.5494656377421642,0.27182118460536003,-0.07081516832113266,0.9540540540540541,0.004574579293716498,0.01766209852455452,1.0402973008201422e-08,0.0015299610984451512,1.0,0.03648648648648649,1.0,0.14594594594594595,0.0,0.0
207,1512169714,21.13840918890205,-774.3764745378957,1.5510297674535962,1000,False,False,False,28.7819932679065,0.16693645780833857,-56.686149293767876,0.02994861713487628,0.4011764369887629,0.037981180071179864,0.10984521484896098,0.015591656037126311,0.027895545586943626,0.029241180047392845,0.024238882586359978,0.502,0.346,0.5717521905899048,0.5647027125242167,0.5545304480567574,0.14350438117980957,0.98,0.018464997509517,0.02395670600277069,4.195909125663533e-05,0.001551029767453597,0.0,0.0,0.0,0.356,1.0,0.0
208,1813899210,22.763906903844354,-732.8491202412596,1.471226054290205,1000,False,False,False,24.163303401612882,0.18043916993219045,-68.05619522198786,0.0579964511806197,0.5185539301343542,0.0579964511806197,0.13467205695680878,0.02893370072877979,0.017908383160829544,0.019434165209531784,0.054643403738737106,0.371,0.213,0.5727524608373642,0.578313196673058,0.5667112817615271,0.1455049216747284,1.0,0.010167403536025417,0.02329449204865636,0.002507918174064847,0.0014712260542902064,0.0,0.0,0.0,0.178,1.0,0.0
209,1329058962,156.43783235680297,-494.70180631496703,1.2696392773435428,816,True,False,False,24.029972327253102,0.1062300254605002,-31.08449168552722,0.036396490392356436,0.453842249059748,0.03642463637218585,0.10388298427327278,0.0,1.5735626220703125e-05,0.03641805797815323,0.000692234025336802,0.4424019607843137,0.16299019607843138,0.0,0.5461930196216404,0.25940422955900433,-0.07098301500082016,0.9620098039215687,0.003900405200230861,0.01164671353066179,1.560445951186845e-08,0.0015559304869406155,1.0,0.03676470588235294,1.0,0.3125,0.0,1.0
210,230627142,270.1906693656929,-140.16781461266316,0.8002369679567118,512,True,False,False,79.16896491732767,0.16823168399061683,-6.935229124443178,0.01348346205210035,0.3206006026962519,0.01351098020021521,0.20533219420422888,0.0,0.013457870110869408,0.013485431671142578,0.0008304929942823946,0.607421875,0.490234375,0.0,0.5506046655227692,0.1860656395368278,-0.07114125788211823,0.93359375,0.002458586300781612,0.040341876154641756,2.860817577233707e-08,0.0015629628280404528,1.0,0.06640625,1.0,0.30078125,0.0,1.0
211,987606443,137.5836249353363,-631.5295569903332,1.500106363851339,953,True,False,False,46.272663191427746,0.15665502833815634,-34.05471250294572,0.059677790503482694,0.3449495971151033,0.059704399238938125,0.08851309588520258,0.0,0.0002497672976460308,0.05970411375164986,-0.00018463372543919832,0.43651626442812175,0.11332633788037776,0.0,0.5586025018542067,0.25921845257282256,-0.07062604278326035,0.9695697796432319,0.005406758617643089,0.014326675066353597,3.6410405528271295e-08,0.0015740885245029799,1.0,0.03147953830010493,1.0,0.4669464847848898,0.0,1.0
212,1428704328,168.02025047168132,-484.6191805117047,1.2729588619667709,808,True,False,False,29.671015199306648,0.1823407808589199,-63.498780572201944,0.06965878899379692,0.49627177435622605,0.07132397387289907,0.12675242043303525,0.0,0.048593807965517044,0.07132396847009659,2.7761459932662547e-05,0.35148514851485146,0.1844059405940594,0.0,0.5637117928852982,0.2766226008161902,-0.07103746384382248,0.9665841584158416,0.0026417572982079334,0.019822670540212684,2.860817577233707e-08,0.001575444136097491,1.0,0.034653465346534656,1.0,0.2301980198019802,0.0,1.0
213,813158061,8.432760834781131,-913.1343788230116,1.8031342793155836,1000,False,False,False,14.917976132600774,0.16815292195929732,-71.15839850455286,0.40709253184167876,0.7039147155311157,0.4133883416087272,0.1237448301422302,0.0028209462819750487,0.4058527946472168,0.4120766520500183,-0.032905224710702896,0.0,0.0,0.0,0.542819663285918,0.5128575564781204,-0.003957240842282772,0.983,0.005974840916741551,0.023485922955337243,0.002109594189256171,0.0018031342793155827,0.0,0.0,0.0,0.449,1.0,0.0
214,1749950354,144.66838354659268,-666.4624070477723,1.5829415811887342,983,True,False,False,42.112378440358086,0.19091287133223123,-55.34395479596669,0.03468068582294701,0.3172978836809534,0.0659491223866129,0.10300281194942185,0.0,0.00021991730318404734,0.06593513488769531,0.0013582087121903896,0.4883011190233978,0.2807731434384537,0.0,0.5515409447428025,0.2818108412623406,-0.07090948522090912,0.9643947100712106,0.005737231161563727,0.02375878542501514,2.6007432520069873e-08,0.001610316969673174,1.0,0.028484231943031537,1.0,0.40284842319430314,0.0,1.0
215,889174518,22.906285722367457,-791.0880618638303,1.5879886951723976,1000,False,False,False,61.25983701966216,0.23110719308164507,-56.2936731786655,0.12229583018939166,0.3544981031708046,0.12229583018939166,0.09892861922169725,0.040191897269976296,0.08977890014648438,0.11922931671142578,0.02721470408141613,0.544,0.0,0.5891067460179329,0.5794138035532087,0.5700167006999254,0.17821349203586578,1.0,0.0075740489955739305,0.024933263715422718,0.003100692904876806,0.001587988695172397,0.0,0.0,0.0,0.473,1.0,0.0
216,1871442016,159.9248414241824,-575.7652319632651,1.4371001467748952,857,True,False,False,39.058367489838126,0.18667462904111976,-56.278583624995974,0.109404482696628,0.4045910000336937,0.10990406529609943,0.10858885238409473,0.0,1.9550323486328125e-05,0.1099005714058876,0.0008763408404774964,0.4340723453908985,0.0,0.0,0.5606624208551819,0.2912359689176083,-0.07038608938455582,0.9684947491248541,0.008556087696983211,0.023264835080445065,5.7216351543806776e-08,0.0016768963206241477,1.0,0.030338389731621937,1.0,0.4305717619603267,0.0,0.0
217,1938763919,-8.345793381793186,-477.9278015774481,0.9181640163913097,525,False,True,False,20.462589075730616,0.15145356546330863,-57.253972331819895,0.37948870323862144,0.8468487268879008,0.37948870323862144,0.2063450569592403,0.0827200606100373,0.12598972022533417,0.37589970231056213,0.05206812545657158,0.0,0.0,0.0,0.512193847178548,0.21282630806439556,-0.07616699486970901,0.8895238095238095,0.017802927600219218,0.04504113612485242,0.009790797057742825,0.001748883840745352,1.0,0.030476190476190476,1.0,0.0,1.0,0.0
218,1242605113,169.8950756353326,-596.9887008385407,1.4963275529477464,936,True,False,False,41.166944809641194,0.12596293856102667,-23.814360195621394,0.006711942031194764,0.3954027981150919,0.05133434103342507,0.11574290166800802,0.0,0.00011320113844703883,0.05133085325360298,0.0005983925075270236,0.5128205128205128,0.4252136752136752,0.0,0.5504114783068514,0.2688375718891621,-0.07085973769426346,0.9476495726495726,0.004844352115599276,0.015728457648219264,4.1611892032805686e-08,0.0015986405480210959,1.0,0.029914529914529916,1.0,0.3344017094017094,0.0,1.0
219,1828995021,221.52446527793083,-408.28734623393416,1.2320236230237291,690,True,False,False,71.04426234060509,0.24243780312697874,-52.17269245457454,0.057605561651279585,0.4175260958970472,0.05761910314167559,0.13292901127870438,0.0,0.0006406783941201866,0.057616423815488815,0.0005556559772230685,0.26811594202898553,0.12318840579710146,0.0,0.5571055656319241,0.27289466593414546,-0.07080302387475967,0.9550724637681159,0.0052433451416095365,0.030172839469735438,5.981709479650765e-08,0.0017855414826430853,1.0,0.042028985507246375,1.0,0.2768115942028985,0.0,1.0
220,1937516710,16.783851826132565,-763.0255459784228,1.5196187956091118,1000,False,False,False,26.842160770891745,0.17094962577475098,-60.63256577398916,0.14326278601712997,0.4881702137969505,0.1826843291801458,0.13381977662089983,0.0255310134429271,0.00042552949162200093,0.17753057181835175,0.04308665916323662,0.321,0.0,0.565393328666687,0.5550094407004071,0.5485617017373443,0.13078665733337402,0.983,0.025615068788844224,0.02438950762437672,0.002643541082985923,0.0015196187956091102,0.0,0.0,0.0,0.237,1.0,0.0
221,1972458574,210.349575104937,-276.62517228412514,0.9504694947781239,587,True,False,False,49.39860123594375,0.15053169380273426,-27.86176429408701,0.0032611034222191156,0.4737019196833677,0.0035429665930717955,0.12801084161181678,0.0,3.52859501617786e-06,0.0035161972045898438,0.00043470622040331364,0.25894378194207834,0.1788756388415673,0.0,0.5624661071121286,0.2680703285336494,-0.07111901789903641,0.9522998296422487,0.0014251122124375648,0.013076689647275723,1.5604459512085292e-08,0.0016191984578843679,1.0,0.049403747870528106,1.0,0.15843270868824533,0.0,1.0
222,1627593572,206.2313499556389,-264.7490134136189,0.919080726738515,572,True,False,False,39.39279898493944,0.17620250684085093,-50.702081180337856,0.03934040760079756,0.4095866323320195,0.03936273901782712,0.13944723993445804,0.0,0.039328671991825104,0.03935098648071289,0.0009618139010854065,0.4318181818181818,0.17132867132867133,0.0,0.5519802141796237,0.2750925783161074,-0.07102366536855698,0.9458041958041958,0.004072466147577415,0.030314193145136607,2.6007432520069873e-08,0.0016067844873050962,1.0,0.04895104895104895,1.0,0.256993006993007,0.0,1.0
223,550002066,-105.93694039280527,-177.2205891779114,0.1408472975702122,43,False,False,True,-72.6011515300416,0.13657812035393221,-141.5920064502709,1.5756001239480673,1.6029412566739987,1.6293484119525807,0.7054824534548071,0.624446868955341,0.7101446390151978,1.0004984140396118,1.2859934568405151,0.0,0.0,0.5610254071652889,0.5286999297718149,0.5286999297718149,0.12205081433057785,0.9767441860465116,0.11014206969295338,0.11516650207211386,0.0004424904569004656,0.0032755185481444698,0.0,0.0,0.0,0.0,1.0,0.0
224,928135450,108.56127687077388,-702.4747640754945,1.5828720818925375,980,True,False,False,16.784560821557516,0.1527271929029591,-61.57893006473975,0.02239018883986407,0.3155661806834021,0.022403540214687382,0.08062640238949423,0.0,6.408691115211695e-05,0.022403430193662643,7.02118850313127e-05,0.5785714285714286,0.42448979591836733,0.0,0.557662226047488,0.2661357432603836,-0.07092578709125519,0.9693877551020408,0.0030520674584794045,0.01173766184230265,2.3406689268236358e-08,0.0016151755937678933,1.0,0.02959183673469388,1.0,0.5081632653061224,0.0,1.0
225,1388859855,244.6154347467352,-290.36170894503266,1.0465142873835362,586,True,False,False,74.62794055137482,0.22193012058264794,-38.33158300122545,0.0570282178722278,0.43845316821184493,0.06538549056026076,0.15751377005540954,0.0,0.05609264224767685,0.06537580490112305,0.0011253929696977139,0.4044368600682594,0.257679180887372,0.0,0.5757975003011795,0.2608183218841441,-0.07131464034318924,0.9539249146757679,0.0023581477094920863,0.02254589387926494,2.860817577233707e-08,0.0017858605586749765,1.0,0.04778156996587031,1.0,0.19283276450511946,0.0,1.0
226,253571847,-100.95361859900876,-143.31771730032176,0.08268819740262603,51,False,False,True,-60.21783530531647,0.0693930299245449,-95.7164382546566,1.6368555841412062,1.7308182362700275,1.7440565265949048,0.45762747496194695,0.41445045002548425,0.7922475934028625,1.0015981197357178,1.4277725219726562,0.0,0.0,0.5241792071610689,0.2901754252722158,0.29597893377766016,0.04835841432213783,0.5490196078431373,0.07150126675158494,0.05167134345387276,0.001500613251962088,0.0016213372039730594,0.0,0.0,0.0,0.0,1.0,0.0
227,424193372,212.4101881098003,-466.8073900768686,1.329235156373338,730,True,False,False,69.4726024648835,0.22159676905961084,-43.3244797319022,0.01075763463966087,0.3725461246693058,0.013469600820202009,0.12406641958146582,0.0,1.8596649169921875e-05,0.01335067767649889,0.0017859316430985928,0.4876712328767123,0.2602739726027397,0.0,0.5652845922347209,0.23449030563235282,-0.07135768979787827,0.9575342465753425,0.002402558651449572,0.019020408366697716,4.1611892032372005e-08,0.0018208700772237513,1.0,0.043835616438356165,1.0,0.29863013698630136,0.0,1.0
228,463024751,-30.705058500403506,-755.1736933876692,1.4089372697745313,1000,False,False,False,6.870270515885588,0.12079526748969215,-55.5272768864654,0.1345559221767503,0.44605815135282856,0.14930904307614082,0.09501700610965409,0.027849495638150232,0.11933708190917969,0.14645680785179138,0.029044685885310173,0.44,0.0,0.5506822466850281,0.5613551121461205,0.5740532959252596,0.10136449337005615,0.995,0.011524944050020993,0.019135692710979167,0.0003195312170593458,0.0014089372697745324,0.0,0.0,0.0,0.336,1.0,0.0
229,1373742587,30.462393385730767,-741.8423711299312,1.504609529031324,1000,False,False,False,49.05499114713819,0.17304327407959452,-39.46655955016439,0.03664480106480373,0.30049776456688526,0.07621019519034575,0.10424681797097698,0.040807776243491994,9.012222290039062e-05,0.07308836281299591,0.0215890035033226,0.616,0.534,0.591221921145916,0.5636752617936581,0.5589791929721832,0.18244384229183197,0.977,0.0007014441868548022,0.024695491818278334,3.2113815129619356e-05,0.0015046095290313245,0.0,0.0,0.0,0.533,1.0,0.0
230,802303837,192.87221713177857,-398.51430210796,1.1541730384794777,715,True,False,False,65.30477380241096,0.18333898281670916,-28.363203367970943,0.07373530742011856,0.3592902976257724,0.0737600956126608,0.10134566094591306,0.0,0.03301201015710831,0.07375860214233398,-0.00046937703154981136,0.5076923076923077,0.09230769230769231,0.0,0.5597145020492844,0.2813648100197315,-0.07045044749975204,0.9622377622377623,0.006307251014384952,0.020805191079599994,3.6410405528271295e-08,0.0016142280258454225,1.0,0.039160839160839164,1.0,0.4027972027972028,0.0,1.0
231,1783498037,0.25939746950745746,-740.0289433916947,1.440576681722401,1000,False,False,False,18.439223678640843,0.17040719189297998,-68.76428592535426,0.14687035913213503,0.5005328025591905,0.15396908441108326,0.11914439206593828,0.0326844552222577,0.14684467017650604,0.15384206175804138,0.006252918392419815,0.233,0.0,0.5840904638171196,0.5628444990762509,0.5727177304029465,0.1681809276342392,0.992,0.004368031190476393,0.02255321891274945,0.0011783863645220137,0.0014405766817224025,0.0,0.006,1.0,0.292,1.0,0.0
232,1601410155,188.9432187089697,-499.8557487206846,1.3475979348593088,750,True,False,False,61.00694242353066,0.2189116287575486,-50.447806768031725,0.022016496753848213,0.33173589723065394,0.02209895124771737,0.11050480858194997,0.0,0.010271454229950905,0.02209463156759739,0.0004369234957266599,0.46,0.32,0.0,0.5731984180832903,0.27289187904447315,-0.07116544991731644,0.9653333333333334,0.00028529497193469647,0.01747317933325027,5.201486504046501e-09,0.0017967972464790782,1.0,0.036,1.0,0.31733333333333336,0.0,1.0
233,576219794,194.6058944061632,-352.7692216880911,1.069750232188506,625,True,False,False,26.761320052817414,0.14791975268469285,-49.194814954336415,0.07699448606283478,0.46861530888021524,0.07702204490418213,0.14824023055743188,0.0,0.07698078453540802,0.07700834423303604,0.0014526939485222101,0.3824,0.104,0.0,0.507296893652156,0.1955248846113682,-0.0708327516913414,0.8864,0.006437702345349364,0.02245210575976426,2.860817577277075e-08,0.001711600371501612,1.0,0.08,1.0,0.152,0.0,1.0
234,594444028,213.50336748167197,-314.4891780485284,1.0296250910604001,659,True,False,False,31.50206842532126,0.14583083082576156,-43.410688569764176,0.04482048722040242,0.6299615545783577,0.04484795284206332,0.16533729034748376,0.0,0.04481544345617294,0.0448429100215435,0.0006725287530571222,0.19423368740515934,0.125948406676783,0.0,0.49904875371591734,0.15621156985755077,-0.07092253863811493,0.8892261001517451,0.004431604083621934,0.02491351737767581,4.6813378536472716e-08,0.0015624052975119884,1.0,0.05311077389984825,1.0,0.051593323216995446,0.0,1.0
235,66531776,18.09592645300584,-1271.7032365802572,2.5395983260665305,1000,False,False,False,7.268394971896526,0.12263263163352657,-56.04783450237197,0.5205452778219375,0.7569573386020743,0.5442120822491849,0.10005140429441028,0.01134398225659941,0.5196973085403442,0.5431579351425171,0.033856283873319626,0.0,0.0,0.0,0.40294368052041685,0.2629226292736712,-0.09602969139814377,0.741,0.022679102735343248,0.02430014752272092,0.008734826377722259,0.002539598326066529,0.0,0.17,1.0,0.552,1.0,0.0
236,67451976,128.27352515552494,-2609.5570151848024,5.435661080680664,1000,False,False,False,64.39881145983462,0.14827838293337633,-11.740293664358447,0.15882711307899833,0.3328231688408855,0.15882711307899833,0.08766526033298708,0.020047576653195436,0.15870723128318787,0.1587197333574295,0.005839357152581215,0.63,0.0,0.0,0.2361386238305422,0.03016405891161412,-0.06769316643476486,0.397,0.015120830498521948,0.020644927940519326,0.0019344471349481765,0.0054356610806806545,0.0,0.439,1.0,0.621,1.0,0.0
237,1395986010,201.53948778544003,-353.097835949055,1.0794346474689895,746,True,False,False,17.02140836795746,0.16402628031780547,-66.99062290937538,0.03035793603406817,0.6565679024206953,0.03038548032954273,0.17588714583437404,0.0,0.03033590316772461,0.03036346472799778,0.001156470738351345,0.19571045576407506,0.12466487935656836,0.0,0.4802476392712498,0.19843640155624598,-0.07112377882003784,0.8739946380697051,0.003498279253880624,0.03181411561561383,3.1208919024604265e-08,0.0014469633344088343,1.0,0.054959785522788206,1.0,0.04155495978552279,0.0,1.0
238,1372420504,18.491658223955817,-693.7405515588354,1.3844644195655815,1000,False,False,False,23.533242419020233,0.18631097686985496,-71.62215967341233,0.21067446821932928,0.6428356969658013,0.21067446821932928,0.16047950122992968,0.09944162065286152,0.07750940322875977,0.2106436789035797,0.0036016798112541437,0.0,0.0,0.5565098077058792,0.5581649112261367,0.5748120790719986,0.11301961541175842,0.99,0.028873194110460725,0.029925562464145492,0.0009623556262920996,0.0013844644195655812,0.0,0.0,0.0,0.215,1.0,0.0
239,651841002,213.63984417766332,-28.463595188069732,0.4698068787314659,360,True,False,False,49.2719941877063,0.15404163052351674,-29.6951549721724,0.5533600861608796,0.9334305081195066,0.5533893391176544,0.1850074691653325,0.0,0.5250622034072876,0.5250924825668335,0.1746930032968521,0.0,0.0,0.0,0.5218798562470409,0.12839161112904549,-0.08767566829919815,0.8916666666666667,0.038077731624330834,0.022964611102833394,0.0,0.0013050191075874055,1.0,0.10555555555555556,1.0,0.09166666666666666,0.0,0.0
240,1636612707,-3.585800436102744,-792.4357121705413,1.5376998234688806,1000,False,False,False,12.695919874921952,0.17523821582042312,-76.92310169279457,0.5649421212066831,0.8247606187949555,0.6326614530716809,0.1514525027210221,0.02813827279020745,0.32884931564331055,0.6090715527534485,-0.1711501032114029,0.0,0.0,0.0,0.538789978911358,0.4846490146243013,-0.004686411470174789,0.968,0.012222909417683296,0.03166577785951574,0.00048418037123051927,0.0015376998234688773,0.0,0.0,0.0,0.431,1.0,0.0
241,452221964,-5.307340686442322,-791.48573242008,1.532356783467275,1000,False,False,False,30.196145471024778,0.1519123029315534,-47.759919652257075,0.07954852479844088,0.36820760979434014,0.09384484485324412,0.07876161560328858,0.03405345323528215,2.7179718017578125e-05,0.07479610294103622,0.05667801946401596,0.525,0.218,0.5335401073098183,0.5576405781670474,0.5581330934911967,0.06708021461963654,0.981,0.02612514215989196,0.014792493926778203,0.0008087999424624612,0.0015323567834672751,0.0,0.0,0.0,0.508,1.0,0.0
242,1821731862,47.76242497237387,-930.5113832549852,1.9165476164547166,1000,False,False,False,58.29106681123416,0.1416861732799896,-14.551933486265884,0.1351639974487727,0.3733214224382469,0.1351639974487727,0.09404400389081964,0.05823267737303896,0.1348535567522049,0.1348535567522049,0.009155568666756153,0.266,0.0,0.567185752093792,0.4554318093368784,0.5590688742697238,0.13437150418758392,0.792,0.012844029324106231,0.010544818290332778,0.002255499136624147,0.0019165476164547178,0.0,0.208,1.0,0.487,1.0,0.0
243,123984911,302.0824732892214,61.135728482145744,0.46873348961415173,329,True,False,False,84.27922261767932,0.17015437781708506,-2.724682315800907,0.06456434690175565,0.4528279514831901,0.06541255686782832,0.32644658361381973,0.0,0.0006346702575683594,0.06541252136230469,-6.8154331529513e-05,0.48632218844984804,0.3799392097264438,0.0,0.5441648690850901,0.2580225145071745,-0.07103108614683151,0.8936170212765957,0.0022874679603174662,0.062119682472808135,1.3003716260034937e-08,0.001424721852930552,1.0,0.0911854103343465,1.0,0.19756838905775076,0.0,1.0
244,1686778320,123.17970372798735,-1104.0531086987885,2.414745624853553,993,True,False,False,15.156736239653343,0.1250367674007315,-49.361554825045744,0.13768408056894588,0.4030551853268923,0.13769238543565615,0.07742873050189436,0.0,0.00018510819063521922,0.13760653138160706,0.00486163841560483,0.513595166163142,0.0,0.0,0.4587984516740587,0.020490123555064202,-0.07087568938732147,0.8096676737160121,0.01020991333466567,0.016031279737002833,5.20148650366703e-09,0.0024317680008595676,1.0,0.1540785498489426,1.0,0.4612286002014099,0.0,0.0
245,880264374,9.134253482236847,-742.4831868573053,1.4632348806790834,1000,False,False,False,15.294097366805646,0.17911999877994159,-76.26581568067041,0.47715167047028995,0.8357129103405553,0.47715822773820404,0.16009864563875578,0.00272986107242705,0.28382205963134766,0.46034079790115356,-0.12556402385234833,0.0,0.0,0.5151883820071816,0.5587705771783512,0.5562587636895477,0.03037676401436329,0.982,0.010990673363756365,0.03705825323170021,0.0029149715535989624,0.001463234880679083,0.0,0.0,0.0,0.253,1.0,0.0
246,1171302208,9.137983651854976,-713.867039743133,1.4060100467899768,1000,False,False,False,18.519822141646316,0.17586176833855865,-71.41097568513804,0.09598744883600961,0.5698514425604483,0.1483756750649328,0.15123042335740644,0.05609311857805197,0.0003724098205566406,0.07123766094446182,0.13015581667423248,0.198,0.026,0.5713485181331635,0.56966906755534,0.5574453873559833,0.1426970362663269,1.0,0.03355876337338669,0.027238531889353074,3.08890276043694e-05,0.0014060100467899771,0.0,0.0,0.0,0.103,1.0,0.0
247,645818112,24.02858106668585,-778.0110608424801,1.564079283818334,1000,False,False,False,50.85453638349511,0.176592477228771,-39.4416158883958,0.026054973331979564,0.25327515510924387,0.07602768045132438,0.13091794566629847,0.0752109265059443,6.48498553346144e-06,0.06190452724695206,0.04413658007979393,0.654,0.46,0.5538656525313854,0.5742140025438275,0.5679865186661481,0.10773130506277084,0.99,0.029784390516242133,0.03056862378633742,0.002460552787773053,0.0015640792838183329,0.0,0.001,1.0,0.37,1.0,0.0
248,1992289477,167.67264212383887,-467.8909360090193,1.2352471562657157,897,True,False,False,28.661103771303754,0.10345637182114241,-25.066839031099974,0.06510005889886673,0.5421802690270268,0.06512733544906116,0.11989702046279012,0.0,0.06509904563426971,0.06512632220983505,0.0003632879233919084,0.36231884057971014,0.09253065774804906,0.0,0.5511084266059898,0.23483623191714287,-0.07113420218229294,0.9453734671125975,0.0022968327491286683,0.015454345642926167,3.380966227643778e-08,0.0013770871307310101,1.0,0.03567447045707915,1.0,0.27647714604236345,0.0,1.0
249,313246075,214.24803687753166,-320.67047110352,1.0441970159621017,641,True,False,False,41.03552203500939,0.1773216837319434,-49.622134242038186,0.02340446834108208,0.4658445798805091,0.026024166716775838,0.13492404405272118,0.0,0.001085567520931363,0.02602376975119114,0.00014374018064700067,0.38845553822152884,0.27769110764430577,0.0,0.5364913190736809,0.24034266397356988,-0.07110332697629929,0.9173166926677067,6.220847821694369e-05,0.025024591964546906,3.120891902437387e-08,0.001629012505401096,1.0,0.0483619344773791,1.0,0.25585023400936036,0.0,1.0
250,1889010639,197.92884345070917,-433.0777071457297,1.2333331011928788,717,True,False,False,67.85498759690175,0.19165315921463397,-29.970107905777947,0.040721460150537285,0.36913011306235155,0.040751139286557506,0.11439196544125378,0.0,5.254745337879285e-05,0.0407472625374794,0.0005620932788588107,0.41143654114365413,0.1896792189679219,0.0,0.5700776391884123,0.2847430724278092,-0.07092592120170593,0.9623430962343096,0.004178785181906235,0.014622008231220271,7.022006780470907e-08,0.0017201298482466913,1.0,0.03765690376569038,1.0,0.2733612273361227,0.0,1.0
251,2024720233,215.25098323053234,-150.12333551136393,0.7094686374837924,532,True,False,False,27.395646213688806,0.17266755727347444,-60.92860548104124,0.3819774677564689,0.854687141652636,0.38200237346414495,0.2320314309684953,0.0,0.014363288879394531,0.3813858926296234,0.021693645045161247,0.0,0.0,0.0,0.5159464635828755,0.091537069818296,-0.07010789960622787,0.8872180451127819,0.025287351732399113,0.04370185607377263,3.1208919025471626e-08,0.00133358766444322,1.0,0.07894736842105263,1.0,0.06578947368421052,0.0,0.0
252,1804064796,176.71631544856362,-310.65190406593547,0.9511764390289988,589,True,False,False,15.448505553290078,0.16936415472497274,-71.2281995171493,0.0180580077148482,0.48161070417981733,0.018484718237122853,0.11955929809654389,0.0,0.00026216506375931203,0.018477534875273705,0.0005152797675691545,0.2767402376910017,0.14091680814940577,0.0,0.5522611539902605,0.27413527920842173,-0.0710458755493164,0.9388794567062818,0.0027854395853741435,0.01880342283225609,6.241783804877485e-08,0.0016149005756010172,1.0,0.04923599320882852,1.0,0.18166383701188454,0.0,1.0
253,1786187759,-80.4799909543246,-179.15444883643633,0.1923889157642233,124,False,False,True,-18.250428218203876,0.16117982987386184,-100.26517593640105,1.4831243372446048,1.5070939494235522,1.4831243372446048,0.3452973583041701,0.18444362473322906,0.6043462753295898,1.0012997388839722,1.094100832939148,0.0,0.0,0.5861029699444771,0.579029181882018,0.585699991285801,0.17220593988895416,1.0,0.08102622363633497,0.09661795418819817,0.0001303232443592428,0.0015515235142276082,0.0,0.0,0.0,0.0,1.0,0.0
254,989960034,50.265228702873166,-736.4868283636882,1.5335041141331234,1000,False,False,False,55.8505552585429,0.16916914147741316,-30.733929137668653,0.03738976663620883,0.30183096602123444,0.06612359803742122,0.13076106715163177,0.04719613256519167,0.00014991759962867945,0.0598238930106163,0.028167925775051117,0.559,0.424,0.6122909486293793,0.55993809556216,0.6059918843209744,0.22458189725875854,0.976,0.005586534344753884,0.030959506922558534,0.0009092048866361658,0.001533504114133123,0.0,0.0,0.0,0.405,1.0,0.0
255,1905578091,148.8781234902328,-517.5795902222246,1.2993554274249168,839,True,False,False,25.57441421046838,0.13029561075195184,-41.572955695485774,0.04485611287331909,0.41921171015370656,0.04488367024408543,0.10392234389715209,0.0,7.505416579078883e-05,0.044882871210575104,-0.0002678179880604148,0.4028605482717521,0.12276519666269368,0.0,0.5487237671252531,0.2457674155384302,-0.07071544229984283,0.9499404052443385,0.004476209756230415,0.012291018511530756,1.0402973008201422e-08,0.0015486953842966812,1.0,0.03694874851013111,1.0,0.3504171632896305,0.0,1.0
256,1958129221,-97.98150423986371,-164.69190770749074,0.13054080693525405,72,False,False,True,-50.82042646014437,0.10930044932299478,-106.50066838109342,1.5428824081028079,1.6663158093419357,1.6930488780036907,0.6296235117632176,0.47924446321289993,0.5733838081359863,1.0026395320892334,1.364231824874878,0.0,0.0,0.5282299946993589,0.37252234433738823,0.5364321758458391,0.05645998939871788,0.6944444444444444,0.08513036293560723,0.08534111528479998,0.0016714404717284581,0.0018130667629896397,0.0,0.0,0.0,0.0,1.0,0.0
257,1850992617,47.704673785250655,-676.1998474761643,1.4078090425228302,1000,False,False,False,7.638539689319381,0.12360992108521493,-56.166334510793426,0.0032969774060239705,0.6070108269830445,0.0033227260812332474,0.12554892145657992,3.847001752366456e-06,0.0030617713928222656,0.003089523408561945,0.0012228465639054775,0.341,0.163,0.0,0.5490398406377062,0.3750342842936516,-0.07127201557159424,0.971,0.0014408699532551645,0.021011435366293307,1.9973383082687703e-05,0.0014078090425228308,1.0,0.02,1.0,0.252,1.0,1.0
258,1474258078,185.17551483893766,-466.02874852357047,1.2698485267250166,814,True,False,False,58.46926979570502,0.21123782765012744,-49.14908417070148,0.04538320517032705,0.3835635983984732,0.045410755085113656,0.11390708425581772,0.0,0.04535694047808647,0.04538450390100479,0.001543853315524757,0.40294840294840295,0.13267813267813267,0.0,0.5620978655813019,0.2083568263053894,-0.07143980264663696,0.9606879606879607,0.0011893243591810149,0.0185274729705455,2.6007432520286713e-08,0.001560010475092157,1.0,0.04054054054054054,1.0,0.2493857493857494,0.0,1.0
259,292536559,201.68773013640893,-264.1022367437286,0.9078999337602744,592,True,False,False,33.8960199581384,0.15535860989951839,-45.77807226202006,0.25261608078090564,0.691852713570207,0.25264080300593966,0.15947792582264503,0.0,0.2525782585144043,0.2526029646396637,0.004372367635369301,0.0,0.0,0.0,0.4974257338395251,0.05105439277831465,-0.06921663880348206,0.8682432432432432,0.01749157832143076,0.020285771387372743,5.591597991919106e-08,0.0015336147529734381,1.0,0.0945945945945946,1.0,0.057432432432432436,0.0,0.0
260,1081232581,-4.432558586215568,-833.5449297476669,1.6182247423229041,1000,False,False,False,48.27541885535962,0.16189497096723215,-34.67198028576198,0.054486052429466386,0.3287077501839943,0.16865238206002175,0.09465957004742447,0.0476316505900806,0.00019178391085006297,0.12975206971168518,0.10774055123329163,0.57,0.264,0.5808539092540741,0.5742627352145501,0.5666146409511567,0.1617078185081482,1.0,0.033888456994703345,0.014761341333371135,0.0012650587341391795,0.0016182247423229034,0.0,0.0,0.0,0.388,1.0,0.0
261,1564819839,-30.974451036639195,-279.7814634988641,0.48265402492445036,374,False,True,False,14.296182682007206,0.169638978342479,-72.47668428793679,0.5341383614836216,0.9914403113314298,0.5341383614836216,0.22980601918659715,0.15935878766659553,0.3019932806491852,0.503491997718811,0.17832441627979279,0.0,0.0,0.5065122488886118,0.5344035319173799,0.293480301858217,0.013024497777223587,0.93048128342246,0.020387954560777705,0.04857203778692428,0.0008209961279428621,0.0012905187832204543,0.0,0.0,0.0,0.0,1.0,0.0
262,286497476,172.49419747442028,-574.5827349001131,1.4586738647490658,887,True,False,False,60.16579653538703,0.22320032555605046,-53.43409743128718,0.0009372126525700235,0.3016409155293502,0.0009379388402216728,0.10400021768354185,0.0,2.57492069977161e-06,2.765655517578125e-05,0.000937531003728509,0.5546786922209695,0.4836527621195039,0.0,0.5648185449327934,0.21700818995013832,-0.07122187316417694,0.9627959413754228,0.0016143101072575606,0.02063609767821479,2.0805946016186003e-08,0.0016445026660079655,1.0,0.03720405862457723,1.0,0.314543404735062,0.0,1.0
263,1605952649,216.9212907315959,-246.2280781527293,0.9030987377686513,580,True,False,False,34.97141255396584,0.13524257059288855,-34.64399185510419,0.023242761652646052,0.5677631256958336,0.023270022305455863,0.1713830638576589,0.0,0.02322692796587944,0.02325420454144478,0.0008578515262342989,0.22413793103448276,0.16379310344827586,0.0,0.49381705892401756,0.1788906916230917,-0.07109784334897995,0.8758620689655172,0.0030669658161986612,0.018938728465747977,4.6813378536472716e-08,0.0015570667892562948,1.0,0.07586206896551724,1.0,0.056896551724137934,0.0,1.0
264,200068483,233.85452241431898,-415.8775062403584,1.2705440573093543,723,True,False,False,85.62978150419427,0.24348369502000644,-38.110668750753355,0.05679435161890577,0.35363809112239947,0.05682105408074751,0.14347670658980777,0.0,0.0002493858337402344,0.05682096630334854,-9.987592784455046e-05,0.5408022130013831,0.18948824343015214,0.0,0.5672493011949592,0.20998847551643848,-0.07066650688648224,0.9543568464730291,0.005221079853535997,0.028545789143360423,3.380966227643778e-08,0.0017573223475924684,1.0,0.04702627939142462,1.0,0.23374827109266944,0.0,1.0
265,585620245,169.55294613679862,-518.3579823179728,1.343621856909544,805,True,False,False,51.242372259325045,0.2091350446581402,-55.324537209223266,0.0465350186084594,0.30071959321363234,0.04656487198787175,0.09710712764085473,0.0,8.40187058201991e-05,0.04653501510620117,0.0016672349302098155,0.6186335403726708,0.4583850931677019,0.0,0.5661640046858547,0.29153835147619245,-0.0711292177438736,0.9677018633540373,0.004494144156603511,0.0177441707392856,7.282081105740995e-08,0.001669095474421793,1.0,0.03229813664596273,1.0,0.4782608695652174,0.0,1.0
266,1469933337,217.97764072942084,-338.0283506324224,1.0859319827236873,652,True,False,False,55.1077849260168,0.21069791572930058,-52.23832075900742,0.03426221506315947,0.43605034620063476,0.03428948868666757,0.13915309425376776,0.0,9.5367431640625e-05,0.03427743911743164,0.0009089565137401223,0.3895705521472393,0.18711656441717792,0.0,0.5636749647609872,0.2606231057876721,-0.0710446760058403,0.9570552147239264,0.003755758687503961,0.026228861273112254,3.6410405528271295e-08,0.0016655398508032006,1.0,0.04447852760736196,1.0,0.21932515337423314,0.0,1.0
267,116008735,199.06080966275192,-249.85874385167034,0.8763991070288454,536,True,False,False,36.834961831267684,0.18214188368123713,-56.2268284668714,0.08839993725549757,0.4853330377067878,0.08842683406768731,0.1377508096900717,0.0,0.08839979022741318,0.08842668682336807,0.00016137123748194426,0.3414179104477612,0.09514925373134328,0.0,0.5535789950396309,0.20365184899419547,-0.07045266777276993,0.9402985074626866,0.0072135762280553075,0.016681389674868756,5.201486504100711e-08,0.001635072960874711,1.0,0.061567164179104475,1.0,0.10261194029850747,0.0,1.0
268,581611928,224.61427652573911,-327.68278829461826,1.074394129640715,755,True,False,False,32.288676801777164,0.20112043187300432,-70.27052615228524,0.019377480762905595,0.5651786586829156,0.019686329272696187,0.20256674305315897,0.0,0.00029621124849654734,0.019684601575136185,-0.00026080847601406276,0.223841059602649,0.1695364238410596,0.0,0.5008929312739534,0.25014551252126693,-0.07086548209190369,0.8860927152317881,0.0028986398612549295,0.03889261838399013,2.6007432520503554e-08,0.0014230385823055824,1.0,0.07152317880794702,1.0,0.0847682119205298,0.0,1.0
269,744067628,190.2570025058464,-571.0090299520194,1.4848120649157326,943,True,False,False,68.18144175366906,0.1917685395644514,-29.702674913287588,0.01757973974806781,0.35044112236822,0.027022265592676478,0.11466319294952068,0.0,8.497238013660535e-05,0.026987457647919655,0.0013711190549656749,0.5068928950159067,0.35418875927889715,0.0,0.5623327673275581,0.27998381599783895,-0.07119158655405045,0.9713679745493107,0.0032762720076575436,0.017323748226799565,3.380966227643778e-08,0.0015745621048947323,1.0,0.029692470837751856,1.0,0.4337221633085896,0.0,1.0
270,1345901386,-0.5895840209908613,-825.5391107788197,1.6098990535156568,1000,False,False,False,27.421420689005743,0.15081575721118035,-49.98637157408969,0.14104776390793325,0.4505752305113462,0.14754552614718439,0.09716596716537655,0.040545967400263096,0.00019187926955055445,0.11343278735876083,0.0943540409207344,0.454,0.0,0.5979306697845459,0.5553685622354969,0.5628142160922289,0.1958613395690918,0.981,0.02564656899111282,0.01859353274378448,0.0006854857011674362,0.001609899053515657,0.0,0.0,0.0,0.419,1.0,0.0
271,223603263,25.714585252991068,-847.705616056006,1.7068404026179957,1000,False,False,False,68.80512763071992,0.21190086870910668,-39.14522038133853,0.10040249615979224,0.3290627012530914,0.11542754819199837,0.10187222265333984,0.04773526829943708,0.00024623872013762593,0.10260848701000214,0.05286792293190956,0.533,0.0,0.5940028205513954,0.5787444593231194,0.5588707759976387,0.18800564110279083,1.0,0.010223687521114235,0.017704874153278625,0.0012870642729804257,0.0017068404026179924,0.0,0.0,0.0,0.413,1.0,0.0
272,1169030516,151.15136973243216,-524.3333204804036,1.3160893804256717,872,True,False,False,15.105481281601522,0.15334837888383496,-63.568395610185355,0.006115389016732468,0.49935100946875227,0.006134186720533408,0.12354909520701975,0.0,4.3201445805607364e-05,0.006098842713981867,0.0006575441220775247,0.3451834862385321,0.16743119266055045,0.0,0.5623964189077565,0.30874997064471243,-0.07113446295261383,0.9713302752293578,0.0020083459540829974,0.01548455238195305,2.860817577233707e-08,0.0015092768124147602,1.0,0.02981651376146789,1.0,0.15940366972477063,0.0,1.0
273,1599238136,-4.71739817000923,-833.1731447385058,1.6169114931369926,1000,False,False,False,13.859797903759786,0.15524020004932773,-65.76021577840925,0.03986985617719015,0.43616969141625883,0.05642700539519847,0.11472217187926972,0.050721290767992304,4.76837158203125e-05,0.03382454067468643,0.04516533389687538,0.482,0.375,0.6062207147479057,0.5799501180760562,0.5735288655757904,0.21244142949581146,1.0,0.019385234098842467,0.018185382703326862,0.0017924959675091022,0.001616911493136994,0.0,0.0,0.0,0.325,1.0,0.0
274,1609733005,160.40947783272713,-353.82198188123493,1.0007029194279242,694,True,False,False,5.945162792123079,0.14154643882614454,-66.82618656307878,0.061212842289652826,0.5469640367114493,0.061241462440642054,0.12641654414917633,0.0,0.061203766614198685,0.06123237684369087,0.0010548686841502786,0.33429394812680113,0.16714697406340057,0.0,0.5616680294226973,0.29381521448493003,-0.07130670547485352,0.952449567723343,0.0021080470721141194,0.02286851789968638,2.3406689268236358e-08,0.0014419350424033496,1.0,0.03890489913544669,1.0,0.15994236311239193,0.0,1.0
275,60405287,-150.93723593928888,-871.0165673723359,1.404958662866092,880,False,False,True,20.56127387542684,0.1880027345224074,-75.43980498180176,0.5598155675856066,0.8631857191987138,1.0221020080429988,0.16158610863915102,0.2310353442744607,0.43176403641700745,1.0005050897598267,-0.20900258421897888,0.0,0.0,0.5052371239289641,0.513080889416514,0.2820272986753844,0.010474247857928276,0.9318181818181818,0.03997088285755164,0.04561265104301092,0.00027683871620563794,0.0015965439350751054,0.0,0.0,0.0,0.056818181818181816,1.0,0.0
276,1774614431,3.422739478707116,-758.1218541558234,1.4830891872690593,1000,False,False,False,27.237378145935924,0.10348720978137355,-26.50614040225614,0.03503112217197751,0.3807139702892064,0.046197739942944197,0.09742428840096098,0.01739434989281855,0.00016088485426735133,0.023526668548583984,0.039758358150720596,0.497,0.412,0.5557278394699097,0.5685802635459113,0.5593993913382291,0.11145567893981934,0.984,0.01867757966219472,0.012004249407541273,0.0015268326450574334,0.0014830891872690585,0.0,0.0,0.0,0.346,1.0,0.0
277,1043720662,27.358374340645945,-788.2578154506809,1.5912323795826486,1000,False,False,False,44.02739612733346,0.19329600529403201,-54.620520177187736,0.027208767920019947,0.42278584261105107,0.03672322718633084,0.12198990832544374,0.02761688732069372,0.00011692046973621473,0.03132200241088867,0.019171008840203285,0.451,0.369,0.5492614731192589,0.586024383759126,0.5779216283559799,0.09852294623851776,1.0,0.004701231588975505,0.025135343062565645,0.002987687847286375,0.0015912323795826504,0.0,0.0,0.0,0.235,1.0,0.0
278,1602030473,61.73892721100126,-721.4154836080421,1.5263088216380867,1000,False,False,False,58.8938873669734,0.16428620383019066,-25.24912820562721,0.012782478331688078,0.28119345195269,0.012782478331688078,0.12378154826849896,0.027228761094336258,2.9087066650390625e-05,0.010107135400176048,0.007825443521142006,0.645,0.43,0.5983843803405762,0.5573628510182607,0.5776313535869122,0.19676876068115234,0.977,0.0034900615553900205,0.030054051552754948,0.0005631278832033439,0.0015263088216380873,0.0,0.0,0.0,0.561,1.0,0.0
279,1774598066,17.90897741408552,-802.9290958096437,1.6016761464474607,1000,False,False,False,28.85526965014187,0.15773856768488967,-52.01392784980805,0.15755228060031923,0.503148916488192,0.15878549394717417,0.12056731447694191,0.01018461965763884,0.15736094117164612,0.15826129913330078,0.012891636230051517,0.144,0.0,0.5545052923262119,0.5556392354934941,0.569873963072896,0.10901058465242386,0.977,0.011077711137800443,0.021032902056164884,0.0012360519944634718,0.0016016761464474607,0.0,0.0,0.0,0.37,1.0,0.0
280,1536042010,166.22791030758515,-447.30247159173024,1.1965407637986303,763,True,False,False,38.79567627961792,0.1945165167867991,-60.461647389609716,0.0725605565131833,0.3680659402232433,0.07256301595787891,0.09599538944360628,0.0,0.07255659252405167,0.07255983352661133,-0.0006795906811021268,0.4233289646133683,0.24770642201834864,0.0,0.5495358501737364,0.139885293841362,-0.07041549682617188,0.9488859764089121,0.006239838448920695,0.015661840537704724,7.802229756367907e-09,0.0015682054571410614,1.0,0.05242463958060288,1.0,0.47575360419397117,0.0,1.0
281,1296415508,174.1836770838126,-465.9162107506485,1.247119775668923,827,True,False,False,27.77782127728123,0.11630743480705537,-32.37540483850489,0.02861123536395756,0.5245377230381236,0.028636691311198084,0.12018255299361957,0.0,0.028258133679628372,0.028621673583984375,0.0009273028117604554,0.3893591293833132,0.23579201934703747,0.0,0.5521404147125609,0.2913146358728409,-0.07128860801458359,0.9492140266021766,0.00013971321771155147,0.01199337951456479,5.201486504060053e-08,0.0015080045655005106,1.0,0.03143893591293833,1.0,0.22370012091898428,0.0,1.0
282,1951647352,3.2397609129548677,-835.096356201841,1.636672234229592,1000,False,False,False,30.724568244381263,0.1626663523888372,-52.60852160754266,0.03974114696662571,0.4293390270738414,0.03974114696662571,0.09870439293077933,0.06280531674740887,0.00016021728515625,0.02870006486773491,0.02748936228454113,0.407,0.158,0.631082221865654,0.5703929979354143,0.5920920681208373,0.262164443731308,1.0,0.014851663974909798,0.016554198898906056,0.000296573156002046,0.0016366722342295913,0.0,0.0,0.0,0.311,1.0,0.0
283,460733693,157.2049474544241,-556.2389807704857,1.3914078564498202,887,True,False,False,29.989968949997436,0.1316497725099544,-37.83464849362862,0.05121558991206529,0.4044216144984624,0.057306686134523464,0.11370603492543367,0.0,8.611679368186742e-05,0.05730018764734268,0.0008630013326182961,0.48027057497181513,0.24351747463359638,0.0,0.5530957126224271,0.2302220293879509,-0.07087219506502151,0.9582863585118376,0.005210401201743159,0.015395741514123679,6.469348839445443e-08,0.0015686672564259527,1.0,0.036076662908680945,1.0,0.32130777903043967,0.0,1.0
284,1887839194,182.37110652890993,-530.9040252392225,1.3904702635362656,902,True,False,False,52.54892202466781,0.16347276451187906,-31.187229037823382,0.07295358956735316,0.2969965144043359,0.1010164521930695,0.1403462358663914,0.0,6.780624244129285e-05,0.10101623833179474,0.00020786286040674895,0.6917960088691796,0.2106430155210643,0.0,0.5475331889388013,0.22811766773462294,-0.07033955305814743,0.9423503325942351,0.008012609729420583,0.03437168023909846,3.6410405529138656e-08,0.0015415413121244615,1.0,0.03547671840354767,1.0,0.3991130820399113,0.0,0.0
285,904342164,32.275615221052405,-749.8460508352642,1.5242433321126323,1000,False,False,False,23.485427710009258,0.1554791442597414,-56.25405807736651,0.021003684520234805,0.43572212027092905,0.021409644856805344,0.10853100647438482,1.658339722553899e-06,0.016062354668974876,0.021379757672548294,0.0011308646062389016,0.428,0.19,0.0,0.5697346766598057,0.43838234843220564,-0.0713057741522789,0.987,0.0003132061281971812,0.01792697083647156,1.3607068376316985e-05,0.001524243332112634,1.0,0.014,1.0,0.319,1.0,1.0
286,221337892,15.608537534018993,-755.4227354391005,1.5020625459462396,1000,False,False,False,38.325570024983385,0.1490738782225441,-38.211282743793916,0.06976723029203048,0.40588852102147,0.06976723029203048,0.09436804379069881,0.05784174765180088,0.05640611797571182,0.05640611797571182,0.04105869308114052,0.506,0.042,0.5696963295340538,0.5507499190862291,0.5664185055345297,0.1393926590681076,0.976,0.025205339894689583,0.014303207567137056,0.00011900220898316063,0.0015020625459462398,0.0,0.0,0.0,0.443,1.0,0.0
287,1293998076,110.95159425429443,-2447.925942281158,5.077755073070895,1000,False,False,False,50.76274205168905,0.22858285141836743,-65.52859731500016,0.16293994674698836,0.357190505455267,0.16295169093895437,0.0836538065867883,0.00955268153626229,0.16282615065574646,0.1628410369157791,0.00600418820977211,0.59,0.0,0.0,0.25678598118848456,0.030174956284463407,-0.07781462371349335,0.435,0.014251219977340506,0.02152160237222544,0.002282539714401323,0.005077755073070901,0.0,0.43,1.0,0.59,1.0,0.0
288,959788703,252.3368086892704,-295.177464598145,1.0675885465748305,686,True,False,False,46.416356020865365,0.15608243456265206,-33.62283463502256,0.05163207505626398,0.5802223161595811,0.051653347413763095,0.22100837371922938,0.0,0.00039272307185456157,0.05165271833539009,0.00025492667919024825,0.2230320699708455,0.12973760932944606,0.0,0.5179567332023995,0.23886957425624133,-0.07078231126070023,0.8965014577259475,0.004879598363429514,0.04568088730346495,1.3003716260902298e-08,0.0015562515256192877,1.0,0.048104956268221574,1.0,0.07871720116618076,0.0,1.0
289,62787811,128.17048005925028,-637.85273343189,1.4944064269822808,941,True,False,False,26.947224547316797,0.1540057273304661,-52.05548289378735,0.0942397417886258,0.3885354692634524,0.0942671153299381,0.09881654321369969,0.0,0.0942324623465538,0.0942598357796669,0.0011714911088347435,0.3995749202975558,0.04569606801275239,0.0,0.5496031460216156,0.20357615472283214,-0.07060867547988892,0.9585547290116897,0.007547996700232528,0.011045370419978523,4.941412178830623e-08,0.001588104598280851,1.0,0.04144527098831031,1.0,0.412327311370882,0.0,1.0
290,1911790372,229.8644408117076,-242.5960699295125,0.9211210214824407,595,True,False,False,54.06967090302837,0.1519584024068379,-23.904472394071718,0.02293352684347052,0.46818522380846866,0.022960973851477287,0.16788713729835444,0.0,0.022912312299013138,0.02293977700173855,0.0009863829473033547,0.20504201680672268,0.146218487394958,0.0,0.5127050475188543,0.09627047050744295,-0.07112835347652435,0.8957983193277311,0.0030410851699118925,0.02261328942353981,3.6410405528271295e-08,0.0015481025571133461,1.0,0.07226890756302522,1.0,0.20336134453781513,0.0,1.0
291,1452386286,31.185466424078896,-704.5158659780622,1.431402664804283,1000,False,False,False,31.31460608780793,0.11509426519071375,-28.2324401650541,0.11013526235140952,0.41116111093084373,0.11016034193253592,0.10591528999298387,1.750933060445724e-07,0.11013517528772354,0.11016025394201279,0.00013923406368121505,0.461,0.0,0.0,0.552876712032652,0.3417698618024588,-0.0702321007847786,0.978,0.008596174253098382,0.010727685885579593,4.388754237805159e-07,0.0014314026648042822,1.0,0.02,1.0,0.477,1.0,0.0
292,861905043,195.12532046316187,-356.02710727473936,1.0757048554758022,665,True,False,False,37.814477084039275,0.20079147791601987,-64.57875902638746,0.09999050512117175,0.48337167857066576,0.10001844915475029,0.13360458824400012,0.0,0.0013395309215411544,0.10000286251306534,0.0017656898126006126,0.3443609022556391,0.0030075187969924814,0.0,0.5540942331663984,0.23631161093711853,-0.07067479193210602,0.9533834586466166,0.007893489836805268,0.023929265306308338,4.6813378536472716e-08,0.0016176012864297777,1.0,0.04661654135338346,1.0,0.30526315789473685,0.0,0.0
293,33557341,18.430312206223604,-820.0457440861719,1.6369521125847921,1000,False,False,False,26.72696477962753,0.18571896462123083,-68.1324311884929,0.006870571394215924,0.31140723904269213,0.0068973623053130385,0.08115262743242065,0.00018765023329625887,0.006741142366081476,0.006768417544662952,0.001327452715486288,0.556,0.295,0.0,0.5585566503144801,0.4434124717116356,-0.0714898481965065,0.981,0.0017827147346846659,0.015323544987366784,9.288587033917596e-05,0.0016369521125847908,1.0,0.014,1.0,0.477,1.0,1.0
294,1968158754,49.57603779758788,-738.4320094856904,1.5360160945665577,1000,False,False,False,56.68777968371905,0.20171471107350414,-46.16948951053797,0.036907326593505395,0.3840875966877728,0.036907326593505395,0.14433865307979965,0.0241175667858377,1.602172778802924e-05,0.03092222288250923,0.020148620009422302,0.444,0.109,0.5956761911511421,0.5746168695779051,0.6004525664448738,0.19135238230228424,0.999,0.0062617009468830765,0.03147412377568085,0.0019477915485743456,0.0015360160945665563,0.0,0.0,0.0,0.211,1.0,0.0
295,1569880741,-14.025499640777754,-864.0775869416473,1.6601041746017389,1000,False,False,False,35.56160769887268,0.147690788326904,-40.28370012208451,0.13679204576621984,0.35105768192935033,0.1438722444162022,0.0800522126660315,0.0210812410489443,0.13678665459156036,0.14345312118530273,0.010973820462822914,0.539,0.0,0.5571186915040016,0.5726785987578332,0.5632319951802492,0.11423738300800323,1.0,0.007046603309788444,0.013745106354053748,8.466069471172247e-06,0.0016601041746017388,0.0,0.0,0.0,0.503,1.0,0.0
296,2094708717,256.8728824888354,-146.88601874307534,0.7856378024638215,547,True,False,False,56.22676270765637,0.16601828499840388,-28.77418606547833,0.0008874259691293416,0.4282994857286137,0.0008956030756729893,0.18906556802271957,0.0,9.5367431640625e-06,0.0005955696105957031,0.0006688809371553361,0.48811700182815354,0.32541133455210236,0.0,0.5376877855710427,0.2751254764199257,-0.07116267085075378,0.903107861060329,0.001593135343338888,0.036646977652998264,4.1611892032372005e-08,0.0014362665492940068,1.0,0.051188299817184646,1.0,0.30347349177330896,0.0,1.0
297,626209299,209.50714426483023,-202.14740972717087,0.800749107984003,564,True,False,False,36.006473020024515,0.14706046829002037,-39.516854279368765,0.13148265583974578,0.5357368483059607,0.1314941059336301,0.15631306854187885,0.0,0.13080482184886932,0.13147135078907013,0.002446184167638421,0.3049645390070922,0.0,0.0,0.5324916168609766,0.258693986646831,-0.0704641193151474,0.9166666666666666,0.009885471264160676,0.023369119660859455,2.860817577277075e-08,0.0014197679219574517,1.0,0.051418439716312055,1.0,0.2624113475177305,0.0,0.0
298,345113150,162.75654985550793,-486.36039805891846,1.2671538958288555,777,True,False,False,36.85079384343099,0.18908810665291656,-59.69244744531691,0.09417682819003921,0.3721484314853293,0.09445028425131337,0.10965709505372087,0.0,0.0940166488289833,0.09444846957921982,0.0005854821065440774,0.4851994851994852,0.06692406692406692,0.0,0.555874625192128,0.25628229185938833,-0.0704837515950203,0.9562419562419563,0.00758128881460177,0.016859032705821796,2.6007432520937235e-08,0.0016308286947604306,1.0,0.036036036036036036,1.0,0.40283140283140284,0.0,1.0
299,286340482,74.449550739117,-703.6273266044033,1.5161537546870396,1000,False,False,False,43.37976398947977,0.17199345362468904,-44.61687648036951,0.021355228993902887,0.3518186323348371,0.025334150780682338,0.14128153166742777,4.046074984688033e-08,4.901886131847277e-05,0.025303076952695847,0.0012543892953544855,0.533,0.281,0.0,0.5469319276306778,0.27959975354373456,-0.07117532193660736,0.953,0.0031760842255453853,0.03320858452282373,9.362675707294543e-08,0.0015161537546870415,1.0,0.027,1.0,0.349,1.0,1.0
300,588060534,95.7345266331277,-309.6220359173356,0.7707131251009358,1000,False,False,False,21.194568774071428,0.1440190841917055,-52.81488697928651,0.32541556234706676,0.5936051088034273,0.32562251145765775,0.1037638037349422,4.922368131115786e-08,0.3252461552619934,0.32545995712280273,0.010287676006555557,0.0,0.0,0.0,0.2952955023483955,0.0,-0.06917816400527954,0.512,0.021887275243343534,0.024417497361233043,5.2014865019323064e-09,0.0007707131251009442,1.0,0.471,1.0,0.471,1.0,0.0
301,1562456108,186.9013906753624,-597.590009719725,1.530942800790175,951,True,False,False,49.311400780574495,0.18702290127438703,-46.19990857031692,0.012723082947554802,0.34115677662974786,0.012776280244006502,0.13383218299954477,0.0,0.00010614395432639867,0.012667941860854626,0.0016602969262748957,0.5205047318611987,0.3333333333333333,0.0,0.5484330202751527,0.29611395820975306,-0.07142742723226547,0.9484752891692955,0.0007961966593898965,0.029928693413575843,8.322378406496085e-08,0.0016098241858992358,1.0,0.027339642481598318,1.0,0.3491062039957939,0.0,1.0
302,1581055371,63.80967060340341,-693.1928309420609,1.4740050030909277,1000,False,False,False,55.567012739440685,0.16724165634534313,-30.053729090736063,0.0939392690080534,0.3481926386670038,0.09423640790564608,0.1479897479754272,0.008354225032699138,0.00027751922607421875,0.051998235285282135,0.07859188318252563,0.599,0.058,0.5572653077542782,0.5568557066515787,0.5702598547190427,0.11453061550855637,0.973,0.002821767092211412,0.03470259655890693,0.0010388906238057603,0.0014740050030909275,0.0,0.0,0.0,0.338,1.0,0.0
303,939185871,-24.05346213373999,-835.0581895000976,1.5820094547327155,1000,False,False,False,13.615225948777262,0.16142328933093703,-69.09633237419656,0.5661671342036164,0.8610947312249332,0.7349813318483113,0.17349914110521245,0.06669746858750143,0.16584500670433044,0.7320159673690796,-0.06595590710639954,0.0,0.0,0.544615238904953,0.5245362952879222,0.5472413010522723,0.089230477809906,0.95,0.06447381401473283,0.04306059216357398,0.00013159240706624165,0.0015820094547327153,0.0,0.0,0.0,0.192,1.0,0.0
304,1235193594,-113.45440587369231,-176.96580456456496,0.12554279738174534,37,False,False,True,-82.4779112711003,0.12110380942941197,-143.6509178140681,1.609491222630558,1.7282980343322758,1.80846788859961,0.7433599601516991,0.6515972648233197,0.7390732765197754,1.0005617141723633,1.5064635276794434,0.0,0.0,0.5517390072345734,0.326789063615866,0.326789063615866,0.10347801446914673,0.6216216216216216,0.10531427878529014,0.10576308131635365,0.0002909711550371785,0.003393048577885009,0.0,0.0,0.0,0.0,1.0,0.0
305,1550110083,176.70831060585638,-333.5053248575544,0.9907072709268203,743,True,False,False,16.783973391946763,0.13033070690861523,-50.380237237757434,0.038719108607450065,0.5285556852023802,0.039824786279713906,0.14267836341502851,0.0,0.03847522661089897,0.03981943055987358,0.0006531095714308321,0.3297442799461642,0.25168236877523553,0.0,0.5080799373960161,0.27038479965180157,-0.07095235586166382,0.8990578734858681,0.004116030222513459,0.021477894328986048,6.241783804920853e-08,0.001333387982404873,1.0,0.05518169582772544,1.0,0.1695827725437416,0.0,1.0
306,767100266,130.18456601658824,-618.0984182064104,1.4588059684460015,944,True,False,False,35.72487707849853,0.18772642702496434,-60.138184849867336,0.028155403568027343,0.3127903780764236,0.04065517957782913,0.08358685776946273,0.0,0.00013637542724609375,0.04062853008508682,0.0014717912999913096,0.5338983050847458,0.2807203389830508,0.0,0.559260146444766,0.2543205489218235,-0.07112773507833481,0.9671610169491526,0.004129814811935033,0.011909734395737427,3.6410405528271295e-08,0.0015453453055572035,1.0,0.03177966101694915,1.0,0.5095338983050848,0.0,1.0
307,1775315640,-26.85085223831696,-856.1896073616341,1.6186775102466318,1000,False,False,False,12.851170673805736,0.15931330467884974,-68.80539532312437,0.09185660755198989,0.3724476199135706,0.10437382425465333,0.08546903708118479,0.007010969949069697,0.00010757446580100805,0.09540776908397675,0.042323194444179535,0.522,0.102,0.5601704455912113,0.567652769841021,0.5551558246091008,0.12034089118242264,0.988,0.0026918784970681587,0.018571439567210236,0.0010209281028962518,0.0016186775102466316,0.0,0.002,1.0,0.456,1.0,0.0
308,253685681,42.07672859095041,-767.9166759081636,1.579986808998227,1000,False,False,False,37.042479293596344,0.18713042185084344,-58.52264528933046,0.025579555687090028,0.3116640367598054,0.026981573118528005,0.1142229951025906,8.064204498442868e-07,0.0008229255909100175,0.02696981467306614,0.0007964825490489602,0.589,0.362,0.0,0.5715417853705586,0.3900666593015194,-0.07125227153301239,0.983,2.7158261409328557e-05,0.025858194371858417,3.4667907549566624e-06,0.0015799868089982272,1.0,0.017,1.0,0.378,1.0,1.0
309,1633039757,147.56890860237178,-605.1732165446414,1.4665642502940262,973,True,False,False,36.043406762703334,0.14126627101753778,-36.589615486643886,0.09142461460248741,0.44195385038793816,0.09256373467311779,0.09529898516296895,0.0,0.0003933906555175781,0.09255389869213104,0.0013493752339854836,0.4234326824254882,0.10174717368961973,0.0,0.5392391205270453,0.285762702524662,-0.0706629604101181,0.947584789311408,0.007432834488660991,0.01541142285993194,4.6813378536472716e-08,0.0015072602777944754,1.0,0.02774922918807811,1.0,0.4367934224049332,0.0,1.0
310,426878082,-53.6929397495391,-1245.657531784105,2.3443691840691305,989,False,True,False,5.466363868667016,0.14040321750943632,-66.7351484504366,0.1476580069773893,0.6855354946271299,0.19734258780494984,0.14169994831990232,0.04985042063408021,0.14746074378490448,0.1928347647190094,-0.041938651353120804,0.2810920121334681,0.0,0.0,0.5016238382967954,0.2024131236426183,-0.06524354219436646,0.8695652173913043,0.005421579278157691,0.028378508324463196,0.008909148346233546,0.002370444068826222,0.0,0.07482305358948432,1.0,0.21941354903943378,1.0,0.0
311,931088333,5.759236800367856,-776.5492484256536,1.5246169704520454,1000,False,False,False,13.87335809834633,0.14304308732838467,-59.64809922335101,0.19273597164689366,0.5997253554454073,0.19273597164689366,0.12413416311780616,0.059700031068869425,0.19267940521240234,0.19267940521240234,-0.004669215530157089,0.009,0.0,0.5305623598396778,0.5546795225550887,0.5671949746459722,0.06112471967935562,0.999,0.02509641296506479,0.02139555260178211,0.0018374771224245919,0.0015246169704520437,0.0,0.0,0.0,0.318,1.0,0.0
312,233020741,87.97801329742512,-2093.2939380433777,4.322543902681604,1000,False,False,False,18.500124682790112,0.15271397266116904,-59.85677530529959,0.1976113863766068,0.4406989123129579,0.19763032844513706,0.08898492389056509,0.0008951479862890149,0.19751004874706268,0.19752483069896698,0.00645662285387516,0.332,0.0,0.0,0.2784770925160701,0.030253705894574524,-0.06414500623941422,0.48,0.02085585427925051,0.02791318653162756,0.003898311276820072,0.004322543902681608,1.0,0.43,1.0,0.536,1.0,0.0
313,321104617,149.98769118408669,-583.2913324174896,1.4308380472031546,893,True,False,False,31.524226729696874,0.14502208963564514,-42.986565007574875,0.10383819446991359,0.4658988714451937,0.1038657599876177,0.10021600360023704,0.0,0.10383205115795135,0.10385961830615997,0.0011295056901872158,0.42889137737961924,0.0,0.0,0.5302047791039782,0.2617485360056162,-0.07050220668315887,0.9339305711086227,0.008161916448962215,0.014218534495060524,7.542155430924347e-08,0.001602282247707898,1.0,0.04143337066069429,1.0,0.36954087346024633,0.0,0.0
314,1639806757,-106.12864584196359,-177.48848279063787,0.14071967389734852,50,False,False,True,-68.26746597643155,0.13172736210529393,-134.9211348948034,1.608138974867722,1.6846318874946746,1.7494638876171382,0.5056579544502694,0.3881103972323664,0.7576499581336975,1.0038552284240723,1.4327939748764038,0.0,0.0,0.5379947796463966,0.4709069230780005,0.4709069230780005,0.07598955929279327,0.88,0.08248408066923367,0.09561990085063526,0.0006302017018590261,0.0028143934779469716,0.0,0.0,0.0,0.0,1.0,0.0
315,1415609443,195.06355093214677,-375.32095654261406,1.1108490149495223,748,True,False,False,52.83621534469772,0.12935393552360114,-13.839665602276078,0.02598184807222339,0.463635067969998,0.026110201428616954,0.12501817428929152,0.0,0.0002709388791117817,0.026109695434570312,0.00016255139780696481,0.33689839572192515,0.16443850267379678,0.0,0.5597222340841066,0.2984890896081924,-0.0709264874458313,0.9652406417112299,0.0032790986904795943,0.014691499758892898,2.0805946016402843e-08,0.0014850922659752968,1.0,0.03609625668449198,1.0,0.2072192513368984,0.0,1.0
316,1375016442,174.3095757293631,-244.65669537675947,0.8157725422122454,554,True,False,False,8.02945730437798,0.12329779970944116,-55.61180546220508,0.2574146095839455,0.7208974666303031,0.25743929835542984,0.1619534793815218,0.0,0.2573755383491516,0.2574002146720886,0.004485735669732094,0.0,0.0,0.0,0.5203460087415104,0.1436837100982666,-0.0691700428724289,0.907942238267148,0.017785107307456305,0.014022136932848704,4.1611892032805686e-08,0.0014725136141015267,1.0,0.06498194945848375,1.0,0.061371841155234655,0.0,0.0
317,1625242512,37.58108350320255,-770.9065455124133,1.5769752580312302,1000,False,False,False,54.0064995405766,0.1876831149344979,-41.83497158417756,0.06572377464404267,0.30272337369243935,0.06572377464404267,0.12004848066177692,0.02973973629287729,0.0007316589471884072,0.030933761969208717,0.05798893794417381,0.569,0.192,0.5696864500641823,0.5635440501675475,0.5712805949151516,0.13937290012836456,0.993,0.0200573038659443,0.032647793801262065,0.001525850864479792,0.001576975258031232,0.0,0.0,0.0,0.444,1.0,0.0
318,924032943,153.1694322646596,-592.0254880210025,1.453949840571321,911,True,False,False,31.857253867570176,0.1336687211393873,-36.976895502920804,0.022529489320584333,0.4210939777684389,0.022556764004484944,0.1215234483077349,0.0,0.0003066062927246094,0.022556591778993607,-8.814573084237054e-05,0.42041712403951703,0.09001097694840834,0.0,0.5614567584400071,0.25687260694801806,-0.07088959962129593,0.9670691547749726,0.0030692076568819113,0.016041751895196285,3.380966227643778e-08,0.0015959932388269174,1.0,0.03402854006586169,1.0,0.2513721185510428,0.0,1.0
319,805957211,125.10253032483166,-576.4649348311696,1.3671349303119995,900,True,False,False,27.331772947079436,0.12771851713071544,-38.52724973066652,0.10157168085238184,0.402535916858707,0.12021480585123527,0.0840674792337117,0.0,0.0002483367861714214,0.1201930046081543,0.0022893643472343683,0.40444444444444444,0.0,0.0,0.5498764750237266,0.2185912812501192,-0.07056330889463425,0.9644444444444444,0.009168034781956233,0.014796873652726571,3.380966227643778e-08,0.0015190388114577791,1.0,0.03666666666666667,1.0,0.43555555555555553,0.0,0.0
320,353200484,209.09040279921632,-452.0291050288948,1.2924390156562233,745,True,False,False,67.45613705397658,0.18849758312782455,-28.791534427541567,0.07649346509171988,0.3328330661768899,0.0765217852136727,0.12472999311498939,0.0,0.07649345695972443,0.07652177661657333,3.6273002478992566e-05,0.5583892617449664,0.15302013422818792,0.0,0.5460943686910249,0.2370556478202343,-0.07053454220294952,0.9436241610738255,0.006462442565720116,0.022404446988495506,3.12089190237369e-08,0.0017348174706794935,1.0,0.052348993288590606,1.0,0.4604026845637584,0.0,1.0
321,1440612902,200.8438501376658,-233.02322317315742,0.8456541466216467,552,True,False,False,24.581282008623337,0.17703306631042331,-65.92745899462673,0.11383396644356006,0.5913456022979277,0.11383987463371567,0.1605381113336021,0.0,0.08948583900928497,0.11383943259716034,-0.0003172421420458704,0.2210144927536232,0.0,0.0,0.5292535807087045,0.10712668966501951,-0.07010725885629654,0.907608695652174,0.008845235080814896,0.028114061265955784,1.1774865073567453e-06,0.0015319821496768953,1.0,0.07608695652173914,1.0,0.08152173913043478,0.0,0.0
322,1072951446,-3.075147167721154,-759.5343042572152,1.4729183141789877,1000,False,False,False,9.891393979824489,0.1283151193280603,-56.26607934171085,0.10570142275688098,0.5569446740174188,0.10570142275688098,0.10571564297650525,0.05812537475487373,0.009026909247040749,0.009026909247040749,0.10531526803970337,0.375,0.0,0.6017335429787636,0.55503144428425,0.586806418299675,0.20346708595752716,0.991,0.010117528432495415,0.017506043192781193,0.0016122241486229792,0.0014729183141789885,0.0,0.0,0.0,0.266,1.0,0.0
323,1717708834,155.66066060247837,-551.7384797597197,1.3812782807243935,838,True,False,False,38.027915727241236,0.19638125822154054,-62.162273514820534,0.0622303463895019,0.37739092322187645,0.0622581957105197,0.09433888122844215,0.0,3.204345557605848e-05,0.06225233152508736,0.0008544898009859025,0.4331742243436754,0.13961813842482101,0.0,0.5533754176839182,0.23857981306500733,-0.07083112001419067,0.964200477326969,0.005524348623040396,0.020117137782989618,3.901114878097217e-08,0.0016483034376186107,1.0,0.03699284009546539,1.0,0.40930787589498807,0.0,1.0
324,324576056,1.6919450778165257,-731.0914711198154,1.425566832395262,1000,False,False,False,21.983632597534502,0.13649838311950716,-48.26547261972434,0.12397961487173129,0.5197043560293239,0.1590725647760324,0.11367115386706686,0.02722115658438097,0.12396860122680664,0.1589803695678711,0.005415067542344332,0.351,0.0,0.5921749845147133,0.5489518133738311,0.5810856900364161,0.18434996902942657,0.975,0.021848053434359662,0.015778797202847625,0.00011510369484836469,0.0014255668323952633,0.0,0.008,1.0,0.256,1.0,0.0
325,1043075022,118.88443924211748,-2165.6312866277362,4.529031451739703,1000,False,False,False,55.37565379969682,0.24693267480731965,-70.09059726146829,0.17907153711511448,0.3801564205979581,0.17910936904772148,0.09039446827027167,0.010226702366294263,0.16815701127052307,0.17899636924266815,0.006361279636621475,0.556,0.0,0.0,0.2713533726922906,0.0,-0.07106141000986099,0.455,0.017044401325190132,0.028304806722976646,0.002486379468637341,0.004529031451739705,0.0,0.423,1.0,0.538,1.0,0.0
326,1970269961,72.57288497332502,-695.8655072009818,1.4968767843486126,1000,False,False,False,54.862722917576676,0.19864236798151225,-46.45837473068455,0.014611708697563184,0.40113126075032846,0.014639358035630323,0.14136334928748734,5.290508750147371e-08,4.2438507080078125e-05,0.014579963870346546,0.0013173675397410989,0.48,0.182,0.0,0.569136004658416,0.32994221776723864,-0.07124609500169754,0.977,0.002502359735549444,0.030764206516071414,1.0663047333298037e-07,0.0014968767843486126,1.0,0.023,1.0,0.258,1.0,1.0
327,110878897,196.78151344432564,-291.1968510820255,0.951236729052701,618,True,False,False,28.552063990342408,0.1552328284278408,-51.060336196878,0.052676695894420075,0.5308861127436776,0.05270444565033157,0.1398612645418204,0.0,0.05266838148236275,0.05269613116979599,0.0009361362317577004,0.20550161812297735,0.13106796116504854,0.0,0.5004362445747089,0.16373577817110344,-0.07092351466417313,0.8754045307443366,0.004915793557453835,0.020037559587122968,3.380966227643778e-08,0.0015392180081758922,1.0,0.06634304207119741,1.0,0.11326860841423948,0.0,1.0
328,176865162,174.812686547544,-576.9120565032692,1.467649486101625,895,True,False,False,36.74350009331748,0.17716907470907142,-53.84078921697011,0.08947716651364075,0.4192690274620971,0.08950463550070849,0.13192663601087828,0.0,0.00020074844360351562,0.0894990935921669,0.0009960031602531672,0.4044692737430168,0.11173184357541899,0.0,0.5506961062082282,0.2631819399259985,-0.0706183910369873,0.9497206703910615,0.0072509983227087745,0.028976063850673296,2.600743251833515e-09,0.0016398318280465103,1.0,0.03687150837988827,1.0,0.3642458100558659,0.0,1.0
329,548674510,31.69145435485981,-690.679764191358,1.4047424370924357,1000,False,False,False,14.125773645489893,0.18279650175977646,-79.2723908919035,0.056932527128939245,0.6703849943129385,0.057358593969649437,0.15377302303330384,0.023468382692218806,0.013173962011933327,0.013173962011933327,0.05582521855831146,0.242,0.13,0.578741617500782,0.5688385218251496,0.561527726277709,0.15748323500156403,1.0,0.005762600111615658,0.03037755720513056,0.003928835550183339,0.0014047424370924372,0.0,0.0,0.0,0.147,1.0,0.0
330,1188201133,245.384214985778,-214.1986770180868,0.8944857840077304,617,True,False,False,59.06769660489764,0.169895514509023,-27.87600607718958,0.03360656383316108,0.37238717167109536,0.0336343028159739,0.18861097129281854,0.0,0.0009836197132244706,0.03361682966351509,0.0010840153554454446,0.5040518638573744,0.29983792544570503,0.0,0.5467191398733581,0.30043976202607153,-0.07132970541715622,0.9303079416531604,0.00045179437206492953,0.039338106775739845,7.802229756096856e-09,0.0014497338476624473,1.0,0.04213938411669368,1.0,0.3727714748784441,0.0,1.0
331,1768873092,-4.0905648469925175,-836.1418907629444,1.624102651831906,1000,False,False,False,13.837212698878078,0.17390056646424884,-75.11298419075155,0.04410613715166381,0.4585774481978222,0.1002169331814198,0.11549774143260591,0.0542465707893936,4.94956984766759e-05,0.00791091937571764,0.09990420937538147,0.472,0.338,0.515998512506485,0.5723873174190521,0.512578996270895,0.03199702501296997,0.999,0.001095988641532464,0.02249258842007908,0.001875252267974523,0.001624102651831904,0.0,0.0,0.0,0.27,1.0,0.0
332,1913795861,-102.35245699677617,-172.1130503907902,0.13748118678802806,51,False,False,True,-64.55738673433143,0.13115434675813084,-130.93664810046448,1.5685140874977472,1.5773623716865492,1.5685140874977472,0.5850329824474538,0.51133595891926,0.7240917086601257,1.0015796422958374,1.2070934772491455,0.0,0.0,0.597874253988266,0.5612454960378361,0.5724704059585929,0.19574850797653198,0.9803921568627451,0.10304643066951953,0.10694719816985877,1.2577194366827915e-05,0.0026957095448632965,0.0,0.0,0.0,0.0,1.0,0.0
