episode,reset_seed,task_return,train_return,variation,length,success,crash,out_of_bounds,discounted_task_return,discounted_variation,discounted_train_return,min_distance_to_pad,mean_distance_to_pad,final_distance_to_pad,mean_speed,final_speed,min_abs_x,final_abs_x,final_y,near_pad_fraction_0p2,near_pad_fraction_0p1,final_m_power,mean_m_power,last50_mean_m_power,final_main_cmd,positive_main_fraction,final_theta_abs,mean_theta_abs,final_theta_variation,mean_theta_variation,final_both_legs_contact,both_legs_contact_fraction,ever_both_legs_contact,low_velocity_fraction,final_lander_awake,landing_candidate
0,464507548,147.65666011630094,96.2501462837354,1.2288837944188513,727,True,False,False,6.461977822594798,0.14399359025145755,0.14351231268249076,0.012256845087772956,0.4499958523293165,0.013057967614562483,0.10212713817277981,0.0,0.011665535159409046,0.012993049807846546,0.0013004518114030361,0.3810178817056396,0.2063273727647868,0.0,0.5463172293513465,0.2771100287139416,-0.053233854472637177,0.951856946354883,0.00044182182206501855,0.012918755730383407,7.802229756096856e-09,0.0016903490982377604,1.0,0.03851444291609354,1.0,0.2558459422283356,0.0,1.0
1,172674724,180.7369091531262,124.29138924785151,1.3695173301758181,768,True,False,False,67.33013298559445,0.20272595274023145,59.24924331677429,0.1004492237310917,0.33799179982165545,0.10308189602898384,0.09531475802887372,0.0,0.0993509292602539,0.10307159274816513,0.0014574145898222923,0.5377604166666666,0.0,0.0,0.5618280493047981,0.2902350092679262,-0.05430133268237114,0.9674479166666666,0.006460660406406663,0.010421919912693792,5.20148650366703e-09,0.001783225690333099,1.0,0.033854166666666664,1.0,0.51171875,0.0,0.0
2,163903425,228.8763079880504,195.7311974053573,0.7981703527564336,460,True,False,False,29.947326134822717,0.20012430456669827,21.963240526739852,0.12045580117853356,0.6201660263795926,0.12046247842649467,0.21807521010551226,0.0,0.0020300864707678556,0.1204385757446289,0.0023996210657060146,0.2543478260869565,0.0,0.0,0.515931215667186,0.0,-0.0546257421374321,0.8652173913043478,0.007344294135203051,0.03943981932323525,2.600743251833515e-09,0.0017351529407748547,1.0,0.11304347826086956,1.0,0.12173913043478261,0.0,0.0
3,1019325551,-108.60519962298422,-114.9032153412849,0.1772671906100227,49,False,False,True,-71.827606006436,0.16874680848794124,-77.6677757820085,1.5775918606542325,1.69172520330987,1.746711037910575,0.7043032254371117,0.5698654436266921,0.6701470017433167,1.001634955406189,1.430988073348999,0.0,0.0,0.5954800397157669,0.3863234502641717,0.3863234502641717,0.1909600794315338,0.6938775510204082,0.12063242767434364,0.12423333376962659,0.0005320392485543834,0.0036176977675514833,0.0,0.0,0.0,0.0,1.0,0.0
4,1629015762,214.17209048317756,170.378977498935,1.0497704328080788,615,True,False,False,37.26119674688306,0.1786372307593997,29.90621672076903,0.001386087646234559,0.5203083872414488,0.0027984525324468595,0.13310064934850008,0.0,3.0231476557673886e-05,0.0024768828880041838,0.0013024545041844249,0.2845528455284553,0.16585365853658537,0.0,0.5324284936006113,0.21550087705254556,-0.05340280383825302,0.9089430894308943,0.001237202173166684,0.019530564756359423,0.0,0.001706943793183868,1.0,0.05365853658536585,1.0,0.0991869918699187,0.0,1.0
5,1449951718,189.1805789593607,137.55212634365085,1.2096150871903288,767,True,False,False,47.7522660648454,0.14337316633583175,41.45196896708031,0.0457611160380131,0.46789055150710335,0.045788753906791456,0.13053216602924125,0.0,0.04573774337768555,0.04576539993286133,0.001462242566049099,0.3520208604954368,0.13428943937418514,0.0,0.5625059053913789,0.25939172372221947,-0.05287801846861839,0.9634941329856584,0.001238822436212699,0.011308374879022347,7.802229756151066e-09,0.00157707312541112,1.0,0.03780964797913951,1.0,0.1877444589308996,0.0,1.0
6,1892108963,-63.62368439622224,-70.4675061387263,0.17546072475013524,79,False,False,True,-20.591249974502215,0.15342911079078628,-26.290035997692833,1.3819451576778687,1.4678924214140694,1.3819451576778687,0.36440437562774963,0.2164036713361425,0.7975126504898071,1.0005395412445068,0.9532539248466492,0.0,0.0,0.5656547844409943,0.6121877718103838,0.5886423597484827,0.13130956888198853,1.0,0.07089411803791192,0.08558285104461812,0.0013358457639729565,0.0022210218322801945,0.0,0.0,0.0,0.0,1.0,0.0
7,1353470719,225.762596426159,179.32360595749245,1.1312996822888888,625,True,False,False,50.30463636154384,0.2143141100885854,41.878954394078946,0.09510213022818016,0.48971750775566925,0.09885687406187696,0.1666728577137407,0.0,0.00020084381685592234,0.09883947670459747,0.00185456033796072,0.3216,0.1632,0.0,0.5587941675305367,0.29351271606981755,-0.05436050891876221,0.9568,0.00622851156187229,0.03495373747870255,2.6007432527008767e-09,0.0018100794916622205,1.0,0.04,1.0,0.2128,0.0,1.0
8,676069518,194.3075348784536,153.41710219159575,0.975681089561927,581,True,False,False,27.230896802439386,0.14892401853606882,20.76899832485782,0.03289758740817249,0.4995677856737929,0.03340643902967276,0.13168033334227472,0.0,0.032341957092285156,0.03340129926800728,0.000585982808843255,0.2977624784853701,0.2117039586919105,0.0,0.5359800577699387,0.28365610774606465,-0.053539570420980453,0.9259896729776248,0.00286114364541878,0.016279546683739193,2.600743251833515e-09,0.001679313407163384,1.0,0.04647160068846816,1.0,0.1686746987951807,0.0,1.0
9,1315085260,4.001678073033675,-65.7830307977506,1.6594902956928066,1000,False,False,False,29.048750427959657,0.20421083244697802,20.92251179704509,0.031613469724587555,0.3708398048826249,0.031613469724587555,0.09711677807591272,0.03886084783229649,0.00012369155592750758,0.004245758056640625,0.03132706508040428,0.527,0.397,0.5832950323820114,0.5714366274289787,0.5726275286823511,0.16659006476402283,1.0,0.0048454756366841534,0.017340022735044005,0.001684525136122333,0.0016594902956928055,0.0,0.0,0.0,0.381,1.0,0.0
10,1377954153,185.9191965971608,153.06985688597044,0.766311323706343,493,True,False,False,17.030746735475184,0.13647177537804467,10.950692234606297,0.13217288300846572,0.5726698343908657,0.13220015179357272,0.15499860944304306,0.0,0.13217249512672424,0.13219976425170898,-0.0003201031649950892,0.23732251521298176,0.0,0.0,0.5402798198633894,0.21564982241019606,-0.054108504205942154,0.9290060851926978,0.00802504388290854,0.008284439868811895,5.20148650366703e-09,0.001554384023745118,1.0,0.06490872210953347,1.0,0.09533468559837728,0.0,0.0
11,681462722,205.0984024461825,161.83289117404007,1.0741837090714084,552,True,False,False,26.205497914615837,0.19359194700345192,18.405531656473862,0.052759414573105984,0.5539353151765699,0.05278687979219614,0.16604670528680998,0.0,0.05275382846593857,0.05278129503130913,0.0007678365800529718,0.23731884057971014,0.14855072463768115,0.0,0.5203492719573779,0.13355112357065083,-0.05375559628009796,0.9112318840579711,0.003860190882603433,0.027483168911909873,5.201486504100711e-09,0.0019459849802018275,1.0,0.06702898550724638,1.0,0.059782608695652176,0.0,1.0
12,1906037396,-78.1358838647604,-84.73532129522799,0.17331458101558664,70,False,False,True,-38.47589958546951,0.15724217927364292,-44.20348764447837,1.4405911838103138,1.496380154262306,1.4405911838103138,0.5151889474056954,0.34201243956882316,0.6877910494804382,1.0011146068572998,1.035892128944397,0.0,0.0,0.5905733406543732,0.5919948245797838,0.6032309076189994,0.18114668130874634,0.9857142857142858,0.09074060825658987,0.11147908029267545,0.00020931821989642052,0.002475922585936953,0.0,0.0,0.0,0.0,1.0,0.0
13,1887175263,212.3723791535011,154.73162792010453,1.379358374446562,813,True,False,False,64.7891598999329,0.22861597027850433,55.93124630537284,0.007087930599761171,0.3435123610669441,0.010211091622584559,0.15464613419024015,0.0,8.811950829112902e-05,0.010126113891601562,0.0013146138517186046,0.44772447724477243,0.2066420664206642,0.0,0.5520880096483183,0.20086491107940674,-0.053484927862882614,0.959409594095941,0.001631184704755454,0.03345162410552521,2.6007432520503554e-09,0.0016966277668469382,1.0,0.041820418204182044,1.0,0.1857318573185732,0.0,1.0
14,297761393,-109.9336071628146,-115.4540820628205,0.14534916333353104,58,False,False,True,-66.36708774945109,0.13226581391465436,-71.21852988979498,1.5621873109063,1.6608365316365346,1.6809940217397867,0.6796007139611709,0.6011082432734589,0.6311996579170227,1.0050878524780273,1.3474195003509521,0.0,0.0,0.567992702126503,0.3519501696533427,0.40826219679787756,0.13598540425300598,0.6551724137931034,0.1161650789754658,0.10899036211143391,0.00044746307799835294,0.002506020057474673,0.0,0.0,0.0,0.0,1.0,0.0
15,241769223,56.653871765430345,-27.586432075784227,2.1413434613738116,1000,False,False,False,47.072790159065114,0.19050765172890494,39.3576469496929,0.12864073861550354,0.42374478209601285,0.12864073861550354,0.14116174714252716,0.02674296916875539,0.0019078254699707031,0.12509498000144958,0.02999475970864296,0.533,0.0,0.5856639295816422,0.5549471656789537,0.5764766565710306,0.1713278591632843,0.975,0.007907721754066193,0.026912463316659644,6.442691221091382e-06,0.002141343461373809,0.0,0.0,0.0,0.451,1.0,0.0
16,233261862,203.21334659155698,157.99003947403997,1.087443570583896,630,True,False,False,29.34591829456956,0.13853489729065885,23.193429348391355,0.08842139521179497,0.5920312086191211,0.08844885836417901,0.14563359028780984,0.0,0.08841609954833984,0.0884435623884201,0.0009678935748524964,0.22698412698412698,0.07777777777777778,0.0,0.4782205252895235,0.18000281432643533,-0.05408639833331108,0.8380952380952381,0.005710849872200942,0.01945769893523078,2.600743251833515e-09,0.0017261009056887247,1.0,0.1,1.0,0.05873015873015873,0.0,1.0
17,1516995425,16.178334886964954,-53.78014583255236,1.6652826906505762,1000,False,False,False,24.938566724467552,0.17897928906336907,17.56927439506134,0.08291553905628839,0.4611091484548037,0.10090761275365506,0.10924309175263061,0.009433096664076407,0.06798610836267471,0.0684109702706337,0.07417739182710648,0.417,0.15,0.5541955567896366,0.5582197644474217,0.5185096921725199,0.10839111357927322,0.979,0.00938882878145224,0.021039155560259856,0.003283062548288595,0.0016652826906505755,0.0,0.0,0.0,0.405,1.0,0.0
18,956231059,10.478484484087785,-60.934607577525824,1.7137697353871206,1000,False,False,False,41.46823884894761,0.13887329616310248,35.30212630654941,0.06224051723432011,0.3396915730044019,0.06224051723432011,0.1017657054265336,0.015040431275587093,0.00014657973952125758,0.049544334411621094,0.03767281398177147,0.521,0.115,0.5664595291018486,0.571557581118308,0.5823061116039753,0.1329190582036972,1.0,0.003871819455869074,0.014043228880965375,0.0009144668404208363,0.001713769735387119,0.0,0.0,0.0,0.422,1.0,0.0
19,1399996587,70.27079903874558,-0.9425242738122331,1.707110777085254,1000,False,False,False,39.79614153699319,0.2270234250407757,30.98552512826487,0.010283915545787526,0.39044571603872413,0.010283915545787526,0.14455519955922697,0.024217558810336444,0.0005920410039834678,0.010283470153808594,9.571075497660786e-05,0.48,0.301,0.0,0.5654429582823068,0.5408797413855791,-0.0448976568877697,0.972,0.009066342469872774,0.028856577198180265,0.0012959445108144847,0.0017071107770852535,1.0,0.004,1.0,0.309,1.0,1.0
20,908945483,21.137461568019408,-47.62451228391753,1.6253991283978972,1000,False,False,False,25.38190673800226,0.20695439707377306,17.173361168283833,0.07126745713328413,0.45456283767986305,0.07126745713328413,0.13363823155413854,0.05363393361482329,0.06934700161218643,0.06934700161218643,0.01643300987780094,0.396,0.071,0.5377381108701229,0.5659346806171816,0.5715774463862181,0.07547622174024582,0.982,0.0015083358339560878,0.02954051565437302,9.848689602533038e-05,0.0016253991283978965,0.0,0.0,0.0,0.367,1.0,0.0
21,988018957,218.74842827359254,183.87760183462854,0.8156942146321269,520,True,False,False,42.02301903827415,0.19300051757107262,34.24375159846952,0.04587872867277745,0.45923348574196754,0.04589540126083576,0.15240210437733648,0.0,0.035531140863895416,0.04589500278234482,-0.00019124984100926667,0.3173076923076923,0.16346153846153846,0.0,0.5449216309241119,0.2962165405228734,-0.053472619503736496,0.9307692307692308,0.0035350095508290508,0.026858270122454356,5.201486504100711e-09,0.0015686427204463988,1.0,0.05384615384615385,1.0,0.1673076923076923,0.0,1.0
22,1811609170,196.7161599295214,159.40142678067852,0.8804911049614281,545,True,False,False,26.803610139590678,0.18556658769352766,19.2449726006809,0.14950021862489285,0.5597772241334142,0.14952607618269056,0.15769959136147646,0.0,0.0011074065696448088,0.14952583611011505,0.00026794432778842747,0.1761467889908257,0.0,0.0,0.546847701499905,0.28414129838347435,-0.0543472021818161,0.9339449541284404,0.008913264022429885,0.026664067761711447,7.802229756367907e-09,0.0016155800091035382,1.0,0.05137614678899083,1.0,0.1559633027522936,0.0,0.0
23,1520953939,178.52206586287355,117.80584931156392,1.4492072183769915,862,True,False,False,37.80336592861853,0.1315324588658411,31.85773775787266,0.008206462076037537,0.4273951503618875,0.008233620341610445,0.11542107373592897,0.0,0.0004172325134277344,0.008170222863554955,0.001019785413518548,0.44779582366589327,0.23781902552204176,0.0,0.5372674993121578,0.2448599843867123,-0.05339457467198372,0.9431554524361949,0.001541432242395615,0.0177869977006097,1.0402973007984581e-08,0.0016812148705069507,1.0,0.03480278422273782,1.0,0.2923433874709977,0.0,1.0
24,1762306363,188.70774926307922,135.38024149201783,1.2862502590353821,737,True,False,False,32.97954882197088,0.19488384560930713,25.134247313170647,0.03834383402748279,0.5202342343931535,0.03836243753500429,0.14106987988522826,0.0,0.038342952728271484,0.038361549377441406,0.0002610421215649694,0.21166892808683854,0.15332428765264586,0.0,0.5219131359681662,0.2648515082523227,-0.05350947380065918,0.932157394843962,0.0031293488693063974,0.031178037166946008,2.600743252267196e-09,0.001745251369111781,1.0,0.04206241519674356,1.0,0.12890094979647218,0.0,1.0
25,1960256931,207.3043094287626,149.02412263710252,1.4046728930553307,807,True,False,False,58.05178323315678,0.21324333877306928,49.65508373456215,0.028304564430968866,0.4012343906538487,0.028332018537428037,0.12981288904156685,0.0,4.76837158203125e-06,0.02832002565264702,0.0008242702460847795,0.39776951672862454,0.24039653035935563,0.0,0.5515682532300865,0.2243286043405533,-0.05354773625731468,0.9615861214374225,0.0025896296259287667,0.021893729865716003,2.600743252267196e-09,0.0017406107720636076,1.0,0.03965303593556382,1.0,0.2850061957868649,0.0,1.0
26,261608047,-79.8014150608331,-86.04096465694688,0.16131831987045975,70,False,False,True,-38.32407682363283,0.1440226419589218,-43.655078763200066,1.4554510713148294,1.5124265058307456,1.4554510713148294,0.42339179722674114,0.28423786242018234,0.7537416219711304,1.0011889934539795,1.056389331817627,0.0,0.0,0.570794977247715,0.590836169517466,0.5859340743720531,0.14158995449543,1.0,0.07949466153967372,0.09681644071514564,0.0010984083080355783,0.0023045474267208536,0.0,0.0,0.0,0.0,1.0,0.0
27,628052497,216.14614132829004,171.2292962772587,1.073228168367716,636,True,False,False,28.383681479311218,0.2177250538875195,19.85527962320564,0.07186622659556051,0.5680326400355589,0.07189350492224993,0.2031096929199864,0.0,0.0003373146173544228,0.07189197838306427,0.0004685020539909601,0.29245283018867924,0.1069182389937107,0.0,0.5378281230973841,0.1820703798532486,-0.05384530872106552,0.9386792452830188,0.004863514716973143,0.03903641909776575,2.600743251833515e-09,0.0016874656735341447,1.0,0.05188679245283019,1.0,0.05345911949685535,0.0,1.0
28,2107186230,176.0676252218313,126.64504815095682,1.195419235695815,678,True,False,False,28.348876774716825,0.1729009003232219,21.16404606639174,0.034726552133792464,0.367586755657334,0.035901994988617784,0.11249819934844868,0.0,8.75473051564768e-05,0.0358918197453022,0.0008547043544240296,0.5383480825958702,0.42035398230088494,0.0,0.5439756885526363,0.2729944705381058,-0.05285417661070824,0.93952802359882,0.0007105220811760147,0.020427751643326504,2.6007432520503554e-09,0.001763155214890584,1.0,0.04129793510324484,1.0,0.3746312684365782,0.0,1.0
29,1280894744,-11.444017948955278,-33.951346673387306,0.5282442908144009,333,False,True,False,43.879269449442795,0.19563304662387282,36.08067434476829,0.4024056492957513,0.8215218425173269,0.4024056492957513,0.22007867843402557,0.11352931644798525,0.39237889647483826,0.39237889647483826,0.08926986157894135,0.0,0.0,0.5610143505036831,0.6027527773814337,0.55994908683002,0.12202870100736618,1.0,0.012748838219967036,0.03855570278657825,0.002914089901636524,0.0015863191916348357,0.0,0.0,0.0,0.0,1.0,0.0
30,1308163710,220.20520236550072,185.19658077460085,0.8102873863633289,535,True,False,False,15.421448170552578,0.12404538272965779,9.709330670965276,0.06089856211709595,0.7387891842127212,0.06090863564541059,0.21653080736621266,0.0,0.06089763715863228,0.060907840728759766,0.00031118153128772974,0.18504672897196262,0.11962616822429907,0.0,0.45686781056955345,0.0430098395049572,-0.05371921509504318,0.8149532710280374,0.004297318606918217,0.030769262214719567,1.0402973008201422e-08,0.0015145558623613628,1.0,0.0616822429906542,1.0,0.06542056074766354,0.0,1.0
31,12673048,197.9012594360393,156.58244447050998,1.0166271655176446,541,True,False,False,31.257420308964992,0.17666232784574604,23.966253499431794,0.13638206581637535,0.4949642261300383,0.13639304196014404,0.14429441348528474,0.0,0.13632440567016602,0.1363353729248047,0.003965852316468954,0.3234750462107209,0.0,0.0,0.5229386148411375,0.05595651602372527,-0.05506456643342972,0.8927911275415896,0.008139877750644509,0.016527931352821653,1.0402973009068783e-08,0.001879162967685111,1.0,0.08133086876155268,1.0,0.2365988909426987,0.0,0.0
32,889932132,223.35888339190996,178.51519706550096,1.1001228775469711,592,True,False,False,56.36371060675841,0.22049328543828078,47.75412477321069,0.07912108738747271,0.5036380193737733,0.07915122674832624,0.1496173698769595,0.0,0.07912063598632812,0.07915077358484268,0.00026783705106936395,0.23986486486486486,0.11993243243243243,0.0,0.5094952008125186,0.26401918861083684,-0.05385715514421463,0.8800675675675675,0.005247361014283578,0.025538251144756684,5.201486504534392e-09,0.0018583156715320484,1.0,0.08614864864864864,1.0,0.08277027027027027,0.0,1.0
33,1075134211,197.51221226681935,152.71383914839117,1.0552791039476133,657,True,False,False,38.67258945611831,0.15996601706073524,31.876321338741093,0.028996732261443572,0.4374564378991891,0.04991283917405457,0.11983121061700347,0.0,0.02016267739236355,0.049893569201231,0.0013868189416825771,0.45662100456621,0.3942161339421613,0.0,0.5362434837679397,0.24793048948049545,-0.053874265402555466,0.9193302891933028,0.0036894927247209434,0.016447305431879035,5.20148650366703e-09,0.0016062086818076301,1.0,0.045662100456621,1.0,0.3485540334855403,0.0,1.0
34,865824620,187.13686101406927,139.29955597997233,1.133910167803231,691,True,False,False,19.029324637245416,0.15108906714812473,12.498579923428164,0.06429233408767365,0.535115580853606,0.06431989226099273,0.16225721956285713,0.0,0.06428499519824982,0.06431255489587784,0.0009715056512504816,0.38060781476121563,0.3154848046309696,0.0,0.5082737730153737,0.2251730354130268,-0.053899191319942474,0.8958031837916064,0.004453252995544742,0.03303102132386879,7.802229756367907e-09,0.0016409698521030838,1.0,0.04341534008683068,1.0,0.2793053545586107,0.0,1.0
35,1400560478,149.50031987000258,83.34908796342415,1.572374396885946,949,True,False,False,27.721755120834974,0.13077949467657232,21.798514435524034,0.0037899570852110605,0.39445049722308273,0.004392644777813992,0.10515280616653189,0.0,5.359649730962701e-05,0.004191494081169367,0.0013140416704118252,0.5068493150684932,0.28240252897787144,0.0,0.5467983596635348,0.25960103757679465,-0.05342350900173187,0.9546891464699684,0.001325093153543882,0.014398059305074639,7.802229756151066e-09,0.0016568750230621127,1.0,0.030558482613277135,1.0,0.36143308746048475,0.0,1.0
36,1099137468,-108.5812712752493,-113.46473128132197,0.13478200020242176,42,False,False,True,-75.42774742118497,0.12594603656710818,-79.89481007704993,1.5998443105332618,1.7034397884780152,1.7444541174461803,0.713946300183118,0.6266443102635906,0.7181223034858704,1.002256989479065,1.4277958869934082,0.0,0.0,0.5273843239992857,0.2698771062118578,0.2698771062118578,0.054768647998571396,0.5238095238095238,0.11225819044740053,0.10646369435612353,0.0002312892988895754,0.003209095242914805,0.0,0.0,0.0,0.0,1.0,0.0
37,308651950,15.213546452223015,-90.64450047754336,2.8619348976588843,1000,False,False,False,17.975823408006846,0.16377820105480992,11.062563718857373,0.13247271101183497,0.4157405070917815,0.15967573913014024,0.099569237815536,0.02117663068047329,0.13247212767601013,0.15892991423606873,0.015415058471262455,0.541,0.0,0.5433268919587135,0.4663247849633335,0.477154967226088,0.08665378391742706,0.828,0.0034380492910926624,0.014510223763109387,0.0014288899545575927,0.0028619348976588817,0.0,0.169,1.0,0.488,1.0,0.0
38,2135886441,204.7684373026713,154.3872568350567,1.209372682253825,705,True,False,False,54.93937325457191,0.159884052515121,48.14452601346754,0.0019386060498681322,0.42080751862601606,0.001964799557597188,0.14020755589464748,0.0,7.152557373046875e-05,0.0018169402610510588,0.0007477736216969788,0.46099290780141844,0.1702127659574468,0.0,0.5670612397742398,0.2753059513866901,-0.05322406068444252,0.9617021276595744,0.0010376388535692674,0.015565094134750424,2.6007432520503554e-09,0.0017154222443316672,1.0,0.03971631205673759,1.0,0.17588652482269504,0.0,1.0
39,2123588507,202.25227409284574,144.12215612737617,1.4303372655156492,761,True,False,False,61.25806769939724,0.23487142099775252,52.21287877232344,0.053626823262484864,0.3816300594834845,0.07167754216980546,0.12301448950595661,0.0,2.231597864010837e-05,0.07167653739452362,0.0003795242228079587,0.4743758212877792,0.3324572930354796,0.0,0.5544874950748979,0.25006915198639035,-0.05225543677806854,0.9632063074901446,0.0025002389919738664,0.02402567021100748,2.600743251833515e-09,0.001879549626170367,1.0,0.03810775295663601,1.0,0.35216819973718794,0.0,1.0
40,1731118266,5.74805542106043,-64.7821708626785,1.6843408761246272,1000,False,False,False,33.527343595952615,0.2081950956176563,25.281577069917656,0.024283657753953244,0.3462671175833958,0.1593093126247314,0.12867533490795455,0.03525983494168415,0.0002006530703511089,0.15026740729808807,0.05290712043642998,0.554,0.196,0.5531901009380817,0.5652000015220837,0.5802997770160436,0.10638020187616348,0.982,0.023036333026212403,0.03173212171445757,1.9789055404700884e-05,0.0016843408761246252,0.0,0.0,0.0,0.19,1.0,0.0
41,4716089,-114.90744177717716,-121.22273943438758,0.1778432552403475,49,False,False,True,-75.54927946181976,0.1704992111846567,-81.44202131829374,1.580702921349176,1.6669120848651053,1.7142867426142394,0.6625454403321438,0.6032387651027079,0.6888719797134399,1.00284743309021,1.3903510570526123,0.0,0.0,0.5956568792462349,0.4422497341447339,0.4422497341447339,0.1913137584924698,0.7959183673469388,0.1246690620817662,0.12444273266564021,0.001209095940841981,0.0036294541885785203,0.0,0.0,0.0,0.0,1.0,0.0
42,954698821,162.55176230659714,97.83031160880648,1.5053816899263568,978,True,False,False,19.457370420152877,0.20135381554076934,11.416863662512768,0.040673464943665576,0.5934969307479274,0.040697496953421786,0.15460388356217455,0.0,0.03286342695355415,0.040697477757930756,3.952741462853737e-05,0.33026584867075665,0.14314928425357873,0.0,0.5639278028562192,0.2810522732138634,-0.05259393900632858,0.9734151329243353,0.000920335905208403,0.02966434782938908,2.6007432520503554e-09,0.001539245081724288,1.0,0.027607361963190184,1.0,0.15950920245398773,0.0,1.0
43,722439037,235.14365410592848,180.3523466358294,1.325710249003305,751,True,False,False,82.98095933304312,0.20721370461804806,74.76560272984125,0.025841772677122368,0.2342349082478376,0.025869670313750783,0.15351106567644432,0.0,2.47955322265625e-05,0.02582540549337864,0.0015127039514482021,0.7549933422103862,0.6231691078561917,0.0,0.5551017923444911,0.23525617635808885,-0.053686268627643585,0.9587217043941412,0.002435764616198591,0.030064766246016617,2.600743252267196e-09,0.0017652599853572642,1.0,0.041278295605858856,1.0,0.45272969374167776,0.0,1.0
44,143133740,201.73787872891415,163.74643014278826,0.9103816195375289,534,True,False,False,39.23073208025057,0.15052785180798015,32.72423388187222,0.018286669998694126,0.4653582094620714,0.0183064564373824,0.12561241242393317,0.0,0.017795372754335403,0.01830472983419895,0.00025142193771898746,0.3464419475655431,0.19101123595505617,0.0,0.5534803082966786,0.27110904406290504,-0.053314827382564545,0.949438202247191,0.0020928346746471797,0.010414392814249251,2.600743251833515e-09,0.0017048344935159713,1.0,0.052434456928838954,1.0,0.11797752808988764,0.0,1.0
45,851876933,241.19506600536405,202.23023655924845,0.9254943148705221,560,True,False,False,59.41619376820753,0.13972128059437636,53.23174551725689,0.06546894578244418,0.4931255585030797,0.06549660237928194,0.18122834905517335,0.0,0.06546564400196075,0.06549330055713654,0.0006576513987965882,0.25357142857142856,0.125,0.0,0.4910047137644142,0.18374699741601944,-0.05383680760860443,0.85,0.004524665179037715,0.013972508268994778,2.600743251833515e-09,0.0016526684194116455,1.0,0.10892857142857143,1.0,0.05892857142857143,0.0,1.0
46,1892204776,-13.795373586262565,-100.53321726346451,2.22459478924006,1000,False,False,False,20.27203659999728,0.20185106904378738,12.2165908711785,0.4543958497456352,0.7391344542924453,0.4543958497456352,0.13305541711888702,0.09936730594042938,0.44599437713623047,0.4520641267299652,-0.04597405344247818,0.0,0.0,0.5625595301389694,0.5550123648757581,0.5458344203233719,0.12511906027793884,0.996,0.0017851566700518694,0.030718886574868876,0.0008565655181221616,0.0022245947892400634,0.0,0.0,0.0,0.357,1.0,0.0
47,1103841343,-106.839879200398,-112.81796107682555,0.1446027292142522,82,False,False,True,-51.92641464848763,0.1283548645184597,-56.89982558042159,1.6152623463721276,1.6536869036488393,1.656059283457193,0.2756694085580049,0.20409041798352964,0.7859427332878113,1.0015333890914917,1.3188871145248413,0.0,0.0,0.5773274004459381,0.5445372057857174,0.5581909380108118,0.15465480089187622,1.0,0.07775367199189945,0.08553473759716633,0.0009454169854916233,0.0017634479172469783,0.0,0.0,0.0,0.0,1.0,0.0
48,1871136645,-94.8851034344174,-101.65654585921853,0.14904808082670434,115,False,False,True,-29.714628282202554,0.1229464762827135,-34.77340422432205,1.559994873276409,1.6796120378244002,1.6834424946965094,0.36105093682879813,0.2233253183119922,0.6165567636489868,1.0019034147262573,1.352837085723877,0.0,0.0,0.5609984956681728,0.4565866743011967,0.5688693176209927,0.12199699133634567,0.8260869565217391,0.0820467032735667,0.0888662351811793,0.0003002558084469198,0.0012960702680582992,0.0,0.0,0.0,0.0,1.0,0.0
49,368689141,41.75649057142426,-24.455911125246196,1.5404133898890162,1000,False,False,False,21.96004504073744,0.22978641413904963,13.066538959060809,0.2035747636585374,0.6650791311241225,0.2036901661987149,0.16634246353155763,0.01190640753894116,0.10272769629955292,0.19247284531593323,0.0666624903678894,0.0,0.0,0.5493094138801098,0.5532024324499071,0.547124695815146,0.09861882776021957,0.977,0.023079299905479196,0.03380248397813323,0.001728668526617766,0.0015404133898890167,0.0,0.0,0.0,0.246,1.0,0.0
50,711874407,219.80055285338312,187.97493867486753,0.7528538059505215,462,True,False,False,36.925478041080716,0.14493568970492335,30.596659972625577,0.030235421259490084,0.5598432193798997,0.030262405561641406,0.15429950317420313,0.0,0.00019903182692360133,0.030261611565947533,-0.00021921635197941214,0.2857142857142857,0.17965367965367965,0.0,0.5399790573341055,0.25615773007273673,-0.05332088842988014,0.8917748917748918,0.0027271852121790057,0.009219086150960114,0.0,0.0016295536925335955,1.0,0.06926406926406926,1.0,0.0670995670995671,0.0,1.0
51,1949523453,8.238913442729883,-59.665430760613404,1.5968114734447791,1000,False,False,False,25.543340615327118,0.20190572377277977,17.486255244638564,0.097778440332182,0.5476154121233978,0.11485468729596367,0.13621467428107445,0.07492755252904745,0.00013704299635719508,0.05935811996459961,0.09832707047462463,0.34,0.011,0.563326358795166,0.5705205888680648,0.5678571163117886,0.12665271759033203,0.999,0.0325034311758345,0.028871053215554332,0.0007462416642781203,0.00159681147344478,0.0,0.0,0.0,0.039,1.0,0.0
52,965219006,-90.27926127468236,-98.52986946760291,0.20368693976401842,107,False,False,True,-32.305095072899604,0.1727376443040585,-38.80489227899328,1.53499537767006,1.645663028269099,1.6899636176726032,0.4174857004642816,0.21754970521081182,0.5685644149780273,1.0020197629928589,1.360857605934143,0.0,0.0,0.5525455288589001,0.47076984252519555,0.5519219004362822,0.10509105771780014,0.8691588785046729,0.07902365133227147,0.09903825038636715,0.0006248233648138285,0.0019036162594768065,0.0,0.0,0.0,0.0,1.0,0.0
53,608969183,-89.60374526276719,-94.2972217105653,0.11111588159327064,68,False,False,True,-43.000313006509224,0.09073587696183469,-46.71261753779012,1.6265254113358092,1.7091320559612588,1.6759096978471841,0.3978453711628746,0.34318379327587073,0.7694393396377563,1.0000934600830078,1.3447997570037842,0.0,0.0,0.5567784048616886,0.3467348572996664,0.4715594059275463,0.11355680972337723,0.6470588235294118,0.07005263195425794,0.06109814182946002,0.0004164206065421089,0.00163405708225398,0.0,0.0,0.0,0.0,1.0,0.0
54,174629327,186.50675948942074,124.17357077258606,1.478439623894493,899,True,False,False,43.44885050452786,0.22822323433482564,34.602391744798076,0.05677692422471029,0.4151431199015771,0.056789912049704815,0.1416788061984552,0.0,0.0003886222839355469,0.05678234249353409,0.0009271955350413918,0.3526140155728587,0.13904338153503892,0.0,0.5466684100328965,0.2929400312900543,-0.0526002012193203,0.946607341490545,0.0017739568943299065,0.02846892253220263,0.0,0.0016445379576134525,1.0,0.028921023359288096,1.0,0.26028921023359286,0.0,1.0
55,529795964,171.1679642172531,110.34130922151807,1.4655551665244926,843,True,False,False,68.77995678370517,0.2183366331088709,60.23027610120437,0.025283088247761543,0.29115349547790015,0.06141002950083555,0.08992471515298846,0.0,0.00010786056373035535,0.061400510370731354,0.0010812259279191494,0.5634638196915777,0.41637010676156583,0.0,0.5655206932685165,0.3035044676065445,-0.053900543600320816,0.970344009489917,0.004298171650704882,0.011875023498956873,2.600743251833515e-09,0.0017384996044181404,1.0,0.03084223013048636,1.0,0.44483985765124556,0.0,1.0
56,120278483,-20.216569304419632,-91.3932830755859,1.7058904590388704,1000,False,False,False,23.80273663365812,0.1474925696192682,17.378045887574874,0.04485723656547848,0.3292674670963923,0.1204741803164088,0.08429563518932892,0.024462100835023044,0.00015392302884720266,0.10532808303833008,0.05848096311092377,0.616,0.346,0.5486625656485558,0.5636071376004256,0.5574442296475172,0.09732513129711151,0.986,0.01856558385553253,0.010664022414581122,0.0022571681636061394,0.0017058904590388706,0.0,0.0,0.0,0.508,1.0,0.0
57,2011373962,190.02141958060673,133.30035140882742,1.3607022723926465,795,True,False,False,40.29155332788472,0.20443003679551056,32.15932988066348,0.034104290469132666,0.41390560611392735,0.03413598560194782,0.12764130337998608,0.0,2.2220610844669864e-05,0.034116458147764206,0.0011544680455699563,0.35974842767295595,0.1861635220125786,0.0,0.5350339275409919,0.2596951923519373,-0.053679581731557846,0.9371069182389937,0.00287819801929397,0.02756013674342288,5.201486504100711e-09,0.0017115751853995543,1.0,0.03647798742138365,1.0,0.21509433962264152,0.0,1.0
58,1117234558,177.51015666298468,126.22478685604536,1.22551232689798,726,True,False,False,32.17561384266196,0.1355851662690213,26.1094146097746,0.018411199674330556,0.41738698845884226,0.03463155455375978,0.10995389319496168,0.0,0.0002038955717580393,0.03460283204913139,0.001410171971656382,0.4393939393939394,0.22451790633608815,0.0,0.534691298158828,0.13100441216141917,-0.05300598964095116,0.9242424242424242,0.0006682939755392486,0.01208177287447787,5.2014865039922906e-09,0.001688033508123943,1.0,0.05371900826446281,1.0,0.2741046831955923,0.0,1.0
59,1707184565,-5.952880291343789,-119.47427544591393,3.235379838485671,823,False,True,False,63.731874002103794,0.24049139796465682,54.51764350370348,0.1504343133233124,0.3993980771896505,0.19853213083746601,0.12379048047304461,0.04192972854824781,0.06801319122314453,0.19407692551612854,-0.0418228879570961,0.37424058323207776,0.0,0.0,0.48348381396439344,0.1731828582799062,-0.04165860638022423,0.8323207776427703,0.011207843227530668,0.02917437728220885,0.006264142719703826,0.003931202719909686,0.0,0.10449574726609964,1.0,0.3110571081409477,1.0,0.0
60,2024064892,-46.80281100321279,-110.13207129943672,1.4976420098741199,920,False,True,False,39.628861784570276,0.23250395930140894,30.653935939642093,0.22574282149938013,0.48025709995951443,0.24434087308852293,0.13323217099760395,0.021878049697857716,0.0019423484336584806,0.2405358850955963,-0.04295288398861885,0.0,0.0,0.5050931265577674,0.5214356854673299,0.4170568821229972,0.010186253115534782,0.9260869565217391,0.01619935482402412,0.03342426080343865,0.0025318924755478762,0.001627871749863175,0.0,0.0,0.0,0.34782608695652173,1.0,0.0
61,2087047656,-33.197863303325676,-55.27710525150114,0.48597473160584753,375,False,True,False,9.40966103607248,0.16648414630048025,2.461292626340794,0.42452998853320545,0.9648510388145047,0.42452998853320545,0.24097600291515134,0.15123153458185304,0.4238210618495941,0.4238210618495941,0.024523839354515076,0.0,0.0,0.5153043670579791,0.5712340583694944,0.5292731265671319,0.030608734115958214,0.9866666666666667,0.04191145344248672,0.043137089044106895,0.00023300578943592082,0.0012959326176155926,0.0,0.0,0.0,0.0,1.0,0.0
62,714619600,-33.529536234161085,-55.54238745188922,0.4810950405909393,379,False,True,False,14.49224159482372,0.1817889299901104,7.082910944657041,0.7435618087160146,1.1517411721795,0.7435618087160146,0.27029605816514163,0.2432364393904155,0.3392982482910156,0.7020349502563477,0.24501243233680725,0.0,0.0,0.0,0.49424307315956983,0.221843871481542,-0.0043767597526311874,0.8759894459102903,0.011539246837535534,0.058791119600270086,0.0020870327415448073,0.0012693800543296552,0.0,0.0,0.0,0.0,1.0,0.0
63,1075806674,-77.1449398906785,-85.4492460699602,0.20481020597605692,108,False,False,True,-27.885985289186287,0.17010948558478775,-34.31376105493212,1.4361942712635798,1.4629727056314268,1.4361942712635798,0.608122624694869,0.3505039450653895,0.3834267556667328,1.002753496170044,1.0281728506088257,0.0,0.0,0.5799701735377312,0.5081070597440919,0.5757714116573334,0.15994034707546234,0.8981481481481481,0.09404777579370992,0.12092612436014703,0.0019012577499373934,0.0018963907960746007,0.0,0.0,0.0,0.0,1.0,0.0
64,1380583167,186.63727283198386,130.98295415069492,1.3504772893762975,757,True,False,False,61.744086932766066,0.17485958642605656,54.49929216407348,0.006078838236087849,0.34425675529372113,0.03222884277502109,0.11652153433447317,0.0,0.00032634736271575093,0.03220214694738388,0.001311502419412136,0.4861294583883752,0.3051519154557464,0.0,0.5717902076572101,0.25218492656946184,-0.053698793053627014,0.9630118890356671,0.002773405296161185,0.0157199784607059,2.600743252267196e-09,0.0017839858512236448,1.0,0.03830911492734478,1.0,0.178335535006605,0.0,1.0
65,1527789836,72.74622664004562,-130.5234782627147,6.108990163425344,1000,False,False,False,53.381208161511495,0.22022333255732357,44.77459452728669,0.13600982660969477,0.29440257284701804,0.18288237953685266,0.08527284670575405,0.023395496782348705,0.0012437819968909025,0.18222694098949432,-0.015469541773200035,0.67,0.0,0.0,0.37421407271921636,0.10184043616987765,-0.015035263262689114,0.645,0.009326732785380947,0.02027390983571333,0.015369923185343299,0.006108990163425344,0.0,0.238,1.0,0.654,1.0,0.0
66,1377783636,161.09194739032526,94.70266537646137,1.617642733795469,893,True,False,False,58.095816647058776,0.22744973503210397,49.2725776766467,0.05606294867290526,0.2938352919154992,0.0598599864170498,0.09035635142545907,0.0,0.03376178815960884,0.059859275817871094,-0.00029167174943722785,0.5901455767077267,0.36954087346024633,0.0,0.5643848633249723,0.26942843057215216,-0.05225669965147972,0.9697648376259799,0.0018753441067206106,0.018425608446319124,1.3003716260034937e-08,0.00181147002664666,1.0,0.03135498320268757,1.0,0.5509518477043673,0.0,1.0
67,282964358,-39.67992094932124,-65.37692739566162,0.5925668815446795,396,False,True,False,5.869437324885825,0.1351778771817255,-0.14852520785567647,0.3999743414363338,0.8459692353736797,0.3999743414363338,0.17718932195550352,0.04561844634765901,0.3955116271972656,0.3955116271972656,0.059582099318504333,0.0,0.0,0.5326735526323318,0.5712795691080204,0.5863321618735791,0.0653471052646637,0.9823232323232324,0.005401998932398966,0.02283591831392162,0.007891947270963907,0.001496381014001716,0.0,0.0,0.0,0.0025252525252525255,1.0,0.0
68,679598937,-21.99277298646062,-99.47548325352095,1.9160903422353468,1000,False,False,False,27.792213328828662,0.18513208330960187,20.238337172035433,0.162769027066207,0.3657114026921494,0.1723184243988083,0.09610198815465092,0.07957570022714565,0.16276435554027557,0.16989202797412872,0.02881558984518051,0.469,0.0,0.5665271803736687,0.5651771161621436,0.5413886591419578,0.13305436074733734,0.989,0.014234606429446536,0.014603427603559324,0.0010088088018882432,0.0019160903422353476,0.0,0.004,1.0,0.528,1.0,0.0
69,964498172,190.68027488077075,124.02207242642302,1.5972734151449195,937,True,False,False,51.296977384048674,0.20267413090483372,43.21691608940201,0.007987277596604081,0.33145975660308463,0.010687684896683917,0.1308181611587223,0.0,0.0013336181873455644,0.010664844885468483,0.0006983494968153536,0.5378868729989328,0.3287086446104589,0.0,0.540567694882899,0.2577354169636965,-0.053114667534828186,0.9434364994663821,0.000585270733160972,0.029152784798651993,2.6007432520503554e-09,0.0017046674654694971,1.0,0.030949839914621132,1.0,0.400213447171825,0.0,1.0
70,538463003,291.68203939411336,264.31492885038716,0.6682370181242039,366,True,False,False,94.42547571109343,0.20871266258811963,86.21462140306542,0.09028579920976121,0.38548008774278697,0.09030783306954795,0.2657941339839987,0.0,0.0004290580691304058,0.09030713886022568,0.000354096875526011,0.5382513661202186,0.2540983606557377,0.0,0.5626307581315998,0.25566127474885436,-0.051968857645988464,0.9234972677595629,0.003431705428115147,0.05227622602202705,2.600743251833515e-09,0.001825784202525148,1.0,0.07923497267759563,1.0,0.23497267759562843,0.0,1.0
71,569527992,16.380276426486375,-63.25313031821012,1.9877802248232201,1000,False,False,False,57.651042396448375,0.16359235358639,50.74335813135153,0.15661020023804798,0.3350450446346217,0.1609463739258801,0.09150235420382294,0.01623358047424813,0.1566009521484375,0.16090956330299377,-0.0034420513547956944,0.538,0.0,0.5318021327257156,0.574603173783049,0.5593093562871218,0.06360426545143127,1.0,0.003133944057539829,0.012865651808749188,1.0641266108589627e-05,0.0019877802248232214,0.0,0.0,0.0,0.46,1.0,0.0
72,828003095,177.34536860007796,107.09823444037386,1.6862378053234692,983,True,False,False,52.55825276012228,0.19867835792419727,44.5980044521869,0.031195504777158333,0.29994329625555766,0.058645736356477796,0.1198479826710027,0.0,0.0001126289353123866,0.05862750858068466,0.0014620637521147728,0.671414038657172,0.43743641912512715,0.0,0.544904188771229,0.28241184644401074,-0.05396536737680435,0.9440488301119023,0.00414152563370602,0.022771187437395403,2.600743251833515e-09,0.0017153995984979323,1.0,0.027466937945066123,1.0,0.5066124109867752,0.0,1.0
73,954833235,185.4369684461679,143.1661672176485,1.012360040950652,595,True,False,False,30.41108326657477,0.14396788298627522,24.097104683305446,0.09027029600640796,0.44906320126640137,0.09029291302991005,0.12667737435808235,0.0,0.06858253479003906,0.09028997272253036,0.0007286763284355402,0.39663865546218485,0.22521008403361345,0.0,0.5567405677955214,0.30587717741727827,-0.05206301435828209,0.9394957983193277,0.003448449988450439,0.011373766696414286,2.600743251833515e-09,0.0017014454469758856,1.0,0.043697478991596636,1.0,0.27563025210084036,0.0,1.0
74,530674831,188.38456831686202,134.60090182976745,1.28612221623649,760,True,False,False,50.93072324538217,0.22486803836255756,42.18564543072623,0.2765848108021333,0.5909923979331922,0.27661680755335827,0.12583699358725017,0.0,0.2765403389930725,0.2765675485134125,0.005220089107751846,0.0,0.0,0.0,0.5261527316301668,0.02320996880531311,-0.04909906163811684,0.8934210526315789,0.012570052725849452,0.026183164907211714,7.802229754633183e-09,0.0016922660739953803,1.0,0.10789473684210527,1.0,0.2723684210526316,0.0,0.0
75,268805063,154.45744486884217,92.9207578763364,1.4772228997501922,861,True,False,False,29.17991903114426,0.18489603976753444,21.633386924208402,0.019481868707478117,0.35449625296141823,0.01951029041570041,0.10210439342796224,0.0,0.01947927474975586,0.019507694989442825,0.0003182268119417131,0.5423925667828107,0.40185830429732866,0.0,0.5466142894746682,0.26764046837575733,-0.05334262549877167,0.9570267131242741,0.002152470042509146,0.01594608008600707,1.5604459512302132e-08,0.0017157060391988295,1.0,0.032520325203252036,1.0,0.397212543554007,0.0,1.0
76,386459433,178.63612802216096,117.4045936393078,1.4743844794284338,850,True,False,False,47.096562132650654,0.17319852646356423,39.90099623171274,0.039638212913582035,0.3690237523468343,0.039666038096847274,0.12407873084854545,0.0,0.039609719067811966,0.03963756561279297,0.0015026545152068138,0.5270588235294118,0.34352941176470586,0.0,0.5628351021674461,0.28009115941822527,-0.052965980023145676,0.9694117647058823,0.0009288064447070398,0.016699283514796145,0.0,0.0017345699757981576,1.0,0.03176470588235294,1.0,0.24352941176470588,0.0,1.0
77,1842675722,186.3448902212084,136.53549498222134,1.1543131746328994,759,True,False,False,33.20719341024179,0.22210810024947641,24.544923469647188,0.13650859142598068,0.5961165574357339,0.1365305282231339,0.15326579614799357,0.0,0.1364881545305252,0.13651008903980255,0.002362356288358569,0.152832674571805,0.0,0.0,0.5550006335019594,0.1487751929461956,-0.05169116333127022,0.9512516469038208,0.005813964790843261,0.033186908441942845,5.20148650366703e-09,0.0015208342221777347,1.0,0.05006587615283267,1.0,0.0461133069828722,0.0,0.0
78,215035549,188.75243377741427,129.4007156368152,1.4070572713533034,857,True,False,False,51.276033581026475,0.2446775603565645,41.936070176055225,0.11751796401243311,0.4660207618759684,0.1175675383724061,0.14428099021921847,0.0,0.012267684563994408,0.11756610870361328,0.0005797958583571017,0.3418903150525088,0.0,0.0,0.5557439040670838,0.1757019052654505,-0.051577307283878326,0.9591598599766628,0.0047941402158181365,0.030525677432301095,0.0,0.0016418404566549659,1.0,0.042007001166861145,1.0,0.2742123687281214,0.0,0.0
79,839465270,190.64259036481377,134.38933844264525,1.36444173073895,766,True,False,False,49.6372904683003,0.23425628128700285,40.610508991619255,0.015934535075564322,0.387520201701933,0.019092886173985035,0.12915789055536997,0.0,0.0003390312194824219,0.01905851438641548,0.0011451339814811945,0.3981723237597911,0.1462140992167102,0.0,0.5613376729715587,0.24168364554643632,-0.05353401228785515,0.9621409921671018,0.0020989174880207727,0.024252627286816215,0.0,0.0017812555231579018,1.0,0.0391644908616188,1.0,0.15796344647519583,0.0,1.0
80,609512609,15.321594644663683,-94.856620792433,3.0059405145698945,1000,False,False,False,26.71657070214243,0.2182563126858909,18.16896766406057,0.22543830467799683,0.5109105878050112,0.23621331613647387,0.1277981407601752,0.041463327742128325,0.18967942893505096,0.23610058426856995,0.0072969053871929646,0.0,0.0,0.5764655843377113,0.5219024072452448,0.4234052714332938,0.15293116867542267,0.93,0.03984122800420817,0.028111856955751663,0.0014340940418049036,0.0030059405145698983,0.0,0.063,1.0,0.441,1.0,0.0
81,1146558410,197.7123450152344,155.81701998551847,1.0031775009905284,590,True,False,False,32.70260299401691,0.16094537836961437,25.879560212054887,0.011184177745265618,0.4276411186916402,0.011212470162956087,0.13464372793580195,0.0,0.011153888888657093,0.011182213202118874,0.0008231616229750216,0.411864406779661,0.2677966101694915,0.0,0.5660755842462403,0.2556692934781313,-0.05313900113105774,0.9508474576271186,0.0005537342017600767,0.01960741508118909,1.0402973008093001e-08,0.001700300849136489,1.0,0.04915254237288136,1.0,0.2711864406779661,0.0,1.0
82,1891899470,22.1576573980971,-55.975333781601954,1.9377663726566388,1000,False,False,False,43.70773086129318,0.2213340961349647,35.06779431973908,0.03831496612734797,0.3038288162847641,0.07660123360329141,0.11996191363919946,0.052127051812395395,0.00030641554621979594,0.06871004402637482,0.0338626466691494,0.611,0.484,0.5734041407704353,0.5652690322753042,0.547079302482307,0.14680828154087067,0.976,0.032030590045182834,0.025979994778880935,0.0027591259153359124,0.0019377663726566391,0.0,0.0,0.0,0.29,1.0,0.0
83,1915251784,8.725732229137767,-74.30009320002335,2.100860847638709,1000,False,False,False,46.62351335298826,0.22062158696077233,38.00495208665993,0.2500923297403391,0.5155767615458839,0.2500923297403391,0.11015564925040727,0.044404814782248295,0.24979153275489807,0.24979153275489807,0.012262281961739063,0.0,0.0,0.5346024967730045,0.566515860882122,0.5388779606483877,0.06920499354600906,0.998,0.002832922330205184,0.024078595855124042,0.001738678462301926,0.0021008608476387075,0.0,0.0,0.0,0.379,1.0,0.0
84,1313639606,169.47117072492844,115.80433466433362,1.2688945353531602,780,True,False,False,48.113436015500255,0.20555169233414405,39.947673164854166,0.03914689492407553,0.3010592665652672,0.04072677118394679,0.0984931537117105,0.0,0.00014381408982444555,0.040724754333496094,0.0004053091979585588,0.6282051282051282,0.3294871794871795,0.0,0.558998827999219,0.2833780812472105,-0.052683230489492416,0.9653846153846154,0.0009373237975842131,0.018136476061301192,5.2014865039922906e-09,0.0016267878658373848,1.0,0.03461538461538462,1.0,0.49743589743589745,0.0,1.0
85,695909292,89.1763792420025,-127.75141710705086,6.564259878301774,1000,False,False,False,25.83918549766686,0.22607211854751294,17.05710828373624,0.6019675722237856,0.8058868925388712,0.6031069401389991,0.12407516056205722,0.002102932568640664,0.3062872886657715,0.6030277013778687,0.009776124730706215,0.0,0.0,0.0,0.2958392491656559,0.04021345085726352,-0.04469387233257294,0.522,0.04062855621038187,0.04651171927120194,0.01696588098529645,0.006564259878301774,1.0,0.404,1.0,0.499,1.0,0.0
86,657540159,173.89826375027198,125.93077081749246,1.1282497644259797,706,True,False,False,27.860256161845374,0.16067245777895411,21.041740019482408,0.13246951863261366,0.470362823962348,0.1336409468405274,0.13090059126963077,0.0,0.1317228376865387,0.1336323767900467,0.0015134549466893077,0.3838526912181303,0.0,0.0,0.5415941531520612,0.29300214201211927,-0.05451574921607971,0.9419263456090652,0.008056157874804208,0.012131357354254661,2.6007432509661532e-09,0.001598087485022634,1.0,0.036827195467422094,1.0,0.3328611898016997,0.0,0.0
87,1508100295,206.04833786366515,148.99399748703416,1.3784780125543648,785,True,False,False,55.25977528628373,0.2362272658312841,46.17370661483409,0.04686786133048658,0.35784600525573707,0.046896290109116445,0.15080798276067264,0.0,0.0019989013671875,0.04688739776611328,0.0009132123086601496,0.4980891719745223,0.27388535031847133,0.0,0.5525384245962379,0.2851139599084854,-0.05272841453552246,0.9515923566878981,0.0012720647300940198,0.03232266564792805,2.6007432520503554e-09,0.0017560229459291303,1.0,0.035668789808917196,1.0,0.20382165605095542,0.0,1.0
88,226019867,-104.52206051414832,-111.19489339430459,0.1877610960052088,52,False,False,True,-67.12445004355752,0.17917784378061732,-73.31385246417301,1.5731162912188335,1.6378856616827333,1.689187009937983,0.6086658784411361,0.4694169192466913,0.6961534023284912,1.0041395425796509,1.3583285808563232,0.0,0.0,0.5747321844100952,0.546836317391493,0.5484525858564302,0.14946436882019043,1.0,0.1105397857540269,0.12330668933679406,0.00025968941520175537,0.003610790307792477,0.0,0.0,0.0,0.0,1.0,0.0
89,667780743,37.432338839629686,-60.89988429470103,2.611074104477693,1000,False,False,False,23.35057822148221,0.204176800855108,15.22536053832373,0.13447264911190282,0.403522382748338,0.1499831163050287,0.10067938813247368,0.009117442573911028,0.13447217643260956,0.1499709188938141,-0.0019127631094306707,0.455,0.0,0.0,0.45565193134592846,0.45367504715919493,-0.062044523656368256,0.798,0.0072618655283873835,0.01849293904278576,0.0025299705262846256,0.002611074104477692,0.0,0.198,1.0,0.405,1.0,0.0
90,498383730,7.931862027291261,-62.168367785368694,1.6700076604219922,1000,False,False,False,44.82059091474529,0.16496454879955616,37.87174079325339,0.05953302639608957,0.3319254837754353,0.05953302639608957,0.08643046617694165,0.03142351400933591,0.04378175735473633,0.04378175735473633,0.04034028947353363,0.581,0.152,0.5559581443667412,0.572951081094332,0.5592113871127367,0.11191628873348236,1.0,0.006411148756746132,0.011651005507097155,0.0028127948530848124,0.0016700076604219925,0.0,0.0,0.0,0.532,1.0,0.0
91,588981715,56.954619804583544,-69.7926561293802,3.558242531132125,1000,False,False,False,23.230483446668735,0.14926076358036794,16.752746881752586,0.19124031490833351,0.638394447721674,0.2053210923726583,0.11467059837319997,0.01039083536808997,0.191192626953125,0.20503005385398865,-0.010928311385214329,0.152,0.0,0.0,0.4707971527855843,0.111807517465204,-0.05965055897831917,0.823,0.00857234429286584,0.02075158962039436,0.004506609519010493,0.0035582425311321258,0.0,0.104,1.0,0.261,1.0,0.0
92,742924764,20.35907927111261,-68.62945702885217,2.299617876665489,1000,False,False,False,31.50242457587827,0.2060658090480532,23.320536646931554,0.23244957957035814,0.5061712150161994,0.2377247248632162,0.12867281833098682,0.04838707975619016,0.0029889107681810856,0.23584575951099396,0.02982989326119423,0.0,0.0,0.5402208380401134,0.5436410207564477,0.5388960004970431,0.0804416760802269,0.97,0.0002770649199136459,0.027183238398987737,0.0007493232808937907,0.002299617876665489,0.0,0.015,1.0,0.43,1.0,0.0
93,2053789632,195.70871214664083,144.6827814694924,1.2361976892382782,697,True,False,False,42.1965410960191,0.21655860250854278,33.70159753604453,0.006490578590708216,0.34833627053285426,0.010518643472226278,0.122790761712642,0.0,0.000301361083984375,0.010485554113984108,0.000833675847388804,0.539454806312769,0.34146341463414637,0.0,0.5456751101083086,0.18298883602023125,-0.05337394028902054,0.9340028694404591,0.001667851771133566,0.023566174661279787,2.6007432520503554e-09,0.0017735978324795944,1.0,0.05164992826398852,1.0,0.3672883787661406,0.0,1.0
94,1243069214,165.58286944124848,105.77834953725734,1.4361506634663728,836,True,False,False,40.167298962786546,0.16776745859294834,33.134724004823454,0.027234511676308307,0.38578241033624466,0.027253039893755583,0.10570747039957099,0.0,0.00016527176194358617,0.02725076675415039,0.00035198687692172825,0.45095693779904306,0.08971291866028708,0.0,0.5542673946483034,0.32000003203749655,-0.053426288068294525,0.9700956937799043,0.0025512317649164285,0.01474491331541439,0.0,0.0017178835687396811,1.0,0.03110047846889952,1.0,0.36004784688995217,0.0,1.0
95,432678313,-90.17053716434167,-98.38494517891954,0.19581360048592983,117,False,False,True,-30.72339199815729,0.16175755780676337,-36.95902979109089,1.5532404079456532,1.5999508220723329,1.6077646883207308,0.3186653189154068,0.1256496456458146,0.6432994604110718,1.0008474588394165,1.2582573890686035,0.0,0.0,0.5472103506326675,0.5293421370303656,0.557815465927124,0.09442070126533508,0.9658119658119658,0.07083823326691228,0.09278162087963282,0.001282083199466974,0.0016736205169737583,0.0,0.0,0.0,0.0,1.0,0.0
96,634649199,198.2047847983079,144.33184359376804,1.3084313734846569,731,True,False,False,60.66527790115079,0.20242667692664865,52.59376690304075,0.051645763092056166,0.4099490912210557,0.05167303694532587,0.11901758550162513,0.0,0.051639556884765625,0.05166683346033096,0.0008006668067537248,0.3707250341997264,0.106703146374829,0.0,0.5350164907263648,0.14689131283201276,-0.05375363305211067,0.9357045143638851,0.0038012131776913242,0.015032347841564101,1.0402973008201422e-08,0.001789919799568615,1.0,0.0506155950752394,1.0,0.21477428180574556,0.0,1.0
97,37235637,175.48883833198352,110.47687923981992,1.5397319697387821,941,True,False,False,24.933172906882046,0.2070567438182764,16.721626816462695,0.05415269430525912,0.5212710912482106,0.06746465961752132,0.1519431058408184,0.0,0.040682218968868256,0.06746359169483185,0.0003795957600232214,0.4027630180658874,0.2763018065887354,0.0,0.5454738043225396,0.2614679845608771,-0.052315957844257355,0.944739638682253,0.0022883689553078413,0.028906507598554978,2.600743252267196e-09,0.0016362720188509918,1.0,0.030818278427205102,1.0,0.1997874601487779,0.0,1.0
98,1305772342,70.97122947586465,-100.49210384507037,5.0487777773645,1000,False,False,False,31.52671215402288,0.2080888920762512,23.284131734230254,0.1065083027206864,0.37891361547456676,0.18708256401828122,0.10570607380288521,0.020034232338017228,0.04702634736895561,0.18516692519187927,-0.0267038494348526,0.626,0.0,0.0,0.40919624354399275,0.09208917872980237,-0.03930531069636345,0.707,0.0030646397764526262,0.02117554731981744,0.010905930745632203,0.005048777777364507,1.0,0.186,1.0,0.504,1.0,0.0
99,1165275128,180.10288818165424,140.9129113292754,0.9296658950792956,565,True,False,False,25.450572620850078,0.16396427764503604,18.53848206865971,0.0918872631275252,0.4802206642199529,0.09191501321533774,0.12715129832866612,0.0,0.09187793731689453,0.09190569072961807,0.0013090706197544932,0.30619469026548674,0.09557522123893805,0.0,0.5546509898702441,0.2692755709588528,-0.05418863147497177,0.9469026548672567,0.005881679692710567,0.016965733319323686,0.0,0.001645426362972205,1.0,0.05132743362831858,1.0,0.10973451327433628,0.0,1.0
100,583811102,13.61586863892145,-54.261316382999645,1.5959061673973725,1000,False,False,False,8.519667377638187,0.17771266688845636,1.1883737134793362,0.052944554772231485,0.5325951601067795,0.08522837871934529,0.14099308540862332,0.015164408140941584,0.00017347335233353078,0.057021427899599075,0.06334377080202103,0.391,0.222,0.5588095262646675,0.5617704325551167,0.5631473261117935,0.11761905252933502,0.988,0.009368313468494411,0.026722843196343687,0.00016407764084153988,0.0015959061673973716,0.0,0.0,0.0,0.223,1.0,0.0
101,1168068246,64.85379955493855,-4.477649216695587,1.6443816257211366,1000,False,False,False,21.1499997310086,0.22737538521919146,12.328824516927702,0.0740247265416647,0.5869011433545797,0.07405543741935759,0.15423354593128846,0.001070623909528481,0.07402458041906357,0.07405529171228409,-0.00014690398529637605,0.325,0.151,0.0,0.5574884328139015,0.5052395816799253,-0.05176465958356857,0.973,0.002464706824932359,0.027862409028248665,0.0007476501292955488,0.0016443816257211358,1.0,0.01,1.0,0.202,1.0,1.0
102,555937879,200.31290803626902,144.0565113988441,1.3365465545808362,808,True,False,False,38.153008970645416,0.2226233857885517,29.474902054940333,0.07672520843675948,0.49001249255326923,0.07717869898936322,0.17257482803374533,0.0,0.002853870391845703,0.07717867195606232,6.459713040385395e-05,0.297029702970297,0.12252475247524752,0.0,0.5520475113075602,0.2874215295910835,-0.05209634080529213,0.9344059405940595,0.002761913587009182,0.03449831145466321,0.0,0.001654141775471329,1.0,0.03341584158415842,1.0,0.1311881188118812,0.0,1.0
103,800230316,166.1111081702169,114.9892127535944,1.2200631805540856,726,True,False,False,24.508929916352294,0.13642039043486281,18.417673958489676,0.012170524926907728,0.4190286319199233,0.01217204697172433,0.10643061924713826,0.0,0.00017042159743141383,0.012171650305390358,-9.826660243561491e-05,0.4201101928374656,0.21763085399449036,0.0,0.544106737594441,0.2692488392442465,-0.053169574588537216,0.9476584022038568,0.0017896832636820285,0.013737351849424045,5.201486504100711e-09,0.0016805277969064536,1.0,0.03856749311294766,1.0,0.29614325068870523,0.0,1.0
104,1458649717,-10.715292343124815,-32.31878441816647,0.5067830691680576,320,False,True,False,46.2358708077432,0.19534939987589492,38.455610586440045,0.3960846906072418,0.856260269988867,0.3960846906072418,0.23334392243984592,0.14826665359843202,0.39045649766921997,0.39045649766921997,0.06653424352407455,0.0,0.0,0.6295948922634125,0.6017700812430121,0.5958292686939239,0.25918978452682495,1.0,0.01560003304716808,0.03162304432285495,0.002398077733372776,0.001583697091150181,0.0,0.0,0.0,0.0,1.0,0.0
105,1478023289,149.84577432377287,64.50960545298088,2.215205629026391,944,True,False,False,32.27376724660342,0.1611403337942722,25.439708816891308,0.1256507117992243,0.42337748377913587,0.12569475742360803,0.09776527716052605,0.0,0.12565068900585175,0.1256946623325348,0.00015461206203326583,0.4777542372881356,0.0,0.0,0.5017443172765849,0.2108811430633068,-0.054168373346328735,0.8877118644067796,0.007674905818887673,0.01001656536821071,0.0,0.002346616132443213,1.0,0.09322033898305085,1.0,0.388771186440678,0.0,0.0
106,952651705,35.58800585315182,-126.55725855993528,4.738175480436232,1000,False,False,False,15.80636848022284,0.19577887499970564,7.933088572726486,0.5190465857630968,0.7049102156075169,0.5542269815256319,0.09775624783891018,0.008757824741538234,0.35316142439842224,0.5421649813652039,0.11499860882759094,0.0,0.0,0.0,0.3570603789473389,0.21169626642600634,-0.09966877102851868,0.656,0.023322081888799497,0.02913495791918802,0.01107468777376996,0.004738175480436238,0.0,0.236,1.0,0.632,1.0,0.0
107,621463961,-46.22115663588048,-54.441789545671476,0.21268776365969994,92,False,False,True,-2.2518103968675263,0.18812912986065752,-9.1023286798432,1.2977082535730242,1.3516460457157065,1.2977082535730242,0.5588449123834632,0.3414814037535086,0.5644937753677368,1.0025303363800049,0.824002206325531,0.0,0.0,0.5967024192214012,0.6328828055411577,0.6094462205469608,0.19340483844280243,1.0,0.09780028420233465,0.1235561625454061,0.0003761715039737046,0.002311823518040217,0.0,0.0,0.0,0.0,1.0,0.0
108,1251300265,33.32307149255641,-40.60629973829896,1.7976457076951802,1000,False,False,False,41.9225231821988,0.19673546654702168,34.02054552828305,0.086377425311255,0.3525052704277571,0.08643948427479296,0.09577243897577678,1.3889044874634505e-06,0.0863710418343544,0.08643312752246857,0.001048288308084011,0.456,0.062,0.0,0.560617252943106,0.2938153878226876,-0.05409011244773865,0.974,0.005603114082985579,0.016103670948039637,4.1871966357642093e-07,0.001797645707695179,1.0,0.026,1.0,0.424,1.0,1.0
109,413166735,-87.74864974953233,-95.64885070084608,0.20200669837712487,92,False,False,True,-38.81928401678044,0.17615324014516973,-45.310525608291485,1.4592995102630282,1.4711028238128359,1.4592995102630282,0.6304211950748069,0.426790922445334,0.45422354340553284,1.002942681312561,1.0600287914276123,0.0,0.0,0.5854125991463661,0.5474815866302537,0.5764472161233425,0.17082519829273224,0.9782608695652174,0.10448979115953143,0.12527526107184905,0.0008478214942159307,0.002195724982360053,0.0,0.0,0.0,0.0,1.0,0.0
110,78844491,194.8710660606623,136.80440868698457,1.3655552457892612,855,True,False,False,51.88423728732465,0.23648417053262427,42.79008295567997,0.13927796979553003,0.6000161404254152,0.1392942903391771,0.15833175491970553,0.0,0.13923034071922302,0.13924665749073029,0.0036424852441996336,0.13216374269005848,0.0,0.0,0.5580281115763369,0.1541185611486435,-0.05196697637438774,0.9567251461988304,0.0060130568882727,0.025749230892100763,5.20148650366703e-09,0.0015971406383500123,1.0,0.044444444444444446,1.0,0.05497076023391813,0.0,0.0
111,288548080,202.986954256706,152.37678988610259,1.2363388123534484,676,True,False,False,52.798714329588314,0.2303270000889686,43.89114522210521,0.1053727463637028,0.49804263432697854,0.10539963553231668,0.14369991314913122,0.0,0.10537262260913849,0.10539951175451279,-0.00016153097385540605,0.2618343195266272,0.0,0.0,0.5659946297438672,0.27367244448512795,-0.05159637704491615,0.9600591715976331,0.004157010784121516,0.020703221790265236,1.0402973008201422e-08,0.001828903568570188,1.0,0.04142011834319527,1.0,0.1863905325443787,0.0,0.0
112,1758747646,29.859516862034834,-43.03841568716404,1.7632644183066295,1000,False,False,False,43.32645050202044,0.22475070239750347,34.584015772590234,0.01661606921176626,0.37001663079528313,0.030963927056781033,0.1250513409667074,0.017446616844827643,0.0021664618980139494,0.0021664618980139494,0.030888043344020844,0.444,0.236,0.5478272587060928,0.5782673017084599,0.5536286783590912,0.09565451741218567,1.0,0.0018625786835609252,0.026142478643722603,0.001402358959911363,0.0017632644183066316,0.0,0.0,0.0,0.246,1.0,0.0
113,60265409,241.8783228378626,193.6810526442859,1.1832423397858918,635,True,False,False,60.82880463828784,0.23178713940196202,51.87857405271384,0.04958220038667832,0.4374228778008954,0.06060912575460824,0.17819401601715235,0.0,0.0002976417599711567,0.060599423944950104,0.0010844087228178978,0.3826771653543307,0.2346456692913386,0.0,0.5524250528729323,0.19518857719842345,-0.05258685722947121,0.9480314960629921,0.0019738417308118555,0.038863349182719255,0.0,0.0018633737634423482,1.0,0.05196850393700787,1.0,0.14330708661417324,0.0,1.0
114,721080364,-82.7036295023514,-90.26827126934205,0.1794880588996887,109,False,False,True,-28.109294573577863,0.14176996789385324,-33.693639896613625,1.4772093924060041,1.5603882757701935,1.4772093924060041,0.5173034402092148,0.36785541643722075,0.49532002210617065,1.002638578414917,1.0848333835601807,0.0,0.0,0.6106778383255005,0.46331865405621125,0.5970684092491865,0.22135567665100098,0.8165137614678899,0.08850130589875356,0.09720316724732558,0.0010137385107224783,0.0016466794394466846,0.0,0.0,0.0,0.0,1.0,0.0
115,229601205,177.50970288495307,138.66058918986704,0.9163037898362,568,True,False,False,20.215388033738662,0.15223617474455817,13.654937479743241,0.05095931304429465,0.4930315569168493,0.050987829385817814,0.11753718490602999,0.0,6.29425039733178e-06,0.05098781734704971,-3.50379959854763e-05,0.3274647887323944,0.13380281690140844,0.0,0.5494046367261752,0.2893294095993042,-0.05355411022901535,0.9471830985915493,0.0037937262880545415,0.012274252275013778,1.3003716260034937e-08,0.0016132108975989445,1.0,0.04929577464788732,1.0,0.1813380281690141,0.0,1.0
116,1515063585,-53.572816273063616,-84.89200426560856,0.7093062664181644,502,False,True,False,7.304405794771187,0.12789098121743456,1.4805558191078876,0.3248618599504904,0.6612459872726019,0.3248618599504904,0.13200693679121275,0.01890962642821012,0.31555384397506714,0.315701961517334,0.0765996053814888,0.0,0.0,0.5037358694244176,0.5148694809641925,0.4370937690208666,0.00747173884883523,0.9123505976095617,0.05636696440301748,0.03441198908339098,0.0025282501346234054,0.001412960690076024,0.0,0.0,0.0,0.3386454183266932,1.0,0.0
117,582664441,166.9923403884751,111.94835920208655,1.3241327062129522,766,True,False,False,42.35688941890238,0.20052452722119826,34.34206056419569,0.06233578336997712,0.3030275237778912,0.08744052826908165,0.1197753339504536,0.0,0.00011100769188487902,0.0874260887503624,0.0015890216454863548,0.6253263707571801,0.26240208877284593,0.0,0.5584964705916856,0.31052344515919683,-0.05421894043684006,0.9608355091383812,0.005639662978092177,0.024358404354108083,5.201486504534392e-09,0.0017286327757349235,1.0,0.03263707571801567,1.0,0.34464751958224543,0.0,1.0
118,1930167067,24.96596385333687,-43.887890712353006,1.6284618188563276,1000,False,False,False,26.238294843338164,0.23858392516173516,17.080863430980912,0.09079952000932918,0.5252652260231503,0.09079952000932918,0.150169944363191,0.058776453205742624,0.06868524849414825,0.06868524849414825,0.05938762053847313,0.251,0.018,0.547938447445631,0.5705123948622495,0.5567001540958881,0.09587689489126205,0.991,0.015559282001152013,0.030654182178266594,0.0027397295721622687,0.0016284618188563268,0.0,0.0,0.0,0.105,1.0,0.0
119,1027610996,188.30571919970686,145.81892745623654,1.0075597247823422,613,True,False,False,25.282540400230978,0.16057363224154483,18.46955232541197,0.09832749505249026,0.5211063454151026,0.09835515020642495,0.14072082297826197,0.0,0.09832105785608292,0.0983487144112587,0.0011251425603404641,0.34910277324632955,0.052202283849918436,0.0,0.5371764546801864,0.24694228887557984,-0.0541938841342926,0.9282218597063622,0.006223218399168595,0.021295018154058723,0.0,0.0016436537109010478,1.0,0.048939641109298535,1.0,0.19738988580750408,0.0,1.0
120,2058213044,60.95632843746864,-86.56627552524995,4.25075346542396,1000,False,False,False,41.09374471302487,0.19726904179330235,33.17575980172071,0.7066888291522639,0.8739279847242201,0.758136206676332,0.09490630411448969,0.00455456830127352,0.7048044204711914,0.7546032071113586,-0.07310613989830017,0.0,0.0,0.0,0.3005726399496489,0.0,-0.07066516578197479,0.526,0.030734850342899446,0.03299858237838323,0.0021872146719846483,0.004250753465423959,0.0,0.261,1.0,0.546,1.0,0.0
121,739874895,57.90195041116127,-15.0715160533955,1.7657822154852114,1000,False,False,False,92.39934001973204,0.2080642423299721,84.15749909232741,0.03715565160891486,0.22804350776286764,0.07324265369514432,0.12470386189904889,0.0741591984394079,5.092620995128527e-05,0.031455039978027344,0.06614428758621216,0.69,0.387,0.5497271381318569,0.5678031617662637,0.5233501792768948,0.09945427626371384,0.998,0.03327555283621358,0.02924626085510492,0.00240754443881017,0.0017657822154852124,0.0,0.0,0.0,0.401,1.0,0.0
122,594460151,191.4868717688602,119.54818149497262,1.7419563424629187,984,True,False,False,63.0301183798951,0.2531456955143919,53.43584891995605,0.020855261045460958,0.4277628188302411,0.020881677572069813,0.16417912597163548,0.0,9.71794142969884e-05,0.020880699157714844,0.00020214081450831145,0.41971544715447157,0.07926829268292683,0.0,0.5603014128902601,0.2268354383111,-0.05332883074879646,0.9654471544715447,0.002227581783278132,0.032862523434684085,0.0,0.0017702808358362994,1.0,0.03353658536585366,1.0,0.09451219512195122,0.0,1.0
123,9883956,202.27713422416718,149.34408758510477,1.3251015546354092,659,True,False,False,36.22625164263039,0.14773263328834052,29.796931061775716,0.10459661476008868,0.4903590389176012,0.10462417424849506,0.1456784171192967,0.0,0.10459508746862411,0.10462264716625214,0.00056527613196522,0.4613050075872534,0.0,0.0,0.5101855075112594,0.20567380758002402,-0.05411369726061821,0.8831562974203339,0.006565956698451622,0.015932971789134793,5.201486504534392e-09,0.0020107762589308175,1.0,0.08497723823975721,1.0,0.291350531107739,0.0,0.0
124,2050880929,0.21355279002156635,-28.25657216144063,0.6516708317154105,446,False,True,False,37.41487680764015,0.1372349050494176,31.320441021449284,0.3562668828338502,0.8273743376274254,0.3562668828338502,0.18137606024482175,0.025369940692167293,0.34184712171554565,0.34260138869285583,0.09772604703903198,0.0,0.0,0.5195225235074759,0.5150123086177578,0.3874429056275403,0.039045047014951706,0.9035874439461884,0.0603129837140528,0.025378840873729682,0.0005050435335983081,0.0014611453625906056,0.0,0.0,0.0,0.16143497757847533,1.0,0.0
125,749775730,186.98718895507045,149.34447304626045,0.8894238636269992,548,True,False,False,23.482444856817114,0.1615853690514702,16.642995574079656,0.06662744308765342,0.5103974251862448,0.06665442838160238,0.13696967587906067,0.0,0.0666256919503212,0.06665267795324326,0.00048305749078281224,0.28832116788321166,0.14051094890510948,0.0,0.5386359752776155,0.220580732524395,-0.05380629003047943,0.9361313868613139,0.004590473736101282,0.012661539938016955,5.201486504534392e-09,0.0016230362474945245,1.0,0.060218978102189784,1.0,0.06204379562043796,0.0,1.0
126,1664184446,237.147615379747,193.1474341358288,1.0573393747972755,614,True,False,False,53.472574975296354,0.20318235562567957,45.38128299002893,0.037897355135750994,0.44556527177539895,0.03791799435281423,0.15707386913302743,0.0,0.0376676544547081,0.03791046142578125,0.0007557845092378557,0.4511400651465798,0.23778501628664495,0.0,0.53342908293658,0.3184215700626373,-0.05362105369567871,0.9153094462540716,0.0030888039321930547,0.023060143881544915,1.5604459512302132e-08,0.0017220510990183628,1.0,0.04071661237785016,1.0,0.32247557003257327,0.0,1.0
127,1005736261,158.48774304034293,111.90453168829814,1.0894403784014957,695,True,False,False,17.31853721895386,0.1545783535489271,10.683037969777923,0.022056089556800162,0.424497467863104,0.022433167025532365,0.09825960476912841,0.0,0.021363640204072,0.02236490324139595,0.001748738344758749,0.3841726618705036,0.260431654676259,0.0,0.5423808857290201,0.30084388628602027,-0.053709037601947784,0.9482014388489208,0.002247929185749753,0.009637449224197113,2.600743251833515e-09,0.0015675401128079087,1.0,0.03597122302158273,1.0,0.31654676258992803,0.0,1.0
128,537036580,193.08419841793068,156.90680911042398,0.8519129769168926,531,True,False,False,19.68538923579829,0.16600974428131524,12.71472008110325,0.24667231863773226,0.6907861189517276,0.24669865157038126,0.1785137510099249,0.0,0.24666909873485565,0.24669542908668518,0.0012609339319169521,0.0,0.0,0.0,0.5312140247450327,0.1876274353050394,-0.05511391907930374,0.9133709981167608,0.013925180400292954,0.02116498800461456,2.6007432527008767e-09,0.0016043558887323761,1.0,0.064030131826742,1.0,0.13559322033898305,0.0,0.0
129,828663290,43.331806935879115,-27.246167716961224,1.6859324884280154,1000,False,False,False,47.50427790875514,0.22143932063669683,38.861184632149104,0.023598369060319164,0.46628638121687166,0.03248964036839427,0.13595932137093938,0.010282273532532518,0.0002532005310058594,0.029471969231963158,0.0136740542948246,0.318,0.127,0.5524563640356064,0.5734176276855578,0.5945247706025839,0.10491272807121277,0.999,0.0002693810239755218,0.027550253335384748,0.0019190481951078238,0.0016859324884280155,0.0,0.0,0.0,0.088,1.0,0.0
130,1427199343,273.68258580265115,204.83588031076255,1.9522235163962927,514,True,False,False,73.56488222195894,0.22376315589585055,64.86340370434536,0.11173604751018244,0.3627103957161921,0.11467328513770143,0.21264598571178298,0.0,0.0009098052978515625,0.11467094719409943,0.0007322526071220636,0.6167315175097277,0.0,0.0,0.4665727090241808,0.0885813679266721,-0.05166572704911232,0.7840466926070039,0.004658827445529867,0.04612770104003422,2.600743251833515e-09,0.003798100226451931,1.0,0.054474708171206226,1.0,0.39105058365758755,0.0,0.0
131,761445496,170.43594758085686,109.10330470165664,1.4390880959733383,908,True,False,False,17.6142851939219,0.2068163108409742,9.410013532735006,0.051919916231925815,0.6054390378991009,0.05192334922770173,0.1479893950114529,0.0,0.05190629884600639,0.051909733563661575,0.0011890148743987083,0.21696035242290748,0.09140969162995595,0.0,0.5470973588627536,0.3184749720990658,-0.0527302622795105,0.9548458149779736,0.0015387458371627209,0.02681065586790951,7.802229756151066e-09,0.0015848987841116068,1.0,0.02753303964757709,1.0,0.046255506607929514,0.0,1.0
132,2057742878,206.4182569831609,166.6663724848883,0.93506281660909,585,True,False,False,43.983374476769185,0.15622564988270687,37.302197645665586,0.09215248051316763,0.5203865340750373,0.09217316985971508,0.15757908896319064,0.0,0.09214840084314346,0.09216909110546112,0.0008671140531077981,0.28034188034188035,0.10598290598290598,0.0,0.5766562098621303,0.29358739644289017,-0.05206839367747307,0.9572649572649573,0.0035487401748281458,0.013049468200016531,2.600743251833515e-09,0.0015983979771095548,1.0,0.044444444444444446,1.0,0.09914529914529914,0.0,1.0
133,1654955899,-95.75707958398853,-102.28506026619701,0.16026602274028273,86,False,False,True,-43.44922095014357,0.1388925646378543,-48.77332944496966,1.5961937456391517,1.6585287665541002,1.6655403868647811,0.328218483284617,0.17662005012485812,0.7303549647331238,1.0001696348190308,1.3317978382110596,0.0,0.0,0.5650683715939522,0.5030140626043904,0.5618346825987101,0.13013674318790436,0.9186046511627907,0.07616417573855597,0.09051188825010369,0.000283481014471329,0.0018635584039567766,0.0,0.0,0.0,0.0,1.0,0.0
134,999665527,1.2052129161661427,-88.47229118881594,2.3225834701660664,1000,False,False,False,60.03003115071637,0.1893060771443758,52.35093517887986,0.2559297263943105,0.42664524005815535,0.2559297263943105,0.09338597312366965,0.04676337512949897,0.25424709916114807,0.25424709916114807,0.02929910272359848,0.0,0.0,0.5643951296806335,0.573751286383369,0.5704968470335007,0.1287902593612671,1.0,0.010567667675300107,0.019668119788361197,0.0034791663917214527,0.0023225834701660684,0.0,0.0,0.0,0.562,1.0,0.0
135,1601570055,-54.70058666691183,-61.335749744108334,0.1811721025732165,60,False,False,True,-23.040631639979416,0.1680431042446124,-28.98761148253627,1.3683820376478995,1.4202878773038905,1.3683820376478995,0.6317706167441045,0.38615301154856857,0.6933717727661133,1.0027964115142822,0.931057870388031,0.0,0.0,0.58804951608181,0.660536169881622,0.6480330912768841,0.17609903216362,1.0,0.10442090267227164,0.12675783237987767,0.00028470856528628463,0.0030195350428869417,0.0,0.0,0.0,0.0,1.0,0.0
136,12271510,241.6403669361025,211.30302277765878,0.7072448052814619,456,True,False,False,42.461356032181136,0.16621021139849076,35.495499003687605,0.07326057892266125,0.540073681839988,0.07328756464998928,0.20874139407743517,0.0,0.07325983047485352,0.07328681647777557,-0.0003311538603156805,0.3157894736842105,0.13596491228070176,0.0,0.5203274997327019,0.15549400500953198,-0.05367432162165642,0.8925438596491229,0.004960680110333536,0.02966457718998619,0.0,0.0015509754501786446,1.0,0.08333333333333333,1.0,0.07236842105263158,0.0,1.0
137,1787728803,45.4466210142476,-103.98182761546562,4.314281620990442,1000,False,False,False,42.831037253859435,0.18012363766939676,35.42741446627226,0.3496366646258768,0.5124379100155637,0.3553510222846165,0.08775661774673355,0.030196523364119265,0.3493492007255554,0.35514336824417114,0.01214648224413395,0.0,0.0,0.0,0.44140923793590625,0.3384732168074697,-0.08292228728532791,0.79,0.019726113516886103,0.014655737542132837,0.0070571636277633135,0.0043142816209904445,1.0,0.21,1.0,0.659,1.0,0.0
138,1945554712,9.101567459898241,-63.634969107538986,1.757884552247901,1000,False,False,False,41.1126323043938,0.1839145371748169,33.59528253164421,0.060823020209490236,0.39894212268829016,0.06712762090228568,0.10983055062851041,0.09318375390859508,0.02110614813864231,0.02110614813864231,0.06372321397066116,0.475,0.263,0.6128817647695541,0.5669903462701477,0.5854908269643784,0.22576352953910828,0.999,0.027822907354817475,0.017763605949128587,0.0018665794394148137,0.0017578845522479014,0.0,0.0,0.0,0.316,1.0,0.0
139,628675380,-77.53509090300649,-86.95917467958492,0.22013612588594722,141,False,False,True,-17.546352779278138,0.16180533611648565,-23.915679570683544,1.388276953649915,1.4729363591025815,1.388276953649915,0.4673512325032078,0.28778612113952956,0.40310725569725037,1.001373529434204,0.9615424871444702,0.0,0.0,0.5995290577411652,0.4932762266182942,0.5826799465715885,0.19905811548233032,0.8794326241134752,0.08036962439046783,0.09857223371564444,0.0003641664731223182,0.0015612491197584913,0.0,0.0,0.0,0.0,1.0,0.0
140,485269103,242.03685535443935,192.82149466868182,1.1825120228585926,687,True,False,False,54.882329452052545,0.1963585145685855,46.993580374178656,0.007727160731690409,0.4707058685856331,0.00825088341753499,0.17276385918115614,0.0,3.623962356869015e-06,0.008237743750214577,0.0004654622171074152,0.33915574963609896,0.14119359534206696,0.0,0.5403613528708509,0.2692391760647297,-0.05308568477630615,0.9388646288209607,0.0007189978221611555,0.03661602817337645,0.0,0.0017212693200270638,1.0,0.040756914119359534,1.0,0.16011644832605532,0.0,1.0
141,1372997985,42.51824085564007,-29.65610547923152,1.7391448778290521,1000,False,False,False,21.602273916775864,0.20933138862945574,13.322418600387,0.18053409572076262,0.6219123654390618,0.18053409572076262,0.15770204826126163,0.036340280124353114,0.17310667037963867,0.18046894669532776,-0.004849638789892197,0.039,0.0,0.5397150292992592,0.537195158248127,0.5303028674982488,0.07943005859851837,0.969,0.016423960212755977,0.030160677223978336,0.0010261492575211577,0.001739144877829052,0.0,0.007,1.0,0.283,1.0,0.0
142,89323474,242.25638709613125,197.50830766276715,1.0742693144454698,626,True,False,False,57.18203972355168,0.2250928617947002,48.432957791551296,0.08660276217790454,0.4255519186580079,0.08676675066294753,0.186253091691242,0.0,0.0006262779352255166,0.08676309883594513,0.0007960533839650452,0.46645367412140576,0.08626198083067092,0.0,0.5389529759601389,0.2422134682536125,-0.052134376019239426,0.9121405750798722,0.0032754748798507964,0.034724367828179635,5.201486504100711e-09,0.0017160851668457991,1.0,0.04952076677316294,1.0,0.36900958466453676,0.0,1.0
143,1586705974,1.9747236372904224,-71.23152883398522,1.773541749042518,1000,False,False,False,35.1915720761187,0.19761639552015162,27.26316655300903,0.08056554211967537,0.30302291089551875,0.08355769122856373,0.09261579965009675,0.017077560101024222,9.288787987316027e-05,0.08081197738647461,0.02124410681426525,0.659,0.212,0.5506796985864639,0.5644033310804516,0.553142216950655,0.10135939717292786,0.983,0.0029156955355017456,0.017808461123370447,0.002783845654853555,0.0017735417490425183,0.0,0.0,0.0,0.469,1.0,0.0
144,391638893,161.96932304040524,98.31936165916856,1.5629987127078921,838,True,False,False,21.14563636883071,0.19945575741881139,13.162403514975145,0.0076159000868951015,0.45995769172456413,0.007643139309329173,0.1357285499817037,0.0,0.007483768276870251,0.00751152029260993,0.0014123177388682961,0.3138424821002387,0.2064439140811456,0.0,0.5634966295813755,0.267743965908885,-0.05332179367542267,0.9618138424821002,0.0007188859902013182,0.030443629729549223,5.201486504100711e-09,0.0018651535951168159,1.0,0.03341288782816229,1.0,0.13723150357995226,0.0,1.0
145,1169248461,189.87285562735053,137.42103107645613,1.2837274850298135,697,True,False,False,66.14127884950038,0.22483791834484929,57.39795581443667,0.025016494760176,0.279340612888728,0.03592417305372107,0.10414860919021993,0.0,5.9413909184513614e-05,0.035891152918338776,0.0015399194089695811,0.5509325681492109,0.40889526542324245,0.0,0.5743074874918763,0.3089332304149866,-0.05378621816635132,0.9655667144906743,0.002956763547101653,0.014028178085643663,2.600743252267196e-09,0.0018417897920083416,1.0,0.035868005738880916,1.0,0.4232424677187948,0.0,1.0
146,1148949906,244.19648113222803,215.43460174299042,0.7100626463079146,373,True,False,False,57.26125842799658,0.16632590141102568,50.31857451828778,0.24421064021625963,0.6817917230464166,0.24423554919445273,0.22651234694322728,0.0,0.24418191611766815,0.24420681595802307,0.003746268805116415,0.0,0.0,0.0,0.5159347933060402,0.010288190562278032,-0.05558421462774277,0.8579088471849866,0.013772772944609088,0.01568795588275532,5.20148650366703e-09,0.001903653207259825,1.0,0.1260053619302949,1.0,0.08847184986595175,0.0,0.0
147,1856387900,209.5349467705936,162.66749893600016,1.1169149278197756,668,True,False,False,37.06736988501079,0.1604485993785962,30.25634041416016,0.0039888055150987325,0.47654124823502686,0.003993382733723077,0.14506563274167836,0.0,0.00144023890607059,0.0038334846030920744,0.001118705258704722,0.3907185628742515,0.18862275449101795,0.0,0.548807585572902,0.2972742311656475,-0.05329125374555588,0.9446107784431138,0.0009195140703407614,0.022044595424357886,2.6007432520503554e-09,0.0016720283350595453,1.0,0.038922155688622756,1.0,0.2679640718562874,0.0,1.0
148,1452815149,-84.43818492051214,-91.30213701292733,0.1654650697471734,95,False,False,True,-31.944606909062898,0.13031286157087124,-37.08420059840206,1.5437662356307735,1.6153206174748134,1.566825978683563,0.49324327640056836,0.3544103009030502,0.5773809552192688,1.000889778137207,1.2054722309112549,0.0,0.0,0.5692479386925697,0.4207355468877052,0.5618581014871598,0.13849587738513947,0.7578947368421053,0.08351938454300198,0.08817161172991202,0.0017986116152662462,0.001741737576286035,0.0,0.0,0.0,0.0,1.0,0.0
149,118590695,277.12597848549484,246.7902704137963,0.7218569357232836,434,True,False,False,86.11289138882665,0.2161826120428601,77.65292267466256,0.04613208890017723,0.3926072220196527,0.0461596445767035,0.2155588642727598,0.0,6.11305222264491e-05,0.04614667966961861,0.0010939574567601085,0.43317972350230416,0.2511520737327189,0.0,0.5663866050678739,0.269106929898262,-0.052782539278268814,0.9354838709677419,0.0012422631382619088,0.04396478853405165,1.0402973007984581e-08,0.0016632648288554908,1.0,0.06682027649769585,1.0,0.14055299539170507,0.0,1.0
150,816655702,164.70788027024827,116.5402586920857,1.1369207192720854,703,True,False,False,26.011191308158974,0.14992881652722298,19.515035142460885,0.006865803907423194,0.3880691075651275,0.006893104354561476,0.09982651095944699,0.0,0.00676651019603014,0.006794166751205921,0.0011636948911473155,0.45519203413940257,0.24751066856330015,0.0,0.544180382763143,0.13245532897301018,-0.05341465398669243,0.9459459459459459,0.001465018667082534,0.010145282824842698,5.201486504100711e-09,0.0016172414214396659,1.0,0.05405405405405406,1.0,0.2631578947368421,0.0,1.0
151,1777571204,254.36688211224993,210.54324803336408,1.0621211359628515,598,True,False,False,70.58714893945795,0.24720123618754586,61.17601953527495,0.01627903400361326,0.4063538326448021,0.016319272339452864,0.17898880507211204,0.0,0.00010156631469726562,0.016266345977783203,0.001313254819251597,0.3963210702341137,0.2591973244147157,0.0,0.5653752277116213,0.2744182051718235,-0.0531998835504055,0.9548494983277592,0.0002734004726715349,0.03816775843209501,0.0,0.0017761223009412255,1.0,0.046822742474916385,1.0,0.1939799331103679,0.0,1.0
152,25063030,182.8783696420607,126.6476191014455,1.3443583513538448,795,True,False,False,28.35575759171461,0.18909584648824934,20.683559853711223,0.1145994783403494,0.5530559961172234,0.11463194787157453,0.13945143211497849,0.0,0.11458893120288849,0.1146213561296463,0.0015582656487822533,0.2138364779874214,0.0,0.0,0.5347389192169579,0.04546845436096191,-0.05187768489122391,0.9132075471698113,0.004697316820195386,0.027845986039744804,5.097456773984002e-07,0.001691016794155777,1.0,0.05911949685534591,1.0,0.15345911949685534,0.0,0.0
153,1360549999,191.01716814929665,143.48389549484324,1.15510908848178,644,True,False,False,35.59825483661337,0.18514778151902955,28.046912364789865,0.07273300043823372,0.4474852269595925,0.10534434965920117,0.12635245031970227,0.0,9.288787987316027e-05,0.10534162819385529,0.000757215020712465,0.42391304347826086,0.17857142857142858,0.0,0.528420848583252,0.21009755848441272,-0.05182880535721779,0.9192546583850931,0.00419849198880559,0.02553839384987687,2.6007432527008767e-09,0.0017936476529220192,1.0,0.05124223602484472,1.0,0.17080745341614906,0.0,0.0
154,1128058892,177.57710923072875,117.15483429700586,1.4680758311241022,819,True,False,False,37.566789634376526,0.21304206180716093,29.176060200173836,0.023198366840071392,0.37363605464616534,0.02322573639006599,0.12815533144930188,0.0,1.735687328618951e-05,0.023219967260956764,0.0005176400882191956,0.48717948717948717,0.24053724053724054,0.0,0.5573839285872622,0.2387730216421187,-0.05342631787061691,0.9584859584859585,0.002336927920205863,0.028373119069883237,5.201486504100711e-09,0.0017925223823249084,1.0,0.03663003663003663,1.0,0.2698412698412698,0.0,1.0
155,1835097532,89.6829118841386,-214.54392206549795,9.47422779832121,1000,False,False,False,25.75252093175073,0.14679399815129945,19.34878732970668,0.3510943352630885,0.6348878002544303,0.3510943352630885,0.09573453816179492,0.01875238831279994,0.3502925932407379,0.3502925932407379,0.023713527247309685,0.0,0.0,0.0,0.28498080885625676,0.11345238639041781,-0.04837373271584511,0.511,0.03068551684415168,0.027627396942102117,0.021832940515322117,0.00947422779832122,1.0,0.314,1.0,0.569,1.0,0.0
156,131059846,157.8017263259041,109.35069753168919,1.1517009598071601,695,True,False,False,1.7601631047350264,0.14901542427620348,-4.708448266259249,0.0831960097105379,0.5432327360639151,0.09097562641412664,0.1390386494890324,0.0,0.07067938148975372,0.0909702330827713,0.0009906030027195811,0.29640287769784174,0.1856115107913669,0.0,0.5516765009749198,0.24322335899341851,-0.05211801454424858,0.9553956834532374,0.0034947204618331266,0.016445494659057116,2.600743251833515e-09,0.00165712368317577,1.0,0.04316546762589928,1.0,0.14676258992805755,0.0,1.0
157,1371903228,4.527290892647552,-67.85582952913127,1.7461040140592963,1000,False,False,False,27.711001053653234,0.20097239892978783,19.6819154282545,0.03139243243058236,0.39667878067585677,0.03142511513003792,0.11508077692252729,0.03244315119118912,7.61985793360509e-05,0.004677295684814453,0.03107508271932602,0.437,0.338,0.5532469637691975,0.58321664945269,0.5807430019974709,0.10649392753839493,0.999,0.021653213552147294,0.020289561907844963,0.0005171239860039881,0.0017461040140592952,0.0,0.0,0.0,0.198,1.0,0.0
158,1386590529,196.16962692942465,158.18718484131557,0.9080814029369718,537,True,False,False,38.53571232392856,0.1583995025064172,31.792787275790637,0.08022141554322701,0.46280392590948904,0.09253203605790437,0.14061330781281178,0.0,2.193450927734375e-05,0.09252242743968964,0.0013334607938304543,0.35940409683426444,0.17318435754189945,0.0,0.5458503907418062,0.15969193112105132,-0.05217984318733215,0.9329608938547486,0.0035883764772678102,0.022172834273769867,2.600743251833515e-09,0.0016910268211116812,1.0,0.0670391061452514,1.0,0.06890130353817504,0.0,1.0
159,1177456203,9.619230217800913,-72.37263379147873,2.066395466975991,1000,False,False,False,21.780673136824714,0.12185943036844388,16.124976568266188,0.32059500786477224,0.6881674881415538,0.34521760902958104,0.12419580598319643,0.06917971269257676,0.32035380601882935,0.34453630447387695,-0.021677926182746887,0.0,0.0,0.5301469471305609,0.5413350361351622,0.5364992168545722,0.06029389426112175,0.975,0.020136681150739525,0.02387040353738437,0.0006477983307022622,0.002066395466975992,0.0,0.0,0.0,0.383,1.0,0.0
160,882685052,31.69828438913711,-79.88362843385738,3.0527304274331346,1000,False,False,False,48.418091319863784,0.24944463134195696,38.93483872209985,0.3312951681675172,0.5268458014132228,0.3340869366811197,0.11102070690061487,0.045616370070465324,0.00010538101196289062,0.3331572413444519,0.024906501173973083,0.0,0.0,0.542890153825283,0.49473850170255174,0.5421561030484736,0.0857803076505661,0.883,0.014167293992597483,0.030112189013661812,0.0004314828110862524,0.0030527304274331345,0.0,0.117,1.0,0.533,1.0,0.0
161,867409381,176.44602822356967,116.94775964696174,1.449942285886932,800,True,False,False,25.737177923295754,0.18788177201041442,18.101369207709027,0.01595657832803885,0.4166263427729834,0.015983736826326804,0.139465952093143,0.0,0.0010934829479083419,0.015970420092344284,0.0006523227784782648,0.48875,0.1525,0.0,0.5324098329124536,0.17311822277493774,-0.05338648334145546,0.93125,0.0019575901738692766,0.02731262318884325,0.0,0.0018124278573586655,1.0,0.04875,1.0,0.2175,0.0,1.0
162,241021414,173.71977285479664,130.7385445430762,1.036707610390679,594,True,False,False,16.834981078692934,0.1437728735100801,10.526903869672283,0.004525836923405791,0.43622216350077286,0.005373466743676851,0.11702437662749797,0.0,6.561279587913305e-05,0.00533294677734375,0.0006586528033949435,0.38552188552188554,0.2441077441077441,0.0,0.5476936692421353,0.25376559218391775,-0.053164299577474594,0.9444444444444444,0.0008604906086020622,0.011317503422129975,2.6007432520503554e-09,0.0017452990073917164,1.0,0.04882154882154882,1.0,0.1734006734006734,0.0,1.0
163,674548240,209.3033946877344,164.4893813359663,1.0704671117256086,635,True,False,False,33.6153239516605,0.21205402593386008,25.257086770129515,0.08552332734168712,0.6586569062833234,0.08799712119982937,0.18139382930236125,0.0,0.08146972954273224,0.08799438178539276,0.0006943440530449152,0.17795275590551182,0.10866141732283464,0.0,0.5606437523504646,0.27537138588726523,-0.05208996683359146,0.9574803149606299,0.0033322364264192685,0.03746926605931722,1.3003716260034937e-08,0.0016857749790954463,1.0,0.04409448818897638,1.0,0.05984251968503937,0.0,1.0
164,783109940,201.8277504205936,147.53126182100604,1.333216286652918,715,True,False,False,32.784667918107615,0.18621857265156977,25.199624976533528,0.10543940023575928,0.5014573250877293,0.1277691574995569,0.16309873476907763,0.0,0.0018389702308923006,0.1277124434709549,0.0038064932450652122,0.393006993006993,0.0,0.0,0.5127797061189932,0.2214046448469162,-0.05497927963733673,0.8867132867132868,0.00769071638730258,0.031080702579128542,5.20148650366703e-09,0.0018646381631509347,1.0,0.08251748251748252,1.0,0.1972027972027972,0.0,0.0
165,2026472473,-1.321494730003148,-75.18629172365388,1.7954932331216906,1000,False,False,False,44.25702397933415,0.20025696518250943,36.24940136635369,0.11170461685306883,0.35653389495393606,0.11170461685306883,0.10476206913887276,0.060214172578777495,8.40187058201991e-05,0.10573740303516388,0.036021146923303604,0.589,0.0,0.5678545758128166,0.5759689256604761,0.577101402580738,0.13570915162563324,1.0,0.0166332433226185,0.017569935822389162,0.0017165737701241995,0.0017954932331216873,0.0,0.0,0.0,0.199,1.0,0.0
166,1224070920,214.3826248487458,167.9200522615552,1.136085752906353,619,True,False,False,59.07758532905545,0.20445703537187157,50.94784815433233,0.06515725558449699,0.42860090912385734,0.06605802176190928,0.13082179642701855,0.0,0.06171846389770508,0.06605510413646698,0.0006208515260368586,0.37318255250403876,0.12277867528271405,0.0,0.5638437716197072,0.28996909901499746,-0.052395883947610855,0.9563812600969306,0.0022283151928752048,0.015800525638093324,1.0402973008201422e-08,0.0018353566282816685,1.0,0.045234248788368334,1.0,0.26978998384491115,0.0,1.0
167,856913638,188.34310363084097,128.47798340979773,1.4328373407014348,844,True,False,False,19.667423794834562,0.24561420683157234,10.299411717545075,0.06020479008321764,0.5943948382200621,0.060232059960203296,0.17790182120101747,0.0,0.06019439548254013,0.06022167205810547,0.0011185980401933193,0.283175355450237,0.10071090047393365,0.0,0.5557498953247805,0.2102333551645279,-0.05260053649544716,0.9549763033175356,0.0019562846007567572,0.031287545151836314,5.201486504100711e-09,0.0016976745742907995,1.0,0.04028436018957346,1.0,0.10071090047393365,0.0,1.0
168,626537496,2.448118979006601,-67.21960305217767,1.655590734372804,1000,False,False,False,24.86547507128463,0.15894932798404976,18.09708157425802,0.05403575511089308,0.4227761946908204,0.07018456436186186,0.10217347914765008,0.049406635043083943,4.76837158203125e-05,0.025341128930449486,0.06544998288154602,0.434,0.336,0.6047883629798889,0.554732018132112,0.5718635962158441,0.20957672595977783,0.981,0.022197104387701182,0.01775265906294493,0.001724295376839477,0.0016555907343728052,0.0,0.0,0.0,0.314,1.0,0.0
169,154517276,3.0271642205304152,-68.60522742973401,1.7210797216754852,1000,False,False,False,52.222753608420064,0.20829335263953683,43.97403937172895,0.060164759822087965,0.26237449721900136,0.10477086219577197,0.08437433898825417,0.022136695226252796,0.011406230740249157,0.09468860924243927,0.04484418407082558,0.677,0.345,0.5872338712215424,0.5714571833619848,0.5708389936387539,0.17446774244308472,0.999,0.011484532400999316,0.01518534697374734,0.0012223558303124677,0.0017210797216754851,0.0,0.0,0.0,0.499,1.0,0.0
170,916885238,-3.5992493893586186,-49.55120041098119,1.1537317007207495,567,False,True,False,57.31334829369918,0.17330375622330713,50.1209373123951,0.3405953992958398,0.6029631127854576,0.37107335390109786,0.13698087846708296,0.012391911815207,0.3324607014656067,0.36739206314086914,0.052139293402433395,0.0,0.0,0.0,0.5404076782424823,0.4096560038102325,-0.055471256375312805,0.9541446208112875,0.027377597692231803,0.030341376159755105,0.010379363460880094,0.002034800177638007,0.0,0.010582010582010581,1.0,0.3386243386243386,1.0,0.0
171,515494164,24.958424248313744,-45.26009145325687,1.6739505233856795,1000,False,False,False,39.31240148463419,0.22266605501302772,30.632506176738193,0.08040955879274585,0.45717949494002985,0.08040955879274585,0.123297709749131,0.030055442329075904,0.00021419525728560984,0.00021419525728560984,0.08040927350521088,0.291,0.097,0.5858897939324379,0.5687693670126609,0.5561276292987167,0.1717795878648758,1.0,0.005931175737911585,0.02511261709138915,0.0015841409978946466,0.0016739505233856803,0.0,0.0,0.0,0.223,1.0,0.0
172,1344467073,71.44047366669412,-10.420013693992463,2.0620162453562147,1000,False,False,False,59.77368073500012,0.19818083122450816,51.82834214075973,0.14241268135397012,0.30450171454203095,0.1440157987223527,0.07812324404463729,0.00816504322407611,0.14234666526317596,0.14401578903198242,5.283117207000032e-05,0.581,0.0,0.0,0.43509832663368436,0.0773746682703495,-0.059666216373443604,0.745,0.007815784179735288,0.009615329505442262,0.0008851135517067947,0.0020620162453562152,1.0,0.256,1.0,0.674,1.0,0.0
173,743363182,193.08529738336807,150.20321842355656,0.9887359653270457,661,True,False,False,21.499359851148142,0.23149285608148706,12.557179683984865,0.28615964554955187,0.7996712623609682,0.286185902922753,0.18591053690902762,0.0,0.28614717721939087,0.28617343306541443,0.0026715612038969994,0.0,0.0,0.0,0.5469418447831034,0.14487202927470208,-0.048152413219213486,0.9334341906202723,0.012851727524132241,0.039179948701478236,2.6007432509661532e-09,0.0014958184044282083,1.0,0.059001512859304085,1.0,0.05143721633888049,0.0,0.0
174,1926328121,161.1011486467906,108.63663402483064,1.2354838207319936,770,True,False,False,17.38848431622583,0.1739650646265987,10.170403601438196,0.10102463718773062,0.5221374428507324,0.10105219746219805,0.12913532589964477,0.0,0.10102281719446182,0.10105037689208984,0.0006065821507945657,0.22337662337662337,0.0,0.0,0.5339071883021721,0.15953492850065232,-0.05409739166498184,0.9402597402597402,0.00637854648952449,0.02386809325155219,7.802229756367907e-09,0.0016045244425090847,1.0,0.046753246753246755,1.0,0.14285714285714285,0.0,0.0
175,1395484617,-67.35898149460554,-73.57500943376164,0.17520093130520353,48,False,False,True,-37.62569864569761,0.16874316395201389,-43.45341328237345,1.4142924978329179,1.4778897347246076,1.4142924978329179,0.6384215800982972,0.47487709809875067,0.7608249187469482,1.0026347637176514,0.9974702000617981,0.0,0.0,0.6643354892730713,0.6918648385132352,0.6918648385132352,0.3286709785461426,1.0,0.1223228275643794,0.13331261147394358,0.0015060800142778635,0.0036500194021917396,0.0,0.0,0.0,0.0,1.0,0.0
176,126288124,132.164554791851,63.688247182964204,1.639210253629555,965,True,False,False,19.364193036218577,0.1948825972086176,11.517837861843288,0.05414089914762959,0.4225497996429577,0.0556732314931518,0.10771027330001012,0.0,0.049358464777469635,0.05566806718707085,0.0007582879043184221,0.40932642487046633,0.13678756476683937,0.0,0.5583858647933857,0.27555431589484214,-0.05257359519600868,0.9626943005181348,0.0017101232766733503,0.017295301468880038,1.0402973008201422e-08,0.0016986634752637888,1.0,0.029015544041450778,1.0,0.26424870466321243,0.0,1.0
177,244472222,261.61919706026106,224.0100988079,0.8889699417453631,547,True,False,False,74.71860587959802,0.19400682527420898,66.90659484743895,0.06252527123062417,0.3386991069623657,0.06471313994512336,0.2078868687538571,0.0,7.82012921263231e-06,0.06469373404979706,0.0015846943715587258,0.5813528336380256,0.3802559414990859,0.0,0.5531546915447173,0.27928771570324895,-0.05404307320713997,0.9451553930530164,0.0044536118981135225,0.04153255190330109,1.3003716260034937e-08,0.0016251735680902428,1.0,0.04936014625228519,1.0,0.34186471663619744,0.0,1.0
178,624263177,219.28677233743952,176.59000854550473,1.0238921263978236,599,True,False,False,43.39750247653317,0.20879962388265627,35.13837236468239,0.03371690973334411,0.4500931618952704,0.037656058241146886,0.1408892038336002,0.0,0.0008238792652264237,0.037656020373106,5.3403378842631355e-05,0.4507512520868113,0.1686143572621035,0.0,0.5324697755055599,0.1890115026757121,-0.05263608694076538,0.9015025041736227,0.0007664222128154786,0.019827836451388286,5.201486504100711e-09,0.0017093357702801725,1.0,0.06176961602671119,1.0,0.2988313856427379,0.0,1.0
179,1916746531,190.1125208258629,134.09787080868838,1.3144883339058147,829,True,False,False,46.133228662984294,0.23374948639857884,37.121225582142515,0.09385749240117668,0.4882736842172609,0.09388533172600065,0.15619778859677222,0.0,0.032346151769161224,0.09387531131505966,0.0013716554967686534,0.16043425814234016,0.05066344993968637,0.0,0.5598092371074368,0.200127459615469,-0.05216822773218155,0.9601930036188179,0.0036576996137435897,0.034282371393862913,5.201486504100711e-09,0.0015856312833604533,1.0,0.04101326899879373,1.0,0.15681544028950542,0.0,1.0
180,1882517521,30.077635022191817,-39.128978435417295,1.6402204485869585,1000,False,False,False,41.3110093276012,0.13210569989492615,35.34792467324825,0.027756730193060505,0.3584180151868107,0.0741294499245729,0.11696611746394456,0.03445231956236729,9.126662916969508e-05,0.05737505108118057,0.046939097344875336,0.577,0.445,0.5871867910027504,0.5647917327212344,0.5558887698873878,0.1743735820055008,0.982,0.004869734394460375,0.017457460494536482,0.0005954239129070593,0.0016402204485869612,0.0,0.0,0.0,0.365,1.0,0.0
181,893071467,-9.362291899416629,-101.86105257721148,2.416625355926497,1000,False,False,False,20.14382372421101,0.15072103634367598,13.62227897639551,0.25038621715519294,0.47975695887102826,0.25202492396354664,0.09515524361059276,0.018183928672099944,0.2503735423088074,0.25202399492263794,-0.00068431138060987,0.0,0.0,0.5244412776082754,0.5573402487142012,0.5410013542510569,0.04888255521655083,0.997,0.0016756122264511718,0.01059644562887199,0.0008553653563845764,0.002416625355926498,0.0,0.0,0.0,0.519,1.0,0.0
182,171120969,16.35864559003382,-59.23062173529938,1.8529755775111065,1000,False,False,False,25.517099904312023,0.2124144885773637,17.144751589485935,0.21933972384137387,0.5410484236746453,0.22315245513174645,0.11947426337130407,0.03520389196160983,0.2193378508090973,0.2231484353542328,-0.001339414156973362,0.0,0.0,0.5167802702635527,0.5566205941574881,0.5339313008636236,0.03356054052710533,0.994,0.00045156420628712486,0.02634323541394124,0.00023774151939649145,0.0018529755775111075,0.0,0.0,0.0,0.466,1.0,0.0
183,790228919,7.278337038340438,-82.54373137312523,2.3274022803821883,1000,False,False,False,25.127673969217987,0.2094403237171115,16.844550600199554,0.36805867943789355,0.60842843515348,0.3680760410940715,0.11329883156984463,0.02627995667512335,0.18021468818187714,0.36807602643966675,0.00010386467329226434,0.0,0.0,0.5039682970382273,0.5470278500292625,0.5076883369451388,0.00793659407645464,0.986,0.0012514332776953417,0.03127210863817633,0.00012501366446377522,0.0023274022803821894,0.0,0.0,0.0,0.5,1.0,0.0
184,1786810991,148.86709085088228,83.86183113560836,1.5728419905091287,891,True,False,False,22.152345811753534,0.2019902176794965,14.092897500479893,0.0007065962169210903,0.38877604104651503,0.00522484621650712,0.1082599068263771,0.0,3.452301098150201e-05,0.005078124813735485,0.0012294984189793468,0.4713804713804714,0.2536475869809203,0.0,0.5485570964818417,0.09045616678893566,-0.05341256782412529,0.9494949494949495,0.001374035728071578,0.019886825669306458,2.6007432520503554e-09,0.0017652547592695044,1.0,0.04826038159371493,1.0,0.3367003367003367,0.0,1.0
185,52965927,-35.193276874063145,-129.12278044808366,2.4756501191340115,983,False,True,False,38.762010051017256,0.21877089966623753,30.19898549082069,0.19109516034958887,0.5503947012840699,0.22277662831644612,0.1361765848150404,0.017426869165841866,0.1909170150756836,0.21888336539268494,-0.041466835886240005,0.19226856561546288,0.0,0.0,0.511857144640996,0.09257285289466381,-0.05008653923869133,0.8880976602238047,0.008091589750684058,0.027060143486982786,0.006458587126395435,0.0025184640072573876,0.0,0.05188199389623601,1.0,0.30925737538148523,1.0,0.0
186,1729187195,214.29441000197556,165.27047536331753,1.1841311546219293,675,True,False,False,43.435753185321154,0.19983943966513124,35.44283352585801,0.012414405404367975,0.4776561890564924,0.01679461857848408,0.1404493650154134,0.0,5.111694190418348e-05,0.016739750280976295,0.0013564563123509288,0.3333333333333333,0.18814814814814815,0.0,0.5396588960707326,0.20204752727411687,-0.053204916417598724,0.9481481481481482,0.0002473826574965284,0.021006282101125595,2.6007432519961453e-09,0.001754268377217674,1.0,0.04888888888888889,1.0,0.16592592592592592,0.0,1.0
187,1240058640,197.23062927287557,138.34866308564312,1.427398872907738,803,True,False,False,45.04806991277486,0.21547230773375856,36.58452598483504,0.018793953711930784,0.3713361301116275,0.018821419915179483,0.13284929048580335,0.0,0.0009519577142782509,0.018820762634277344,0.0001572942710481584,0.48567870485678705,0.3275217932752179,0.0,0.5526906009116889,0.2301770368590951,-0.05329765006899834,0.958904109589041,0.002122926736991252,0.02615747065621282,5.201486504100711e-09,0.0017775826561740214,1.0,0.037359900373599,1.0,0.3835616438356164,0.0,1.0
188,821825863,161.6192258931461,91.40237661503002,1.685894975937214,982,True,False,False,71.2143650000554,0.25315956425064173,61.61968153697123,0.07484499769409915,0.3304097242063679,0.07485830021059882,0.0821429656610536,0.0,0.00122661585919559,0.07484817504882812,0.001231179223395884,0.5203665987780041,0.14562118126272913,0.0,0.5559694162935546,0.2934147898852825,-0.054042618721723557,0.9745417515274949,0.004994004408900523,0.015890373377110762,0.0,0.0017167973278383053,1.0,0.026476578411405296,1.0,0.5519348268839104,0.0,1.0
189,1952289020,177.59139235080215,114.85549316208275,1.514529972957316,865,True,False,False,61.38338541433154,0.1592291956692932,54.6068448749582,0.05293868868615979,0.37972955818633264,0.06510354651179215,0.11248956131398945,0.0,0.044716645032167435,0.0650918036699295,0.0012364721624180675,0.3988439306358382,0.2566473988439306,0.0,0.5614404776628866,0.24250125662423672,-0.052562132477760315,0.9664739884393063,0.0022074320372936665,0.00798417470007987,1.3003716260468617e-08,0.0017509017028408279,1.0,0.03468208092485549,1.0,0.26242774566473986,0.0,1.0
190,457488617,201.17917394605465,161.7479873260922,0.9377062206654152,565,True,False,False,37.51132217511186,0.14462358293008748,31.179452464369888,0.10850801441747897,0.5531541256824545,0.10865488207502459,0.12948999614433646,0.0,0.10759143531322479,0.108642578125,0.0016351199010387063,0.24424778761061947,0.0,0.0,0.5334391101642586,0.28962414734065534,-0.05437919870018959,0.9132743362831859,0.006747019143286359,0.013864084808073704,2.6007432527008767e-09,0.001659657027726399,1.0,0.047787610619469026,1.0,0.11858407079646018,0.0,0.0
191,815712761,34.298770337365575,-32.02021582549015,1.54396620542852,1000,False,False,False,35.53747949118262,0.24568613866690048,26.166981673670374,0.1248541487564946,0.6188353129286547,0.1248541487564946,0.1434844394707846,0.06913476354219789,0.11892852932214737,0.11892852932214737,0.03800741210579872,0.1,0.0,0.5282674618065357,0.5722080631088465,0.5765206084027886,0.05653492361307144,1.0,0.002913167938153679,0.031016727504628628,0.004147229063657722,0.0015439662054285211,0.0,0.0,0.0,0.071,1.0,0.0
192,134902683,51.62014362603082,-20.65021264175411,1.7423452089261642,1000,False,False,False,47.17924610041686,0.23736638402745203,38.058340922088334,0.039259913349142,0.375317965664092,0.039259913349142,0.15420265585708073,0.06119781160908504,3.5572051274357364e-05,0.0023042678367346525,0.039192233234643936,0.451,0.225,0.5935087352991104,0.5635834957033512,0.5713473792374134,0.18701747059822083,0.978,0.010214250074038431,0.029832263711124924,0.0003878924036247802,0.001742345208926164,0.0,0.0,0.0,0.249,1.0,0.0
193,934119719,192.62324222386812,119.17339186343051,1.7969950120145848,977,True,False,False,81.88131432663788,0.26028284916169103,72.07293764833562,0.024865676146923494,0.3122636913024207,0.024893811715056644,0.11189338068706464,0.0,0.0009611129644326866,0.024879837408661842,0.0008339977357536554,0.4923234390992835,0.1811668372569089,0.0,0.5540247759429077,0.21762743253260852,-0.053517118096351624,0.9662231320368475,0.0024112797563058965,0.028155465247490755,5.201486504100711e-09,0.0018392988864018261,1.0,0.032753326509723645,1.0,0.41760491299897645,0.0,1.0
194,22390618,-103.95375775331631,-110.42471120533096,0.17703178173382186,58,False,False,True,-63.05326700335681,0.16517528885386767,-68.8919933918771,1.5855141384435998,1.6582775143964839,1.6937838369704874,0.5089087120144756,0.38614935130996847,0.7145047783851624,1.0004698038101196,1.3667347431182861,0.0,0.0,0.5915093049407005,0.5079887778305545,0.5488114658929407,0.18301860988140106,0.9310344827586207,0.10125172016913134,0.11101535156679868,0.0014539819254531794,0.0030522720988589978,0.0,0.0,0.0,0.0,1.0,0.0
195,590562343,155.93031877740287,101.47981426404553,1.302350150445244,769,True,False,False,19.50035177729509,0.14555222594645623,13.134665023154273,0.1111911877628191,0.5161712218233642,0.11121826997438697,0.112809143347938,0.0,0.11119069904088974,0.11121778190135956,0.0003294920898042619,0.2795838751625488,0.0,0.0,0.5511635293686333,0.24669541120529176,-0.05162268877029419,0.9440832249674902,0.0044685869777587135,0.013776804504799338,0.0,0.0016935632645581858,1.0,0.03901170351105332,1.0,0.22626788036410922,0.0,0.0
196,1269560368,44.1350346778519,-27.788993565809374,1.7308009414553727,1000,False,False,False,56.49804080721416,0.24095608435486782,47.26944461906281,0.03200455204900839,0.3146818006863874,0.037171237795317794,0.12651537821756645,0.03389605852145106,5.1212311518611386e-05,0.009085655212402344,0.03604374825954437,0.535,0.458,0.5327978357672691,0.5691761458003893,0.5681170430034399,0.06559567153453827,1.0,0.02082250754927298,0.028325147341267266,0.0008073643321873415,0.0017308009414553722,0.0,0.0,0.0,0.419,1.0,0.0
197,1785119941,3.468370213441104,-68.59972402474693,1.7356031412729374,1000,False,False,False,32.75286426744049,0.14828231543530332,26.304481146876082,0.08239004922174654,0.41111229794540716,0.14350557319461205,0.09635927259743035,0.04735249466678574,0.08002090454101562,0.13914290070533752,0.0351155623793602,0.383,0.126,0.6096774116158485,0.517224293502397,0.563249697983265,0.21935482323169708,0.916,0.01586226468889869,0.0192978349773684,0.00039459386879945116,0.001735603141272937,0.0,0.038,1.0,0.306,1.0,0.0
198,965189358,186.43936516360856,134.69765571674546,1.2520569815620946,709,True,False,False,36.14506187909448,0.1380688765606145,30.004603941171254,0.024894927134026204,0.46581105655942656,0.024924401451867143,0.10398708467380714,0.0,4.9591064453125e-05,0.02490529976785183,0.0009756183717399836,0.39774330042313116,0.2143864598025388,0.0,0.5331297003015828,0.23939364141318947,-0.05355078727006912,0.926657263751763,0.002407485434447637,0.012385868382310093,7.802229756367907e-09,0.0017659477878167774,1.0,0.04090267983074753,1.0,0.3131170662905501,0.0,1.0
199,1798176648,187.14666646863475,133.96707355059775,1.2679864306012374,757,True,False,False,40.086736531959545,0.18079242370721177,32.66395664483234,0.06223954150329543,0.4055430561621237,0.06226690629007255,0.12064886712715568,0.0,0.0002197265566792339,0.0622594840824604,0.0009613847942091525,0.5416116248348745,0.20343461030383092,0.0,0.5366494657120262,0.22773864716291428,-0.052533458918333054,0.9260237780713342,0.0020521995242522824,0.025207678534791892,7.802229755934226e-09,0.0016750150998695347,1.0,0.04227212681638045,1.0,0.3527080581241744,0.0,1.0
200,69892020,174.55952333938325,120.69465154364704,1.3121623931912074,725,True,False,False,47.62130463825549,0.2178061710913237,39.08848895519593,0.06091018747189575,0.3474147755477455,0.06093727366305717,0.09563645114673854,0.0,0.06090516969561577,0.060932256281375885,0.0007819628808647394,0.5006896551724138,0.1793103448275862,0.0,0.5579546577843099,0.27289995551109314,-0.053827736526727676,0.9627586206896551,0.004283445917318979,0.013943265563748565,1.0402973008201422e-08,0.001809879163022355,1.0,0.038620689655172416,1.0,0.4510344827586207,0.0,1.0
201,1722285593,223.44710452491444,169.291529403314,1.3138525040533322,737,True,False,False,82.67769847195503,0.22344648725977248,73.97551771364076,0.01811601697884103,0.273883158328774,0.024831692461212668,0.14105768384061002,0.0,0.0001731872616801411,0.02482023276388645,0.0007543182582594454,0.5169606512890095,0.3541383989145183,0.0,0.5643816866660478,0.21423006089404226,-0.05349769815802574,0.9579375848032564,0.0024110768983322383,0.03113924563674345,0.0,0.001782703533315239,1.0,0.04206241519674356,1.0,0.2862957937584803,0.0,1.0
202,1838200024,192.35879944155457,138.9978688083457,1.2840310211069599,742,True,False,False,35.94215239639848,0.1697138678016709,28.851890730634878,0.03845114446232696,0.4207991507888708,0.03847887264144573,0.12817332591550734,0.0,0.03841714933514595,0.03844489902257919,0.001616594847291708,0.1954177897574124,0.10646900269541779,0.0,0.4996298009249183,0.040853167045861484,-0.05382731556892395,0.8787061994609164,0.0030867080582248248,0.02421122475049528,0.0,0.0017305000284460388,1.0,0.07412398921832884,1.0,0.33153638814016173,0.0,1.0
203,2126813241,30.767455457803006,-36.886844124921325,1.5884766527574725,1000,False,False,False,12.828958661249894,0.21832130693498505,4.2794057956952045,0.11300045637225577,0.6931987992254632,0.11300045637225577,0.16373421190523146,0.03735601040550013,0.10594682395458221,0.10594682395458221,0.03929851949214935,0.113,0.0,0.5734895318746567,0.5680867946175858,0.5866689388453961,0.14697906374931335,0.988,0.0034745757547887113,0.0298845402136695,2.0441191775146927e-05,0.001588476652757472,0.0,0.0,0.0,0.109,1.0,0.0
204,1376935700,239.73771215472382,199.0174198102736,0.9966764114816752,541,True,False,False,58.702541510169276,0.24003650229756582,49.5101494670815,0.0009289498459433007,0.4754548856596141,0.0009483862021354068,0.15533364955035417,0.0,8.697509474586695e-05,0.0006831169012002647,0.0006578660104423761,0.31053604436229204,0.2144177449168207,0.0,0.5623193867745604,0.2829060894995928,-0.05322934314608574,0.9519408502772643,0.0011697006947924986,0.023256580740842723,0.0,0.0018422854186352585,1.0,0.04990757855822551,1.0,0.11090573012939002,0.0,1.0
205,1075994928,-28.397053502168248,-50.344449912426114,0.4889132136752616,364,False,True,False,16.436170663510623,0.13141762565044665,10.545193337335178,0.3918552811439652,0.8952045035563142,0.3918552811439652,0.2081672437552361,0.19100319233120444,0.38225728273391724,0.38225728273391724,0.08619704842567444,0.0,0.0,0.0,0.5349070228769631,0.30332901307032445,-0.004062997177243233,0.9368131868131868,0.005349646620921405,0.01440484083621357,0.001182975050897316,0.0013431681694375315,0.0,0.0,0.0,0.0,1.0,0.0
206,2130197154,-18.1946267314139,-87.69946141509567,1.6501611561227278,1000,False,False,False,6.755023986522541,0.1608821634061406,-0.07135457316684524,0.06634529495388601,0.429349158035551,0.06833995041750873,0.09016260239181446,0.014567265611572242,0.06333141028881073,0.06467685848474503,0.02207380346953869,0.422,0.152,0.5698372349143028,0.5668464117670664,0.5661700214445591,0.13967446982860565,0.993,0.002212280310354811,0.013872504367313316,0.0026028077545332583,0.0016501611561227278,0.0,0.0,0.0,0.338,1.0,0.0
207,1512169714,16.22084470428509,-56.35049861479948,1.7523781106361573,1000,False,False,False,29.40584830693141,0.19762215828909563,21.477269900753328,0.086365472855443,0.41720718658155337,0.09223886274362153,0.10935272274806485,0.019865643167139745,0.08368959277868271,0.08666543662548065,0.03157704696059227,0.452,0.261,0.5729322582483292,0.5621653033681214,0.5527692824602127,0.14586451649665833,0.978,0.016721192657172413,0.022527232800533092,0.00030848195935309283,0.0017523781106361567,0.0,0.001,1.0,0.363,1.0,0.0
208,1813899210,21.713048359658664,-46.90764413183783,1.6206897497165456,1000,False,False,False,25.008882816328967,0.20355030417174938,16.90246003367129,0.07337065240031851,0.5247235127741051,0.07337065240031851,0.13087397481761107,0.02575305709554515,0.06672849506139755,0.06879501044750214,0.025504885241389275,0.338,0.149,0.5733092799782753,0.5783397407634184,0.5666317034512758,0.1466185599565506,1.0,0.008402791437292964,0.021948354271756263,0.002151785396848049,0.0016206897497165463,0.0,0.0,0.0,0.188,1.0,0.0
209,1329058962,162.61204715241905,106.3366559053896,1.3391797082343146,805,True,False,False,26.513913939427297,0.13104977896999626,20.583033430849273,0.0061458973671510994,0.4139310168303641,0.006172967734356837,0.10357321711208897,0.0,3.1948089599609375e-05,0.006166934967041016,0.00027284384123049676,0.47329192546583854,0.37142857142857144,0.0,0.5416247762561781,0.2047747752815485,-0.05319545045495033,0.9540372670807453,0.0014665869152635084,0.011282429000587181,2.6007432520503554e-09,0.0016635772773097096,1.0,0.0422360248447205,1.0,0.31925465838509315,0.0,1.0
210,230627142,293.63921091035024,268.31757213347066,0.5993879592293091,367,True,False,False,82.24046347224018,0.18854207863083094,74.63422142723458,0.010505908796869473,0.427304877394246,0.010506949533166617,0.27654234017267265,0.0,0.00011377334885764867,0.010427474975585938,0.0012898659333586693,0.45776566757493187,0.30517711171662126,0.0,0.5596113142631034,0.3145717629790306,-0.05326002836227417,0.9346049046321526,0.0005739184888658588,0.05087791177444069,0.0,0.0016332096981725047,1.0,0.0681198910081744,1.0,0.11171662125340599,0.0,1.0
211,987606443,143.20224635805928,76.74309618977318,1.5873050056095388,942,True,False,False,47.59304546772198,0.1649296100289115,40.64531182874216,0.03391134298003158,0.31424803039374866,0.03393899316698666,0.08861109003903826,0.0,0.00033063889713957906,0.03392906114459038,0.0008210158557631075,0.4893842887473461,0.2908704883227176,0.0,0.55525486239068,0.20182186603546143,-0.05359963700175285,0.964968152866242,0.0028802083938277894,0.012269466087831365,5.201486504100711e-09,0.0016850371609443081,1.0,0.036093418259023353,1.0,0.4681528662420382,0.0,1.0
212,1428704328,168.11302986228844,111.2567245672638,1.3698768431674855,788,True,False,False,30.446405716041063,0.20285034025767673,22.36162255673682,0.095714690845167,0.5022285995520404,0.11052279309399383,0.12671895795479204,0.0,0.08421697467565536,0.11052274703979492,0.00010089635907206684,0.34390862944162437,0.050761421319796954,0.0,0.5602916146257448,0.23563488880172373,-0.05157675966620445,0.9619289340101523,0.00442312045913381,0.018395238232247504,5.20148650366703e-09,0.0017384223898064557,1.0,0.03934010152284264,1.0,0.23096446700507614,0.0,0.0
213,813158061,-3.771045520689115,-107.85508541034183,2.8028013296550838,1000,False,False,False,16.72018114082232,0.19016691309732314,9.01526009039749,0.4070888577757604,0.6833258290997897,0.4144193959088926,0.12104523844232708,0.017004959159319575,0.4058403968811035,0.41309452056884766,-0.033111218363046646,0.0,0.0,0.5136237554252148,0.5469243743511907,0.5429517358541489,0.027247510850429535,0.992,0.0004836520952574506,0.023204145786517295,0.0020268879530983487,0.002802801329655084,0.0,0.0,0.0,0.485,1.0,0.0
214,1749950354,179.44736819558307,119.33794859537988,1.458980653340104,817,True,False,False,42.46792924687193,0.21126704083766742,34.130461252036966,0.009827337446658792,0.3484736503113849,0.009855469107806533,0.11682739921050278,0.0,0.00016622543625999242,0.009855461306869984,-1.2400149898894597e-05,0.42717258261933905,0.17747858017135862,0.0,0.546666812028843,0.26879407769069075,-0.052952464669942856,0.9571603427172583,0.0006549600055227015,0.023895051690237465,5.201486504100711e-09,0.0017857780334640209,1.0,0.03427172582619339,1.0,0.3598531211750306,0.0,1.0
215,889174518,40.38587830597551,-46.27511952068834,2.2220332608887925,1000,False,False,False,61.7902647858569,0.24688784217765156,52.38371586302207,0.11317455444201148,0.3468835635260483,0.15019560308213473,0.10226491863575733,0.028970497738697094,0.08977003395557404,0.1501954048871994,-0.00024399995163548738,0.546,0.0,0.5424326993525028,0.5508128588022664,0.5492163768038154,0.08486539870500565,0.955,0.0019025600721208436,0.02394694510507647,0.0010449818895949222,0.0022220332608887923,0.0,0.045,1.0,0.452,1.0,0.0
216,1871442016,169.81089672890943,110.29876961558222,1.4424042371109125,812,True,False,False,40.678580869675876,0.2031596825063948,32.5843616205397,0.09582288855335575,0.38665644744574956,0.10160682132258833,0.1127725912408877,0.0,0.00021247864060569555,0.10160551220178604,0.0005157804698683321,0.479064039408867,0.05295566502463054,0.0,0.5554375787540293,0.2364690460264683,-0.05408121272921562,0.9605911330049262,0.006409989475441539,0.0233291782758461,7.802229755500545e-09,0.0017763598979198428,1.0,0.038177339901477834,1.0,0.42610837438423643,0.0,0.0
217,1938763919,0.7219688824231696,-71.85387924413337,2.0631949375518897,534,False,True,False,22.015909118305117,0.18349816146435174,14.520301630235622,0.3804971755849492,0.8105689044374398,0.3804971755849492,0.20006201497098317,0.058813207912826855,0.12598982453346252,0.3768075108528137,0.05286019667983055,0.0,0.0,0.0,0.466474925725464,0.1619060075795278,-0.07109817117452621,0.8089887640449438,0.010694266005136635,0.04459528070217795,0.007939143934037225,0.00386366093174511,0.0,0.0898876404494382,1.0,0.0,1.0,0.0
218,1242605113,201.90909407241264,147.8460368858816,1.2981019062177115,756,True,False,False,42.65065204217911,0.13326481797145004,36.65371035565085,0.04413349189426009,0.4552693194529793,0.044234035224351285,0.13283831133049007,0.0,0.03700198978185654,0.04423236846923828,0.000383994571166113,0.455026455026455,0.3082010582010582,0.0,0.5450817843758693,0.30503482282161715,-0.052632886916399,0.9365079365079365,0.001114484883721225,0.015403454185161527,5.20148650388387e-09,0.001717066013515489,1.0,0.03439153439153439,1.0,0.2923280423280423,0.0,1.0
219,1828995021,231.87421041684004,183.18475709195826,1.1976484441627264,638,True,False,False,71.95266469196457,0.25871424875772253,62.194520329518504,0.06455708309033677,0.4252928093314625,0.06458473155442603,0.1442875779720077,0.0,0.0008413314935751259,0.06456947326660156,0.0014038062654435635,0.2413793103448276,0.10815047021943573,0.0,0.5452120288559469,0.13041284519247712,-0.054000549018383026,0.9341692789968652,0.004452914898921978,0.030363603382133057,0.0,0.0018771919187503532,1.0,0.05799373040752351,1.0,0.2445141065830721,0.0,1.0
220,1937516710,17.391333104380497,-58.5442823187508,1.864520514104377,1000,False,False,False,29.337844360358943,0.19070050329945562,21.616915603870027,0.13762231669037905,0.4595499009866022,0.1790033463320018,0.13187490466685076,0.029428555191776923,0.00042552949162200093,0.17499074339866638,0.03768869489431381,0.39,0.0,0.5655744597315788,0.5530663919408835,0.5459657078236342,0.13114891946315765,0.982,0.025152828287687834,0.024616934052327934,0.003027233936444485,0.0018645205141043745,0.0,0.0,0.0,0.282,1.0,0.0
221,1972458574,213.59090394154177,172.9901977053673,0.984023541205824,554,True,False,False,50.71025713606769,0.16816176627685428,43.67304123589968,0.024938467397184614,0.47270440389000096,0.025080172553097684,0.1331411361468266,0.0,0.015767669305205345,0.025072192773222923,0.0006326174479909241,0.27978339350180503,0.1624548736462094,0.0,0.5642767205484722,0.3243305942416191,-0.05293199047446251,0.9566787003610109,0.0001494959134540642,0.012818370881076608,2.6007432520232503e-09,0.0017762157783498638,1.0,0.04512635379061372,1.0,0.13537906137184116,0.0,1.0
222,1627593572,213.4562980170362,173.7327247510331,0.9507857755334388,560,True,False,False,39.960781410989966,0.19177293942111748,32.21478339523709,0.003912137946866388,0.39083267698940133,0.003939691622191559,0.14633802095501014,0.0,6.713867333019152e-05,0.003935622982680798,0.00017900227976497263,0.4785714285714286,0.2839285714285714,0.0,0.5435051625710912,0.18537249207496642,-0.053149424493312836,0.9321428571428572,0.001355391324790678,0.029248489068154044,0.0,0.0016978317420239986,1.0,0.0625,1.0,0.24821428571428572,0.0,1.0
223,550002066,-105.2233537409571,-110.79659311588195,0.1564413124974953,44,False,False,True,-71.5895991592277,0.15191945385230285,-76.86195957062733,1.5755998047049293,1.5996649506137246,1.619958656103446,0.6980486301981966,0.6015091205920895,0.7101446390151978,1.0030481815338135,1.2720693349838257,0.0,0.0,0.5578567311167717,0.5215045124244749,0.5215045124244749,0.1157134622335434,0.9772727272727273,0.12042644880878282,0.12660422170214986,0.00013803704884476908,0.003555484374943074,0.0,0.0,0.0,0.0,1.0,0.0
224,928135450,112.50760098770256,44.15077943402841,1.6405607184558053,957,True,False,False,18.884974795232374,0.1596082471267234,12.096860399679336,0.022608503486007413,0.2934952981301992,0.02576548106630254,0.08193371039716134,0.0,6.4849853515625e-05,0.025720786303281784,0.0015169596299529076,0.6280041797283177,0.4346917450365726,0.0,0.5571350600792323,0.2659995174966753,-0.05313941091299057,0.9686520376175548,0.00021909439346249926,0.00989941286737334,5.201486504046501e-09,0.0017142745229423253,1.0,0.029258098223615466,1.0,0.5026123301985371,0.0,1.0
225,1388859855,258.5064457461235,221.63961272582776,0.9022277673432051,490,True,False,False,76.45234167282308,0.23870467724667604,67.30573168109821,0.09498651104847078,0.49293295103629264,0.0950143520999652,0.18102912281050118,0.0,0.0942525863647461,0.09500255435705185,0.0014972543576732278,0.3163265306122449,0.11428571428571428,0.0,0.573028117752805,0.25445961400866507,-0.05218198150396347,0.9408163265306122,0.003719863554232342,0.023749712688922852,1.3003716260468617e-08,0.0018412811578432757,1.0,0.061224489795918366,1.0,0.11020408163265306,0.0,1.0
226,253571847,-100.06988297815842,-104.02342844020257,0.09711818206813809,52,False,False,True,-59.60025102952874,0.08463904856178606,-62.95348959357933,1.6368556706881947,1.7299246704501468,1.7387870706092081,0.45476344698517857,0.40255355690037453,0.7922477722167969,1.003713607788086,1.4198378324508667,0.0,0.0,0.5145696587860584,0.28909605173360503,0.3006598938029492,0.029139317572116852,0.5576923076923077,0.08068949500452156,0.06689552140109344,0.001174875361131783,0.0018676573474641941,0.0,0.0,0.0,0.0,1.0,0.0
227,424193372,214.9355565379838,159.0353008900355,1.394008521598281,704,True,False,False,70.5794523029015,0.23505795260831724,61.529404971469596,0.03661438121017707,0.3631233267873262,0.03664175095945784,0.1252285606524328,0.0,0.018086720257997513,0.03663597255945206,0.0006507134530693293,0.48863636363636365,0.375,0.0,0.5640199751909346,0.22733528099022807,-0.052795007824897766,0.9573863636363636,0.0007398296943366932,0.017726183817775062,5.201486504100711e-09,0.0019801257409066473,1.0,0.04403409090909091,1.0,0.32670454545454547,0.0,1.0
228,463024751,-26.8619695743545,-96.8742025238775,1.6670744316507626,1000,False,False,False,8.462665266231575,0.12854272421656535,2.6064698822294314,0.11929797634351556,0.4194129142528306,0.13348431476898187,0.09553165196644778,0.026931520242959174,0.11534090340137482,0.13329896330833435,0.007031974848359823,0.461,0.0,0.5515507161617279,0.5535207894910127,0.5741457045078278,0.10310143232345581,0.981,0.01333972968757162,0.01758205542965501,0.00042391854933771997,0.0016670744316507641,0.0,0.013,1.0,0.367,1.0,0.0
229,1373742587,232.39007972134272,189.1933675631862,1.0272237386052236,619,True,False,False,49.43096522524342,0.2026569037097767,41.355232000383126,0.0018135140410263952,0.4251358950215213,0.0018303704474959216,0.15627476990087164,0.0,0.00016603470430709422,0.00112237932626158,0.0014458632795140147,0.3877221324717286,0.26978998384491115,0.0,0.5312825213013418,0.1980197896063328,-0.053398992866277695,0.9095315024232633,0.0010462706391495301,0.03314134997509052,7.802229755934226e-09,0.0016594890769066647,1.0,0.05492730210016155,1.0,0.2294022617124394,0.0,1.0
230,802303837,198.7085258800536,148.08803476149572,1.2186830372852604,703,True,False,False,65.98184281886218,0.1975090542538422,58.05827952136562,0.04893449135962371,0.33342826908056744,0.04896185876570698,0.1056310575768297,0.0,0.00011224746413063258,0.04895438998937607,0.0008551693172194064,0.55049786628734,0.3755334281650071,0.0,0.554609528269783,0.21346723437309265,-0.05374274402856827,0.9544807965860598,0.003658508444894971,0.019675860284105534,0.0,0.001733546283478323,1.0,0.04694167852062589,1.0,0.406827880512091,0.0,1.0
231,1783498037,1.4169788819736644,-87.46425349600895,2.2960410792660904,1000,False,False,False,20.535392896230636,0.19317900999256732,12.740108938948431,0.1506724936313986,0.48514391211382724,0.1745072547682322,0.11886830270166883,0.007776650571756481,0.15064410865306854,0.1744900643825531,0.0024493669625371695,0.226,0.0,0.5737123116850853,0.5561776668289676,0.5495025493949651,0.1474246233701706,0.986,0.0171623541342711,0.022552405193358896,0.0013744941090697502,0.002296041079266091,0.0,0.012,1.0,0.322,1.0,0.0
232,1601410155,206.26899229642004,157.66457592826472,1.200147212271844,630,True,False,False,61.59061421776346,0.2362816158948116,52.505723713460796,0.050300115957574616,0.385869503376122,0.05401428061144081,0.12555120613071216,0.0,0.04352092742919922,0.054009150713682175,0.0007444119546562433,0.39206349206349206,0.20634920634920634,0.0,0.5731127357169513,0.28410101380199193,-0.052592504769563675,0.9587301587301588,0.0016255932693100418,0.016768945870787328,5.201486504100711e-09,0.0019049955750346723,1.0,0.04285714285714286,1.0,0.20476190476190476,0.0,1.0
233,576219794,206.38322801482857,173.20866225186003,0.7458188587656213,540,True,False,False,28.065147473683723,0.15506718943780445,21.421922725740686,0.11477173052662998,0.49854727304076923,0.11479986827294675,0.16243042415415815,0.0,0.11476583778858185,0.11479397118091583,0.001163587556220591,0.3648148148148148,0.0,0.0,0.4907329482862864,0.0,-0.05431654676795006,0.8462962962962963,0.007080829090985166,0.01926002461735675,0.0,0.001381146034751152,1.0,0.14629629629629629,1.0,0.22037037037037038,0.0,0.0
234,594444028,217.8318612898337,174.59426118501415,1.0365866701606523,607,True,False,False,32.85440920208231,0.13944985972639326,26.675396661934215,0.09348897073692743,0.6444118776191406,0.09351653738017904,0.16897303806462202,0.0,0.09348087012767792,0.09350843727588654,0.0012308215955272317,0.16474464579901152,0.06589785831960461,0.0,0.49046119036431723,0.043342948351055385,-0.05418270453810692,0.8682042833607908,0.00596759654641302,0.022165908590871898,2.600743251833515e-09,0.0017077210381559358,1.0,0.07413509060955518,1.0,0.054365733113673806,0.0,1.0
235,66531776,17.532527570918422,-113.47888367861603,3.700380374984483,1000,False,False,False,8.9221618482417,0.1480565638285557,2.480551275879866,0.5238193801881476,0.7403623258050006,0.54981311487894,0.09737466070450246,0.01986317047540648,0.5227753520011902,0.5485038757324219,0.03792043775320053,0.0,0.0,0.0,0.4037335852616525,0.27348062979785026,-0.00823991745710373,0.744,0.011823237597684257,0.02167091076553838,0.000597212574078642,0.0037003803749844854,0.0,0.163,1.0,0.57,1.0,0.0
236,67451976,138.31748544306177,-148.4004001220811,8.890596185504753,1000,False,False,False,64.88326367723934,0.1784399084292728,57.53015276685603,0.15789510084485467,0.3313160031855527,0.15789510084485467,0.088856059548375,0.00278480142297272,0.1577768325805664,0.1577768325805664,0.0061101531609892845,0.597,0.0,0.0,0.2413348464458977,0.030093362226616592,-0.04392775148153305,0.409,0.01728732374864604,0.019658772646862853,0.012015091826643294,0.00889059618550476,1.0,0.402,1.0,0.648,1.0,0.0
237,1395986010,208.4478534998794,159.23378286847273,1.1598023543802227,721,True,False,False,19.05904197885263,0.18024788582385293,11.653031029130073,0.01038839560161665,0.6272961156800957,0.010415793533935668,0.18053860062584437,0.0,0.010319137945771217,0.010346698574721813,0.00119774101767689,0.20665742024965325,0.15256588072122051,0.0,0.47504923961368883,0.20790602075867354,-0.05345926806330681,0.8654646324549237,0.0016469890964051369,0.032473151750888676,0.0,0.001608602433259671,1.0,0.0651872399445215,1.0,0.05409153952843273,0.0,1.0
238,1372420504,19.840300180891074,-60.358608304670646,2.0066302828520537,1000,False,False,False,25.75089837553742,0.2114860692865776,17.406402639434905,0.22523843633653645,0.6264310588331955,0.22523843633653645,0.1555584604850473,0.08926462667076075,0.07750940322875977,0.22522267699241638,-0.002664389554411173,0.0,0.0,0.5336934328079224,0.5555313409090741,0.5563331541605294,0.06738686561584473,0.991,0.018900504970785766,0.031364882645204525,0.00025977523972906674,0.002006630282852055,0.0,0.0,0.0,0.234,1.0,0.0
239,651841002,217.04064624197784,192.00692475081445,0.6044573830387784,345,True,False,False,50.52024939849216,0.17487242184353674,43.336474953249564,0.5566067535709607,0.9277383308355068,0.5566355176502447,0.19221266207698656,0.0,0.5285700559616089,0.5285999178886414,0.1744282841682434,0.0,0.0,0.0,0.5154794824404129,0.1059844458475709,-0.08397398889064789,0.881159420289855,0.030932530236743035,0.02317868133274096,0.0,0.0017520503856196471,1.0,0.11014492753623188,1.0,0.09855072463768116,0.0,0.0
240,1636612707,-11.751818461713363,-111.1480994302477,2.6465426989511447,1000,False,False,False,14.6771044849304,0.2001787035491375,6.671829720951136,0.5033081096725408,0.7686129022581328,0.5368248301130226,0.14994241047988416,0.03939691568908599,0.32884931564331055,0.5190967321395874,-0.13681915402412415,0.0,0.0,0.5404969714581966,0.5520009447584453,0.5272028791718185,0.08099394291639328,0.986,0.03882814228004196,0.0322373481703877,0.019500405413015384,0.002646542698951146,0.0,0.0,0.0,0.422,1.0,0.0
241,452221964,-0.4579576081128117,-71.61733342889353,1.7053125273593508,1000,False,False,False,31.50299594469438,0.16055860729596422,24.68632406831032,0.03252510593663768,0.3326693023702931,0.048838736896073535,0.07989259542305037,0.03656905172105628,6.608963303733617e-05,0.035773564130067825,0.033248674124479294,0.572,0.382,0.5343842431902885,0.557406677744817,0.5590803261846304,0.06876848638057709,0.98,0.02082351533728314,0.012919977330078544,0.0014660220663384564,0.0017053125273593472,0.0,0.0,0.0,0.508,1.0,0.0
242,1821731862,105.1001960432623,-17.48882434940995,3.419634013089081,1000,False,False,False,59.046253738992284,0.15642879183728992,52.35347632636829,0.19825671038768564,0.3710707032254793,0.20187975171706005,0.08660014087095909,0.015484973152891246,0.19825629889965057,0.2018776834011078,-0.000913836935069412,0.269,0.0,0.0,0.3233408445795067,0.15147566490340977,-0.06848409026861191,0.556,0.011771166816663728,0.00875996335323025,0.0022001917306264662,0.003419634013089083,1.0,0.441,1.0,0.588,1.0,0.0
243,123984911,48.84476662621606,-101.18700237411302,4.475058966677629,789,False,True,False,78.34881220304005,0.2116916199455838,69.9987833826141,0.08568361012775715,0.28842876082239527,0.20868225769355184,0.15833766757750756,0.02115995306086031,0.00024194717116188258,0.20449014008045197,-0.04161811247467995,0.7237008871989861,0.14195183776932827,0.0,0.38106089154083084,0.10241552087245509,-0.0467984676361084,0.6615969581749049,0.008729662601995352,0.034667577415144896,0.005204139587270989,0.00567181111112501,0.0,0.21546261089987326,1.0,0.5361216730038023,1.0,0.0
244,1686778320,129.78053652087692,23.17335059410216,2.9195728642258296,951,True,False,False,17.466123402080314,0.1367204435901076,11.364651380679069,0.11388130161503411,0.3770991956542325,0.13491884035667978,0.07936664261787786,0.0,0.00036878586979582906,0.13484878838062286,0.004347154870629311,0.5215562565720294,0.0,0.0,0.4576526342910253,0.020531331514939667,-0.05513891577720642,0.8065194532071503,0.008052721642782461,0.014422207783527223,2.6007432527008767e-09,0.003070003011804236,1.0,0.15667718191377497,1.0,0.4616193480546793,0.0,0.0
245,880264374,-3.5639440636731745,-81.9442400500579,1.946009866212823,1000,False,False,False,17.359871930361,0.20085853403303788,9.334202251864722,0.45102757948569067,0.788337887626114,0.4618994885473141,0.15274260442954454,0.01172822964477272,0.28382205963134766,0.4479241371154785,-0.11276127398014069,0.0,0.0,0.5668238550424576,0.5594134083128302,0.5485303543880582,0.13364771008491516,0.989,0.04230454798280138,0.03626746240779616,0.0015581260882374937,0.0019460098662128216,0.0,0.0,0.0,0.299,1.0,0.0
246,1171302208,13.681267884094325,-53.553220174766345,1.5744829352953489,1000,False,False,False,19.418721729309354,0.2004233954054079,11.406106209642,0.06223104045139536,0.5523347215045421,0.10172050963969227,0.14753762505048582,0.06077254424942232,0.00015335083298850805,0.035065364092588425,0.09548550844192505,0.268,0.135,0.5717642977833748,0.569621482999064,0.5565719738602638,0.14352859556674957,1.0,0.03024442298637755,0.025797893990259134,2.4816292110877575e-05,0.001574482935295351,0.0,0.0,0.0,0.105,1.0,0.0
247,645818112,179.59150408024428,113.81464038073617,1.5772287899836017,923,True,False,False,51.34752469994285,0.204721073382681,43.20607970224045,0.0015212124263225403,0.27434435437032895,0.0015317349286844547,0.13834009534237743,0.0,6.0749054682673886e-05,0.0005924224969930947,0.0014125322923064232,0.5341278439869989,0.37378114842903576,0.0,0.5581181443441167,0.27284751743078234,-0.05339663848280907,0.9599133261105092,0.0010748473621831614,0.03111563428510678,2.6007432520503554e-09,0.0017088069230591565,1.0,0.030335861321776816,1.0,0.3304442036836403,0.0,1.0
248,1992289477,168.00340127721427,107.1749154566145,1.4336161940199923,891,True,False,False,30.356091925867993,0.12444418696610739,24.623024535996027,0.07933074076234975,0.5279525720875501,0.07935849112750068,0.1193196202536432,0.0,0.07931842654943466,0.0793461799621582,0.0013977980706840754,0.3479236812570146,0.06846240179573512,0.0,0.5480205062881329,0.23417142763733864,-0.052396759390830994,0.9438832772166106,0.0029320090226430135,0.013206202890406813,2.600743252267196e-09,0.0016089968507519553,1.0,0.03591470258136925,1.0,0.2962962962962963,0.0,1.0
249,313246075,213.7986774892779,168.69365848414373,1.0915006335044712,618,True,False,False,41.55722852200034,0.2042781137310275,33.432899136769535,0.06491427962219903,0.47794815040620225,0.06651096328236379,0.13982951390052825,0.0,6.999969627941027e-05,0.06651029735803604,0.000297627440886572,0.3786407766990291,0.21197411003236247,0.0,0.5358711361653747,0.26230400420725347,-0.05230924114584923,0.9174757281553398,0.0022366944625403407,0.02439017345916021,7.802229756367907e-09,0.0017661822548616036,1.0,0.04692556634304207,1.0,0.26375404530744334,0.0,1.0
250,1889010639,211.35190774328075,162.67548903499753,1.1945472902761065,642,True,False,False,68.91661584764421,0.1980854117681282,60.977207227635155,0.03493929429927941,0.37837720454936774,0.03494377036741543,0.12309105705942636,0.0,0.00024290084547828883,0.034895993769168854,0.0018266653642058372,0.43613707165109034,0.1557632398753894,0.0,0.5706633386888318,0.31597534611821176,-0.05384444445371628,0.9610591900311527,0.002895049860288408,0.014282060527316624,0.0,0.0018606655611777367,1.0,0.03894080996884735,1.0,0.2336448598130841,0.0,1.0
251,2024720233,219.3771116979011,184.26925941486917,0.8282617427677385,513,True,False,False,29.711491835370634,0.19653087681480588,21.827097004928387,0.38890647524254063,0.8291097600224239,0.38893193050739255,0.2331909832303526,0.0,0.014363383874297142,0.38831815123558044,0.021841702982783318,0.0,0.0,0.0,0.5064281647309858,0.02023268284741789,-0.05950896814465523,0.8693957115009746,0.0211540437971837,0.044892218081649886,0.0,0.0016145453075394505,1.0,0.0935672514619883,1.0,0.0682261208576998,0.0,0.0
252,1804064796,181.5775073831902,140.5777843010289,0.9879907694053754,568,True,False,False,16.94767641415282,0.17868857757054066,9.593653775377835,0.009002945123185635,0.4677773676197536,0.009586097147616091,0.123686936069517,0.0,2.47955313170678e-06,0.00958175677806139,0.00028843642212450504,0.3257042253521127,0.1443661971830986,0.0,0.5506224230318789,0.28950281903147695,-0.05302802473306656,0.9366197183098591,0.0006570718090433503,0.017204414778517044,1.0402973008201422e-08,0.001739420368671434,1.0,0.04929577464788732,1.0,0.19190140845070422,0.0,1.0
253,1786187759,-75.39255078174175,-85.22306761364342,0.2356838943967226,138,False,False,True,-12.271602825328339,0.18898649225491773,-19.44152348005896,1.4366075103509373,1.4908321674989944,1.4366075103509373,0.32007748344197356,0.16211798233286148,0.6043410897254944,1.000853180885315,1.0305988788604736,0.0,0.0,0.5916596502065659,0.5776571043753538,0.5865590693056584,0.1833193004131317,1.0,0.07595734382920849,0.09875947091720398,0.00025915886357834317,0.0017078543072226264,0.0,0.0,0.0,0.0,1.0,0.0
254,989960034,55.955265633342876,-14.39829420794859,1.678451994709712,1000,False,False,False,55.67151977250125,0.2097803898130956,47.378194420603165,0.012752237065271054,0.3084631165249271,0.012752237065271054,0.1315422261368751,0.043528730614285936,0.00018720627122092992,0.012185382656753063,0.0037597871851176023,0.554,0.339,0.6136401072144508,0.5599026247127913,0.6066419810056687,0.22728021442890167,0.976,0.00583133450483776,0.029639644674222212,0.00048362901366108893,0.0016784519947097118,0.0,0.0,0.0,0.42,1.0,0.0
255,1905578091,154.58671920765187,96.68290363729886,1.3841271856784374,819,True,False,False,27.330782709694482,0.1455563234311147,20.96462542677335,0.024147084626588718,0.3930168333436798,0.024173027524001477,0.10416256413712162,0.0,0.00014715194993186742,0.024172401055693626,0.00017403125821147114,0.4981684981684982,0.22344322344322345,0.0,0.5481644566392615,0.250987404063344,-0.05335449054837227,0.9487179487179487,0.0023985705742190365,0.010723029710823275,7.802229755934226e-09,0.0016900209837343544,1.0,0.03663003663003663,1.0,0.3663003663003663,0.0,1.0
256,1958129221,-94.85702967790421,-100.72287056311477,0.14619469617368513,74,False,False,True,-48.43875528288403,0.12593733258116863,-53.266195176307676,1.542882629445922,1.6583159982455402,1.6693484964205618,0.6182247844326836,0.4633181407711747,0.5733838081359863,1.0034797191619873,1.334073781967163,0.0,0.0,0.5219528432935476,0.36893573618884123,0.5359205929236487,0.04390568658709526,0.6891891891891891,0.09492668137127412,0.099731918879472,0.0001085550233397431,0.001975604002347096,0.0,0.0,0.0,0.0,1.0,0.0
257,1850992617,150.85213990211497,86.95514227372819,1.4925665876128882,956,True,False,False,9.24005308198647,0.14628279427136573,2.8517036157128395,0.06801264890459872,0.6036160357780147,0.06803991776998924,0.1264886393853261,0.0,0.06801147758960724,0.06803874671459198,0.00039919375558383763,0.350418410041841,0.12343096234309624,0.0,0.5404651798463765,0.24229986127465963,-0.0523127019405365,0.9581589958158996,0.0023182293889560295,0.020408704021274465,0.0,0.001561262120933983,1.0,0.030334728033472803,1.0,0.2583682008368201,0.0,1.0
258,1474258078,184.6318983402104,130.1484594949733,1.2901146281745661,789,True,False,False,58.750674895771205,0.22779390635209662,49.917577483149756,0.12215895491206648,0.40906175063228334,0.12216295523834071,0.11088081860323722,0.0,0.12213955074548721,0.12214355170726776,0.0021772480104118586,0.3574144486692015,0.0,0.0,0.5481273736781116,0.011857531666755676,-0.05190235376358032,0.9378960709759189,0.005098737640031417,0.017142717434736034,0.0,0.001635126271450655,1.0,0.06337135614702155,1.0,0.31305449936628643,0.0,0.0
259,292536559,210.87519680351832,171.15143467770014,0.9501254041939408,561,True,False,False,34.71006759186283,0.1786905413104985,27.356469617759874,0.22291927870803127,0.6864849761683596,0.22294418683934597,0.17437708216117886,0.0,0.22288160026073456,0.22290650010108948,0.004099104553461075,0.0,0.0,0.0,0.49083529315702534,0.0829475569538772,-0.055546168237924576,0.857397504456328,0.012665760077524174,0.021275624424634175,2.6007432527008767e-09,0.0016936281714687012,1.0,0.09982174688057041,1.0,0.06060606060606061,0.0,0.0
260,1081232581,182.67717270096765,128.11330407154514,1.306795620980744,768,True,False,False,49.53444016383036,0.17957601540745985,42.14804861499348,0.010767835167288199,0.36153802491231346,0.01468792969628078,0.10872602358589321,0.0,1.0204315003647935e-05,0.014606857672333717,0.0015410995110869408,0.4856770833333333,0.3606770833333333,0.0,0.5578651236076743,0.21306837476789953,-0.05358394607901573,0.9583333333333334,0.001854156501632131,0.012952329560417739,2.600743251833515e-09,0.0017015567981520131,1.0,0.04296875,1.0,0.3359375,0.0,1.0
261,1564819839,-27.97787657499437,-50.30011656997984,0.5134079998328531,346,False,True,False,15.919705550370697,0.1945075021873953,8.146254712711704,0.545374293422361,0.9786333410453045,0.545374293422361,0.23729257249454608,0.16790190786607204,0.3019932806491852,0.5138860940933228,0.18263132870197296,0.0,0.0,0.0,0.5360293701434753,0.34315637484076433,-0.0011460089590400457,0.930635838150289,0.017751505704640073,0.05153344632046631,0.0012690612780040557,0.0014838381498059345,1.0,0.002890173410404624,1.0,0.0,1.0,0.0
262,286497476,172.3960563363043,109.46970197659896,1.5195451453235016,867,True,False,False,60.36392967207563,0.24096756468722874,51.13523138908311,0.02530025166302378,0.31285223975896553,0.0342982142128714,0.10461322779781372,0.0,0.019814301282167435,0.03429756313562393,0.00021133184782229364,0.532871972318339,0.3863898500576701,0.0,0.5657882750235206,0.2525949638709426,-0.05271679908037186,0.9653979238754326,0.0006022665090397647,0.01939444349156874,2.6007432520503554e-09,0.0017526472264400262,1.0,0.03460207612456748,1.0,0.30103806228373703,0.0,1.0
263,1605952649,216.5167071080038,174.46900575064706,1.0335900452452287,552,True,False,False,36.31607413758412,0.14764932903794256,29.894386418407485,0.04739996635114684,0.5674585232964765,0.04742742263874819,0.1747935925233704,0.0,0.047387219965457916,0.04741468280553818,0.0010992145398631692,0.21195652173913043,0.1358695652173913,0.0,0.5064170909245677,0.17797844132059254,-0.053785987198352814,0.9003623188405797,0.0035703240681696532,0.015567918346296483,2.600743251833515e-09,0.001872445734139907,1.0,0.06521739130434782,1.0,0.06159420289855073,0.0,1.0
264,200068483,240.0733832415192,187.8296774181631,1.2821235274452083,689,True,False,False,86.74395132589001,0.2596576144157741,76.95618932605255,0.04707661886437355,0.3380321150220176,0.047104168190217635,0.14810017978742013,0.0,6.68525681248866e-05,0.04708804935216904,0.0012321806279942393,0.5399129172714079,0.3584905660377358,0.0,0.5706648238068136,0.27276491761207583,-0.053814031183719635,0.9608127721335269,0.003548862409760991,0.028728259693550803,7.802229755934226e-09,0.0018608469193689538,1.0,0.040638606676342524,1.0,0.24528301886792453,0.0,1.0
265,585620245,177.31247942475625,119.51353041187903,1.405298300429235,782,True,False,False,52.12411024203398,0.2230917018080492,43.43213142757521,0.011699362186220464,0.27976782281957147,0.011704042259775753,0.09985302571088317,0.0,7.343292054429185e-06,0.011687660589814186,0.0006190275889821351,0.6278772378516624,0.5562659846547314,0.0,0.5657748801007276,0.29686413288116453,-0.05333516746759415,0.9680306905370843,0.0017379115681354833,0.015764987591360344,2.6007432520503554e-09,0.0017970566501652604,1.0,0.03324808184143223,1.0,0.479539641943734,0.0,1.0
266,1469933337,224.9173753035254,178.8199626196548,1.12058042279569,624,True,False,False,56.69230077037737,0.2269265152098738,47.888284440538364,0.021966606365114702,0.4180844514334082,0.021993963634005912,0.14399911621009898,0.0,1.430511474609375e-06,0.021970558911561966,0.001014385255984962,0.41025641025641024,0.28205128205128205,0.0,0.5592670006310352,0.21749759884551167,-0.05353151634335518,0.9503205128205128,0.002254287677908061,0.026034839596653214,0.0,0.0017958019596084746,1.0,0.05128205128205128,1.0,0.23397435897435898,0.0,1.0
267,116008735,205.97125851623713,168.93358055971612,0.8985892652173673,504,True,False,False,38.396495600394765,0.18710702308083776,30.795908067558237,0.07694281017422269,0.4830063274369841,0.07696893825896979,0.14731596759777346,0.0,0.07694216072559357,0.07696828991174698,-0.000315918936394155,0.3353174603174603,0.12698412698412698,0.0,0.5519646035936026,0.20918296802788972,-0.05370740965008736,0.9365079365079365,0.0051514823386471275,0.014477903592099644,5.201486504534392e-09,0.0017829152087646188,1.0,0.06547619047619048,1.0,0.07738095238095238,0.0,1.0
268,581611928,238.42384065520605,190.97315570097908,1.1223561651408964,689,True,False,False,35.40768856155308,0.22560579441795592,26.641481161650354,0.015293967783510382,0.5678770729805594,0.01532129928966449,0.2161378790087298,0.0,0.0005752563592977822,0.015295982360839844,0.0008804178214631975,0.19738751814223512,0.1378809869375907,0.0,0.48465225329132294,0.05450151215947699,-0.053433842957019806,0.8577648766328012,0.001914322908756871,0.04006010989563782,2.6007432520503554e-09,0.0016289639552117523,1.0,0.09143686502177069,1.0,0.05660377358490566,0.0,1.0
269,744067628,221.2166729876773,167.57617707113135,1.2820165305515328,759,True,False,False,69.62516267292025,0.20928972330519985,61.34744404065398,0.03602819846350665,0.4043874347244433,0.036264450906591396,0.1324789630091031,0.0,0.03543386608362198,0.036248207092285156,0.0010853027924895287,0.43346508563899866,0.22793148880105402,0.0,0.5597445811114332,0.2695878757536411,-0.052906155586242676,0.9644268774703557,0.0007384330952103529,0.018385078391298357,0.0,0.001689086338012561,1.0,0.03689064558629776,1.0,0.37417654808959155,0.0,1.0
270,1345901386,4.007174223917548,-67.44213380292219,1.714976934227987,1000,False,False,False,28.33558829595464,0.16602288728057313,21.354988020032277,0.09910633510818298,0.4190782036532165,0.10517810378358387,0.09693580632951217,0.040507949021307284,0.0001623153657419607,0.08341102302074432,0.06407054513692856,0.505,0.007,0.595914363861084,0.5553356720001903,0.5634510514140129,0.19182872772216797,0.981,0.02218308898231599,0.016813483393358055,0.0017794220311811437,0.001714976934227987,0.0,0.0,0.0,0.426,1.0,0.0
271,223603263,29.473438766086456,-44.91488344569088,1.812944073725912,1000,False,False,False,69.73245063431932,0.2217707365435146,61.07941488050883,0.0664564158567806,0.29813571905338676,0.08250716367035381,0.10115269212626764,0.04651595633058802,9.031295485328883e-05,0.07811737060546875,0.02655387856066227,0.596,0.413,0.5924380719661713,0.5787654891726561,0.5586435128003359,0.18487614393234253,1.0,0.006711777121663907,0.017066958228590303,0.0009645090417047817,0.0018129440737259114,0.0,0.0,0.0,0.446,1.0,0.0
272,1169030516,153.16714353933938,94.96555234542554,1.3740530397971251,849,True,False,False,15.948129544321976,0.17443914241704553,8.71534910309245,0.035330973984655435,0.5040831627740142,0.03535776473267561,0.12290263925278688,0.0,0.03531370311975479,0.03534049913287163,0.001104829367250204,0.32744405182567726,0.1896348645465253,0.0,0.5587605388990842,0.25606122009456156,-0.052922219038009644,0.967020023557126,0.0006930139588765719,0.013883309751262743,7.802229756042646e-09,0.0016184370315631626,1.0,0.03415783274440518,1.0,0.16489988221436985,0.0,1.0
273,1599238136,-0.3859849818051407,-72.65176975554982,1.742192825791493,1000,False,False,False,14.69370449409999,0.18046244977174125,7.279917343442581,0.017464823859314697,0.42012661531876583,0.017464823859314697,0.11386982562001806,0.04978115951187343,0.005296611692756414,0.005296611692756414,0.016642294824123383,0.501,0.397,0.6056925505399704,0.5799562091454864,0.5738133008033037,0.2113851010799408,1.0,0.015955137230428698,0.016944104986479965,0.0017246074660297196,0.0017421928257914936,0.0,0.0,0.0,0.333,1.0,0.0
274,1609733005,166.37074285810812,123.68897009705654,0.998725758701721,636,True,False,False,7.580083411675422,0.1597964863336287,0.7895385821865323,0.10256677024769674,0.5795812297069645,0.10259433385490334,0.1348244386005063,0.0,0.10255555808544159,0.10258312523365021,0.0015164947835728526,0.2783018867924528,0.0,0.0,0.5589293480759967,0.28372569248080254,-0.05206535756587982,0.9465408805031447,0.004098151413027375,0.022094966719852133,2.600743251833515e-09,0.0015703235199712585,1.0,0.04245283018867924,1.0,0.11320754716981132,0.0,0.0
275,60405287,-148.53515031357813,-215.80316321723473,1.6562670967885562,879,False,False,True,22.162161248079443,0.2089750576610645,13.893200835393701,0.5869243026941746,0.8720302609267674,1.0240873023764183,0.15476352606728594,0.20054836303905335,0.43176403641700745,1.0017961263656616,-0.2125072330236435,0.0,0.0,0.0,0.5133213516802803,0.322266099639819,-0.003214646363630891,0.931740614334471,0.04494978475038763,0.04573916789747469,0.0013729947805849532,0.0018842629087469332,0.0,0.0,0.0,0.09442548350398179,1.0,0.0
276,1774614431,185.0585087271407,140.47224597636045,1.0528754250260064,650,True,False,False,29.018648962277776,0.11913392099523348,23.447541422846296,0.10339555564562466,0.5427488434362279,0.10377743592010816,0.12697110338963297,0.0,0.10114936530590057,0.10377655178308487,0.00042837619548663497,0.2676923076923077,0.0,0.0,0.5455232040841992,0.2670694897323847,-0.05177177116274834,0.9307692307692308,0.004105019000677268,0.01047680045340618,5.20148650366703e-09,0.001619808346193858,1.0,0.04461538461538461,1.0,0.14923076923076922,0.0,0.0
277,1043720662,204.13855656832445,152.4583603898613,1.2653398726154432,686,True,False,False,44.38734929165221,0.22010227549138534,35.78630765234882,0.09080368188839547,0.6087910711501557,0.09083133179045168,0.15899213229522802,0.0,0.09078998863697052,0.0908176451921463,0.0015767550794407725,0.18950437317784258,0.0728862973760933,0.0,0.5660673291055871,0.25629551872611045,-0.05226745083928108,0.9577259475218659,0.0035147416335730704,0.030815747028193296,7.802229755934226e-09,0.0018445187647455437,1.0,0.043731778425655975,1.0,0.04956268221574344,0.0,1.0
278,1602030473,210.18982041971745,150.154545767628,1.440509155069646,841,True,False,False,59.14903273541092,0.1947598959800305,51.30666266017829,0.04832005980716113,0.32158680536300366,0.07700564765373445,0.1468827284661445,0.0,0.00048360825167037547,0.07699747383594513,0.0011219596490263939,0.5933412604042806,0.3793103448275862,0.0,0.535582176385299,0.253371819332242,-0.0523625947535038,0.9369797859690844,0.0028013850673452487,0.032811578042340174,1.0402973008201422e-08,0.001712852740867594,1.0,0.034482758620689655,1.0,0.4292508917954816,0.0,1.0
279,1774598066,18.46926068924361,-69.24959562463407,2.2572952104625967,1000,False,False,False,29.63914851688903,0.1641600127736745,22.71443447617365,0.17356398847368038,0.4967360535803628,0.17367438459151052,0.1209238765071363,0.0015285027030702751,0.17352065443992615,0.17352065443992615,0.007305774837732315,0.12,0.0,0.5537523329257965,0.5513616895787418,0.5691123004257679,0.10750466585159302,0.976,0.012074735972013736,0.02259750911521162,0.002045086003818619,0.002257295210462594,0.0,0.0,0.0,0.393,1.0,0.0
280,1536042010,172.1999192723072,118.62757573216493,1.291744784671415,741,True,False,False,40.33758506486952,0.20531740627499698,32.17922890519183,0.041057029662502034,0.3404022490210948,0.04108477700624466,0.09997184626646716,0.0,0.04103851318359375,0.04106626659631729,0.001233146176673472,0.5155195681511471,0.31309041835357626,0.0,0.5544982059405018,0.23518647406250237,-0.053761135786771774,0.9581646423751687,0.0032360511881719856,0.013753412619555072,2.600743252267196e-09,0.0017432453234432037,1.0,0.04183535762483131,1.0,0.47908232118758437,0.0,1.0
281,1296415508,182.68327820267584,117.76976258687887,1.635783853859904,792,True,False,False,29.192667478167273,0.13205953973059992,23.231579686066283,0.11054391497901347,0.5431077885358979,0.11317682522358846,0.11782027846322438,0.0,0.11050615459680557,0.11317682266235352,2.4077891794149764e-05,0.3661616161616162,0.0,0.0,0.5033306396182176,0.2012002509832382,-0.051512282341718674,0.8674242424242424,0.004550426516227796,0.010927674602013276,1.8205202763701966e-08,0.0020653836538635146,1.0,0.09343434343434344,1.0,0.2765151515151515,0.0,0.0
282,1951647352,5.799885604344383,-66.20370318182806,1.7334529595390813,1000,False,False,False,31.50347315825084,0.17840596740712258,24.15138047853198,0.019192416396345155,0.4155738819264032,0.019192416396345155,0.09718151938909415,0.06184555869404762,0.01909456215798855,0.01909456215798855,0.0019355989061295986,0.419,0.186,0.6302545219659805,0.5704152239244431,0.5916591269522905,0.26050904393196106,1.0,0.010692223771497979,0.0144842511157739,0.0005108425408645242,0.0017334529595390783,0.0,0.0,0.0,0.31,1.0,0.0
283,460733693,167.29198911665011,104.88331041174044,1.5049559568303204,863,True,False,False,32.15334465345341,0.15695872642375827,25.444925000017722,0.004579378283709868,0.38150797506259126,0.0075637434558964625,0.11315562175604543,0.0,0.00026035308837890625,0.007536125369369984,0.0006457782001234591,0.507531865585168,0.354577056778679,0.0,0.5501536458098305,0.20445150390267372,-0.05329873412847519,0.9536500579374276,0.0015229206395670216,0.013715977020949012,5.201486504100711e-09,0.0017438655351452162,1.0,0.039397450753186555,1.0,0.36732329084588644,0.0,1.0
284,1887839194,189.34299009507527,127.81267383933202,1.4730105418581039,867,True,False,False,53.06027689082965,0.19330302571647098,45.26151477695998,0.0552312291910206,0.288259638703005,0.08559182512081852,0.14796055576787262,0.0,0.00028171538724564016,0.08558273315429688,0.0012475228868424892,0.6632064590542099,0.5420991926182238,0.0,0.5497077090446564,0.2889300238341093,-0.05412816256284714,0.9457900807381776,0.0055534158299967145,0.03428701440962382,0.0,0.0016989740967221472,1.0,0.029988465974625143,1.0,0.3552479815455594,0.0,1.0
285,904342164,132.94811895890155,63.49484780672668,1.6604423717391672,982,True,False,False,23.98226088889333,0.1749190930264259,16.73479156253552,0.06950436914248123,0.4485135509047331,0.06997951968440723,0.10674756298478821,0.0,0.06947965919971466,0.06997871398925781,-0.00033580302260816097,0.42362525458248473,0.164969450101833,0.0,0.5607065381264112,0.26588623581454157,-0.05210227146744728,0.9725050916496945,0.002382477825161285,0.0163749766053873,5.201486504100711e-09,0.0016908781789604541,1.0,0.028513238289205704,1.0,0.3391038696537678,0.0,1.0
286,221337892,19.27127827117223,-49.08578068654827,1.6119019652573532,1000,False,False,False,39.80036333332755,0.14984059220667248,33.305231909622314,0.02696911113661048,0.3619121290641294,0.02696911113661048,0.09790043189820762,0.06517153418156862,0.011015987023711205,0.011015987023711205,0.024616681039333344,0.594,0.326,0.5697631537914276,0.5505805464284494,0.566151594221592,0.13952630758285522,0.975,0.024554381660936105,0.013083583025725164,0.0006718994184188309,0.0016119019652573517,0.0,0.0,0.0,0.43,1.0,0.0
287,1293998076,111.10596243619506,-173.3254211614769,8.814379453255755,1000,False,False,False,51.4380727574864,0.25276394901927307,41.85524062940318,0.16457587144952818,0.3564918188863238,0.16457631869620332,0.08516757481183902,0.01120525489616417,0.16445417702198029,0.164459228515625,0.006206998601555824,0.502,0.0,0.0,0.25569131321113675,0.0,-0.05902121588587761,0.435,0.012714340661100478,0.02173975705071012,0.005837430647020518,0.008814379453255744,0.0,0.381,1.0,0.622,1.0,0.0
288,959788703,263.8023453340866,218.63479136773947,1.0842517988782376,632,True,False,False,49.055582830337755,0.18117612711502964,41.62378618577488,0.052742914321044256,0.5787819457202128,0.052770560047829186,0.23354870412373305,0.0,0.0008923530695028603,0.052751731127500534,0.0014095640508458018,0.21677215189873417,0.11075949367088607,0.0,0.5017007048067907,0.05319329183548689,-0.053903959691524506,0.8670886075949367,0.003837423976175158,0.046696824118849165,2.600743251833515e-09,0.0017155882893643004,1.0,0.07436708860759493,1.0,0.05379746835443038,0.0,1.0
289,62787811,132.12670249205559,55.40026748878338,1.9402145001090683,926,True,False,False,28.23991123225554,0.1550053175052741,21.589933350736,0.10728210483544873,0.37900748874517104,0.10730909854020554,0.10089327091918839,0.0,0.10728196799755096,0.10730896145105362,0.00017152786313090473,0.4427645788336933,0.0,0.0,0.5398692693624175,0.11960265982430428,-0.054045308381319046,0.9427645788336934,0.006716594348352481,0.009417898743996619,2.600743251833515e-09,0.0020952640389946754,1.0,0.0550755939524838,1.0,0.42764578833693306,0.0,0.0
290,1911790372,231.36407149598824,188.6787010363158,1.0268456819890786,594,True,False,False,54.73394029588215,0.16761086739501535,47.710723270313416,0.005815231474100323,0.44709733558577575,0.005842373388090272,0.17055385532142214,0.0,0.005806255154311657,0.005833434872329235,0.00032305478816851974,0.2255892255892256,0.1632996632996633,0.0,0.5156533692261598,0.12260412045754493,-0.053203925490379333,0.9023569023569024,0.0014475367960352914,0.021315412203071153,0.0,0.001728696434325048,1.0,0.06902356902356903,1.0,0.20875420875420875,0.0,1.0
291,1452386286,4.566683964268278,-73.7330337439553,1.9433239236074487,1000,False,False,False,32.16108052529071,0.12521595464371008,26.404688228474264,0.11480009065283772,0.39878720909559195,0.12604580151299027,0.10702299811547736,0.04443126704750329,0.11480007320642471,0.1259414702653885,0.005127391777932644,0.497,0.0,0.5562649220228195,0.5496548487201799,0.3092346931062639,0.11252984404563904,0.976,0.024133024843701632,0.011357708686983521,0.002797198195802389,0.0019433239236074514,0.0,0.021,1.0,0.5,1.0,0.0
292,861905043,204.60062787233616,159.24924076743343,1.0990462368300897,619,True,False,False,39.55374676987475,0.2162843733497547,31.069189455815057,0.0900845291208051,0.4767009394580729,0.09011198840239472,0.14316265105965154,0.0,0.0006084442138671875,0.09010352939367294,0.0012346840230748057,0.3877221324717286,0.1098546042003231,0.0,0.55071356751364,0.2255730824172497,-0.0541587695479393,0.9483037156704361,0.005789721962619458,0.024514635104241626,2.6007432527008767e-09,0.0017755189609532944,1.0,0.051696284329563816,1.0,0.2778675282714055,0.0,1.0
293,33557341,17.685385366948395,-54.887350207615185,1.7524245191521173,1000,False,False,False,28.29876950146584,0.1955341984557122,20.432829890289344,0.022816361830041695,0.27967144580660763,0.04113039047006963,0.08303899177486676,3.772554511592884e-08,0.00011911392357433215,0.04113035276532173,5.569219501921907e-05,0.585,0.496,0.0,0.5499711715490557,0.27385525330901145,-0.05259236320853233,0.966,0.0009429960186168915,0.013793351736040894,0.0,0.001752424519152115,1.0,0.028,1.0,0.476,1.0,1.0
294,1968158754,76.46210131279656,4.000971413495455,1.7487043299767,1000,False,False,False,57.249890566389276,0.2417978779725986,47.99604056970617,0.008897573073112987,0.37758697833861804,0.008914651468960757,0.14076096164292895,3.701269735799458e-05,3.032684253412299e-05,0.008911609649658203,0.0002328610426047817,0.444,0.255,0.0,0.5709100028795656,0.5256726682186127,-0.053112298250198364,0.993,0.0005949064462731317,0.02947399563223535,1.2085613255572412e-05,0.0017487043299767003,1.0,0.007,1.0,0.217,1.0,1.0
295,1569880741,-14.008066519908512,-106.76001429741024,2.4250649259167183,1000,False,False,False,36.55358867177543,0.16548736475529455,29.58905407161146,0.1281710435998494,0.34024053746839983,0.1648538698316195,0.08371603546895184,0.03227329090867951,0.12192153930664062,0.16471366584300995,0.006797549780458212,0.569,0.0,0.5570479966700077,0.5630074512455613,0.5630009841918945,0.11409599334001541,0.986,0.0037120180871196857,0.01347439474900085,0.0007367099402594292,0.0024250649259167176,0.0,0.014,1.0,0.458,1.0,0.0
296,2094708717,258.72552017304133,224.27108212048836,0.8078146017517654,511,True,False,False,56.4255187968793,0.19393155557689068,48.619337739206344,0.04339004243443814,0.4571007177380771,0.043412860115646865,0.20462563754903185,0.0,7.467270188499242e-05,0.04338979721069336,0.0014148927293717861,0.45792563600782776,0.2759295499021526,0.0,0.5360594527302001,0.29893319934606555,-0.052896853536367416,0.9001956947162426,0.0011159933148074028,0.03810159839958552,5.20148650388387e-09,0.0015808504926649036,1.0,0.050880626223091974,1.0,0.2602739726027397,0.0,1.0
297,626209299,226.69590670140457,195.62231227557675,0.7124531475276006,485,True,False,False,37.83597179503054,0.153360287594412,31.250442323564616,0.09475812685120705,0.5640604933071137,0.09478722332475388,0.18544878284845823,0.0,0.09474305808544159,0.09477214515209198,0.0016906238161027431,0.334020618556701,0.09278350515463918,0.0,0.5289759680801599,0.3053116473555565,-0.05429498851299286,0.9072164948453608,0.006020526873078345,0.024131857353591687,5.201486504534392e-09,0.0014689755619125774,1.0,0.05360824742268041,1.0,0.1360824742268041,0.0,1.0
298,345113150,168.71327909581606,112.17634987329748,1.374564307417284,765,True,False,False,37.731038214349724,0.19827352313721605,29.783748643394027,0.07458248416646743,0.3580195219278039,0.074610427598344,0.11347682492851283,0.0,0.07457093894481659,0.07459888607263565,0.0013122892705723643,0.5686274509803921,0.08627450980392157,0.0,0.5484179023411307,0.16646710379049182,-0.05405914783477783,0.9464052287581699,0.004978532912387099,0.015562349863602071,2.600743251833515e-09,0.001796816088127168,1.0,0.0457516339869281,1.0,0.396078431372549,0.0,1.0
299,286340482,190.86844093662222,127.89972356897289,1.4949572455883078,906,True,False,False,43.45475255691575,0.21557131419993578,34.987835214421736,0.025911150667245284,0.3814527553184339,0.025912217827724834,0.15168372360606744,0.0,0.0016545295948162675,0.02590618096292019,0.0005593037349171937,0.4856512141280353,0.282560706401766,0.0,0.5441559393549437,0.30425446256995203,-0.0529041588306427,0.9492273730684326,0.00018902720072577458,0.03342839494611453,7.802229756096856e-09,0.0016500631849760581,1.0,0.02869757174392936,1.0,0.30242825607064017,0.0,1.0
300,588060534,197.69447484410483,134.3735675605452,1.6893635761186525,632,True,False,False,22.95103179078055,0.16713647332541454,15.940424759906119,0.31939592197978955,0.7152195693132093,0.32616220206443103,0.1629377252323705,0.0,0.31919851899147034,0.3260068893432617,0.010064301081001759,0.0,0.0,0.0,0.45869975324355056,0.020448060426861047,-0.057172395288944244,0.7974683544303798,0.017939825523519602,0.02792352277295417,5.201486505401753e-09,0.0026730436330991347,1.0,0.1629746835443038,1.0,0.189873417721519,0.0,0.0
301,1562456108,219.04374798845953,162.94452444577223,1.3593074514229126,766,True,False,False,49.48677306439677,0.23206104041919118,40.52584881375006,0.018369664691192104,0.40459946080118403,0.01839699639908603,0.15688678522328142,0.0,0.0025283813010901213,0.018372725695371628,0.0009446835611015558,0.4360313315926893,0.29765013054830286,0.0,0.538838575399899,0.21262068927288055,-0.05308646708726883,0.9268929503916449,0.00018036932643976502,0.030930227587996607,2.6007432520232503e-09,0.0017745528086460997,1.0,0.04308093994778068,1.0,0.25718015665796345,0.0,1.0
302,1581055371,-12.32305454953756,-77.0065958716198,1.5534513774027379,904,False,True,False,55.52777933795432,0.20626783693660378,47.33997082255486,0.21383363770244646,0.42390069051918544,0.24319450970738787,0.14395279951668244,0.02745241712174356,0.000888824462890625,0.23915763199329376,-0.044127050787210464,0.0,0.0,0.5203771647065878,0.4982175368091477,0.4265954106478603,0.04075432941317558,0.8882743362831859,0.021383712833027257,0.037665194001365095,0.0001794824933091313,0.0017184196652685138,0.0,0.0,0.0,0.5696902654867256,1.0,0.0
303,939185871,-24.710790520763805,-103.69615575673038,1.9661788411988865,1000,False,False,False,15.886823901227713,0.18508541279336638,8.334347859921515,0.5290944023272053,0.8102683602432043,0.7091759249084183,0.17061931824046306,0.08479092202755607,0.1658451110124588,0.7065149545669556,-0.061376798897981644,0.0,0.0,0.5550552606582642,0.5275291629826243,0.532838295402471,0.11011052131652832,0.964,0.06978031332982433,0.04108558718107754,0.00022714371414583878,0.0019661788411988873,0.0,0.0,0.0,0.182,1.0,0.0
304,1235193594,-112.72230274076573,-118.48956095339751,0.16690860708772642,38,False,False,True,-81.61690946704175,0.1613245414559254,-87.09153652069874,1.6094909323076465,1.728527810507844,1.8059018511178613,0.7384772298811635,0.633088533563186,0.7390733361244202,1.0062123537063599,1.4996060132980347,0.0,0.0,0.5510658100247383,0.3201136366145587,0.3201136366145587,0.10213162004947662,0.6052631578947368,0.1185594792578802,0.12099574548387847,0.0014871674093490939,0.004392331765466484,0.0,0.0,0.0,0.0,1.0,0.0
305,1550110083,172.2444668877593,123.60002768295027,1.1128146401603045,763,True,False,False,18.276664996170968,0.12904989520274124,12.406102864260466,0.03345108761473404,0.4831630777201634,0.037859006193400296,0.1389899147412067,0.0,0.03270244598388672,0.03782167285680771,0.0016808962682262063,0.38663171690694625,0.3145478374836173,0.0,0.5155868533969014,0.2973330088704824,-0.05383674055337906,0.9121887287024901,0.0030520739603375345,0.01924748978489572,7.802229755934226e-09,0.0014584726607605575,1.0,0.047182175622542594,1.0,0.2608125819134993,0.0,1.0
306,767100266,149.4412594520021,88.55793292466379,1.4654442175779432,846,True,False,False,36.92647408259955,0.19871483709003374,28.96543485641582,0.013841120549158247,0.31748438591920053,0.015475250371903958,0.08882606247704768,0.0,2.6226043701171875e-05,0.015451431274414062,0.000858280633110553,0.5378250591016549,0.3747044917257683,0.0,0.5595878992195573,0.29240325099788606,-0.053099051117897034,0.9680851063829787,0.0003335010078460946,0.010143001668261672,0.0,0.0017322035668770025,1.0,0.030732860520094562,1.0,0.48936170212765956,0.0,1.0
307,1775315640,-26.76469691866076,-104.34872062823261,1.9194674569857295,1000,False,False,False,14.710293956291771,0.16776627439326738,7.677392066988583,0.10908985502706268,0.3514996126021399,0.11453641595259832,0.08422473565758433,0.016114503571113332,2.460479663568549e-05,0.1113496795296669,0.026829823851585388,0.573,0.0,0.5604673102498055,0.5606369076925329,0.5548932256922126,0.1209346204996109,0.978,0.0036117857672793366,0.01716004604216281,0.0018226304544774704,0.0019194674569857322,0.0,0.011,1.0,0.489,1.0,0.0
308,253685681,155.6367643409408,91.03551039185135,1.553375131636317,900,True,False,False,37.07657336008188,0.20670226782591583,28.875741212916225,0.07684643542192146,0.36308783918723925,0.08661780785579826,0.12291031498428151,0.0,0.0007380485767498612,0.08661718666553497,-0.0003280425153207034,0.4922222222222222,0.22333333333333333,0.0,0.5615543301703615,0.22410735603421927,-0.05184967815876007,0.9655555555555555,0.003214640894442551,0.026103876557395843,2.6267506845513433e-07,0.0017259723684847981,1.0,0.035555555555555556,1.0,0.35777777777777775,0.0,1.0
309,1633039757,157.86093101999728,93.39126978080031,1.52498870797323,936,True,False,False,38.005507040115134,0.14443570638498893,31.672600123816288,0.056978379017290755,0.4129043705760878,0.056999461247350766,0.09907731479188202,0.0,0.00023345947556663305,0.0569857582449913,0.001249775872565806,0.5106837606837606,0.19764957264957264,0.0,0.5377681452147145,0.2856678842008114,-0.05390268936753273,0.9455128205128205,0.004062963031734495,0.014518387223426996,5.20148650366703e-09,0.0016292614401423387,1.0,0.027777777777777776,1.0,0.42628205128205127,0.0,1.0
310,426878082,-75.49394353365938,-140.62464047123245,1.5136898979191042,986,False,True,False,7.235369553673518,0.16609996054480708,0.25247012485274556,0.19858340329779745,0.6864842419878552,0.2268768866237287,0.13450403164498406,0.03097491634370855,0.1982543021440506,0.22283987700939178,-0.04260881245136261,0.03144016227180527,0.0,0.5100512877106667,0.5357912397496489,0.437175480684964,0.020102575421333313,0.9432048681541582,0.015637671003511464,0.028917077894807193,0.002961657495716162,0.001535182452250613,0.0,0.0,0.0,0.2484787018255578,1.0,0.0
311,931088333,1.8099291312507888,-82.44257541565756,2.1417501515636106,1000,False,False,False,16.12853950340301,0.17181185129452492,8.974270307062122,0.23855823935379303,0.5847414306157162,0.23855823935379303,0.1253452966165004,0.05791757155062306,0.2384970635175705,0.2384970635175705,-0.005402245558798313,0.0,0.0,0.5218753665685654,0.5528695289334282,0.5538517462089658,0.04375073313713074,0.997,0.025979643578657112,0.023547790519564543,0.0017912749185522714,0.0021417501515636115,0.0,0.0,0.0,0.337,1.0,0.0
312,233020741,83.07354662312426,-176.71724926945078,7.993026529752501,1000,False,False,False,19.679075444257663,0.18030313472552031,12.270067744986939,0.20786959147464495,0.4376793052606055,0.20788157355093664,0.08908162302081138,0.010399309968585237,0.20776300132274628,0.20777884125709534,0.0065346574410796165,0.0,0.0,0.0,0.25673923739150634,0.0,-0.0587821789085865,0.439,0.015358698377467535,0.027783965920910446,0.005990968125647393,0.007993026529752506,0.0,0.374,1.0,0.552,1.0,0.0
313,321104617,10.719210714055079,-78.55939456749445,2.3092868427183184,1000,False,False,False,33.12457142456133,0.14569032279492913,26.753948083208243,0.11887480444960337,0.41245940225320005,0.1311130698348502,0.09390251565432232,0.02731762825150358,0.11886711418628693,0.12485656887292862,0.04001842439174652,0.512,0.0,0.5725283697247505,0.5218132524690591,0.5427889249008149,0.14505673944950104,0.926,0.0012605722082097502,0.012794646480501782,0.0022761837417130393,0.0023092868427183224,0.0,0.052,1.0,0.435,1.0,0.0
314,1639806757,-104.70826785359532,-110.67505371585791,0.16555952874208707,50,False,False,True,-67.50544883617245,0.15584223115898707,-72.97070363666698,1.6081386874998416,1.6824866815030892,1.742601367570536,0.4980888701792343,0.37089159256901183,0.7576500177383423,1.0000900030136108,1.4270527362823486,0.0,0.0,0.5342707075178623,0.4671653560176492,0.4671653560176492,0.06854141503572464,0.88,0.09289933958847829,0.1068224050643587,0.00044414452960876705,0.0033111905748417414,0.0,0.0,0.0,0.0,1.0,0.0
315,1415609443,201.5210948511958,151.62277785431206,1.1799438998961227,725,True,False,False,54.2136104769612,0.14567331844565598,47.844780373271355,0.005166125065741789,0.4460655309357161,0.005186561736590411,0.12578684305762491,0.0,0.0049574850127100945,0.004978370852768421,0.0014547323808073997,0.3724137931034483,0.24551724137931036,0.0,0.558527139445831,0.31181622594594954,-0.05335961654782295,0.9655172413793104,0.0008474739698988761,0.01340172684837901,7.802229756042646e-09,0.0016275088274429273,1.0,0.03586206896551724,1.0,0.23448275862068965,0.0,1.0
316,1375016442,180.49334815630579,143.10815902774428,0.8861729709520489,540,True,False,False,9.13963046058442,0.1254354370790539,3.3853582834038694,0.2282665605957479,0.6988606710526396,0.2282908881865068,0.17055064713128845,0.0,0.22823743522167206,0.22826175391674042,0.0036470985505729914,0.0,0.0,0.0,0.5166429764762547,0.12163483193144202,-0.055483169853687286,0.9037037037037037,0.01294916567044119,0.01516286955601132,5.20148650366703e-09,0.0016410610573186083,1.0,0.07037037037037037,1.0,0.06111111111111111,0.0,0.0
317,1625242512,33.40714111952112,-37.55281444245276,1.6986651853991284,1000,False,False,False,55.43578848822199,0.22428019486341777,46.7074689848143,0.07893615075150671,0.31181195016871344,0.10458419817223263,0.11793588517093888,0.032185011298202545,2.841949390131049e-05,0.09782085567712784,0.03699911758303642,0.54,0.094,0.5699029937386513,0.5635790112605319,0.5713919107615948,0.13980598747730255,0.992,0.020386149644960796,0.030803735937604458,0.000902100306257432,0.0016986651853991269,0.0,0.0,0.0,0.485,1.0,0.0
318,924032943,157.0105701801831,93.04168462429261,1.5349628518630252,896,True,False,False,32.62601137645384,0.15478216977805032,25.98279184691789,0.009356906734805954,0.40833560413578,0.010038621289560717,0.12018104341730029,0.0,8.106231689453125e-06,0.010023117065429688,-0.0005577111151069403,0.4419642857142857,0.16294642857142858,0.0,0.5621165511251353,0.2858192798960954,-0.05281919613480568,0.9698660714285714,0.0006680104945247773,0.014753959464988727,7.802229756042646e-09,0.001713128182882839,1.0,0.03236607142857143,1.0,0.26674107142857145,0.0,1.0
319,805957211,132.0067499572412,71.1395982849349,1.4449050557435381,876,True,False,False,29.122724154830767,0.1334973504928886,23.118103874452498,0.0625827716987155,0.3715427623568729,0.09507473169648394,0.08575949115381368,0.0,0.00031948089599609375,0.09506330639123917,0.0014739013276994228,0.4668949771689498,0.24885844748858446,0.0,0.5494256076088269,0.24458735346794128,-0.05424846336245537,0.9657534246575342,0.006041846465886865,0.012754516148565138,2.6007432527008767e-09,0.0016494349951410255,1.0,0.03538812785388128,1.0,0.4360730593607306,0.0,1.0
320,353200484,227.06294288141657,185.62746175287492,0.9798493709513879,602,True,False,False,68.2025861229592,0.20537134860725811,60.04615996395443,0.10467591061790882,0.3662087828762273,0.10655763774269215,0.14702220721106934,0.0,0.1040918380022049,0.10655021667480469,0.0012575722066685557,0.526578073089701,0.0,0.0,0.5595649284391085,0.28738196596503257,-0.05428106710314751,0.9584717607973422,0.006647819643609973,0.02357106686279267,2.600743251833515e-09,0.0016276567623777186,1.0,0.04318936877076412,1.0,0.4152823920265781,0.0,0.0
321,1440612902,207.6755927476566,170.50386332378383,0.895057647462424,516,True,False,False,27.25472923752927,0.19561185841159479,19.397562462874006,0.10088986038238563,0.5833578851788783,0.10091742065189883,0.17035874059382045,0.0,0.08948592841625214,0.10091476142406464,0.000732610234990716,0.19573643410852712,0.0,0.0,0.5319992926634141,0.17189701206982136,-0.05412454530596733,0.9108527131782945,0.006367995924336816,0.02850479945411043,2.600743251833515e-09,0.0017346078439194265,1.0,0.06976744186046512,1.0,0.06395348837209303,0.0,0.0
322,1072951446,-2.803296733880368,-70.77821442592146,1.5991639230680346,1000,False,False,False,11.936932317166363,0.15099139785890173,5.407276723894146,0.10514925965704561,0.5366449008254119,0.10514925965704561,0.10256581952448289,0.0586655519552516,0.07279644161462784,0.07279644161462784,0.0758751928806305,0.369,0.0,0.601863756775856,0.5550450823339633,0.587116027623415,0.20372751355171204,0.99,0.00737010781235108,0.015480132631780542,0.0013724908865798717,0.0015991639230680348,0.0,0.0,0.0,0.299,1.0,0.0
323,1717708834,162.97886883621106,103.6176893358127,1.4400393166799488,808,True,False,False,38.774159563676804,0.21420809164501803,30.34851147227782,0.038235047402023215,0.3592597176060535,0.03826166019427777,0.09782538395667434,0.0,1.6307831174344756e-05,0.03825264051556587,0.0008307432872243226,0.44554455445544555,0.24257425742574257,0.0,0.5546289766236153,0.28166142880916595,-0.05364169925451279,0.9678217821782178,0.0031039571627510107,0.019112129547068653,5.201486504100711e-09,0.0017822268770791387,1.0,0.03341584158415842,1.0,0.39603960396039606,0.0,1.0
324,324576056,158.8575809988193,102.66664161250159,1.2943646462105902,868,True,False,False,22.986064980741933,0.13474982747286843,16.943895527603996,0.08832661810017242,0.5475139271575932,0.08836983151260634,0.12895590679244337,0.0,0.0882294625043869,0.08836784213781357,0.0005929565522819757,0.28456221198156684,0.059907834101382486,0.0,0.5335073615606737,0.3050755786895752,-0.05400131642818451,0.9516129032258065,0.005717755495720896,0.01370350069739225,1.0402973008201422e-08,0.0014912035094592063,1.0,0.029953917050691243,1.0,0.14170506912442396,0.0,1.0
325,1043075022,130.60275143844774,-115.02009744009405,7.520761629284726,1000,False,False,False,55.959626680872184,0.2717770652241485,45.806401066642586,0.17382964723627228,0.37307548885022523,0.17384346127425424,0.09328460689429868,0.003272937572670778,0.1681545227766037,0.1737419068813324,0.005941281095147133,0.555,0.0,0.0,0.27054538506723474,0.040172071177512404,-0.04978398233652115,0.457,0.014504915979717953,0.027042254551140444,0.005827334561716135,0.007520761629284727,1.0,0.39,1.0,0.539,1.0,0.0
326,1970269961,176.61303116865474,108.525759485982,1.6182423894224192,977,True,False,False,55.07727685739368,0.2228364569058966,46.39229194676502,0.02371872241024403,0.41890279365010524,0.02373268225771887,0.14049163262775516,0.0,0.023708820343017578,0.02372274361550808,0.0006867623305879533,0.4421699078812692,0.16376663254861823,0.0,0.5664731429788754,0.30709235787391664,-0.052961211651563644,0.9744114636642784,8.278945994188709e-05,0.02944092185233168,2.600743252036803e-09,0.0016563381672696216,1.0,0.02661207778915046,1.0,0.25588536335721596,0.0,1.0
327,110878897,196.114061081993,152.34208663954013,1.047732481415097,617,True,False,False,30.206632664023154,0.15710061318323643,23.497668840950407,0.04737448752618597,0.497222972108063,0.04740157056823002,0.14055810922491874,0.0,0.04737434536218643,0.04740142822265625,0.00011616706615313888,0.23824959481361427,0.1507293354943274,0.0,0.5084274642697448,0.23067921042442321,-0.053557489067316055,0.8897893030794165,0.0036027153500949737,0.017679015943935783,0.0,0.0016981077494572067,1.0,0.05834683954619125,1.0,0.12317666126418152,0.0,1.0
328,176865162,180.882828703057,113.23842291233115,1.674146859690861,871,True,False,False,38.7234247776036,0.19897167970383844,30.754590093691,0.07890676956961351,0.4047101144276372,0.07893365855803122,0.13724928401677186,0.0,0.0011971474159508944,0.07893361896276474,-7.906198152340949e-05,0.41676234213547647,0.10562571756601608,0.0,0.5474523872417215,0.26260277211666105,-0.05377676710486412,0.9460390355912744,0.005246521299306079,0.029696107766195693,7.802229756367907e-09,0.0019220974278884723,1.0,0.03788748564867968,1.0,0.34328358208955223,0.0,1.0
329,548674510,31.865432109870117,-36.75924004179518,1.6208224050555065,1000,False,False,False,16.015068453336138,0.2219756135575376,7.3558863891048505,0.05829430010688258,0.6532419344510599,0.05829430010688258,0.1486473541917649,0.023216075411226847,0.05366115644574165,0.05366115644574165,0.022775111719965935,0.235,0.099,0.5773154497146606,0.5685207133609802,0.5612743786722422,0.1546308994293213,1.0,0.004292852480568667,0.02843723714611533,0.004423952046788647,0.001620822405055507,0.0,0.0,0.0,0.14,1.0,0.0
330,1188201133,245.33128333054486,203.1823264012966,1.0136318976416037,587,True,False,False,59.18031644431134,0.20113537393083705,51.15173659772272,0.08645333201181325,0.40399914451581526,0.08647491949834872,0.19740110502116084,0.0,0.00027446745662018657,0.08646583557128906,0.0012533878907561302,0.4514480408858603,0.09880749574105621,0.0,0.5433478577465479,0.28476082645356654,-0.05225343257188797,0.9250425894378195,0.0032820203004303443,0.040861580526357855,5.201486504100711e-09,0.0017268005070555433,1.0,0.04258943781942078,1.0,0.39182282793867124,0.0,1.0
331,1768873092,-2.1923668278846873,-74.08208106257258,1.7296571411562587,1000,False,False,False,14.744339972422361,0.1986613483465103,6.784585864521875,0.06160587464389294,0.4568821124932524,0.0837808596006773,0.11350144808431302,0.0527197660271403,0.043032072484493256,0.043032072484493256,0.0718851387500763,0.482,0.168,0.5147423287853599,0.5723721511806361,0.5122468075063079,0.02948465757071972,0.999,0.00012238707632567755,0.020590968128574347,0.002738126539040298,0.0017296571411562604,0.0,0.0,0.0,0.303,1.0,0.0
332,1913795861,-100.78029689481482,-106.39545326745151,0.1525052124212231,52,False,False,True,-63.1039971880571,0.1452372941804779,-68.27518312066843,1.5553153801146387,1.5723759021519907,1.5553153801146387,0.5811731509023365,0.5098986816943147,0.7240917086601257,1.0026798248291016,1.1889655590057373,0.0,0.0,0.5947028249502182,0.5545424149335864,0.5664324000477791,0.1894056499004364,0.9807692307692307,0.11005392530265558,0.11604505867552807,0.0007183356891838216,0.0029327925465619806,0.0,0.0,0.0,0.0,1.0,0.0
