checkpoint,controller,crash_rate,enable_wind,episodes,ever_both_legs_contact_rate,final_both_legs_contact_rate,gamma,gravity,lambda_label,lambda_value,landing_candidate_rate,log_path,mean_both_legs_contact_fraction,mean_common_task_return,mean_discounted_common_task_return,mean_discounted_theta_star_variation,mean_discounted_train_like_return,mean_final_abs_theta,mean_final_abs_theta_tracking_error,mean_final_distance_to_pad,mean_final_main_power,mean_final_speed,mean_length,mean_low_velocity_fraction,mean_max_abs_theta_tracking_error,mean_mean_abs_side_cmd,mean_mean_abs_theta,mean_mean_abs_theta_star,mean_mean_abs_theta_star_dot_hat,mean_mean_abs_theta_tracking_error,mean_mean_distance_to_pad,mean_mean_main_power,mean_mean_side_power,mean_mean_speed,mean_min_distance_to_pad,mean_official_return,mean_theta_star_variation,mean_train_like_return,official_success_rate,out_of_bounds_rate,reduced_success_rule_rate,scenario,seed_file,side_sign,sweep_wn,sweep_zeta,theta_limit_deg,truncated_rate,turbulence_power,variation_lambda,wind_power
C:\Users\rabiei\My Research\reduced_order_lunar_lander_runs\reduced_order_lander_lam0_from_base_12upd_lam0_20260529_155530\final_model.pt,pd,0.07333333333333333,False,150,0.92,0.6866666666666666,0.99,-10.0,0,0.0,0.6666666666666666,C:\Users\rabiei\My Research\reduced_order_lunar_lander_runs\official_reset_deployment_eval\full_150eps_all_lambda_all_gains\lambda_0\full_eval\logs\0_zeta0p3_wn0p5.log,0.08649586380363601,106.4483829565248,31.113104295508997,0.19561811906707136,29.135923689943283,0.11211809111307958,0.11906402868175708,0.3603735396827423,0.12493442916000883,0.08553124433604609,669.76,0.12544876538351712,0.26118087147237756,0.03400921575109851,0.0626058061945766,0.04905261412452973,0.03515606868997734,0.06662046201189793,0.5876264986384071,0.5167237291963798,0.03400921575109851,0.22429840158982997,0.21497395337739378,106.10448505398014,1.2522435290026237,93.05318295652485,0.7333333333333333,0.08,0.7333333333333333,nominal,C:\Users\rabiei\My Research\reduced_order_lunar_lander_runs\lambda_sweep_deployment_fixed_seeds_333.npy,-1,0.5,0.3,20.0,0.11333333333333333,1.5,0.0,15.0
C:\Users\rabiei\My Research\reduced_order_lunar_lander_runs\reduced_order_lander_lam0_from_base_12upd_lam0_20260529_155530\final_model.pt,pd,0.03333333333333333,False,150,0.92,0.74,0.99,-10.0,0,0.0,0.7333333333333333,C:\Users\rabiei\My Research\reduced_order_lunar_lander_runs\official_reset_deployment_eval\full_150eps_all_lambda_all_gains\lambda_0\full_eval\logs\0_zeta0p3_wn1.log,0.07845088830071503,126.13535989283649,36.82850606841774,0.20239345428617658,34.83585651681994,0.04933829433231343,0.05687827102021845,0.2368999990035032,0.12311637793978056,0.06035248221521807,700.62,0.18873027986885305,0.18493735275317433,0.07391649588143542,0.04230783258020718,0.033847130769205966,0.029895338289288878,0.02952229368794767,0.5059582929657988,0.5252152712742714,0.07391649588143542,0.17520656933034348,0.13274524059447543,124.92880212076491,1.3260525776834267,112.12295989283662,0.7466666666666667,0.08,0.7466666666666667,nominal,C:\Users\rabiei\My Research\reduced_order_lunar_lander_runs\lambda_sweep_deployment_fixed_seeds_333.npy,-1,1.0,0.3,20.0,0.14,1.5,0.0,15.0
C:\Users\rabiei\My Research\reduced_order_lunar_lander_runs\reduced_order_lander_lam0_from_base_12upd_lam0_20260529_155530\final_model.pt,pd,0.006666666666666667,False,150,0.9466666666666667,0.8266666666666667,0.99,-10.0,0,0.0,0.7866666666666666,C:\Users\rabiei\My Research\reduced_order_lunar_lander_runs\official_reset_deployment_eval\full_150eps_all_lambda_all_gains\lambda_0\full_eval\logs\0_zeta0p3_wn2.log,0.0793563291572455,150.03023139047275,38.66204284759753,0.23342567396282612,36.667530896511316,0.045923565744305964,0.05057721635679361,0.18486297922670053,0.07855190207405637,0.03209891567324301,706.1266666666667,0.19417140670834074,0.17062603549388994,0.3849306658108918,0.037608888206780086,0.030275937702432365,0.030686480150997408,0.02017209775265455,0.48409577382564617,0.5254485137784469,0.3849306658108918,0.16158392320075837,0.11202176025605994,142.209679693918,1.5808188372768783,135.90769805713953,0.8133333333333334,0.02666666666666667,0.8133333333333334,nominal,C:\Users\rabiei\My Research\reduced_order_lunar_lander_runs\lambda_sweep_deployment_fixed_seeds_333.npy,-1,2.0,0.3,20.0,0.15333333333333332,1.5,0.0,15.0
C:\Users\rabiei\My Research\reduced_order_lunar_lander_runs\reduced_order_lander_lam0_from_base_12upd_lam0_20260529_155530\final_model.pt,pd,0.013333333333333334,False,150,0.9466666666666667,0.82,0.99,-10.0,0,0.0,0.8,C:\Users\rabiei\My Research\reduced_order_lunar_lander_runs\official_reset_deployment_eval\full_150eps_all_lambda_all_gains\lambda_0\full_eval\logs\0_zeta0p3_wn4.log,0.07395464845867411,152.8860732933482,39.37719369325782,0.2504560582076217,37.38248616283408,0.03527791598658344,0.039521976461706194,0.1647027234692066,0.0750667426546958,0.020410104691603013,716.54,0.20328317510898103,0.1612464977016307,0.5374888655436966,0.03512895996011561,0.02888963630675312,0.030989544870169396,0.016718917507071128,0.47034096187741226,0.5270616706645057,0.5374888655436966,0.15558148118983822,0.10132440158656726,141.6706791651768,1.7200626806289594,138.55527329334834,0.8133333333333334,0.013333333333333334,0.8133333333333334,nominal,C:\Users\rabiei\My Research\reduced_order_lunar_lander_runs\lambda_sweep_deployment_fixed_seeds_333.npy,-1,4.0,0.3,20.0,0.16,1.5,0.0,15.0
C:\Users\rabiei\My Research\reduced_order_lunar_lander_runs\reduced_order_lander_lam0_from_base_12upd_lam0_20260529_155530\final_model.pt,pd,0.013333333333333334,False,150,0.9466666666666667,0.86,0.99,-10.0,0,0.0,0.8333333333333334,C:\Users\rabiei\My Research\reduced_order_lunar_lander_runs\official_reset_deployment_eval\full_150eps_all_lambda_all_gains\lambda_0\full_eval\logs\0_zeta0p3_wn6.log,0.07487760412146298,156.2689362481566,39.55845270130319,0.2661419412344442,37.5639303159768,0.03528829645275133,0.03873257654123397,0.16038520424872157,0.06708172467847665,0.01929298971012369,706.7933333333333,0.2021030881903949,0.15770774757229405,0.6466182080266789,0.034560922828570165,0.02868083284835536,0.03193576367373915,0.016101821848526897,0.4718239681437784,0.5290870642373392,0.6466182080266789,0.15557289964830873,0.10156298174468885,142.873798297506,1.8364118189314926,142.1330695814901,0.8266666666666667,0.013333333333333334,0.8266666666666667,nominal,C:\Users\rabiei\My Research\reduced_order_lunar_lander_runs\lambda_sweep_deployment_fixed_seeds_333.npy,-1,6.0,0.3,20.0,0.14666666666666667,1.5,0.0,15.0
C:\Users\rabiei\My Research\reduced_order_lunar_lander_runs\reduced_order_lander_lam0_from_base_12upd_lam0_20260529_155530\final_model.pt,pd,0.04,False,150,0.9333333333333333,0.8266666666666667,0.99,-10.0,0,0.0,0.7933333333333333,C:\Users\rabiei\My Research\reduced_order_lunar_lander_runs\official_reset_deployment_eval\full_150eps_all_lambda_all_gains\lambda_0\full_eval\logs\0_zeta0p3_wn8.log,0.07508883841737167,144.3832926754958,39.656689417730476,0.28182989954131477,37.662181734431975,0.03523707346383011,0.0415184068854391,0.1656658915816992,0.09300253234085783,0.02656524448230069,720.3866666666667,0.20359251220756774,0.1629566443018069,0.7437423252752738,0.03541762673835825,0.028405522588979402,0.033754178471055794,0.01801444523856004,0.4661021644105485,0.5289789287719955,0.7437423252752738,0.1542606585585118,0.09833810115171936,128.67902861686503,2.0141213187402256,129.9755593421626,0.78,0.02,0.78,nominal,C:\Users\rabiei\My Research\reduced_order_lunar_lander_runs\lambda_sweep_deployment_fixed_seeds_333.npy,-1,8.0,0.3,20.0,0.16,1.5,0.0,15.0
C:\Users\rabiei\My Research\reduced_order_lunar_lander_runs\reduced_order_lander_lam0_from_base_12upd_lam0_20260529_155530\final_model.pt,pd,0.02,False,150,0.94,0.88,0.99,-10.0,0,0.0,0.8466666666666667,C:\Users\rabiei\My Research\reduced_order_lunar_lander_runs\official_reset_deployment_eval\full_150eps_all_lambda_all_gains\lambda_0\full_eval\logs\0_zeta0p3_wn10.log,0.0728787686082875,158.82935956160776,39.77349589538728,0.2904946008942622,37.77911215361005,0.02814077188337251,0.03208441082005339,0.15316673497044367,0.0699338065367192,0.01288563523342577,708.9666666666667,0.20399991553684602,0.14784588946164817,0.7992623956254102,0.03488783832801088,0.028173928469085053,0.03479601942587183,0.017642506557167887,0.4670829585244762,0.5298749472427953,0.7992623956254102,0.1535758450416949,0.09825266588712872,142.16159747487367,2.066870738737853,144.6500262282746,0.84,0.013333333333333334,0.84,nominal,C:\Users\rabiei\My Research\reduced_order_lunar_lander_runs\lambda_sweep_deployment_fixed_seeds_333.npy,-1,10.0,0.3,20.0,0.12666666666666668,1.5,0.0,15.0
C:\Users\rabiei\My Research\reduced_order_lunar_lander_runs\reduced_order_lander_lam0_from_base_12upd_lam0_20260529_155530\final_model.pt,pd,0.02,False,150,0.9333333333333333,0.8533333333333334,0.99,-10.0,0,0.0,0.8066666666666666,C:\Users\rabiei\My Research\reduced_order_lunar_lander_runs\official_reset_deployment_eval\full_150eps_all_lambda_all_gains\lambda_0\full_eval\logs\0_zeta0p3_wn12.log,0.07477998472667097,153.43100289800824,39.85765142818009,0.29526822738676195,37.86323776492017,0.03741260920220157,0.04145240346626895,0.15958707118936669,0.06994520866700138,0.02081791293833349,711.92,0.20377235069841462,0.15914671592373614,0.8264800387006512,0.03591630140336272,0.028348767175743285,0.035280029721708836,0.01924883562636637,0.4666415514828651,0.5287328014483378,0.8264800387006512,0.15307755995499736,0.09867725890256232,136.13748291853975,2.0992664383437725,139.1926028980084,0.8133333333333334,0.013333333333333334,0.8133333333333334,nominal,C:\Users\rabiei\My Research\reduced_order_lunar_lander_runs\lambda_sweep_deployment_fixed_seeds_333.npy,-1,12.0,0.3,20.0,0.15333333333333332,1.5,0.0,15.0
C:\Users\rabiei\My Research\reduced_order_lunar_lander_runs\reduced_order_lander_lam0_from_base_12upd_lam0_20260529_155530\final_model.pt,pd,0.08,False,150,0.7333333333333333,0.56,0.99,-10.0,0,0.0,0.5266666666666666,C:\Users\rabiei\My Research\reduced_order_lunar_lander_runs\official_reset_deployment_eval\full_150eps_all_lambda_all_gains\lambda_0\full_eval\logs\0_zeta0p7_wn0p5.log,0.06596947641283464,58.04301233781475,28.17291899086477,0.19089964415172483,26.227993283932914,0.09674407670051248,0.10737572224518914,0.5004737688078038,0.21597969295612227,0.15857013807582362,596.5333333333333,0.11720447635615912,0.22410172898080333,0.08168046891646458,0.04707558758817695,0.056798026907340274,0.028740458358408758,0.05331484542446392,0.6827688659033225,0.5286838435181439,0.08168046891646458,0.2538702840402088,0.37776675855998726,56.90699317964866,1.0910742827260236,46.112345671148084,0.56,0.25333333333333335,0.56,nominal,C:\Users\rabiei\My Research\reduced_order_lunar_lander_runs\lambda_sweep_deployment_fixed_seeds_333.npy,-1,0.5,0.7,20.0,0.10666666666666667,1.5,0.0,15.0
C:\Users\rabiei\My Research\reduced_order_lunar_lander_runs\reduced_order_lander_lam0_from_base_12upd_lam0_20260529_155530\final_model.pt,pd,0.06,False,150,0.8933333333333333,0.6733333333333333,0.99,-10.0,0,0.0,0.6533333333333333,C:\Users\rabiei\My Research\reduced_order_lunar_lander_runs\official_reset_deployment_eval\full_150eps_all_lambda_all_gains\lambda_0\full_eval\logs\0_zeta0p7_wn1.log,0.07971092947211332,105.45245497766031,33.262849075669955,0.22337828163713377,31.282551997278862,0.07979742495291854,0.09189081223249905,0.32595648502869096,0.1443246594319741,0.0951585410451678,679.5466666666666,0.15900399619023853,0.2169253078885884,0.3944246130412023,0.04805914174803113,0.041975977167594936,0.03215623320959605,0.03998940333365489,0.5710168776459322,0.5200000857389061,0.3944246130412023,0.20368340422275286,0.20791627372701665,97.78954088340369,1.5027567311409675,91.86152164432706,0.7066666666666667,0.10666666666666667,0.7066666666666667,nominal,C:\Users\rabiei\My Research\reduced_order_lunar_lander_runs\lambda_sweep_deployment_fixed_seeds_333.npy,-1,1.0,0.7,20.0,0.12666666666666668,1.5,0.0,15.0
C:\Users\rabiei\My Research\reduced_order_lunar_lander_runs\reduced_order_lander_lam0_from_base_12upd_lam0_20260529_155530\final_model.pt,pd,0.02666666666666667,False,150,0.94,0.8,0.99,-10.0,0,0.0,0.7733333333333333,C:\Users\rabiei\My Research\reduced_order_lunar_lander_runs\official_reset_deployment_eval\full_150eps_all_lambda_all_gains\lambda_0\full_eval\logs\0_zeta0p7_wn2.log,0.08168644051044877,134.86480338257758,36.873325107302435,0.2439636057571418,34.881501031296516,0.04009055681851654,0.048326089214531166,0.24028508066694787,0.08794212539563886,0.052094432951715626,693.7333333333333,0.18455061581103227,0.17753399061296066,0.5280615514200009,0.041232937018927864,0.0342091350930215,0.032238221864491226,0.02723721968497442,0.5128626589088063,0.5230377860914938,0.5280615514200009,0.17586770934035414,0.13725831342619324,124.20649184875813,1.6494602907385305,120.99013671591102,0.7666666666666667,0.06666666666666667,0.7666666666666667,nominal,C:\Users\rabiei\My Research\reduced_order_lunar_lander_runs\lambda_sweep_deployment_fixed_seeds_333.npy,-1,2.0,0.7,20.0,0.14,1.5,0.0,15.0
C:\Users\rabiei\My Research\reduced_order_lunar_lander_runs\reduced_order_lander_lam0_from_base_12upd_lam0_20260529_155530\final_model.pt,pd,0.02666666666666667,False,150,0.9533333333333334,0.8466666666666667,0.99,-10.0,0,0.0,0.8333333333333334,C:\Users\rabiei\My Research\reduced_order_lunar_lander_runs\official_reset_deployment_eval\full_150eps_all_lambda_all_gains\lambda_0\full_eval\logs\0_zeta0p7_wn4.log,0.07974018551514848,149.64308684988794,38.658604828588395,0.2708671239785513,36.66401423859454,0.053409983146951466,0.058495540495706703,0.18531580784454613,0.07058741685003042,0.032169903810548926,705.2,0.19686424183281404,0.17708107625511374,0.6941931996332857,0.0372773416939082,0.03039013658950438,0.03287087247467715,0.02111169108987366,0.4825409915825033,0.5252525728518246,0.6941931996332857,0.16113556543714888,0.11297153554947272,135.26642656954257,1.8941324100369215,135.53908684988806,0.8333333333333334,0.02666666666666667,0.8333333333333334,nominal,C:\Users\rabiei\My Research\reduced_order_lunar_lander_runs\lambda_sweep_deployment_fixed_seeds_333.npy,-1,4.0,0.7,20.0,0.11333333333333333,1.5,0.0,15.0
C:\Users\rabiei\My Research\reduced_order_lunar_lander_runs\reduced_order_lander_lam0_from_base_12upd_lam0_20260529_155530\final_model.pt,pd,0.006666666666666667,False,150,0.9533333333333334,0.8266666666666667,0.99,-10.0,0,0.0,0.8066666666666666,C:\Users\rabiei\My Research\reduced_order_lunar_lander_runs\official_reset_deployment_eval\full_150eps_all_lambda_all_gains\lambda_0\full_eval\logs\0_zeta0p7_wn6.log,0.07880788785987985,153.23282390719177,39.07469852755704,0.28581763297593465,37.079829403045515,0.03463463113095107,0.03605123016590617,0.17422383773129688,0.07840572519227862,0.025208830795070827,712.44,0.19727810828671788,0.15706467447357506,0.7796451944481815,0.036346156612448915,0.029589572067970447,0.0335317871948403,0.019306683597622925,0.47624211962953295,0.5252211942977479,0.7796451944481815,0.15853480129901962,0.10470337326868397,136.88406656008286,2.0399973068554638,138.98402390719193,0.82,0.02,0.82,nominal,C:\Users\rabiei\My Research\reduced_order_lunar_lander_runs\lambda_sweep_deployment_fixed_seeds_333.npy,-1,6.0,0.7,20.0,0.15333333333333332,1.5,0.0,15.0
C:\Users\rabiei\My Research\reduced_order_lunar_lander_runs\reduced_order_lander_lam0_from_base_12upd_lam0_20260529_155530\final_model.pt,pd,0.02,False,150,0.9466666666666667,0.8533333333333334,0.99,-10.0,0,0.0,0.8266666666666667,C:\Users\rabiei\My Research\reduced_order_lunar_lander_runs\official_reset_deployment_eval\full_150eps_all_lambda_all_gains\lambda_0\full_eval\logs\0_zeta0p7_wn8.log,0.08023337206625086,154.57383971382689,39.279008511506795,0.2946159688003593,37.28442753515915,0.030796850237699496,0.032999706704453596,0.17477557871224367,0.06994073210904996,0.017972539524059267,706.2933333333333,0.19657958918146184,0.155827617984206,0.8168926386083305,0.035751768938778114,0.02949356650968313,0.03390786370393587,0.018630428815722713,0.47454168530957647,0.5249256051539138,0.8168926386083305,0.15837769956313189,0.10271293084055953,137.56006903233282,2.0574102301962514,140.4479730471604,0.8266666666666667,0.02666666666666667,0.8266666666666667,nominal,C:\Users\rabiei\My Research\reduced_order_lunar_lander_runs\lambda_sweep_deployment_fixed_seeds_333.npy,-1,8.0,0.7,20.0,0.12666666666666668,1.5,0.0,15.0
C:\Users\rabiei\My Research\reduced_order_lunar_lander_runs\reduced_order_lander_lam0_from_base_12upd_lam0_20260529_155530\final_model.pt,pd,0.013333333333333334,False,150,0.9533333333333334,0.8866666666666667,0.99,-10.0,0,0.0,0.8533333333333334,C:\Users\rabiei\My Research\reduced_order_lunar_lander_runs\official_reset_deployment_eval\full_150eps_all_lambda_all_gains\lambda_0\full_eval\logs\0_zeta0p7_wn10.log,0.07879939566997261,157.72796133302742,39.389589289859806,0.29786702822331573,37.39485158227824,0.027846676251792813,0.028353866314535014,0.16262200479029937,0.05961054709623568,0.01690022714852353,718.0933333333334,0.20367766101624496,0.14892837107343443,0.8378673949489968,0.035186232353282755,0.028783255764217718,0.03411275870775578,0.017828760905778788,0.4717094336554121,0.5262730290543275,0.8378673949489968,0.1550933711281096,0.10188458248103509,140.04303950090664,2.1341513860136856,143.3660946663609,0.8333333333333334,0.006666666666666667,0.8333333333333334,nominal,C:\Users\rabiei\My Research\reduced_order_lunar_lander_runs\lambda_sweep_deployment_fixed_seeds_333.npy,-1,10.0,0.7,20.0,0.14666666666666667,1.5,0.0,15.0
C:\Users\rabiei\My Research\reduced_order_lunar_lander_runs\reduced_order_lander_lam0_from_base_12upd_lam0_20260529_155530\final_model.pt,pd,0.02,False,150,0.94,0.8533333333333334,0.99,-10.0,0,0.0,0.8333333333333334,C:\Users\rabiei\My Research\reduced_order_lunar_lander_runs\official_reset_deployment_eval\full_150eps_all_lambda_all_gains\lambda_0\full_eval\logs\0_zeta0p7_wn12.log,0.08049451966097763,153.43847075092023,39.476351724649675,0.30024370930319105,37.48159964050873,0.03867059456680991,0.04224790319648335,0.16946030538108636,0.06731669090688229,0.020695505714849252,708.8333333333334,0.19793720623050665,0.16111502312571926,0.8476725692440423,0.036191856745720945,0.029043493245342795,0.03455757652930489,0.019132649837290596,0.4724222503896912,0.5246472761789062,0.8476725692440423,0.15692136095289794,0.1016837184011911,135.73496885958255,2.1198353190219454,139.26180408425373,0.8266666666666667,0.02666666666666667,0.8266666666666667,nominal,C:\Users\rabiei\My Research\reduced_order_lunar_lander_runs\lambda_sweep_deployment_fixed_seeds_333.npy,-1,12.0,0.7,20.0,0.12666666666666668,1.5,0.0,15.0
C:\Users\rabiei\My Research\reduced_order_lunar_lander_runs\reduced_order_lander_lam0_from_base_12upd_lam0_20260529_155530\final_model.pt,pd,0.07333333333333333,False,150,0.66,0.5533333333333333,0.99,-10.0,0,0.0,0.5266666666666666,C:\Users\rabiei\My Research\reduced_order_lunar_lander_runs\official_reset_deployment_eval\full_150eps_all_lambda_all_gains\lambda_0\full_eval\logs\0_zeta1_wn0p5.log,0.0603209292973969,45.25116272220234,25.030340574261768,0.1986883881623581,23.110769513037244,0.09272348877881692,0.10373161469504218,0.5994523768797154,0.2412710005013893,0.16773168702928984,549.0866666666667,0.11700205431301831,0.2093068086602939,0.2441658654480537,0.043986413801295046,0.06463742025299817,0.028167379744517204,0.060884458427433806,0.7370115428925836,0.5321371522590226,0.2441658654480537,0.28313006769697635,0.46849887132221224,41.54940721209982,1.0797368412188337,34.26942938886898,0.5333333333333333,0.32666666666666666,0.5333333333333333,nominal,C:\Users\rabiei\My Research\reduced_order_lunar_lander_runs\lambda_sweep_deployment_fixed_seeds_333.npy,-1,0.5,1.0,20.0,0.06666666666666667,1.5,0.0,15.0
C:\Users\rabiei\My Research\reduced_order_lunar_lander_runs\reduced_order_lander_lam0_from_base_12upd_lam0_20260529_155530\final_model.pt,pd,0.06666666666666667,False,150,0.86,0.68,0.99,-10.0,0,0.0,0.6533333333333333,C:\Users\rabiei\My Research\reduced_order_lunar_lander_runs\official_reset_deployment_eval\full_150eps_all_lambda_all_gains\lambda_0\full_eval\logs\0_zeta1_wn1.log,0.07609529214361635,83.5247690371428,31.421691654922665,0.2253290348427269,29.452153622113777,0.09281757216716102,0.10311921674628655,0.4182973384997456,0.15476787514984608,0.1211966794271279,635.4133333333333,0.13748006708837224,0.21978319218388256,0.46611707539848274,0.04838527860971698,0.04822284023173771,0.0315692420806754,0.04456647722397498,0.6248375604822598,0.5234977978362192,0.46611707539848274,0.2225718707401393,0.2858515774719237,75.05578757301417,1.4265610240420195,70.81650237047619,0.64,0.18,0.64,nominal,C:\Users\rabiei\My Research\reduced_order_lunar_lander_runs\lambda_sweep_deployment_fixed_seeds_333.npy,-1,1.0,1.0,20.0,0.11333333333333333,1.5,0.0,15.0
C:\Users\rabiei\My Research\reduced_order_lunar_lander_runs\reduced_order_lander_lam0_from_base_12upd_lam0_20260529_155530\final_model.pt,pd,0.04,False,150,0.9266666666666666,0.7933333333333333,0.99,-10.0,0,0.0,0.7666666666666667,C:\Users\rabiei\My Research\reduced_order_lunar_lander_runs\official_reset_deployment_eval\full_150eps_all_lambda_all_gains\lambda_0\full_eval\logs\0_zeta1_wn2.log,0.07832490474666831,126.28668698238509,35.583701924908056,0.2497849733507158,33.59460371048862,0.053139532205314026,0.059763525039238534,0.27154475877703116,0.10876359863206744,0.06461786049657836,688.4666666666667,0.16620767692427285,0.1909843883277845,0.5984761051444453,0.04370904858850655,0.03740140539298335,0.03332432604309979,0.03164820735707598,0.5283734023218678,0.5257908429966013,0.5984761051444453,0.18754550897637562,0.15182134404460063,114.26603190868661,1.7172458373998696,112.51735364905186,0.7666666666666667,0.08,0.7666666666666667,nominal,C:\Users\rabiei\My Research\reduced_order_lunar_lander_runs\lambda_sweep_deployment_fixed_seeds_333.npy,-1,2.0,1.0,20.0,0.11333333333333333,1.5,0.0,15.0
C:\Users\rabiei\My Research\reduced_order_lunar_lander_runs\reduced_order_lander_lam0_from_base_12upd_lam0_20260529_155530\final_model.pt,pd,0.02,False,150,0.9333333333333333,0.8066666666666666,0.99,-10.0,0,0.0,0.7866666666666666,C:\Users\rabiei\My Research\reduced_order_lunar_lander_runs\official_reset_deployment_eval\full_150eps_all_lambda_all_gains\lambda_0\full_eval\logs\0_zeta1_wn4.log,0.08306284666110604,142.33966778170114,37.92897934449756,0.28064919900697777,35.934017105369634,0.04965496552926197,0.05640183151717262,0.21724963240340125,0.08506877561099828,0.044487791472290504,705.8933333333333,0.18845817423735678,0.1800123250325542,0.7568793922337712,0.040446191789674506,0.032223243047150164,0.0343197369130108,0.026011457916541796,0.4946418867018938,0.5228627411367316,0.7568793922337712,0.16813818566012534,0.11839018367026355,126.66207396345601,1.982656458597284,128.22180111503462,0.8133333333333334,0.04666666666666667,0.8133333333333334,nominal,C:\Users\rabiei\My Research\reduced_order_lunar_lander_runs\lambda_sweep_deployment_fixed_seeds_333.npy,-1,4.0,1.0,20.0,0.12,1.5,0.0,15.0
C:\Users\rabiei\My Research\reduced_order_lunar_lander_runs\reduced_order_lander_lam0_from_base_12upd_lam0_20260529_155530\final_model.pt,pd,0.006666666666666667,False,150,0.9533333333333334,0.8466666666666667,0.99,-10.0,0,0.0,0.8333333333333334,C:\Users\rabiei\My Research\reduced_order_lunar_lander_runs\official_reset_deployment_eval\full_150eps_all_lambda_all_gains\lambda_0\full_eval\logs\0_zeta1_wn6.log,0.07749502237276479,150.76049637019975,38.65147366421689,0.29215941639943793,36.656285436827666,0.033082336076822684,0.037361294660330835,0.18957858793106047,0.07087687640450895,0.028640927598035545,717.3533333333334,0.19497435512122116,0.1643063142516125,0.8181341307456325,0.0370514056788949,0.03039984604680472,0.034383850163902496,0.021203009351970788,0.4786445415956242,0.5264609877368479,0.8181341307456325,0.1599727042635055,0.11053688673106775,133.46303505620654,2.1121591963251785,136.4134297035332,0.8266666666666667,0.02666666666666667,0.8266666666666667,nominal,C:\Users\rabiei\My Research\reduced_order_lunar_lander_runs\lambda_sweep_deployment_fixed_seeds_333.npy,-1,6.0,1.0,20.0,0.14,1.5,0.0,15.0
C:\Users\rabiei\My Research\reduced_order_lunar_lander_runs\reduced_order_lander_lam0_from_base_12upd_lam0_20260529_155530\final_model.pt,pd,0.013333333333333334,False,150,0.9533333333333334,0.86,0.99,-10.0,0,0.0,0.8266666666666667,C:\Users\rabiei\My Research\reduced_order_lunar_lander_runs\official_reset_deployment_eval\full_150eps_all_lambda_all_gains\lambda_0\full_eval\logs\0_zeta1_wn8.log,0.0804534477262533,152.5589965668222,38.9927090523712,0.29710866361410077,36.997848901123874,0.0313006749106656,0.03487629701777013,0.17995279357034055,0.07067462364211678,0.022629267574334713,716.02,0.19550384768824902,0.15686984897101136,0.8416905693866977,0.03605522084061916,0.029570918541633736,0.03414339703343645,0.01955440260970343,0.4764748608750686,0.5254379810871156,0.8416905693866977,0.15806144655112842,0.10599082846367941,134.83147777358013,2.130256240166293,138.23859656682234,0.82,0.02,0.82,nominal,C:\Users\rabiei\My Research\reduced_order_lunar_lander_runs\lambda_sweep_deployment_fixed_seeds_333.npy,-1,8.0,1.0,20.0,0.14666666666666667,1.5,0.0,15.0
C:\Users\rabiei\My Research\reduced_order_lunar_lander_runs\reduced_order_lander_lam0_from_base_12upd_lam0_20260529_155530\final_model.pt,pd,0.013333333333333334,False,150,0.9466666666666667,0.86,0.99,-10.0,0,0.0,0.8333333333333334,C:\Users\rabiei\My Research\reduced_order_lunar_lander_runs\official_reset_deployment_eval\full_150eps_all_lambda_all_gains\lambda_0\full_eval\logs\0_zeta1_wn10.log,0.08021498394891058,157.52424455525704,39.18897356821524,0.2996803289710349,37.19438257471588,0.029726287742353936,0.03189886916207092,0.1748450714625544,0.06011207899078727,0.02019864294173686,704.7066666666667,0.1956185993513332,0.15195018610405628,0.8534835635901735,0.036201663477459574,0.029499234529462393,0.03438161489881709,0.019349616646662054,0.4763221875640141,0.5254618754379751,0.8534835635901735,0.15889958665407383,0.1036273689202265,139.81951115416285,2.110812751004652,143.43011122192382,0.84,0.02,0.84,nominal,C:\Users\rabiei\My Research\reduced_order_lunar_lander_runs\lambda_sweep_deployment_fixed_seeds_333.npy,-1,10.0,1.0,20.0,0.12666666666666668,1.5,0.0,15.0
C:\Users\rabiei\My Research\reduced_order_lunar_lander_runs\reduced_order_lander_lam0_from_base_12upd_lam0_20260529_155530\final_model.pt,pd,0.02,False,150,0.9466666666666667,0.86,0.99,-10.0,0,0.0,0.8266666666666667,C:\Users\rabiei\My Research\reduced_order_lunar_lander_runs\official_reset_deployment_eval\full_150eps_all_lambda_all_gains\lambda_0\full_eval\logs\0_zeta1_wn12.log,0.08120404816084566,158.21279041506733,39.320791811528515,0.30277293803788347,37.32624721977933,0.02873352150147184,0.032759522071654015,0.1705406979614733,0.06761847660546967,0.019713637874366242,702.6133333333333,0.19924870953190785,0.15202740055750605,0.8596657097605178,0.03544209464423065,0.02933851481774028,0.03449120320357607,0.01844870594428433,0.47572163217569957,0.5246419719955719,0.8596657097605178,0.15797850583346365,0.10540893446179972,140.39560156502296,2.122737124279577,144.16052374840078,0.84,0.013333333333333334,0.84,nominal,C:\Users\rabiei\My Research\reduced_order_lunar_lander_runs\lambda_sweep_deployment_fixed_seeds_333.npy,-1,12.0,1.0,20.0,0.12666666666666668,1.5,0.0,15.0
C:\Users\rabiei\My Research\reduced_order_lunar_lander_runs\reduced_order_lander_lam3_from_base_12upd_lam3_20260529_162512\final_model.pt,pd,0.06666666666666667,False,150,0.94,0.7533333333333333,0.99,-10.0,3,3.0,0.7466666666666667,C:\Users\rabiei\My Research\reduced_order_lunar_lander_runs\official_reset_deployment_eval\full_150eps_all_lambda_all_gains\lambda_3\full_eval\logs\3_zeta0p3_wn0p5.log,0.107855566561383,117.80548448521122,31.868083419741325,0.18991263749089835,29.323277867174948,0.11306312396074646,0.1279094255917606,0.37501545295737365,0.12729775116138625,0.11707469566125094,577.5466666666666,0.10386894248620465,0.2904761485640026,0.038766647009825544,0.0671336218695466,0.049810201871281164,0.03730787152389975,0.07238774009690271,0.6155543936277205,0.50644741768655,0.038766647009825544,0.2416606503880079,0.22795468824541595,117.44195784908307,1.101896499208071,102.94886165425369,0.7533333333333333,0.12,0.7533333333333333,nominal,C:\Users\rabiei\My Research\reduced_order_lunar_lander_runs\lambda_sweep_deployment_fixed_seeds_333.npy,-1,0.5,0.3,20.0,0.06,1.5,3.0,15.0
C:\Users\rabiei\My Research\reduced_order_lunar_lander_runs\reduced_order_lander_lam3_from_base_12upd_lam3_20260529_162512\final_model.pt,pd,0.05333333333333334,False,150,0.9933333333333333,0.8533333333333334,0.99,-10.0,3,3.0,0.84,C:\Users\rabiei\My Research\reduced_order_lunar_lander_runs\official_reset_deployment_eval\full_150eps_all_lambda_all_gains\lambda_3\full_eval\logs\3_zeta0p3_wn1.log,0.1071372017105367,147.85191203491502,37.51847644584297,0.19636492483803467,34.94101265689501,0.07263427522208075,0.0866826974030087,0.3045194407212067,0.06271638623128335,0.06598108663957766,597.2866666666666,0.13957190776462744,0.2300726500875768,0.0767525615706524,0.05009149288657911,0.03770090983754055,0.032103843513115606,0.037729920785241906,0.558490923270904,0.5070919002095993,0.0767525615706524,0.1968697537477059,0.1691553428209017,146.78122271061818,1.1464989430893018,132.46668187231379,0.84,0.06666666666666667,0.84,nominal,C:\Users\rabiei\My Research\reduced_order_lunar_lander_runs\lambda_sweep_deployment_fixed_seeds_333.npy,-1,1.0,0.3,20.0,0.04,1.5,3.0,15.0
C:\Users\rabiei\My Research\reduced_order_lunar_lander_runs\reduced_order_lander_lam3_from_base_12upd_lam3_20260529_162512\final_model.pt,pd,0.02,False,150,0.9866666666666667,0.9,0.99,-10.0,3,3.0,0.9,C:\Users\rabiei\My Research\reduced_order_lunar_lander_runs\official_reset_deployment_eval\full_150eps_all_lambda_all_gains\lambda_3\full_eval\logs\3_zeta0p3_wn2.log,0.09638283390729235,169.89736184173864,39.20559603300676,0.22554354210913477,36.53962526384728,0.0519951203183579,0.05957243148606987,0.24972004955676744,0.04764258470929538,0.031752554381355824,589.1266666666667,0.14605069397860768,0.18865361234502362,0.38127779837760967,0.04490107714267552,0.03413450584506213,0.0325885995631578,0.027370940172857985,0.540095236856713,0.5137289182494761,0.38127779837760967,0.18577023472976467,0.14924650940092182,163.51926151396387,1.3072001824414725,154.19322796108094,0.8933333333333333,0.04666666666666667,0.8933333333333333,nominal,C:\Users\rabiei\My Research\reduced_order_lunar_lander_runs\lambda_sweep_deployment_fixed_seeds_333.npy,-1,2.0,0.3,20.0,0.04,1.5,3.0,15.0
C:\Users\rabiei\My Research\reduced_order_lunar_lander_runs\reduced_order_lander_lam3_from_base_12upd_lam3_20260529_162512\final_model.pt,pd,0.013333333333333334,False,150,0.9866666666666667,0.94,0.99,-10.0,3,3.0,0.94,C:\Users\rabiei\My Research\reduced_order_lunar_lander_runs\official_reset_deployment_eval\full_150eps_all_lambda_all_gains\lambda_3\full_eval\logs\3_zeta0p3_wn4.log,0.10020878944425189,185.12551717545105,40.01736999112055,0.2422800985518353,37.30127500549821,0.044072672979667306,0.048940909909359724,0.21410924606155718,0.029861338585615158,0.011113110378289272,590.16,0.15403847954681887,0.17895915406777246,0.5225985683755522,0.04305629255385651,0.03224855068404782,0.032912741262498435,0.023806628256164922,0.5306504962581335,0.5120910538279214,0.5225985683755522,0.17739504514627538,0.14280571889989596,176.26135450146694,1.4134712525453932,169.08190341781489,0.9333333333333333,0.013333333333333334,0.9333333333333333,nominal,C:\Users\rabiei\My Research\reduced_order_lunar_lander_runs\lambda_sweep_deployment_fixed_seeds_333.npy,-1,4.0,0.3,20.0,0.04,1.5,3.0,15.0
C:\Users\rabiei\My Research\reduced_order_lunar_lander_runs\reduced_order_lander_lam3_from_base_12upd_lam3_20260529_162512\final_model.pt,pd,0.02,False,150,0.9866666666666667,0.9333333333333333,0.99,-10.0,3,3.0,0.9333333333333333,C:\Users\rabiei\My Research\reduced_order_lunar_lander_runs\official_reset_deployment_eval\full_150eps_all_lambda_all_gains\lambda_3\full_eval\logs\3_zeta0p3_wn6.log,0.09627961767854189,185.00349317552875,40.250980620662695,0.2564847754469369,37.49244169360987,0.04953692213413888,0.055332833029002694,0.2083250753873526,0.033241686187684534,0.0065514030034969015,591.8533333333334,0.15379196584654062,0.17967999349193406,0.6256464664223186,0.04224684829676122,0.03195003635731676,0.03362009437179011,0.022876379693217187,0.5285589505058532,0.5135004264081675,0.6256464664223186,0.17563535713871897,0.13996780067830392,174.29435376492464,1.5009751402993963,168.66350108796394,0.9266666666666666,0.0,0.9266666666666666,nominal,C:\Users\rabiei\My Research\reduced_order_lunar_lander_runs\lambda_sweep_deployment_fixed_seeds_333.npy,-1,6.0,0.3,20.0,0.05333333333333334,1.5,3.0,15.0
C:\Users\rabiei\My Research\reduced_order_lunar_lander_runs\reduced_order_lander_lam3_from_base_12upd_lam3_20260529_162512\final_model.pt,pd,0.02,False,150,0.9933333333333333,0.9333333333333333,0.99,-10.0,3,3.0,0.9266666666666666,C:\Users\rabiei\My Research\reduced_order_lunar_lander_runs\official_reset_deployment_eval\full_150eps_all_lambda_all_gains\lambda_3\full_eval\logs\3_zeta0p3_wn8.log,0.09899302767975261,179.5498491082798,40.38917635501835,0.2728236547211869,37.58138873604536,0.05039874970932336,0.05719552811576707,0.22358297972442698,0.028166693734625974,0.010869834860874866,591.3,0.1550613354790753,0.18720937144349228,0.7147750845877728,0.04251412783376538,0.03186308196959067,0.035381309631010764,0.024454466425478598,0.5269024189292417,0.5120177822195808,0.7147750845877728,0.17611645800610007,0.1390278687948832,167.3144532732258,1.6256159457398633,162.84700127106024,0.9133333333333333,0.02666666666666667,0.9133333333333333,nominal,C:\Users\rabiei\My Research\reduced_order_lunar_lander_runs\lambda_sweep_deployment_fixed_seeds_333.npy,-1,8.0,0.3,20.0,0.04,1.5,3.0,15.0
C:\Users\rabiei\My Research\reduced_order_lunar_lander_runs\reduced_order_lander_lam3_from_base_12upd_lam3_20260529_162512\final_model.pt,pd,0.02666666666666667,False,150,0.9933333333333333,0.9266666666666666,0.99,-10.0,3,3.0,0.92,C:\Users\rabiei\My Research\reduced_order_lunar_lander_runs\official_reset_deployment_eval\full_150eps_all_lambda_all_gains\lambda_3\full_eval\logs\3_zeta0p3_wn10.log,0.09620804293307081,179.97427322748075,40.51482591255314,0.28224449754243164,37.67860300183603,0.05180173815787687,0.05588801166813204,0.21396709950150547,0.03578875048396488,0.010281911529315622,593.82,0.15572428513272787,0.18764350960958248,0.7700101469638073,0.04257762608707761,0.03164216266158956,0.03614788393439383,0.024816208129386685,0.524261174193487,0.5136896835644538,0.7700101469638073,0.17443448905126302,0.13768678061201128,166.67890861657443,1.6740385033275962,163.075757717498,0.9133333333333333,0.013333333333333334,0.9133333333333333,nominal,C:\Users\rabiei\My Research\reduced_order_lunar_lander_runs\lambda_sweep_deployment_fixed_seeds_333.npy,-1,10.0,0.3,20.0,0.04666666666666667,1.5,3.0,15.0
C:\Users\rabiei\My Research\reduced_order_lunar_lander_runs\reduced_order_lander_lam3_from_base_12upd_lam3_20260529_162512\final_model.pt,pd,0.013333333333333334,False,150,0.9866666666666667,0.9333333333333333,0.99,-10.0,3,3.0,0.9333333333333333,C:\Users\rabiei\My Research\reduced_order_lunar_lander_runs\official_reset_deployment_eval\full_150eps_all_lambda_all_gains\lambda_3\full_eval\logs\3_zeta0p3_wn12.log,0.10022354633428705,181.48674367212874,40.58085155302035,0.28611324873239125,37.732796412140075,0.04837942258660708,0.055906037101733204,0.21791293548201926,0.03589184957634037,0.011352854127572285,594.8533333333334,0.15495948261261566,0.18611777729140097,0.7923108812687354,0.0425046179168152,0.03155765156945146,0.037317427980531254,0.026046691268243296,0.5228578761134774,0.5115674630216679,0.7923108812687354,0.17451530048550712,0.13514156604485691,167.79502642565024,1.717795358519201,164.4362909299045,0.92,0.02,0.92,nominal,C:\Users\rabiei\My Research\reduced_order_lunar_lander_runs\lambda_sweep_deployment_fixed_seeds_333.npy,-1,12.0,0.3,20.0,0.04666666666666667,1.5,3.0,15.0
C:\Users\rabiei\My Research\reduced_order_lunar_lander_runs\reduced_order_lander_lam3_from_base_12upd_lam3_20260529_162512\final_model.pt,pd,0.08,False,150,0.74,0.64,0.99,-10.0,3,3.0,0.6066666666666667,C:\Users\rabiei\My Research\reduced_order_lunar_lander_runs\official_reset_deployment_eval\full_150eps_all_lambda_all_gains\lambda_3\full_eval\logs\3_zeta0p7_wn0p5.log,0.08181188943126619,68.86049715481104,28.349925807898884,0.18354611845039315,25.86577954180041,0.12928578931555118,0.14009674640873315,0.54596592502335,0.20722208261257039,0.14696099373687405,507.4533333333333,0.10210327213215428,0.2562891705270071,0.08329078688555921,0.05112276267761859,0.06051792856773003,0.029402251026442845,0.05895006579776544,0.7229405721451336,0.5209890462850293,0.08329078688555921,0.2742106385889262,0.4335750305611036,67.90741105380346,0.9248774684891559,55.936798082676916,0.5933333333333334,0.28,0.5933333333333334,nominal,C:\Users\rabiei\My Research\reduced_order_lunar_lander_runs\lambda_sweep_deployment_fixed_seeds_333.npy,-1,0.5,0.7,20.0,0.04666666666666667,1.5,3.0,15.0
C:\Users\rabiei\My Research\reduced_order_lunar_lander_runs\reduced_order_lander_lam3_from_base_12upd_lam3_20260529_162512\final_model.pt,pd,0.08,False,150,0.9266666666666666,0.7733333333333333,0.99,-10.0,3,3.0,0.76,C:\Users\rabiei\My Research\reduced_order_lunar_lander_runs\official_reset_deployment_eval\full_150eps_all_lambda_all_gains\lambda_3\full_eval\logs\3_zeta0p7_wn1.log,0.10271341557532652,114.94287670700425,33.97904537416391,0.2159472948296706,31.355766385136818,0.1124857512057603,0.12717250566601018,0.3931137517497642,0.11699756550292174,0.0920449074537382,585.2866666666666,0.12370834436706261,0.261519084660507,0.3858495457576303,0.055991348789444,0.04523196985730733,0.033665815158350515,0.04813285351786407,0.6175035505341679,0.5070156170880455,0.3858495457576303,0.22290433385232955,0.257633970028104,108.58710118006096,1.2855679712822117,99.38043945982429,0.7466666666666667,0.11333333333333333,0.7466666666666667,nominal,C:\Users\rabiei\My Research\reduced_order_lunar_lander_runs\lambda_sweep_deployment_fixed_seeds_333.npy,-1,1.0,0.7,20.0,0.06,1.5,3.0,15.0
C:\Users\rabiei\My Research\reduced_order_lunar_lander_runs\reduced_order_lander_lam3_from_base_12upd_lam3_20260529_162512\final_model.pt,pd,0.03333333333333333,False,150,0.9933333333333333,0.84,0.99,-10.0,3,3.0,0.8333333333333334,C:\Users\rabiei\My Research\reduced_order_lunar_lander_runs\official_reset_deployment_eval\full_150eps_all_lambda_all_gains\lambda_3\full_eval\logs\3_zeta0p7_wn2.log,0.1055848789880355,155.76021819210234,37.59902208558368,0.23635750223265073,34.90170470572813,0.07462564580154625,0.08448768214180369,0.29482438915543,0.054601211890112605,0.04663536395581702,598.5,0.14128334459615488,0.22735559953378764,0.5110559725044591,0.05014698377732676,0.037746636093303594,0.034069954467906845,0.03656205139871672,0.5630284889891318,0.5056892349784899,0.5110559725044591,0.19580337417499827,0.17697139894897523,147.00535955654493,1.4028137687603666,139.58177688582123,0.86,0.05333333333333334,0.86,nominal,C:\Users\rabiei\My Research\reduced_order_lunar_lander_runs\lambda_sweep_deployment_fixed_seeds_333.npy,-1,2.0,0.7,20.0,0.05333333333333334,1.5,3.0,15.0
C:\Users\rabiei\My Research\reduced_order_lunar_lander_runs\reduced_order_lander_lam3_from_base_12upd_lam3_20260529_162512\final_model.pt,pd,0.02,False,150,0.9933333333333333,0.9,0.99,-10.0,3,3.0,0.8866666666666667,C:\Users\rabiei\My Research\reduced_order_lunar_lander_runs\official_reset_deployment_eval\full_150eps_all_lambda_all_gains\lambda_3\full_eval\logs\3_zeta0p7_wn4.log,0.10130262640072048,167.8150931697418,39.21986070597983,0.2613218948588118,36.44681745381027,0.06961886903872558,0.0810161024308921,0.24269088352195023,0.047380224963029224,0.04090124972394649,583.0733333333334,0.1452399532465936,0.20243192611891714,0.6696861281458051,0.04418424301119828,0.03388079184639616,0.03426138212121291,0.02748621406998468,0.5398349779203148,0.5123506796517144,0.6696861281458051,0.18527835140584395,0.15050221597629126,156.53414045417014,1.5199560739009659,151.59375828137223,0.8866666666666667,0.05333333333333334,0.8866666666666667,nominal,C:\Users\rabiei\My Research\reduced_order_lunar_lander_runs\lambda_sweep_deployment_fixed_seeds_333.npy,-1,4.0,0.7,20.0,0.04,1.5,3.0,15.0
C:\Users\rabiei\My Research\reduced_order_lunar_lander_runs\reduced_order_lander_lam3_from_base_12upd_lam3_20260529_162512\final_model.pt,pd,0.02666666666666667,False,150,0.9866666666666667,0.92,0.99,-10.0,3,3.0,0.9,C:\Users\rabiei\My Research\reduced_order_lunar_lander_runs\official_reset_deployment_eval\full_150eps_all_lambda_all_gains\lambda_3\full_eval\logs\3_zeta0p7_wn6.log,0.10443213766069744,175.10636467953762,39.66439594712791,0.2772639966728522,36.84288395802475,0.05409745430018423,0.060338575531313624,0.2321498690815765,0.03755791608244181,0.01967013628272606,598.7066666666667,0.14995042742081519,0.18661408146687902,0.7502712373795342,0.04458868218483688,0.03295293842567495,0.03524246504546484,0.027230899036254287,0.5324321764327787,0.5102926669575311,0.7502712373795342,0.17986181238182047,0.1448423893289626,162.11944512559276,1.6651296061600618,158.13684252772413,0.9,0.02,0.9,nominal,C:\Users\rabiei\My Research\reduced_order_lunar_lander_runs\lambda_sweep_deployment_fixed_seeds_333.npy,-1,6.0,0.7,20.0,0.05333333333333334,1.5,3.0,15.0
C:\Users\rabiei\My Research\reduced_order_lunar_lander_runs\reduced_order_lander_lam3_from_base_12upd_lam3_20260529_162512\final_model.pt,pd,0.02,False,150,0.9866666666666667,0.9133333333333333,0.99,-10.0,3,3.0,0.9,C:\Users\rabiei\My Research\reduced_order_lunar_lander_runs\official_reset_deployment_eval\full_150eps_all_lambda_all_gains\lambda_3\full_eval\logs\3_zeta0p7_wn8.log,0.10255745036240259,174.10268260313347,39.846076817670664,0.28542795167743207,37.000088899384885,0.0406021543754711,0.04766375979003031,0.22871335577969978,0.03712592672556639,0.021335279973299648,598.9466666666667,0.15050815043517848,0.18591336241229764,0.7862875134787619,0.04375244610302744,0.032688307319263345,0.03580079635854771,0.026123368317656413,0.5288057125831669,0.5107227845624217,0.7862875134787619,0.1795673580673395,0.14238468505833696,160.4296552710721,1.7172680800056697,156.9719450297832,0.8866666666666667,0.03333333333333333,0.8866666666666667,nominal,C:\Users\rabiei\My Research\reduced_order_lunar_lander_runs\lambda_sweep_deployment_fixed_seeds_333.npy,-1,8.0,0.7,20.0,0.06,1.5,3.0,15.0
C:\Users\rabiei\My Research\reduced_order_lunar_lander_runs\reduced_order_lander_lam3_from_base_12upd_lam3_20260529_162512\final_model.pt,pd,0.006666666666666667,False,150,0.9866666666666667,0.94,0.99,-10.0,3,3.0,0.9333333333333333,C:\Users\rabiei\My Research\reduced_order_lunar_lander_runs\official_reset_deployment_eval\full_150eps_all_lambda_all_gains\lambda_3\full_eval\logs\3_zeta0p7_wn10.log,0.09771899349771404,183.01129104464724,40.00027246583799,0.28846091325494183,37.14544888361383,0.037732668294794776,0.04303404546749741,0.22132400802325672,0.029018683751734595,0.010925845870011365,592.7533333333333,0.15099569164683596,0.18483421551746115,0.8120298501538049,0.04260938680485697,0.03253644565740936,0.0356222908502999,0.024280522836690577,0.5299883174750476,0.5138910243691586,0.8120298501538049,0.1788569637170253,0.14087142050615356,169.00653116887122,1.7156113112958087,166.00939044409316,0.92,0.02,0.92,nominal,C:\Users\rabiei\My Research\reduced_order_lunar_lander_runs\lambda_sweep_deployment_fixed_seeds_333.npy,-1,10.0,0.7,20.0,0.05333333333333334,1.5,3.0,15.0
C:\Users\rabiei\My Research\reduced_order_lunar_lander_runs\reduced_order_lander_lam3_from_base_12upd_lam3_20260529_162512\final_model.pt,pd,0.03333333333333333,False,150,0.98,0.9066666666666666,0.99,-10.0,3,3.0,0.9,C:\Users\rabiei\My Research\reduced_order_lunar_lander_runs\official_reset_deployment_eval\full_150eps_all_lambda_all_gains\lambda_3\full_eval\logs\3_zeta0p7_wn12.log,0.09700176020143457,176.59133976457952,40.07120333626967,0.2900804749941412,37.211415974502636,0.051114813976600997,0.05852007024145879,0.2215349681852311,0.03709874615073204,0.017017053787908458,591.72,0.1518227794243866,0.1919007039393659,0.8233917950180012,0.042537482688373394,0.03226363726095435,0.035985831250221416,0.024386191394272352,0.5291901418034348,0.5140234835547932,0.8233917950180012,0.177420508756842,0.1403368631277693,162.403657902171,1.732382496807532,159.55979227415688,0.9,0.013333333333333334,0.9,nominal,C:\Users\rabiei\My Research\reduced_order_lunar_lander_runs\lambda_sweep_deployment_fixed_seeds_333.npy,-1,12.0,0.7,20.0,0.05333333333333334,1.5,3.0,15.0
C:\Users\rabiei\My Research\reduced_order_lunar_lander_runs\reduced_order_lander_lam3_from_base_12upd_lam3_20260529_162512\final_model.pt,pd,0.11333333333333333,False,150,0.6733333333333333,0.5733333333333334,0.99,-10.0,3,3.0,0.5533333333333333,C:\Users\rabiei\My Research\reduced_order_lunar_lander_runs\official_reset_deployment_eval\full_150eps_all_lambda_all_gains\lambda_3\full_eval\logs\3_zeta1_wn0p5.log,0.06928288009831703,53.77202507597895,26.01192632626786,0.19239240545216393,23.518991436149914,0.10663136179777212,0.12257223172533611,0.6052646619991267,0.24075679340710243,0.17649365800346245,470.08666666666664,0.09673674554997162,0.22477629947825628,0.2409112764290747,0.04403331968945277,0.06499360698165234,0.02830193009457736,0.05969036870643809,0.7576613049895266,0.5260389854773272,0.2409112764290747,0.29506843441341535,0.48769154607311177,50.77084252823081,0.8959246386514735,41.6825178266912,0.54,0.32,0.54,nominal,C:\Users\rabiei\My Research\reduced_order_lunar_lander_runs\lambda_sweep_deployment_fixed_seeds_333.npy,-1,0.5,1.0,20.0,0.02666666666666667,1.5,3.0,15.0
C:\Users\rabiei\My Research\reduced_order_lunar_lander_runs\reduced_order_lander_lam3_from_base_12upd_lam3_20260529_162512\final_model.pt,pd,0.1,False,150,0.88,0.7,0.99,-10.0,3,3.0,0.7,C:\Users\rabiei\My Research\reduced_order_lunar_lander_runs\official_reset_deployment_eval\full_150eps_all_lambda_all_gains\lambda_3\full_eval\logs\3_zeta1_wn1.log,0.08600378314641983,99.80239344301816,32.34978218801178,0.218450030130722,29.728849741366915,0.11046482122026646,0.12816751936626908,0.44668197420499345,0.1494068302338322,0.12328484952957841,552.86,0.12326961340477141,0.2465853753952978,0.4600847866105177,0.05137847824709391,0.04980438285908588,0.03182418395633593,0.047485233406035963,0.6589852053387739,0.5155588973603845,0.4600847866105177,0.2342450763170399,0.32197380196727543,92.621611048366,1.1976149807295415,85.15234850082955,0.7133333333333334,0.16,0.7133333333333334,nominal,C:\Users\rabiei\My Research\reduced_order_lunar_lander_runs\lambda_sweep_deployment_fixed_seeds_333.npy,-1,1.0,1.0,20.0,0.02666666666666667,1.5,3.0,15.0
C:\Users\rabiei\My Research\reduced_order_lunar_lander_runs\reduced_order_lander_lam3_from_base_12upd_lam3_20260529_162512\final_model.pt,pd,0.07333333333333333,False,150,0.98,0.82,0.99,-10.0,3,3.0,0.8133333333333334,C:\Users\rabiei\My Research\reduced_order_lunar_lander_runs\official_reset_deployment_eval\full_150eps_all_lambda_all_gains\lambda_3\full_eval\logs\3_zeta1_wn2.log,0.10806322049942257,133.87045649283166,36.34485240957949,0.24184551766262843,33.63447066065371,0.08235342804977942,0.09515531654857347,0.3334866193507484,0.08960278208367527,0.07439921757738956,602.9333333333333,0.135432698764023,0.24552313311353832,0.5734922500315107,0.0524949985867602,0.040399449661988183,0.03456417044340116,0.04145029462256629,0.574763597526558,0.5047083355084654,0.5734922500315107,0.2061381696333627,0.19586928953498475,123.9848992797131,1.4614691176103847,117.42738247333385,0.7866666666666666,0.07333333333333333,0.7866666666666666,nominal,C:\Users\rabiei\My Research\reduced_order_lunar_lander_runs\lambda_sweep_deployment_fixed_seeds_333.npy,-1,2.0,1.0,20.0,0.06666666666666667,1.5,3.0,15.0
C:\Users\rabiei\My Research\reduced_order_lunar_lander_runs\reduced_order_lander_lam3_from_base_12upd_lam3_20260529_162512\final_model.pt,pd,0.02666666666666667,False,150,0.9933333333333333,0.8666666666666667,0.99,-10.0,3,3.0,0.86,C:\Users\rabiei\My Research\reduced_order_lunar_lander_runs\official_reset_deployment_eval\full_150eps_all_lambda_all_gains\lambda_3\full_eval\logs\3_zeta1_wn4.log,0.10344480917984013,158.76550407761925,38.611143780768685,0.27137479185821356,35.807179220026455,0.07098123157326881,0.08112915482085807,0.26654835533251314,0.062338202927882475,0.04513832424693349,596.5533333333333,0.14207168850413696,0.21126912346038487,0.7313154481809709,0.0468387063504011,0.03522503989772991,0.03549376926967448,0.032090834076170166,0.5456669187491315,0.5094228479454724,0.7313154481809709,0.18895891408070906,0.1543222599955188,146.12769028395837,1.6291365570632153,141.94702773976294,0.8666666666666667,0.06666666666666667,0.8666666666666667,nominal,C:\Users\rabiei\My Research\reduced_order_lunar_lander_runs\lambda_sweep_deployment_fixed_seeds_333.npy,-1,4.0,1.0,20.0,0.04,1.5,3.0,15.0
C:\Users\rabiei\My Research\reduced_order_lunar_lander_runs\reduced_order_lander_lam3_from_base_12upd_lam3_20260529_162512\final_model.pt,pd,0.02,False,150,0.9933333333333333,0.9,0.99,-10.0,3,3.0,0.9,C:\Users\rabiei\My Research\reduced_order_lunar_lander_runs\official_reset_deployment_eval\full_150eps_all_lambda_all_gains\lambda_3\full_eval\logs\3_zeta1_wn6.log,0.10262075411115784,170.93969457336863,39.25319057440823,0.28261056955761166,36.41560832389176,0.04950973334656737,0.058537735326343675,0.24910679268756297,0.046178855868056416,0.030612475664290185,594.2066666666667,0.14938339861698074,0.18759822891757683,0.7866955498243342,0.04434647899142814,0.03395900583185784,0.03550993133068404,0.02817123267389416,0.5387717413647907,0.5110222394401024,0.7866955498243342,0.18342105509658532,0.15007866841022735,157.37918091812583,1.6988267479397334,153.95908099621607,0.9,0.04666666666666667,0.9,nominal,C:\Users\rabiei\My Research\reduced_order_lunar_lander_runs\lambda_sweep_deployment_fixed_seeds_333.npy,-1,6.0,1.0,20.0,0.03333333333333333,1.5,3.0,15.0
C:\Users\rabiei\My Research\reduced_order_lunar_lander_runs\reduced_order_lander_lam3_from_base_12upd_lam3_20260529_162512\final_model.pt,pd,0.02,False,150,0.98,0.8933333333333333,0.99,-10.0,3,3.0,0.8866666666666667,C:\Users\rabiei\My Research\reduced_order_lunar_lander_runs\official_reset_deployment_eval\full_150eps_all_lambda_all_gains\lambda_3\full_eval\logs\3_zeta1_wn8.log,0.10222824313644632,173.9346442494325,39.58051493787344,0.2873472141372209,36.72882171338429,0.048991629870870385,0.05599624517243131,0.23473190975681726,0.04438528059981763,0.022839444521011765,592.76,0.14681664242563602,0.1853058942723157,0.8100609723793707,0.04425622076339594,0.033222904651114646,0.035533053884167005,0.027386062867034287,0.5331062947615357,0.5101920557501353,0.8100609723793707,0.18200614556964656,0.14432378127739742,159.9884330292778,1.7083321241900693,156.9544478768623,0.9,0.04,0.9,nominal,C:\Users\rabiei\My Research\reduced_order_lunar_lander_runs\lambda_sweep_deployment_fixed_seeds_333.npy,-1,8.0,1.0,20.0,0.04,1.5,3.0,15.0
C:\Users\rabiei\My Research\reduced_order_lunar_lander_runs\reduced_order_lander_lam3_from_base_12upd_lam3_20260529_162512\final_model.pt,pd,0.02,False,150,0.9866666666666667,0.9266666666666666,0.99,-10.0,3,3.0,0.9133333333333333,C:\Users\rabiei\My Research\reduced_order_lunar_lander_runs\official_reset_deployment_eval\full_150eps_all_lambda_all_gains\lambda_3\full_eval\logs\3_zeta1_wn10.log,0.10362612239772531,175.62299620621513,39.74865516977815,0.28979595621086074,36.88956284791348,0.04938746834057383,0.05680000497648984,0.2235783322201472,0.04008260006395479,0.025700240071387694,592.86,0.1545457601691192,0.18911402832080276,0.8224284519744455,0.04321447624073149,0.03272129763631741,0.03547779434257985,0.025696247039013853,0.5302917511108848,0.510749113837615,0.8224284519744455,0.17960088666588456,0.14274718334117176,161.4403961627013,1.713196798168571,158.62620581170944,0.9,0.03333333333333333,0.9,nominal,C:\Users\rabiei\My Research\reduced_order_lunar_lander_runs\lambda_sweep_deployment_fixed_seeds_333.npy,-1,10.0,1.0,20.0,0.04666666666666667,1.5,3.0,15.0
C:\Users\rabiei\My Research\reduced_order_lunar_lander_runs\reduced_order_lander_lam3_from_base_12upd_lam3_20260529_162512\final_model.pt,pd,0.02666666666666667,False,150,0.98,0.9,0.99,-10.0,3,3.0,0.8933333333333333,C:\Users\rabiei\My Research\reduced_order_lunar_lander_runs\official_reset_deployment_eval\full_150eps_all_lambda_all_gains\lambda_3\full_eval\logs\3_zeta1_wn12.log,0.10113921223518825,175.52659808454544,39.92214440746742,0.292422931928162,37.05562694134228,0.043979286710152034,0.04932989489047667,0.23069528830750993,0.044072797292222576,0.016389139721763205,591.7266666666667,0.15259650174393916,0.18726521741017013,0.8326149982691421,0.04251775932873508,0.032629275024869245,0.03570246245296536,0.02461384833449948,0.5307123755732917,0.5119590792873197,0.8326149982691421,0.17906541283836147,0.14300785576008604,161.20719283155063,1.7253319176717752,158.51606899819674,0.8933333333333333,0.02666666666666667,0.8933333333333333,nominal,C:\Users\rabiei\My Research\reduced_order_lunar_lander_runs\lambda_sweep_deployment_fixed_seeds_333.npy,-1,12.0,1.0,20.0,0.05333333333333334,1.5,3.0,15.0
C:\Users\rabiei\My Research\reduced_order_lunar_lander_runs\reduced_order_lander_lam10_from_base_12upd_lam10_20260529_163532\final_model.pt,pd,0.07333333333333333,False,150,0.9133333333333333,0.7333333333333333,0.99,-10.0,10,10.0,0.7133333333333334,C:\Users\rabiei\My Research\reduced_order_lunar_lander_runs\official_reset_deployment_eval\full_150eps_all_lambda_all_gains\lambda_10\full_eval\logs\10_zeta0p3_wn0p5.log,0.08822634465129708,124.85887314981645,31.42505975084954,0.18337152763623701,27.618877782042194,0.09147087531011494,0.10373704753207469,0.36791974583551373,0.11475780438010891,0.08688668705035951,559.88,0.10354821020962497,0.23629250901290702,0.03590296586061984,0.0608074156457351,0.05016791384620777,0.03608628924624967,0.06564099306005369,0.6249502630569599,0.5141943910316452,0.03590296586061984,0.2412581023418003,0.23562196563600593,124.59783543482627,1.00789773545,103.58229579531648,0.7733333333333333,0.13333333333333333,0.7733333333333333,nominal,C:\Users\rabiei\My Research\reduced_order_lunar_lander_runs\lambda_sweep_deployment_fixed_seeds_333.npy,-1,0.5,0.3,20.0,0.02,1.5,10.0,15.0
C:\Users\rabiei\My Research\reduced_order_lunar_lander_runs\reduced_order_lander_lam10_from_base_12upd_lam10_20260529_163532\final_model.pt,pd,0.02666666666666667,False,150,0.9866666666666667,0.8333333333333334,0.99,-10.0,10,10.0,0.8266666666666667,C:\Users\rabiei\My Research\reduced_order_lunar_lander_runs\official_reset_deployment_eval\full_150eps_all_lambda_all_gains\lambda_10\full_eval\logs\10_zeta0p3_wn1.log,0.10502932805349273,150.04996036090918,36.95521920857352,0.1893715828897184,33.072084080380115,0.07263226047296484,0.08536956499533083,0.28765444710767213,0.07338028869048382,0.04751805239305527,613.5933333333334,0.14315913157070137,0.21015323803013725,0.0786393589477198,0.04941686504676049,0.03626070078435466,0.03235833897031182,0.036455285519666016,0.5623186972396664,0.5096555659858626,0.0786393589477198,0.19003345127566632,0.1689191990357571,148.91807361140624,1.166664747583905,126.11144621840343,0.84,0.07333333333333333,0.84,nominal,C:\Users\rabiei\My Research\reduced_order_lunar_lander_runs\lambda_sweep_deployment_fixed_seeds_333.npy,-1,1.0,0.3,20.0,0.06,1.5,10.0,15.0
C:\Users\rabiei\My Research\reduced_order_lunar_lander_runs\reduced_order_lander_lam10_from_base_12upd_lam10_20260529_163532\final_model.pt,pd,0.03333333333333333,False,150,0.98,0.88,0.99,-10.0,10,10.0,0.8733333333333333,C:\Users\rabiei\My Research\reduced_order_lunar_lander_runs\official_reset_deployment_eval\full_150eps_all_lambda_all_gains\lambda_10\full_eval\logs\10_zeta0p3_wn2.log,0.09092305208798157,162.64868363090474,38.689308810790564,0.2183106534500031,34.51614606188993,0.07324623221217431,0.08133590440807463,0.23684458880049025,0.05028914712932116,0.02851680454179383,601.38,0.1489085350560886,0.20367208571216033,0.38590370346765146,0.043598854637280346,0.03318522762259175,0.03239165421986738,0.026092076362913077,0.5420069992493566,0.5171712892306486,0.38590370346765146,0.17983848619953424,0.14608484457280577,156.0781858209073,1.3019228021726517,137.60185560917827,0.8666666666666667,0.04666666666666667,0.8666666666666667,nominal,C:\Users\rabiei\My Research\reduced_order_lunar_lander_runs\lambda_sweep_deployment_fixed_seeds_333.npy,-1,2.0,0.3,20.0,0.05333333333333334,1.5,10.0,15.0
C:\Users\rabiei\My Research\reduced_order_lunar_lander_runs\reduced_order_lander_lam10_from_base_12upd_lam10_20260529_163532\final_model.pt,pd,0.013333333333333334,False,150,0.9933333333333333,0.94,0.99,-10.0,10,10.0,0.94,C:\Users\rabiei\My Research\reduced_order_lunar_lander_runs\official_reset_deployment_eval\full_150eps_all_lambda_all_gains\lambda_10\full_eval\logs\10_zeta0p3_wn4.log,0.0936786150429386,176.8213113369733,39.43667639079759,0.2361352775137785,35.0848219791306,0.04683127478795844,0.051653152612935085,0.21766703759637057,0.03951080818427727,0.013874724704497285,609.86,0.15599450966264952,0.1825964553350768,0.5308178629891859,0.04217525609029226,0.03171541723475399,0.03331862416836095,0.023248849092141116,0.5305450393608016,0.5174377574690512,0.5308178629891859,0.17313987729444827,0.13840044328995788,167.53284657221977,1.4357130478538678,150.2669808584346,0.9133333333333333,0.02666666666666667,0.9133333333333333,nominal,C:\Users\rabiei\My Research\reduced_order_lunar_lander_runs\lambda_sweep_deployment_fixed_seeds_333.npy,-1,4.0,0.3,20.0,0.04666666666666667,1.5,10.0,15.0
C:\Users\rabiei\My Research\reduced_order_lunar_lander_runs\reduced_order_lander_lam10_from_base_12upd_lam10_20260529_163532\final_model.pt,pd,0.02666666666666667,False,150,0.9866666666666667,0.92,0.99,-10.0,10,10.0,0.92,C:\Users\rabiei\My Research\reduced_order_lunar_lander_runs\official_reset_deployment_eval\full_150eps_all_lambda_all_gains\lambda_10\full_eval\logs\10_zeta0p3_wn6.log,0.09350835862136837,178.69037293573706,39.629059729304096,0.2512572980300528,35.12585925938743,0.04866379840634181,0.053725694225523965,0.20426696945018505,0.03315766580402851,0.009991707697084977,608.6133333333333,0.15959211281257515,0.1806362622624367,0.6337412098125528,0.04135780567457973,0.031283191880161876,0.03410542364136183,0.022476333969092703,0.5271659358375068,0.5156243373680519,0.6337412098125528,0.17094029199295147,0.13403587446379517,167.5812449043896,1.5322160406662413,151.19594586240797,0.9133333333333333,0.013333333333333334,0.9133333333333333,nominal,C:\Users\rabiei\My Research\reduced_order_lunar_lander_runs\lambda_sweep_deployment_fixed_seeds_333.npy,-1,6.0,0.3,20.0,0.04666666666666667,1.5,10.0,15.0
C:\Users\rabiei\My Research\reduced_order_lunar_lander_runs\reduced_order_lander_lam10_from_base_12upd_lam10_20260529_163532\final_model.pt,pd,0.02666666666666667,False,150,0.9933333333333333,0.9333333333333333,0.99,-10.0,10,10.0,0.9266666666666666,C:\Users\rabiei\My Research\reduced_order_lunar_lander_runs\official_reset_deployment_eval\full_150eps_all_lambda_all_gains\lambda_10\full_eval\logs\10_zeta0p3_wn8.log,0.09459909181876247,177.2703912088352,39.78982122826309,0.26680534696046415,35.13117294813148,0.045658023405921996,0.051756734917982,0.20643193946428542,0.03534242554490144,0.010444279610605779,608.4466666666667,0.1594516285399076,0.17699813803687683,0.7286106989426278,0.04143935111214275,0.03117917662904589,0.035589061605114054,0.0233862994760568,0.5249941399554527,0.5166956710446493,0.7286106989426278,0.17063636472716184,0.1319719526798573,164.4558687986466,1.6569916111083174,148.5315417644187,0.9066666666666666,0.02,0.9066666666666666,nominal,C:\Users\rabiei\My Research\reduced_order_lunar_lander_runs\lambda_sweep_deployment_fixed_seeds_333.npy,-1,8.0,0.3,20.0,0.04666666666666667,1.5,10.0,15.0
C:\Users\rabiei\My Research\reduced_order_lunar_lander_runs\reduced_order_lander_lam10_from_base_12upd_lam10_20260529_163532\final_model.pt,pd,0.02,False,150,0.9933333333333333,0.94,0.99,-10.0,10,10.0,0.9333333333333333,C:\Users\rabiei\My Research\reduced_order_lunar_lander_runs\official_reset_deployment_eval\full_150eps_all_lambda_all_gains\lambda_10\full_eval\logs\10_zeta0p3_wn10.log,0.09516767906250542,180.75674232297052,39.91913183863716,0.2766753682565061,35.16184191155585,0.049886961184305016,0.05578586871509236,0.20932608417943735,0.032783634167475005,0.009776280428556394,604.72,0.15689884891474554,0.17879373173327756,0.7765720039201643,0.04146386891550556,0.031028411944526837,0.036903341745677484,0.024398811987188105,0.5269527792143089,0.5161314182571469,0.7765720039201643,0.17081693001485979,0.13208613235137137,167.14170774275317,1.7171167266847305,151.4911750561232,0.9266666666666666,0.013333333333333334,0.9266666666666666,nominal,C:\Users\rabiei\My Research\reduced_order_lunar_lander_runs\lambda_sweep_deployment_fixed_seeds_333.npy,-1,10.0,0.3,20.0,0.04,1.5,10.0,15.0
C:\Users\rabiei\My Research\reduced_order_lunar_lander_runs\reduced_order_lander_lam10_from_base_12upd_lam10_20260529_163532\final_model.pt,pd,0.02666666666666667,False,150,0.9933333333333333,0.9266666666666666,0.99,-10.0,10,10.0,0.92,C:\Users\rabiei\My Research\reduced_order_lunar_lander_runs\official_reset_deployment_eval\full_150eps_all_lambda_all_gains\lambda_10\full_eval\logs\10_zeta0p3_wn12.log,0.09731331503671611,180.915434444269,40.01643312015995,0.281148151096058,35.21423427827365,0.04358977666488499,0.05038265577991442,0.20095677890193714,0.02903800630321105,0.008493248371483976,606.9733333333334,0.16363976588771145,0.17153817400867238,0.8026290699842148,0.040708893800405904,0.030498638069738404,0.03742774057073622,0.0243393927538034,0.5224719588818497,0.5147532941422821,0.8026290699842148,0.168206961924142,0.13194860757312948,166.80171749756664,1.737507249813841,151.40089527946392,0.9133333333333333,0.006666666666666667,0.9133333333333333,nominal,C:\Users\rabiei\My Research\reduced_order_lunar_lander_runs\lambda_sweep_deployment_fixed_seeds_333.npy,-1,12.0,0.3,20.0,0.05333333333333334,1.5,10.0,15.0
C:\Users\rabiei\My Research\reduced_order_lunar_lander_runs\reduced_order_lander_lam10_from_base_12upd_lam10_20260529_163532\final_model.pt,pd,0.06,False,150,0.76,0.6133333333333333,0.99,-10.0,10,10.0,0.5933333333333334,C:\Users\rabiei\My Research\reduced_order_lunar_lander_runs\official_reset_deployment_eval\full_150eps_all_lambda_all_gains\lambda_10\full_eval\logs\10_zeta0p7_wn0p5.log,0.0778550901507997,73.57729506184478,27.870985666021248,0.17727053034527449,24.163534467859876,0.1001875493474078,0.11291578125398262,0.5373520282812021,0.19343172075226903,0.16679921330729938,514.2333333333333,0.10460208296161191,0.22716508690143192,0.08441634610792266,0.050273990890430165,0.059533972874731445,0.02997060643214736,0.058720534479709034,0.7243135912892678,0.5189527361513894,0.08441634610792266,0.27278262824485905,0.41552917328659206,72.57287851618638,0.9235110326657482,54.057518068520636,0.6266666666666667,0.29333333333333333,0.6266666666666667,nominal,C:\Users\rabiei\My Research\reduced_order_lunar_lander_runs\lambda_sweep_deployment_fixed_seeds_333.npy,-1,0.5,0.7,20.0,0.02,1.5,10.0,15.0
C:\Users\rabiei\My Research\reduced_order_lunar_lander_runs\reduced_order_lander_lam10_from_base_12upd_lam10_20260529_163532\final_model.pt,pd,0.06,False,150,0.9466666666666667,0.78,0.99,-10.0,10,10.0,0.74,C:\Users\rabiei\My Research\reduced_order_lunar_lander_runs\official_reset_deployment_eval\full_150eps_all_lambda_all_gains\lambda_10\full_eval\logs\10_zeta0p7_wn1.log,0.10157929364458304,116.21383233739549,33.55855519032303,0.2099202608808877,29.482041797654674,0.11542119876315458,0.12739309845946156,0.3708699459704727,0.1005421389422069,0.10017842611197424,601.8466666666667,0.12683108658600953,0.2519368748455995,0.38625047617529673,0.05616049077335724,0.0440139464573804,0.03403918963807848,0.04845852262903673,0.6148012698600441,0.5072984639915277,0.38625047617529673,0.21777412290216308,0.24498036877444535,109.6787276030211,1.3031652708230006,91.14524629583212,0.7466666666666667,0.12,0.7466666666666667,nominal,C:\Users\rabiei\My Research\reduced_order_lunar_lander_runs\lambda_sweep_deployment_fixed_seeds_333.npy,-1,1.0,0.7,20.0,0.07333333333333333,1.5,10.0,15.0
C:\Users\rabiei\My Research\reduced_order_lunar_lander_runs\reduced_order_lander_lam10_from_base_12upd_lam10_20260529_163532\final_model.pt,pd,0.06,False,150,0.9866666666666667,0.8533333333333334,0.99,-10.0,10,10.0,0.8266666666666667,C:\Users\rabiei\My Research\reduced_order_lunar_lander_runs\official_reset_deployment_eval\full_150eps_all_lambda_all_gains\lambda_10\full_eval\logs\10_zeta0p7_wn2.log,0.08908081156245734,146.9160156338945,37.01315230132802,0.22891345769623514,32.73609523963765,0.06802483290117607,0.07617247186931851,0.294229647493994,0.06624507711579403,0.051254379368653055,602.3466666666667,0.13677931478660113,0.20477436072249086,0.5219863016875638,0.0457340265959048,0.037286376387476526,0.03385814196714619,0.03135389710561114,0.5654796605198676,0.5181416169507643,0.5219863016875638,0.19343795889669196,0.17008423385195787,137.91058928419187,1.3982603620524465,120.88647868003667,0.8333333333333334,0.06,0.8333333333333334,nominal,C:\Users\rabiei\My Research\reduced_order_lunar_lander_runs\lambda_sweep_deployment_fixed_seeds_333.npy,-1,2.0,0.7,20.0,0.04666666666666667,1.5,10.0,15.0
C:\Users\rabiei\My Research\reduced_order_lunar_lander_runs\reduced_order_lander_lam10_from_base_12upd_lam10_20260529_163532\final_model.pt,pd,0.04,False,150,0.9866666666666667,0.88,0.99,-10.0,10,10.0,0.8733333333333333,C:\Users\rabiei\My Research\reduced_order_lunar_lander_runs\official_reset_deployment_eval\full_150eps_all_lambda_all_gains\lambda_10\full_eval\logs\10_zeta0p7_wn4.log,0.09541697988731665,163.8331395506854,38.68229809940722,0.25504225898645305,34.14151940603517,0.0654603165192384,0.07581021332258274,0.240328181025516,0.05438502954668365,0.03234468269759437,605.7,0.14632370076335935,0.20002141062553586,0.6734863956919303,0.04391224034078223,0.03324159569412472,0.03469533997414088,0.027480920841272478,0.5409616205668222,0.5137162816284185,0.6734863956919303,0.1799937747190995,0.14650434133190005,152.0482341453876,1.572615568359142,135.99298386709398,0.8733333333333333,0.03333333333333333,0.8733333333333333,nominal,C:\Users\rabiei\My Research\reduced_order_lunar_lander_runs\lambda_sweep_deployment_fixed_seeds_333.npy,-1,4.0,0.7,20.0,0.05333333333333334,1.5,10.0,15.0
C:\Users\rabiei\My Research\reduced_order_lunar_lander_runs\reduced_order_lander_lam10_from_base_12upd_lam10_20260529_163532\final_model.pt,pd,0.04,False,150,0.9866666666666667,0.8866666666666667,0.99,-10.0,10,10.0,0.88,C:\Users\rabiei\My Research\reduced_order_lunar_lander_runs\official_reset_deployment_eval\full_150eps_all_lambda_all_gains\lambda_10\full_eval\logs\10_zeta0p7_wn6.log,0.09606546323936026,166.6733849666427,39.07095178229376,0.2703367384638394,34.37696717529098,0.061236463211107546,0.06718152365889146,0.22812682094707062,0.0509869270088772,0.030463305462579922,605.1666666666666,0.15207821091045592,0.19108282116736125,0.7580030222979026,0.043066436919731374,0.032364230011569045,0.035651329913908736,0.02595394773411627,0.5347269194764935,0.5149130218679545,0.7580030222979026,0.17688714929027038,0.14041017618705362,153.42473276681477,1.6703297478978774,137.8667541543306,0.88,0.03333333333333333,0.88,nominal,C:\Users\rabiei\My Research\reduced_order_lunar_lander_runs\lambda_sweep_deployment_fixed_seeds_333.npy,-1,6.0,0.7,20.0,0.04666666666666667,1.5,10.0,15.0
C:\Users\rabiei\My Research\reduced_order_lunar_lander_runs\reduced_order_lander_lam10_from_base_12upd_lam10_20260529_163532\final_model.pt,pd,0.02,False,150,0.9866666666666667,0.9066666666666666,0.99,-10.0,10,10.0,0.8866666666666667,C:\Users\rabiei\My Research\reduced_order_lunar_lander_runs\official_reset_deployment_eval\full_150eps_all_lambda_all_gains\lambda_10\full_eval\logs\10_zeta0p7_wn8.log,0.0965229139966862,174.04416503320945,39.33200964860584,0.2774662373815865,34.56710964978771,0.05029132954989715,0.053846316832291734,0.22298196495039596,0.046165912521925444,0.015170282419273106,610.5533333333333,0.15814704866192264,0.1856073509592269,0.794499478854259,0.04198956039639337,0.03204752077946953,0.03575922159948469,0.024241996675971236,0.5329802039498833,0.5152483578849291,0.794499478854259,0.17416611707956137,0.13832894393238587,160.02834499676393,1.7199410488646882,144.6336878778959,0.8866666666666667,0.013333333333333334,0.8866666666666667,nominal,C:\Users\rabiei\My Research\reduced_order_lunar_lander_runs\lambda_sweep_deployment_fixed_seeds_333.npy,-1,8.0,0.7,20.0,0.08,1.5,10.0,15.0
C:\Users\rabiei\My Research\reduced_order_lunar_lander_runs\reduced_order_lander_lam10_from_base_12upd_lam10_20260529_163532\final_model.pt,pd,0.02,False,150,0.9866666666666667,0.9133333333333333,0.99,-10.0,10,10.0,0.8933333333333333,C:\Users\rabiei\My Research\reduced_order_lunar_lander_runs\official_reset_deployment_eval\full_150eps_all_lambda_all_gains\lambda_10\full_eval\logs\10_zeta0p7_wn10.log,0.0922911675818131,175.24984266081543,39.46856365830664,0.28213255448306185,34.65692283804751,0.04905254101940955,0.05325893687008592,0.21300565688267611,0.03948840401135385,0.013841364835601805,607.7866666666666,0.1543936182682506,0.17979004814999427,0.8135787921637281,0.04166540092239408,0.03177756965158736,0.03635744110618331,0.023758080787093662,0.5304369808216256,0.516424329378025,0.8135787921637281,0.17355999300206726,0.1351168863626272,160.93472203911625,1.7491426736647062,145.60268259083503,0.8933333333333333,0.02,0.8933333333333333,nominal,C:\Users\rabiei\My Research\reduced_order_lunar_lander_runs\lambda_sweep_deployment_fixed_seeds_333.npy,-1,10.0,0.7,20.0,0.06666666666666667,1.5,10.0,15.0
C:\Users\rabiei\My Research\reduced_order_lunar_lander_runs\reduced_order_lander_lam10_from_base_12upd_lam10_20260529_163532\final_model.pt,pd,0.02,False,150,0.9933333333333333,0.9333333333333333,0.99,-10.0,10,10.0,0.9133333333333333,C:\Users\rabiei\My Research\reduced_order_lunar_lander_runs\official_reset_deployment_eval\full_150eps_all_lambda_all_gains\lambda_10\full_eval\logs\10_zeta0p7_wn12.log,0.094013321010242,178.47577866046265,39.560215077107046,0.2844123292098401,34.72576505814729,0.03616509315831839,0.041408855932208194,0.20806440835337944,0.02941088524957498,0.011127264470037307,607.0066666666667,0.15900153462532327,0.169708045933302,0.8296665250989619,0.04018771319997143,0.03158570832186966,0.0360885916403965,0.0221836497499395,0.528262542766075,0.5164912076784551,0.8296665250989619,0.1723102223469096,0.1351328164383962,163.872332541388,1.7499843914153899,148.83580141297543,0.9,0.02,0.9,nominal,C:\Users\rabiei\My Research\reduced_order_lunar_lander_runs\lambda_sweep_deployment_fixed_seeds_333.npy,-1,12.0,0.7,20.0,0.06,1.5,10.0,15.0
C:\Users\rabiei\My Research\reduced_order_lunar_lander_runs\reduced_order_lander_lam10_from_base_12upd_lam10_20260529_163532\final_model.pt,pd,0.10666666666666667,False,150,0.6866666666666666,0.5066666666666667,0.99,-10.0,10,10.0,0.4866666666666667,C:\Users\rabiei\My Research\reduced_order_lunar_lander_runs\official_reset_deployment_eval\full_150eps_all_lambda_all_gains\lambda_10\full_eval\logs\10_zeta1_wn0p5.log,0.06351413177350637,42.43876829322403,25.712508828989197,0.1853321044035345,21.94023297952998,0.10760300412983877,0.11652113344423766,0.6288000505812793,0.24724491921680358,0.1975382519818844,484.52,0.08789926298117891,0.23154196259779236,0.24227654717590538,0.047547336719672394,0.06552114181045479,0.029200743934890253,0.06277797380196799,0.7632155041421881,0.5276977586359661,0.24227654717590538,0.29543855315877027,0.4835512397896911,39.27226677080126,0.9319671245982344,23.428697047241673,0.52,0.3466666666666667,0.52,nominal,C:\Users\rabiei\My Research\reduced_order_lunar_lander_runs\lambda_sweep_deployment_fixed_seeds_333.npy,-1,0.5,1.0,20.0,0.03333333333333333,1.5,10.0,15.0
C:\Users\rabiei\My Research\reduced_order_lunar_lander_runs\reduced_order_lander_lam10_from_base_12upd_lam10_20260529_163532\final_model.pt,pd,0.07333333333333333,False,150,0.8866666666666667,0.7133333333333334,0.99,-10.0,10,10.0,0.7,C:\Users\rabiei\My Research\reduced_order_lunar_lander_runs\official_reset_deployment_eval\full_150eps_all_lambda_all_gains\lambda_10\full_eval\logs\10_zeta1_wn1.log,0.08922841302047806,104.92864432719395,31.854218347513804,0.21179146071930863,27.769565245991714,0.10102738158049761,0.108408413121196,0.4382168495533387,0.12970399311898897,0.10724298972967067,571.86,0.1194315183587062,0.24116030034052055,0.46099526242617894,0.052088330274391165,0.0490187254134656,0.03281558648921425,0.0478841087072238,0.6586938114515243,0.5143989170804414,0.46099526242617894,0.23160502445324588,0.31776216743287655,97.54032138157064,1.227103671265759,81.22040761453638,0.7266666666666667,0.16666666666666666,0.7266666666666667,nominal,C:\Users\rabiei\My Research\reduced_order_lunar_lander_runs\lambda_sweep_deployment_fixed_seeds_333.npy,-1,1.0,1.0,20.0,0.03333333333333333,1.5,10.0,15.0
C:\Users\rabiei\My Research\reduced_order_lunar_lander_runs\reduced_order_lander_lam10_from_base_12upd_lam10_20260529_163532\final_model.pt,pd,0.06666666666666667,False,150,0.9733333333333334,0.8466666666666667,0.99,-10.0,10,10.0,0.82,C:\Users\rabiei\My Research\reduced_order_lunar_lander_runs\official_reset_deployment_eval\full_150eps_all_lambda_all_gains\lambda_10\full_eval\logs\10_zeta1_wn2.log,0.10004513794487152,133.76803475716628,35.736560703040396,0.2344000790439693,31.407596578533365,0.0673436350224074,0.0742562271301004,0.33308419269996153,0.08800475845811889,0.06202798034771379,615.4266666666666,0.13042857251491355,0.22539358907705387,0.5797007275055308,0.050792902650179966,0.03986258301475698,0.03462551454559917,0.038905532571232235,0.5807708850600733,0.5109112991353574,0.5797007275055308,0.2026837945028629,0.19272005912853463,123.61115015866085,1.4621753518305163,106.83774790552778,0.7866666666666666,0.08666666666666667,0.7866666666666666,nominal,C:\Users\rabiei\My Research\reduced_order_lunar_lander_runs\lambda_sweep_deployment_fixed_seeds_333.npy,-1,2.0,1.0,20.0,0.06,1.5,10.0,15.0
C:\Users\rabiei\My Research\reduced_order_lunar_lander_runs\reduced_order_lander_lam10_from_base_12upd_lam10_20260529_163532\final_model.pt,pd,0.02666666666666667,False,150,0.98,0.84,0.99,-10.0,10,10.0,0.8333333333333334,C:\Users\rabiei\My Research\reduced_order_lunar_lander_runs\official_reset_deployment_eval\full_150eps_all_lambda_all_gains\lambda_10\full_eval\logs\10_zeta1_wn4.log,0.0907919015445642,155.6059124658104,38.02566227761686,0.2639739762884136,33.396075004554255,0.06948308255523443,0.08052828572688002,0.25497226550794805,0.07362730968122681,0.04227748861838814,602.2933333333333,0.14154050801318646,0.2038164474153918,0.7425113575198492,0.0462801974801347,0.03488111260383229,0.03582512917620343,0.03067030518296439,0.5505351084555837,0.5169360000532021,0.7425113575198492,0.18622856355254616,0.15155906097673205,142.6440387054224,1.646855571657348,127.09149008257023,0.8466666666666667,0.06666666666666667,0.8466666666666667,nominal,C:\Users\rabiei\My Research\reduced_order_lunar_lander_runs\lambda_sweep_deployment_fixed_seeds_333.npy,-1,4.0,1.0,20.0,0.06,1.5,10.0,15.0
C:\Users\rabiei\My Research\reduced_order_lunar_lander_runs\reduced_order_lander_lam10_from_base_12upd_lam10_20260529_163532\final_model.pt,pd,0.04,False,150,0.9866666666666667,0.88,0.99,-10.0,10,10.0,0.8666666666666667,C:\Users\rabiei\My Research\reduced_order_lunar_lander_runs\official_reset_deployment_eval\full_150eps_all_lambda_all_gains\lambda_10\full_eval\logs\10_zeta1_wn6.log,0.09623883032660696,162.83477331324107,38.68551846025897,0.2750944031835661,33.94376688373457,0.05558967267713645,0.062041579346923954,0.23643615114461228,0.051132444869726894,0.03136189713996465,618.4533333333334,0.1531607165325153,0.19533786781910056,0.787576444774999,0.0449610080223243,0.03312362194819746,0.03641124012380329,0.0290778748142824,0.5376248747729137,0.5125337226074663,0.787576444774999,0.17751136551228627,0.14571462295518292,148.7910622705351,1.7422881046269652,133.04282560030472,0.86,0.03333333333333333,0.86,nominal,C:\Users\rabiei\My Research\reduced_order_lunar_lander_runs\lambda_sweep_deployment_fixed_seeds_333.npy,-1,6.0,1.0,20.0,0.06666666666666667,1.5,10.0,15.0
C:\Users\rabiei\My Research\reduced_order_lunar_lander_runs\reduced_order_lander_lam10_from_base_12upd_lam10_20260529_163532\final_model.pt,pd,0.04,False,150,0.98,0.9066666666666666,0.99,-10.0,10,10.0,0.8933333333333333,C:\Users\rabiei\My Research\reduced_order_lunar_lander_runs\official_reset_deployment_eval\full_150eps_all_lambda_all_gains\lambda_10\full_eval\logs\10_zeta1_wn8.log,0.09541896471985947,166.71919166931275,39.005754468581536,0.2796438553252714,34.2186976417308,0.06253885934381591,0.06843902990201461,0.22639565566368186,0.051143091251142324,0.029168781708072314,605.36,0.1559385154500309,0.189300193181575,0.8182409873663424,0.0436467965447543,0.03235840574310617,0.03585574975641219,0.02690346486515903,0.5339410494735334,0.5157956593250237,0.8182409873663424,0.17649243068537349,0.1391171068051627,152.37318742516447,1.7281655351366971,137.3303363179458,0.88,0.03333333333333333,0.88,nominal,C:\Users\rabiei\My Research\reduced_order_lunar_lander_runs\lambda_sweep_deployment_fixed_seeds_333.npy,-1,8.0,1.0,20.0,0.04666666666666667,1.5,10.0,15.0
C:\Users\rabiei\My Research\reduced_order_lunar_lander_runs\reduced_order_lander_lam10_from_base_12upd_lam10_20260529_163532\final_model.pt,pd,0.04,False,150,0.9866666666666667,0.8866666666666667,0.99,-10.0,10,10.0,0.8866666666666667,C:\Users\rabiei\My Research\reduced_order_lunar_lander_runs\official_reset_deployment_eval\full_150eps_all_lambda_all_gains\lambda_10\full_eval\logs\10_zeta1_wn10.log,0.09494182904839713,171.15536529189828,39.21078914044253,0.28296937304856473,34.39066503703566,0.05905060470334926,0.06583511478995531,0.22177853762899513,0.043602952224512895,0.025234319537985193,605.1733333333333,0.153005871550147,0.19431177718168582,0.8283392374242875,0.042642975725287094,0.03219380352397307,0.036081972239152584,0.02561801939625055,0.5311804443716536,0.5148336921265722,0.8283392374242875,0.1761499755449316,0.1359596201862858,156.60437111883627,1.7381748996606583,141.67014962862504,0.9,0.02,0.9,nominal,C:\Users\rabiei\My Research\reduced_order_lunar_lander_runs\lambda_sweep_deployment_fixed_seeds_333.npy,-1,10.0,1.0,20.0,0.04,1.5,10.0,15.0
C:\Users\rabiei\My Research\reduced_order_lunar_lander_runs\reduced_order_lander_lam10_from_base_12upd_lam10_20260529_163532\final_model.pt,pd,0.02666666666666667,False,150,0.98,0.92,0.99,-10.0,10,10.0,0.9066666666666666,C:\Users\rabiei\My Research\reduced_order_lunar_lander_runs\official_reset_deployment_eval\full_150eps_all_lambda_all_gains\lambda_10\full_eval\logs\10_zeta1_wn12.log,0.09521415282847213,174.80607856558845,39.32864999537318,0.2845350433765561,34.492992528328855,0.03812135565861051,0.04269267553128035,0.22405901312007928,0.042815268851118166,0.01893667263787778,600.5733333333334,0.1528317602942056,0.17892447547977908,0.8359488231167675,0.04153203704913357,0.032152737268606076,0.03649443713672998,0.024159157230682793,0.5325804926492254,0.5159559957940351,0.8359488231167675,0.17602595061186999,0.13848832022363086,160.24146605599532,1.7539579623214672,145.2550322757071,0.8933333333333333,0.02666666666666667,0.8933333333333333,nominal,C:\Users\rabiei\My Research\reduced_order_lunar_lander_runs\lambda_sweep_deployment_fixed_seeds_333.npy,-1,12.0,1.0,20.0,0.05333333333333334,1.5,10.0,15.0
C:\Users\rabiei\My Research\reduced_order_lunar_lander_runs\reduced_order_lander_lam15_from_base_12upd_lam15_20260529_171429\final_model.pt,pd,0.08,False,150,0.9466666666666667,0.7466666666666667,0.99,-10.0,15,15.0,0.7266666666666667,C:\Users\rabiei\My Research\reduced_order_lunar_lander_runs\official_reset_deployment_eval\full_150eps_all_lambda_all_gains\lambda_15\full_eval\logs\15_zeta0p3_wn0p5.log,0.10493070548172224,125.15034351557102,33.660358780844604,0.1806067900156586,28.974517254488873,0.0995653132541338,0.11508629642485396,0.3687881031325314,0.12210705026673774,0.09296757981206358,556.86,0.10143060837242948,0.26531781053241404,0.0391149874988166,0.06525585200181089,0.0485499331389034,0.037856358014679854,0.06762410012160437,0.6127951471880743,0.5080019786975678,0.0391149874988166,0.23427235130906746,0.22571333857501344,124.77779630351819,1.0152387527341102,98.78456222455937,0.76,0.12,0.76,nominal,C:\Users\rabiei\My Research\reduced_order_lunar_lander_runs\lambda_sweep_deployment_fixed_seeds_333.npy,-1,0.5,0.3,20.0,0.04666666666666667,1.5,15.0,15.0
C:\Users\rabiei\My Research\reduced_order_lunar_lander_runs\reduced_order_lander_lam15_from_base_12upd_lam15_20260529_171429\final_model.pt,pd,0.07333333333333333,False,150,0.9666666666666667,0.82,0.99,-10.0,15,15.0,0.7933333333333333,C:\Users\rabiei\My Research\reduced_order_lunar_lander_runs\official_reset_deployment_eval\full_150eps_all_lambda_all_gains\lambda_15\full_eval\logs\15_zeta0p3_wn1.log,0.09691905951735086,143.3043262908912,37.86898302877414,0.1849931822087564,33.108245430116625,0.08222901565857531,0.09327058282679544,0.3098076719988045,0.09180840465240181,0.05514996086866622,576.6933333333334,0.12515305139804578,0.2370259568335511,0.08313355906751359,0.05249617389961991,0.03919579834153596,0.03402074658718646,0.03946969432038345,0.5694523390485774,0.5136132320602232,0.08313355906751359,0.20178275935273576,0.17881796734907568,142.1246390284077,1.0967342914133276,115.31944525302463,0.8133333333333334,0.07333333333333333,0.8133333333333334,nominal,C:\Users\rabiei\My Research\reduced_order_lunar_lander_runs\lambda_sweep_deployment_fixed_seeds_333.npy,-1,1.0,0.3,20.0,0.04,1.5,15.0,15.0
C:\Users\rabiei\My Research\reduced_order_lunar_lander_runs\reduced_order_lander_lam15_from_base_12upd_lam15_20260529_171429\final_model.pt,pd,0.03333333333333333,False,150,0.9866666666666667,0.8533333333333334,0.99,-10.0,15,15.0,0.8466666666666667,C:\Users\rabiei\My Research\reduced_order_lunar_lander_runs\official_reset_deployment_eval\full_150eps_all_lambda_all_gains\lambda_15\full_eval\logs\15_zeta0p3_wn2.log,0.09708623423668893,167.6571099654037,39.726723536704974,0.21327366209480234,34.539929189460125,0.07568430618344185,0.08421008035433004,0.25837572571082285,0.05491653635166585,0.04004974125092553,568.0933333333334,0.13457136724386462,0.2138360034628418,0.3821623748287798,0.047135933028988955,0.03510376003515935,0.03392470054869258,0.02932976194659652,0.5477696372334776,0.5118294643879077,0.3821623748287798,0.18833732402291137,0.15747622311854964,161.49539167499145,1.2189317421286596,138.0112671668071,0.8866666666666667,0.04,0.8866666666666667,nominal,C:\Users\rabiei\My Research\reduced_order_lunar_lander_runs\lambda_sweep_deployment_fixed_seeds_333.npy,-1,2.0,0.3,20.0,0.04,1.5,15.0,15.0
C:\Users\rabiei\My Research\reduced_order_lunar_lander_runs\reduced_order_lander_lam15_from_base_12upd_lam15_20260529_171429\final_model.pt,pd,0.02,False,150,0.9866666666666667,0.9,0.99,-10.0,15,15.0,0.9,C:\Users\rabiei\My Research\reduced_order_lunar_lander_runs\official_reset_deployment_eval\full_150eps_all_lambda_all_gains\lambda_15\full_eval\logs\15_zeta0p3_wn4.log,0.09921232562366646,185.1485128917297,40.543603188525196,0.22964203660545923,35.11162362403258,0.04144876011119171,0.047661410571542766,0.21511929193229615,0.04047435592859983,0.015236772985151194,568.1133333333333,0.1426292268433645,0.17624110313024446,0.5256202463047223,0.04406160563467009,0.033203232976178526,0.0341291304848878,0.02434406602791046,0.5367957280709938,0.5127270357711551,0.5256202463047223,0.1814755199726842,0.1442376072909586,176.5888856228211,1.310985990337235,154.12145637000452,0.92,0.02,0.92,nominal,C:\Users\rabiei\My Research\reduced_order_lunar_lander_runs\lambda_sweep_deployment_fixed_seeds_333.npy,-1,4.0,0.3,20.0,0.04,1.5,15.0,15.0
C:\Users\rabiei\My Research\reduced_order_lunar_lander_runs\reduced_order_lander_lam15_from_base_12upd_lam15_20260529_171429\final_model.pt,pd,0.013333333333333334,False,150,0.98,0.9,0.99,-10.0,15,15.0,0.8933333333333333,C:\Users\rabiei\My Research\reduced_order_lunar_lander_runs\official_reset_deployment_eval\full_150eps_all_lambda_all_gains\lambda_15\full_eval\logs\15_zeta0p3_wn6.log,0.09908374607366291,186.20048208633992,40.741634316251,0.2454718341079456,35.07206413628461,0.04260484156582,0.04842072110627032,0.21301441890599057,0.04009193114936352,0.012992992685624765,579.1933333333334,0.14681375821711204,0.1779813549615044,0.6280341980328225,0.04402878547455137,0.03257422622884037,0.035515796943588286,0.02502571556686973,0.5326494872469303,0.5119226641991887,0.6280341980328225,0.17747180872631788,0.1428041832226188,175.7859981098061,1.456500499768998,152.76910792313828,0.92,0.006666666666666667,0.92,nominal,C:\Users\rabiei\My Research\reduced_order_lunar_lander_runs\lambda_sweep_deployment_fixed_seeds_333.npy,-1,6.0,0.3,20.0,0.06,1.5,15.0,15.0
C:\Users\rabiei\My Research\reduced_order_lunar_lander_runs\reduced_order_lander_lam15_from_base_12upd_lam15_20260529_171429\final_model.pt,pd,0.013333333333333334,False,150,0.9866666666666667,0.9266666666666666,0.99,-10.0,15,15.0,0.92,C:\Users\rabiei\My Research\reduced_order_lunar_lander_runs\official_reset_deployment_eval\full_150eps_all_lambda_all_gains\lambda_15\full_eval\logs\15_zeta0p3_wn8.log,0.09841598925304161,187.38737691348757,40.883656628746415,0.2613864048083011,34.97544075331978,0.03945448272294016,0.04467470711986528,0.21294243390905532,0.03656362604349852,0.011296130802542685,568.8866666666667,0.14734926590565095,0.173108387083162,0.7228800158378775,0.043519432812512186,0.03247828729496685,0.036724075610240936,0.025195196884166684,0.5344728580574641,0.5133851358476755,0.7228800158378775,0.17792874673832149,0.1434864626441632,175.51620810105635,1.5244261309406533,153.14325161604447,0.9266666666666666,0.02,0.9266666666666666,nominal,C:\Users\rabiei\My Research\reduced_order_lunar_lander_runs\lambda_sweep_deployment_fixed_seeds_333.npy,-1,8.0,0.3,20.0,0.04,1.5,15.0,15.0
C:\Users\rabiei\My Research\reduced_order_lunar_lander_runs\reduced_order_lander_lam15_from_base_12upd_lam15_20260529_171429\final_model.pt,pd,0.006666666666666667,False,150,0.9866666666666667,0.9133333333333333,0.99,-10.0,15,15.0,0.9066666666666666,C:\Users\rabiei\My Research\reduced_order_lunar_lander_runs\official_reset_deployment_eval\full_150eps_all_lambda_all_gains\lambda_15\full_eval\logs\15_zeta0p3_wn10.log,0.09591989446859737,183.02052073017921,40.98763418623778,0.2712351858290924,34.93147473362609,0.04164472476530742,0.04488994153219943,0.21229254385084326,0.04356629310796658,0.015401693861090315,576.5933333333334,0.14755073612085728,0.1793906961865707,0.772814934979991,0.04319574850077436,0.0322895061477928,0.03800848975102985,0.025578922022936948,0.529637114501679,0.514780044818342,0.772814934979991,0.17665397047188597,0.13990520169196652,170.13877716377965,1.6117698478558544,147.31210634567478,0.9066666666666666,0.02666666666666667,0.9066666666666666,nominal,C:\Users\rabiei\My Research\reduced_order_lunar_lander_runs\lambda_sweep_deployment_fixed_seeds_333.npy,-1,10.0,0.3,20.0,0.06,1.5,15.0,15.0
C:\Users\rabiei\My Research\reduced_order_lunar_lander_runs\reduced_order_lander_lam15_from_base_12upd_lam15_20260529_171429\final_model.pt,pd,0.013333333333333334,False,150,0.9933333333333333,0.9266666666666666,0.99,-10.0,15,15.0,0.92,C:\Users\rabiei\My Research\reduced_order_lunar_lander_runs\official_reset_deployment_eval\full_150eps_all_lambda_all_gains\lambda_15\full_eval\logs\15_zeta0p3_wn12.log,0.09943678286990527,186.69803684563368,41.132848024512626,0.27567592015429865,35.01022926428994,0.03890557756007183,0.04343947305769139,0.21222734470401008,0.03689988672733307,0.009654580625933069,572.0066666666667,0.14667871749400052,0.17482131095217843,0.7982728460921347,0.043149529718612814,0.03222819881870162,0.038471870276353994,0.025959688717905938,0.5315667584992343,0.5131540044070747,0.7982728460921347,0.17667482893326303,0.14042438296703044,173.4860301284468,1.6187218683507654,150.97707548703886,0.92,0.013333333333333334,0.92,nominal,C:\Users\rabiei\My Research\reduced_order_lunar_lander_runs\lambda_sweep_deployment_fixed_seeds_333.npy,-1,12.0,0.3,20.0,0.05333333333333334,1.5,15.0,15.0
C:\Users\rabiei\My Research\reduced_order_lunar_lander_runs\reduced_order_lander_lam15_from_base_12upd_lam15_20260529_171429\final_model.pt,pd,0.08,False,150,0.76,0.6066666666666667,0.99,-10.0,15,15.0,0.5933333333333334,C:\Users\rabiei\My Research\reduced_order_lunar_lander_runs\official_reset_deployment_eval\full_150eps_all_lambda_all_gains\lambda_15\full_eval\logs\15_zeta0p7_wn0p5.log,0.07575764695307062,81.44167403145123,29.813343950288083,0.17396628855501897,25.2636259750415,0.11698645536545275,0.1275156491316193,0.5072868617373593,0.19282538118461767,0.14457709909106362,506.53333333333336,0.08961634685568069,0.24969238949949243,0.08594648701000995,0.05390475575734937,0.05915476137671542,0.031767379598422824,0.05979065132589261,0.7134236601365207,0.5216748801908049,0.08594648701000995,0.27228925080498956,0.39545145935603687,80.37852126757137,0.9301300202582884,57.359057060910246,0.6266666666666667,0.24,0.6266666666666667,nominal,C:\Users\rabiei\My Research\reduced_order_lunar_lander_runs\lambda_sweep_deployment_fixed_seeds_333.npy,-1,0.5,0.7,20.0,0.05333333333333334,1.5,15.0,15.0
C:\Users\rabiei\My Research\reduced_order_lunar_lander_runs\reduced_order_lander_lam15_from_base_12upd_lam15_20260529_171429\final_model.pt,pd,0.05333333333333334,False,150,0.9466666666666667,0.78,0.99,-10.0,15,15.0,0.74,C:\Users\rabiei\My Research\reduced_order_lunar_lander_runs\official_reset_deployment_eval\full_150eps_all_lambda_all_gains\lambda_15\full_eval\logs\15_zeta0p7_wn1.log,0.10500279895206797,131.13708927699216,34.866004167914824,0.2049336639181496,29.815750590063097,0.08699562095350605,0.10459021823083549,0.3681813689768028,0.1076474912596556,0.08730810822096091,571.7333333333333,0.11624868769893129,0.24078895694849584,0.384254613368497,0.055545035302299164,0.04519940857530705,0.035448826145616355,0.047621534823017675,0.6177524720242235,0.5064172384765718,0.384254613368497,0.2228503774832031,0.24979148737736356,124.98818486793579,1.2268413978794581,101.29980164213363,0.7866666666666666,0.10666666666666667,0.7866666666666666,nominal,C:\Users\rabiei\My Research\reduced_order_lunar_lander_runs\lambda_sweep_deployment_fixed_seeds_333.npy,-1,1.0,0.7,20.0,0.05333333333333334,1.5,15.0,15.0
C:\Users\rabiei\My Research\reduced_order_lunar_lander_runs\reduced_order_lander_lam15_from_base_12upd_lam15_20260529_171429\final_model.pt,pd,0.05333333333333334,False,150,0.9866666666666667,0.8133333333333334,0.99,-10.0,15,15.0,0.8066666666666666,C:\Users\rabiei\My Research\reduced_order_lunar_lander_runs\official_reset_deployment_eval\full_150eps_all_lambda_all_gains\lambda_15\full_eval\logs\15_zeta0p7_wn2.log,0.09927416730969307,145.05952043621588,38.13680462968846,0.22378448409892304,32.79399695207775,0.09704381224759952,0.10656734185369503,0.3184970854091843,0.08756683329120278,0.060485568602959304,571.4,0.12910732190737634,0.24224122988374536,0.5136305204612499,0.050841655753381745,0.03925990947822376,0.03551827470881311,0.03669909777427614,0.5718380828791719,0.5124381964768882,0.5136305204612499,0.20099462681781516,0.18210990059427715,136.65830609894158,1.313473071354942,113.92942436589175,0.8333333333333334,0.07333333333333333,0.8333333333333334,nominal,C:\Users\rabiei\My Research\reduced_order_lunar_lander_runs\lambda_sweep_deployment_fixed_seeds_333.npy,-1,2.0,0.7,20.0,0.04,1.5,15.0,15.0
C:\Users\rabiei\My Research\reduced_order_lunar_lander_runs\reduced_order_lander_lam15_from_base_12upd_lam15_20260529_171429\final_model.pt,pd,0.02666666666666667,False,150,0.9866666666666667,0.8933333333333333,0.99,-10.0,15,15.0,0.8866666666666667,C:\Users\rabiei\My Research\reduced_order_lunar_lander_runs\official_reset_deployment_eval\full_150eps_all_lambda_all_gains\lambda_15\full_eval\logs\15_zeta0p7_wn4.log,0.0999303341699206,172.29186938292705,39.77227355678972,0.24885816241647526,34.05218787684246,0.06430189106202609,0.07352455276262794,0.24700983478101884,0.05463957712675134,0.03446158465036379,564.0066666666667,0.13383028476166856,0.20285440200515753,0.6723686399232695,0.04632274574026097,0.03509723839785727,0.035169423562735155,0.028877122225483706,0.549433666945719,0.5138362607802832,0.6723686399232695,0.18839831753202002,0.15621653751887246,161.33823273343148,1.4254377628794188,139.6301696064025,0.8933333333333333,0.04,0.8933333333333333,nominal,C:\Users\rabiei\My Research\reduced_order_lunar_lander_runs\lambda_sweep_deployment_fixed_seeds_333.npy,-1,4.0,0.7,20.0,0.04,1.5,15.0,15.0
C:\Users\rabiei\My Research\reduced_order_lunar_lander_runs\reduced_order_lander_lam15_from_base_12upd_lam15_20260529_171429\final_model.pt,pd,0.02,False,150,0.9866666666666667,0.9133333333333333,0.99,-10.0,15,15.0,0.9133333333333333,C:\Users\rabiei\My Research\reduced_order_lunar_lander_runs\official_reset_deployment_eval\full_150eps_all_lambda_all_gains\lambda_15\full_eval\logs\15_zeta0p7_wn6.log,0.10074764235916561,184.78650270651275,40.27948860762352,0.2633024914599213,34.34291384081938,0.051342444219286944,0.05808233403044908,0.2262615055608814,0.0407346952582399,0.014849289968534893,566.12,0.1420696027212124,0.18720532068151258,0.7537406274651052,0.044565609307165514,0.03400729822233317,0.035746035361213124,0.025989967197926435,0.5417866827037545,0.5120625008745939,0.7537406274651052,0.18327694239083805,0.15050032263365792,172.44469657428482,1.5031960598803915,150.9161618083069,0.9266666666666666,0.013333333333333334,0.9266666666666666,nominal,C:\Users\rabiei\My Research\reduced_order_lunar_lander_runs\lambda_sweep_deployment_fixed_seeds_333.npy,-1,6.0,0.7,20.0,0.04,1.5,15.0,15.0
C:\Users\rabiei\My Research\reduced_order_lunar_lander_runs\reduced_order_lander_lam15_from_base_12upd_lam15_20260529_171429\final_model.pt,pd,0.013333333333333334,False,150,0.9866666666666667,0.9,0.99,-10.0,15,15.0,0.8866666666666667,C:\Users\rabiei\My Research\reduced_order_lunar_lander_runs\official_reset_deployment_eval\full_150eps_all_lambda_all_gains\lambda_15\full_eval\logs\15_zeta0p7_wn8.log,0.10188037844654446,184.82360040027095,40.44381185408026,0.2708592209104002,34.393209623520015,0.04218362048336227,0.04830954089910674,0.2206121340238978,0.03714764390800459,0.011486539987605918,575.0733333333334,0.14406706332806402,0.17801088595226522,0.7855065033886076,0.04483680499054136,0.03338512945686085,0.036610977546765504,0.026254410557572314,0.5371794329363319,0.5104222668474925,0.7855065033886076,0.1811677319589554,0.14773282242516278,171.77211073161283,1.586994043020364,149.51722308829883,0.92,0.02,0.92,nominal,C:\Users\rabiei\My Research\reduced_order_lunar_lander_runs\lambda_sweep_deployment_fixed_seeds_333.npy,-1,8.0,0.7,20.0,0.04666666666666667,1.5,15.0,15.0
C:\Users\rabiei\My Research\reduced_order_lunar_lander_runs\reduced_order_lander_lam15_from_base_12upd_lam15_20260529_171429\final_model.pt,pd,0.013333333333333334,False,150,0.9866666666666667,0.9,0.99,-10.0,15,15.0,0.8933333333333333,C:\Users\rabiei\My Research\reduced_order_lunar_lander_runs\official_reset_deployment_eval\full_150eps_all_lambda_all_gains\lambda_15\full_eval\logs\15_zeta0p7_wn10.log,0.09746483638463474,182.23756528093455,40.575235293980874,0.274271282773764,34.47386193110397,0.03938587475422537,0.04588318130844724,0.22770165829147354,0.044514382230117916,0.016601645617283944,568.4133333333333,0.1415451016861452,0.17828697618170347,0.8052786053644024,0.04365155136230596,0.033313504569995336,0.037085444978268815,0.02512280180956745,0.538010001462219,0.512566105836057,0.8052786053644024,0.1816604613004707,0.14615511909712248,168.9918395091617,1.603433369557608,146.81779807090382,0.9066666666666666,0.02666666666666667,0.9066666666666666,nominal,C:\Users\rabiei\My Research\reduced_order_lunar_lander_runs\lambda_sweep_deployment_fixed_seeds_333.npy,-1,10.0,0.7,20.0,0.05333333333333334,1.5,15.0,15.0
C:\Users\rabiei\My Research\reduced_order_lunar_lander_runs\reduced_order_lander_lam15_from_base_12upd_lam15_20260529_171429\final_model.pt,pd,0.013333333333333334,False,150,0.9866666666666667,0.92,0.99,-10.0,15,15.0,0.9066666666666666,C:\Users\rabiei\My Research\reduced_order_lunar_lander_runs\official_reset_deployment_eval\full_150eps_all_lambda_all_gains\lambda_15\full_eval\logs\15_zeta0p7_wn12.log,0.09795759120978437,185.78324389912814,40.69228291560161,0.27614165434849147,34.562946792512065,0.05137997227400774,0.05655887090891684,0.2133809648536205,0.03663432630399863,0.00979313424097139,569.3666666666667,0.14282150111654607,0.17713561797231966,0.8198108685141279,0.04392767434507286,0.03277086266534215,0.03708648784492973,0.02506235375954583,0.5360072354537226,0.5125914487783797,0.8198108685141279,0.17997754308945782,0.14454133028789146,172.2947611848248,1.614651221879441,150.17614223760322,0.9133333333333333,0.013333333333333334,0.9133333333333333,nominal,C:\Users\rabiei\My Research\reduced_order_lunar_lander_runs\lambda_sweep_deployment_fixed_seeds_333.npy,-1,12.0,0.7,20.0,0.06,1.5,15.0,15.0
C:\Users\rabiei\My Research\reduced_order_lunar_lander_runs\reduced_order_lander_lam15_from_base_12upd_lam15_20260529_171429\final_model.pt,pd,0.12,False,150,0.7,0.58,0.99,-10.0,15,15.0,0.5533333333333333,C:\Users\rabiei\My Research\reduced_order_lunar_lander_runs\official_reset_deployment_eval\full_150eps_all_lambda_all_gains\lambda_15\full_eval\logs\15_zeta1_wn0p5.log,0.0735417002572325,63.60325406095074,27.632742403155863,0.18129477016343065,22.993799232590867,0.09545832764531952,0.10976874446988574,0.579069352865977,0.24113540153640012,0.16289380007757026,465.34,0.09133735027845281,0.19686190358824457,0.2446095578565404,0.04569775772750411,0.06468368727768488,0.029417355734840823,0.058916433251146545,0.7555828547488062,0.5258092437091559,0.2446095578565404,0.28909976390022596,0.4810949500518628,60.52371743090582,0.8666319825988298,41.29697432196829,0.5533333333333333,0.2866666666666667,0.5533333333333333,nominal,C:\Users\rabiei\My Research\reduced_order_lunar_lander_runs\lambda_sweep_deployment_fixed_seeds_333.npy,-1,0.5,1.0,20.0,0.04,1.5,15.0,15.0
C:\Users\rabiei\My Research\reduced_order_lunar_lander_runs\reduced_order_lander_lam15_from_base_12upd_lam15_20260529_171429\final_model.pt,pd,0.08666666666666667,False,150,0.9266666666666666,0.7333333333333333,0.99,-10.0,15,15.0,0.72,C:\Users\rabiei\My Research\reduced_order_lunar_lander_runs\official_reset_deployment_eval\full_150eps_all_lambda_all_gains\lambda_15\full_eval\logs\15_zeta1_wn1.log,0.09283950416069602,116.86759175675283,33.6015147493717,0.20690090456274993,28.530334904557396,0.10670059799643544,0.11843738594433546,0.4149678684750516,0.12976727106142788,0.09393328056839616,535.3866666666667,0.11059591145388283,0.23891212410167953,0.46046294172694635,0.05293554458342495,0.04920860674787473,0.034206714783860996,0.04759132040849588,0.6575095031746517,0.5145926846971652,0.46046294172694635,0.2323407525107109,0.3125028732521834,109.89364316718255,1.1511583430885934,88.89248327709062,0.7466666666666667,0.13333333333333333,0.7466666666666667,nominal,C:\Users\rabiei\My Research\reduced_order_lunar_lander_runs\lambda_sweep_deployment_fixed_seeds_333.npy,-1,1.0,1.0,20.0,0.03333333333333333,1.5,15.0,15.0
C:\Users\rabiei\My Research\reduced_order_lunar_lander_runs\reduced_order_lander_lam15_from_base_12upd_lam15_20260529_171429\final_model.pt,pd,0.05333333333333334,False,150,0.96,0.82,0.99,-10.0,15,15.0,0.8066666666666666,C:\Users\rabiei\My Research\reduced_order_lunar_lander_runs\official_reset_deployment_eval\full_150eps_all_lambda_all_gains\lambda_15\full_eval\logs\15_zeta1_wn2.log,0.099130061732654,139.7533915999492,37.09017105439212,0.2283175567503498,31.683256030301198,0.09974895604838821,0.10813673736586388,0.32940693099659724,0.09538377458850543,0.0703994084563483,566.96,0.12023034650256285,0.24152354047548907,0.5787555515128364,0.05222087635285291,0.04138894340813393,0.035860417584651146,0.039819641461160855,0.5842775519197585,0.513301847761348,0.5787555515128364,0.2102792484958899,0.19829072114005902,130.37902465494452,1.354401555129359,108.09816827300882,0.8133333333333334,0.09333333333333334,0.8133333333333334,nominal,C:\Users\rabiei\My Research\reduced_order_lunar_lander_runs\lambda_sweep_deployment_fixed_seeds_333.npy,-1,2.0,1.0,20.0,0.04,1.5,15.0,15.0
C:\Users\rabiei\My Research\reduced_order_lunar_lander_runs\reduced_order_lander_lam15_from_base_12upd_lam15_20260529_171429\final_model.pt,pd,0.05333333333333334,False,150,0.9733333333333334,0.82,0.99,-10.0,15,15.0,0.8133333333333334,C:\Users\rabiei\My Research\reduced_order_lunar_lander_runs\official_reset_deployment_eval\full_150eps_all_lambda_all_gains\lambda_15\full_eval\logs\15_zeta1_wn4.log,0.09782136337477677,159.33596140151118,39.11467994076956,0.25817043323410543,33.25465681659059,0.08667489851532385,0.0975978264657215,0.256043511612276,0.07643632067988317,0.045972841276423766,575.1066666666667,0.12863182338390505,0.2250903095789467,0.7298749762552135,0.0492952705513086,0.03621313790297154,0.03693042326134399,0.03358518416349038,0.5540251661072944,0.5107268167182457,0.7298749762552135,0.19271371586361108,0.16046474997257196,147.273065150633,1.5436802001077259,124.67862506656199,0.8533333333333334,0.04,0.8533333333333334,nominal,C:\Users\rabiei\My Research\reduced_order_lunar_lander_runs\lambda_sweep_deployment_fixed_seeds_333.npy,-1,4.0,1.0,20.0,0.05333333333333334,1.5,15.0,15.0
C:\Users\rabiei\My Research\reduced_order_lunar_lander_runs\reduced_order_lander_lam15_from_base_12upd_lam15_20260529_171429\final_model.pt,pd,0.02,False,150,0.9866666666666667,0.9066666666666666,0.99,-10.0,15,15.0,0.9,C:\Users\rabiei\My Research\reduced_order_lunar_lander_runs\official_reset_deployment_eval\full_150eps_all_lambda_all_gains\lambda_15\full_eval\logs\15_zeta1_wn6.log,0.09872250959226686,177.2584384335147,39.79685225027632,0.2677550110396998,33.793108221119304,0.04697085391242581,0.050954196916952604,0.24229698071489356,0.0477489048615098,0.02377811854653407,568.2933333333333,0.13770061314185747,0.18703840080474105,0.7897542534611476,0.04585179001562662,0.03486471003439532,0.03684210869818974,0.028425088501781836,0.5462940402691686,0.5141340743556254,0.7897542534611476,0.18701053258569075,0.15546012965919753,164.25482642163672,1.57965275610142,142.19778042532678,0.9066666666666666,0.04,0.9066666666666666,nominal,C:\Users\rabiei\My Research\reduced_order_lunar_lander_runs\lambda_sweep_deployment_fixed_seeds_333.npy,-1,6.0,1.0,20.0,0.03333333333333333,1.5,15.0,15.0
C:\Users\rabiei\My Research\reduced_order_lunar_lander_runs\reduced_order_lander_lam15_from_base_12upd_lam15_20260529_171429\final_model.pt,pd,0.02666666666666667,False,150,0.9866666666666667,0.8733333333333333,0.99,-10.0,15,15.0,0.8733333333333333,C:\Users\rabiei\My Research\reduced_order_lunar_lander_runs\official_reset_deployment_eval\full_150eps_all_lambda_all_gains\lambda_15\full_eval\logs\15_zeta1_wn8.log,0.10029954335540685,178.61235522080796,40.22974786781981,0.2730857138700592,34.14643153753177,0.052837529840423184,0.06109452891522487,0.23782299899282733,0.04837548241950571,0.022121232829182904,569.84,0.14033963375196598,0.1918013755802658,0.8082369024547789,0.04552755763644052,0.0344278214148224,0.036703934389806216,0.027624532028757903,0.5430575475975665,0.5107541717968277,0.8082369024547789,0.18541668474600626,0.15087468393808084,165.28223943706786,1.580110411783859,143.51389904405005,0.9133333333333333,0.02666666666666667,0.9133333333333333,nominal,C:\Users\rabiei\My Research\reduced_order_lunar_lander_runs\lambda_sweep_deployment_fixed_seeds_333.npy,-1,8.0,1.0,20.0,0.03333333333333333,1.5,15.0,15.0
C:\Users\rabiei\My Research\reduced_order_lunar_lander_runs\reduced_order_lander_lam15_from_base_12upd_lam15_20260529_171429\final_model.pt,pd,0.02,False,150,0.9866666666666667,0.9,0.99,-10.0,15,15.0,0.9,C:\Users\rabiei\My Research\reduced_order_lunar_lander_runs\official_reset_deployment_eval\full_150eps_all_lambda_all_gains\lambda_15\full_eval\logs\15_zeta1_wn10.log,0.09743816553540421,183.84927626611926,40.37101080710523,0.2754982323915919,34.25093417548165,0.04631241437073792,0.05083170837263849,0.22438573530348316,0.037250351291149855,0.0121515071555029,572.5733333333334,0.14315646688927097,0.18397945244968036,0.8213599092233529,0.04477015723588691,0.03366474642396815,0.03740870250896584,0.026429849437550536,0.5391425263024271,0.5121342379939757,0.8213599092233529,0.18196040967472732,0.1462131447242722,170.2304790712249,1.6325106117956147,147.9101504225184,0.92,0.013333333333333334,0.92,nominal,C:\Users\rabiei\My Research\reduced_order_lunar_lander_runs\lambda_sweep_deployment_fixed_seeds_333.npy,-1,10.0,1.0,20.0,0.04666666666666667,1.5,15.0,15.0
C:\Users\rabiei\My Research\reduced_order_lunar_lander_runs\reduced_order_lander_lam15_from_base_12upd_lam15_20260529_171429\final_model.pt,pd,0.02,False,150,0.98,0.9,0.99,-10.0,15,15.0,0.8933333333333333,C:\Users\rabiei\My Research\reduced_order_lunar_lander_runs\official_reset_deployment_eval\full_150eps_all_lambda_all_gains\lambda_15\full_eval\logs\15_zeta1_wn12.log,0.10161701933775703,179.61471053605504,40.44379608725934,0.27686905754557445,34.30296283135374,0.05355956724175485,0.057809036520821436,0.22744516183252883,0.04873736890032888,0.021068946734830892,574.0733333333334,0.1396587844325793,0.19095369096980658,0.8284196489629758,0.04578837692714991,0.033595590632357036,0.03728537053366204,0.02737692154669541,0.5374495015816617,0.5121499615339324,0.8284196489629758,0.18219405390788804,0.14621377621841294,165.84235935822434,1.622309356583728,143.7986035206324,0.9066666666666666,0.02,0.9066666666666666,nominal,C:\Users\rabiei\My Research\reduced_order_lunar_lander_runs\lambda_sweep_deployment_fixed_seeds_333.npy,-1,12.0,1.0,20.0,0.05333333333333334,1.5,15.0,15.0
C:\Users\rabiei\My Research\reduced_order_lunar_lander_runs\reduced_order_lander_lam20_from_base_12upd_lam20_20260529_172416\final_model.pt,pd,0.08,False,150,0.9466666666666667,0.7733333333333333,0.99,-10.0,20,20.0,0.7533333333333333,C:\Users\rabiei\My Research\reduced_order_lunar_lander_runs\official_reset_deployment_eval\full_150eps_all_lambda_all_gains\lambda_20\full_eval\logs\20_zeta0p3_wn0p5.log,0.09304256768080327,120.91223683560689,32.663920990426526,0.17936067185737503,27.09608352294286,0.07986271428257775,0.09499169826689313,0.34776608727319464,0.11792998213320971,0.10168154705167698,601.6733333333333,0.11300038553538376,0.24630993432270085,0.037413155793505314,0.06284590784043119,0.048251929240199144,0.037282937332872926,0.06570479804142854,0.5956066137867534,0.5154457291128203,0.037413155793505314,0.22886826305972202,0.19729583215047622,120.56121156663804,1.0673133902775396,87.5325023633894,0.7666666666666667,0.11333333333333333,0.7666666666666667,nominal,C:\Users\rabiei\My Research\reduced_order_lunar_lander_runs\lambda_sweep_deployment_fixed_seeds_333.npy,-1,0.5,0.3,20.0,0.04,1.5,20.0,15.0
C:\Users\rabiei\My Research\reduced_order_lunar_lander_runs\reduced_order_lander_lam20_from_base_12upd_lam20_20260529_172416\final_model.pt,pd,0.04666666666666667,False,150,0.98,0.84,0.99,-10.0,20,20.0,0.8333333333333334,C:\Users\rabiei\My Research\reduced_order_lunar_lander_runs\official_reset_deployment_eval\full_150eps_all_lambda_all_gains\lambda_20\full_eval\logs\20_zeta0p3_wn1.log,0.08979929518660314,146.77049565183157,36.99336851942014,0.18362259628687738,31.331309445432556,0.07408298454110385,0.08912216676628326,0.2655387142026299,0.07730899785334865,0.05257606776673241,614.56,0.14891970537862648,0.21409343009945558,0.07909374105172498,0.04546227910249974,0.03631109287478962,0.032061606555206235,0.03244155114550703,0.54511716536258,0.5191546627188401,0.07909374105172498,0.18751055096761002,0.15401767978467068,145.65128115816523,1.0882416011495344,112.71446362884082,0.84,0.07333333333333333,0.84,nominal,C:\Users\rabiei\My Research\reduced_order_lunar_lander_runs\lambda_sweep_deployment_fixed_seeds_333.npy,-1,1.0,0.3,20.0,0.04,1.5,20.0,15.0
C:\Users\rabiei\My Research\reduced_order_lunar_lander_runs\reduced_order_lander_lam20_from_base_12upd_lam20_20260529_172416\final_model.pt,pd,0.04666666666666667,False,150,0.98,0.8933333333333333,0.99,-10.0,20,20.0,0.8933333333333333,C:\Users\rabiei\My Research\reduced_order_lunar_lander_runs\official_reset_deployment_eval\full_150eps_all_lambda_all_gains\lambda_20\full_eval\logs\20_zeta0p3_wn2.log,0.08939035602126781,166.28261533353825,38.69224146015144,0.212450785751443,32.45191088559117,0.05081470208558737,0.06077549056891895,0.21571035912803127,0.05834007745996739,0.02674181422004919,615.1133333333333,0.15560663500288163,0.18867655397804772,0.38969452201156696,0.04189155085740211,0.03316376328380393,0.03249839894592044,0.02407439883333796,0.5268877318073613,0.5197606003456807,0.38969452201156696,0.17620235957746705,0.13189210648755428,159.46562864146148,1.280982301670742,128.3607026334567,0.88,0.02666666666666667,0.88,nominal,C:\Users\rabiei\My Research\reduced_order_lunar_lander_runs\lambda_sweep_deployment_fixed_seeds_333.npy,-1,2.0,0.3,20.0,0.04666666666666667,1.5,20.0,15.0
C:\Users\rabiei\My Research\reduced_order_lunar_lander_runs\reduced_order_lander_lam20_from_base_12upd_lam20_20260529_172416\final_model.pt,pd,0.02,False,150,0.9933333333333333,0.9133333333333333,0.99,-10.0,20,20.0,0.9,C:\Users\rabiei\My Research\reduced_order_lunar_lander_runs\official_reset_deployment_eval\full_150eps_all_lambda_all_gains\lambda_20\full_eval\logs\20_zeta0p3_wn4.log,0.08999102434772127,173.37656433307993,39.4544713315249,0.22849120310831328,32.89324218977843,0.05272646451635713,0.0640155382835233,0.19963212408526085,0.03721204185237487,0.020719467576949167,620.52,0.1653792499500467,0.18515231678583274,0.5319386405108057,0.040271339459087396,0.03174795160205356,0.032630467087357486,0.02150759976234917,0.5168460696877213,0.5177373083833263,0.5319386405108057,0.16951051619270763,0.12519767523085543,163.90485686674447,1.3848261126699677,133.26964207968055,0.8933333333333333,0.02,0.8933333333333333,nominal,C:\Users\rabiei\My Research\reduced_order_lunar_lander_runs\lambda_sweep_deployment_fixed_seeds_333.npy,-1,4.0,0.3,20.0,0.06666666666666667,1.5,20.0,15.0
C:\Users\rabiei\My Research\reduced_order_lunar_lander_runs\reduced_order_lander_lam20_from_base_12upd_lam20_20260529_172416\final_model.pt,pd,0.04,False,150,0.9933333333333333,0.92,0.99,-10.0,20,20.0,0.9133333333333333,C:\Users\rabiei\My Research\reduced_order_lunar_lander_runs\official_reset_deployment_eval\full_150eps_all_lambda_all_gains\lambda_20\full_eval\logs\20_zeta0p3_wn6.log,0.08921686365720047,175.69253027349376,39.616470797891964,0.2453565803891874,32.717623764641445,0.05172061814835615,0.059751557633588644,0.1914997736160258,0.040588141040255626,0.01111254909331137,619.8666666666667,0.1662926926243729,0.17890936785527198,0.6437304017725919,0.03973488501402874,0.03129720793789203,0.034108695673057327,0.020783242484461333,0.511982920801775,0.5203833443688143,0.6437304017725919,0.16743951881383243,0.12220029123310937,164.12776289849995,1.5226290845430923,132.84261524929852,0.9133333333333333,0.006666666666666667,0.9133333333333333,nominal,C:\Users\rabiei\My Research\reduced_order_lunar_lander_runs\lambda_sweep_deployment_fixed_seeds_333.npy,-1,6.0,0.3,20.0,0.04,1.5,20.0,15.0
C:\Users\rabiei\My Research\reduced_order_lunar_lander_runs\reduced_order_lander_lam20_from_base_12upd_lam20_20260529_172416\final_model.pt,pd,0.02,False,150,0.9933333333333333,0.9466666666666667,0.99,-10.0,20,20.0,0.94,C:\Users\rabiei\My Research\reduced_order_lunar_lander_runs\official_reset_deployment_eval\full_150eps_all_lambda_all_gains\lambda_20\full_eval\logs\20_zeta0p3_wn8.log,0.08741564995121527,183.63423856911976,39.80281702561846,0.2616785212900272,32.57769719792465,0.03708591175502685,0.04472937006708513,0.18238849037667032,0.02176013521074007,0.004917576995954815,624.78,0.16860928886379872,0.16353274393066167,0.7392276133721019,0.03953946592238989,0.030946931776198595,0.0355490252619847,0.021418346719172542,0.5099430199017572,0.5202420670593159,0.7392276133721019,0.1655345733571618,0.12028862308345763,170.2319348489943,1.6489474244082416,138.1596900809549,0.9333333333333333,0.0,0.9333333333333333,nominal,C:\Users\rabiei\My Research\reduced_order_lunar_lander_runs\lambda_sweep_deployment_fixed_seeds_333.npy,-1,8.0,0.3,20.0,0.04666666666666667,1.5,20.0,15.0
C:\Users\rabiei\My Research\reduced_order_lunar_lander_runs\reduced_order_lander_lam20_from_base_12upd_lam20_20260529_172416\final_model.pt,pd,0.03333333333333333,False,150,1.0,0.94,0.99,-10.0,20,20.0,0.9333333333333333,C:\Users\rabiei\My Research\reduced_order_lunar_lander_runs\official_reset_deployment_eval\full_150eps_all_lambda_all_gains\lambda_20\full_eval\logs\20_zeta0p3_wn10.log,0.08592249392922904,179.5615557360904,39.87437413968142,0.2713336257066742,32.45653673635427,0.03533935312157458,0.041991062923659395,0.18859404487309003,0.0330451845160375,0.008932712394435893,615.44,0.1668333032137903,0.1640125953067986,0.7925975823878353,0.039927708357820856,0.031066275092414213,0.03668646659079866,0.022266455496757934,0.5103459768922856,0.5214662118977473,0.7925975823878353,0.16737001844904406,0.11944505053841648,165.34760534888258,1.6953225973738604,133.3463037886132,0.92,0.013333333333333334,0.92,nominal,C:\Users\rabiei\My Research\reduced_order_lunar_lander_runs\lambda_sweep_deployment_fixed_seeds_333.npy,-1,10.0,0.3,20.0,0.03333333333333333,1.5,20.0,15.0
C:\Users\rabiei\My Research\reduced_order_lunar_lander_runs\reduced_order_lander_lam20_from_base_12upd_lam20_20260529_172416\final_model.pt,pd,0.013333333333333334,False,150,1.0,0.96,0.99,-10.0,20,20.0,0.9533333333333334,C:\Users\rabiei\My Research\reduced_order_lunar_lander_runs\official_reset_deployment_eval\full_150eps_all_lambda_all_gains\lambda_20\full_eval\logs\20_zeta0p3_wn12.log,0.08980827764947555,183.76675726971743,39.96180412456573,0.27641326639161445,32.44213506751057,0.030076630531063225,0.03749371266973755,0.17519158068812568,0.02550680782025059,0.0069642008133814284,627.6133333333333,0.17099425805868154,0.158788190037393,0.8173905419588705,0.0393807270479013,0.030572442435571206,0.03730504958138028,0.022559424760448255,0.5066404289565904,0.5204319106947137,0.8173905419588705,0.16419423018135304,0.11707342506241948,168.83625644092118,1.747115702219215,136.27217655866644,0.9266666666666666,0.006666666666666667,0.9266666666666666,nominal,C:\Users\rabiei\My Research\reduced_order_lunar_lander_runs\lambda_sweep_deployment_fixed_seeds_333.npy,-1,12.0,0.3,20.0,0.05333333333333334,1.5,20.0,15.0
C:\Users\rabiei\My Research\reduced_order_lunar_lander_runs\reduced_order_lander_lam20_from_base_12upd_lam20_20260529_172416\final_model.pt,pd,0.06666666666666667,False,150,0.76,0.6533333333333333,0.99,-10.0,20,20.0,0.64,C:\Users\rabiei\My Research\reduced_order_lunar_lander_runs\official_reset_deployment_eval\full_150eps_all_lambda_all_gains\lambda_20\full_eval\logs\20_zeta0p7_wn0p5.log,0.07586067307338154,84.0249506765906,28.331645780196315,0.1716933461075873,22.959275591633364,0.07358226365372199,0.08078647936772589,0.5025988797588432,0.18809986297642656,0.13482035570608705,529.9666666666667,0.10822565906472792,0.1958876504411081,0.08345845303677334,0.04706159912744292,0.05826556364790167,0.029697618023224247,0.05288321444368724,0.7042467734271312,0.522634648725792,0.08345845303677334,0.2645001111317486,0.3928520315356554,83.02831991946262,0.8825798744403737,55.774019854449776,0.6333333333333333,0.26,0.6333333333333333,nominal,C:\Users\rabiei\My Research\reduced_order_lunar_lander_runs\lambda_sweep_deployment_fixed_seeds_333.npy,-1,0.5,0.7,20.0,0.04,1.5,20.0,15.0
C:\Users\rabiei\My Research\reduced_order_lunar_lander_runs\reduced_order_lander_lam20_from_base_12upd_lam20_20260529_172416\final_model.pt,pd,0.06666666666666667,False,150,0.94,0.7733333333333333,0.99,-10.0,20,20.0,0.7533333333333333,C:\Users\rabiei\My Research\reduced_order_lunar_lander_runs\official_reset_deployment_eval\full_150eps_all_lambda_all_gains\lambda_20\full_eval\logs\20_zeta0p7_wn1.log,0.09684454981434658,110.48764054707887,33.7292156068872,0.20342157952709372,27.681442415677193,0.10448724675188714,0.12197453368956293,0.36415811502996626,0.11498107643526358,0.10064865583346075,623.1,0.1357335354664026,0.2488919374399194,0.3910407619662967,0.0545679345443489,0.043584008124105116,0.03431028598799551,0.046693455169117354,0.5984662301040032,0.5122278415451543,0.3910407619662967,0.21287178116449207,0.22694048597456912,103.62630679859203,1.29505373416629,72.12456586375303,0.7333333333333333,0.13333333333333333,0.7333333333333333,nominal,C:\Users\rabiei\My Research\reduced_order_lunar_lander_runs\lambda_sweep_deployment_fixed_seeds_333.npy,-1,1.0,0.7,20.0,0.06666666666666667,1.5,20.0,15.0
C:\Users\rabiei\My Research\reduced_order_lunar_lander_runs\reduced_order_lander_lam20_from_base_12upd_lam20_20260529_172416\final_model.pt,pd,0.02666666666666667,False,150,0.98,0.8533333333333334,0.99,-10.0,20,20.0,0.8466666666666667,C:\Users\rabiei\My Research\reduced_order_lunar_lander_runs\official_reset_deployment_eval\full_150eps_all_lambda_all_gains\lambda_20\full_eval\logs\20_zeta0p7_wn2.log,0.08900065372621761,148.16437114381577,37.06328621742525,0.22277088895936734,30.618379226629173,0.05401689144246726,0.06502902721259403,0.267104437011617,0.07335349881090224,0.05500098520074386,620.44,0.14872946285981617,0.2008459558668297,0.5250661376903476,0.04463849580009447,0.03674988752596761,0.033862364787563756,0.030122780117194103,0.5471665010073847,0.5185892454660942,0.5250661376903476,0.18784780625443157,0.15484087133210786,138.8102326254961,1.3798845484874198,108.15788017406734,0.8266666666666667,0.08,0.8266666666666667,nominal,C:\Users\rabiei\My Research\reduced_order_lunar_lander_runs\lambda_sweep_deployment_fixed_seeds_333.npy,-1,2.0,0.7,20.0,0.06666666666666667,1.5,20.0,15.0
C:\Users\rabiei\My Research\reduced_order_lunar_lander_runs\reduced_order_lander_lam20_from_base_12upd_lam20_20260529_172416\final_model.pt,pd,0.03333333333333333,False,150,0.9866666666666667,0.88,0.99,-10.0,20,20.0,0.8733333333333333,C:\Users\rabiei\My Research\reduced_order_lunar_lander_runs\official_reset_deployment_eval\full_150eps_all_lambda_all_gains\lambda_20\full_eval\logs\20_zeta0p7_wn4.log,0.09113982585454937,162.30910329753718,38.637184286447976,0.24784977677929126,31.68854832473428,0.06231617653733944,0.07288540710489083,0.22011129173176935,0.05779454759632548,0.032923899608219495,622.4,0.1587625666185724,0.19098563918381373,0.6804424373828009,0.04205889463313884,0.03308918750466484,0.03446031267421954,0.025454439073188933,0.5230879347295421,0.5173895714110369,0.6804424373828009,0.17524204538617133,0.12991059858786622,150.0421908236462,1.5586731063788961,118.68764116995925,0.8733333333333333,0.04666666666666667,0.8733333333333333,nominal,C:\Users\rabiei\My Research\reduced_order_lunar_lander_runs\lambda_sweep_deployment_fixed_seeds_333.npy,-1,4.0,0.7,20.0,0.04666666666666667,1.5,20.0,15.0
C:\Users\rabiei\My Research\reduced_order_lunar_lander_runs\reduced_order_lander_lam20_from_base_12upd_lam20_20260529_172416\final_model.pt,pd,0.04666666666666667,False,150,0.9866666666666667,0.8933333333333333,0.99,-10.0,20,20.0,0.88,C:\Users\rabiei\My Research\reduced_order_lunar_lander_runs\official_reset_deployment_eval\full_150eps_all_lambda_all_gains\lambda_20\full_eval\logs\20_zeta0p7_wn6.log,0.08932656332743649,162.05225701288666,39.077246259224424,0.26337064898750046,31.8181950593269,0.05955049904213714,0.06586515735514908,0.22346552998810632,0.05444213541224599,0.021932165339555325,625.1666666666666,0.1598817465868455,0.1944584648175961,0.7677639358144053,0.041605515331818506,0.032801036030830594,0.03530837410707529,0.02439514566002131,0.5199198772408932,0.5190737209757817,0.7677639358144053,0.17320872726728562,0.12810211459416634,148.12644172372922,1.6663780551977099,116.2213625755991,0.8666666666666667,0.03333333333333333,0.8666666666666667,nominal,C:\Users\rabiei\My Research\reduced_order_lunar_lander_runs\lambda_sweep_deployment_fixed_seeds_333.npy,-1,6.0,0.7,20.0,0.05333333333333334,1.5,20.0,15.0
C:\Users\rabiei\My Research\reduced_order_lunar_lander_runs\reduced_order_lander_lam20_from_base_12upd_lam20_20260529_172416\final_model.pt,pd,0.03333333333333333,False,150,0.9866666666666667,0.9266666666666666,0.99,-10.0,20,20.0,0.9133333333333333,C:\Users\rabiei\My Research\reduced_order_lunar_lander_runs\official_reset_deployment_eval\full_150eps_all_lambda_all_gains\lambda_20\full_eval\logs\20_zeta0p7_wn8.log,0.09113295010882272,171.285100220249,39.316955810153445,0.26995482250921565,31.926547499734703,0.05490487417068531,0.0642505548431411,0.2012462601980048,0.039722915898504046,0.019293308676488406,618.1666666666666,0.15986688712384653,0.19005031227516894,0.8040169175507604,0.040408214340203086,0.032187497760917436,0.035676532071046145,0.022435530725880407,0.5196802974904525,0.51877430529303,0.8040169175507604,0.17182099006409607,0.1260246568464228,156.82640119844643,1.686569283771756,125.19038121148051,0.8933333333333333,0.02666666666666667,0.8933333333333333,nominal,C:\Users\rabiei\My Research\reduced_order_lunar_lander_runs\lambda_sweep_deployment_fixed_seeds_333.npy,-1,8.0,0.7,20.0,0.04666666666666667,1.5,20.0,15.0
C:\Users\rabiei\My Research\reduced_order_lunar_lander_runs\reduced_order_lander_lam20_from_base_12upd_lam20_20260529_172416\final_model.pt,pd,0.02666666666666667,False,150,0.9933333333333333,0.9333333333333333,0.99,-10.0,20,20.0,0.9266666666666666,C:\Users\rabiei\My Research\reduced_order_lunar_lander_runs\official_reset_deployment_eval\full_150eps_all_lambda_all_gains\lambda_20\full_eval\logs\20_zeta0p7_wn10.log,0.08972706298357504,175.8974561038622,39.464668368295705,0.2746894463109197,31.97926141429983,0.04681465463820738,0.05485705088850378,0.19780203223643614,0.03268918831522266,0.012867022106824845,627.6333333333333,0.16709756052914254,0.17293473569329104,0.8250409286418393,0.04003356628739342,0.031542319998537224,0.035528931792751524,0.022079591406257624,0.5157410058542514,0.519032740056961,0.8250409286418393,0.16799127212911752,0.12504357037076277,160.87756473595266,1.7311626425237898,128.72153658671974,0.9066666666666666,0.006666666666666667,0.9066666666666666,nominal,C:\Users\rabiei\My Research\reduced_order_lunar_lander_runs\lambda_sweep_deployment_fixed_seeds_333.npy,-1,10.0,0.7,20.0,0.06,1.5,20.0,15.0
C:\Users\rabiei\My Research\reduced_order_lunar_lander_runs\reduced_order_lander_lam20_from_base_12upd_lam20_20260529_172416\final_model.pt,pd,0.013333333333333334,False,150,0.9933333333333333,0.9333333333333333,0.99,-10.0,20,20.0,0.92,C:\Users\rabiei\My Research\reduced_order_lunar_lander_runs\official_reset_deployment_eval\full_150eps_all_lambda_all_gains\lambda_20\full_eval\logs\20_zeta0p7_wn12.log,0.09388249626434152,177.63818127838113,39.526793680560104,0.27573803388022855,32.02004401985106,0.03557145621193437,0.041877544377155886,0.2010443944080931,0.03619919019557225,0.008305608599387183,636.2133333333334,0.1716667306499714,0.16737710369670802,0.8312056530060217,0.040080579931094595,0.031467777896964234,0.036072737684362095,0.02255179776976685,0.5124378229009362,0.5168539747232611,0.8312056530060217,0.16661586276007181,0.12322266609966089,162.29301994323842,1.7781654681588521,129.3506052485374,0.9066666666666666,0.006666666666666667,0.9066666666666666,nominal,C:\Users\rabiei\My Research\reduced_order_lunar_lander_runs\lambda_sweep_deployment_fixed_seeds_333.npy,-1,12.0,0.7,20.0,0.07333333333333333,1.5,20.0,15.0
C:\Users\rabiei\My Research\reduced_order_lunar_lander_runs\reduced_order_lander_lam20_from_base_12upd_lam20_20260529_172416\final_model.pt,pd,0.12,False,150,0.68,0.5333333333333333,0.99,-10.0,20,20.0,0.5,C:\Users\rabiei\My Research\reduced_order_lunar_lander_runs\official_reset_deployment_eval\full_150eps_all_lambda_all_gains\lambda_20\full_eval\logs\20_zeta1_wn0p5.log,0.06581098265306051,41.173952019703,26.402126742507676,0.17988661619473945,20.879318830908556,0.11973975461879793,0.1290711157307095,0.5891585673586646,0.2614883183036,0.17900639976107258,520.9266666666666,0.09956227025889844,0.23128547379327363,0.24267652265419287,0.04835304169990367,0.06401079183702527,0.02984791901242854,0.06136563383439681,0.741252844135817,0.5294572282954706,0.24267652265419287,0.28381290663656794,0.4550149844908547,37.74225294523039,0.9671429742264147,11.412559201841365,0.49333333333333335,0.3,0.49333333333333335,nominal,C:\Users\rabiei\My Research\reduced_order_lunar_lander_runs\lambda_sweep_deployment_fixed_seeds_333.npy,-1,0.5,1.0,20.0,0.08666666666666667,1.5,20.0,15.0
C:\Users\rabiei\My Research\reduced_order_lunar_lander_runs\reduced_order_lander_lam20_from_base_12upd_lam20_20260529_172416\final_model.pt,pd,0.06,False,150,0.92,0.7666666666666667,0.99,-10.0,20,20.0,0.76,C:\Users\rabiei\My Research\reduced_order_lunar_lander_runs\official_reset_deployment_eval\full_150eps_all_lambda_all_gains\lambda_20\full_eval\logs\20_zeta1_wn1.log,0.09250701772977642,115.4075604742619,32.42746294003814,0.20536061077132525,26.348221028024273,0.10720432702466497,0.11526668656513878,0.39845480741733924,0.11140502234299977,0.09650478282814905,591.3333333333334,0.12604363354737308,0.23491757895320536,0.46226697691802654,0.052235629522897335,0.04735679744303575,0.03345386795401026,0.04715220649767839,0.6370008767311843,0.5150188324484916,0.46226697691802654,0.22260673467485173,0.283075154152783,107.67381895334357,1.2383460430701507,78.81397294619215,0.7733333333333333,0.13333333333333333,0.7733333333333333,nominal,C:\Users\rabiei\My Research\reduced_order_lunar_lander_runs\lambda_sweep_deployment_fixed_seeds_333.npy,-1,1.0,1.0,20.0,0.03333333333333333,1.5,20.0,15.0
C:\Users\rabiei\My Research\reduced_order_lunar_lander_runs\reduced_order_lander_lam20_from_base_12upd_lam20_20260529_172416\final_model.pt,pd,0.04,False,150,0.9533333333333334,0.8333333333333334,0.99,-10.0,20,20.0,0.8333333333333334,C:\Users\rabiei\My Research\reduced_order_lunar_lander_runs\official_reset_deployment_eval\full_150eps_all_lambda_all_gains\lambda_20\full_eval\logs\20_zeta1_wn2.log,0.08551552303283053,138.68784528176528,35.96412098975786,0.22676467639458253,29.442417832683148,0.07748536077517731,0.08511592940947244,0.29535478272100146,0.08533009545877576,0.07168056575984744,610.8466666666667,0.13842282943978118,0.21522963469425485,0.590750847411749,0.046574774843929904,0.03943000159900346,0.03438800328353569,0.034214021410484054,0.5645852407412342,0.5212713683758926,0.590750847411749,0.19871423025335144,0.1706242828682912,128.28984859183507,1.4195478255128975,98.07995543817398,0.82,0.09333333333333334,0.82,nominal,C:\Users\rabiei\My Research\reduced_order_lunar_lander_runs\lambda_sweep_deployment_fixed_seeds_333.npy,-1,2.0,1.0,20.0,0.04666666666666667,1.5,20.0,15.0
C:\Users\rabiei\My Research\reduced_order_lunar_lander_runs\reduced_order_lander_lam20_from_base_12upd_lam20_20260529_172416\final_model.pt,pd,0.04666666666666667,False,150,0.9866666666666667,0.88,0.99,-10.0,20,20.0,0.88,C:\Users\rabiei\My Research\reduced_order_lunar_lander_runs\official_reset_deployment_eval\full_150eps_all_lambda_all_gains\lambda_20\full_eval\logs\20_zeta1_wn4.log,0.09408866126512751,160.2185899823903,38.107775735789396,0.2573225457653548,30.969912114201808,0.06822450805608242,0.07975910775621108,0.22896941722714967,0.057962804537576934,0.033427378508177404,624.1133333333333,0.15560362480022627,0.20423465105934382,0.7454518233168398,0.04415361907313611,0.03420164895420746,0.03548708360966722,0.0286912535370762,0.5321676978056578,0.5166825873491109,0.7454518233168398,0.17874484441276953,0.13855931638198138,146.73252216096648,1.6352634059037734,115.03105519764814,0.8666666666666667,0.03333333333333333,0.8666666666666667,nominal,C:\Users\rabiei\My Research\reduced_order_lunar_lander_runs\lambda_sweep_deployment_fixed_seeds_333.npy,-1,4.0,1.0,20.0,0.05333333333333334,1.5,20.0,15.0
C:\Users\rabiei\My Research\reduced_order_lunar_lander_runs\reduced_order_lander_lam20_from_base_12upd_lam20_20260529_172416\final_model.pt,pd,0.04,False,150,0.9866666666666667,0.8866666666666667,0.99,-10.0,20,20.0,0.8666666666666667,C:\Users\rabiei\My Research\reduced_order_lunar_lander_runs\official_reset_deployment_eval\full_150eps_all_lambda_all_gains\lambda_20\full_eval\logs\20_zeta1_wn6.log,0.09152679604742114,161.97007630253617,38.691961990798994,0.26727944288728694,31.354778632687612,0.056314719296157514,0.06865634600239266,0.21038053885440977,0.06248979946908852,0.035144976712262875,623.5333333333333,0.15780039490200826,0.19079170730737402,0.8011084151422276,0.041775914258851236,0.03314086992120336,0.035520292483654854,0.02537261900981176,0.5248054155288322,0.5180021483184567,0.8011084151422276,0.174850762093213,0.12984530064405872,147.46688137443172,1.6864639995937565,115.77012964399437,0.8533333333333334,0.03333333333333333,0.8533333333333334,nominal,C:\Users\rabiei\My Research\reduced_order_lunar_lander_runs\lambda_sweep_deployment_fixed_seeds_333.npy,-1,6.0,1.0,20.0,0.07333333333333333,1.5,20.0,15.0
C:\Users\rabiei\My Research\reduced_order_lunar_lander_runs\reduced_order_lander_lam20_from_base_12upd_lam20_20260529_172416\final_model.pt,pd,0.04,False,150,0.9866666666666667,0.9,0.99,-10.0,20,20.0,0.8866666666666667,C:\Users\rabiei\My Research\reduced_order_lunar_lander_runs\official_reset_deployment_eval\full_150eps_all_lambda_all_gains\lambda_20\full_eval\logs\20_zeta1_wn8.log,0.09207593838401422,166.3399128548347,38.97980478906246,0.273057415897894,31.526617414199098,0.0537491443989226,0.06487225924070877,0.20963225010115452,0.05136479777594408,0.025194499375864206,625.6933333333334,0.1597688041889719,0.18592590228800135,0.8253531546378609,0.041649881327239555,0.032598332721953165,0.0359130570154931,0.02466341548371118,0.5192987910524154,0.5188081871232726,0.8253531546378609,0.17227502418930385,0.12776063319828665,151.29973754319587,1.731983269005724,119.18638080805349,0.88,0.02666666666666667,0.88,nominal,C:\Users\rabiei\My Research\reduced_order_lunar_lander_runs\lambda_sweep_deployment_fixed_seeds_333.npy,-1,8.0,1.0,20.0,0.05333333333333334,1.5,20.0,15.0
C:\Users\rabiei\My Research\reduced_order_lunar_lander_runs\reduced_order_lander_lam20_from_base_12upd_lam20_20260529_172416\final_model.pt,pd,0.02,False,150,0.9866666666666667,0.9133333333333333,0.99,-10.0,20,20.0,0.9066666666666666,C:\Users\rabiei\My Research\reduced_order_lunar_lander_runs\official_reset_deployment_eval\full_150eps_all_lambda_all_gains\lambda_20\full_eval\logs\20_zeta1_wn10.log,0.0898467262865473,172.09083455123073,39.22504649229734,0.27514399586228777,31.73055786604549,0.04694454164433409,0.050126358341937356,0.20552460131732656,0.04450742656985918,0.018123655022906117,620.8333333333334,0.16057697257652215,0.18154995634087262,0.8412642650084519,0.040403589863037596,0.032324351904798834,0.03591496223153979,0.022741037303105872,0.5161781065464497,0.5200244302520766,0.8412642650084519,0.1714153063946454,0.12564360298682561,156.8629903712189,1.738152215827455,124.91112356801493,0.9,0.03333333333333333,0.9,nominal,C:\Users\rabiei\My Research\reduced_order_lunar_lander_runs\lambda_sweep_deployment_fixed_seeds_333.npy,-1,10.0,1.0,20.0,0.04666666666666667,1.5,20.0,15.0
C:\Users\rabiei\My Research\reduced_order_lunar_lander_runs\reduced_order_lander_lam20_from_base_12upd_lam20_20260529_172416\final_model.pt,pd,0.04,False,150,0.9866666666666667,0.92,0.99,-10.0,20,20.0,0.9066666666666666,C:\Users\rabiei\My Research\reduced_order_lunar_lander_runs\official_reset_deployment_eval\full_150eps_all_lambda_all_gains\lambda_20\full_eval\logs\20_zeta1_wn12.log,0.08932142252612979,176.73245469649837,39.370749419996486,0.2766858511118475,31.8455513141767,0.03872900428750048,0.04648297176682559,0.19666475662700791,0.043724035955965516,0.007526780348770687,623.2333333333333,0.16484227688843803,0.1678228827225556,0.8463125104101593,0.03951631453592039,0.03182829592314436,0.03581223950726029,0.021837073943815715,0.515307571837986,0.5184482284873956,0.8463125104101593,0.16936221336877177,0.12393310111734167,161.38202202531988,1.7375942903635697,129.51590222256027,0.9066666666666666,0.006666666666666667,0.9066666666666666,nominal,C:\Users\rabiei\My Research\reduced_order_lunar_lander_runs\lambda_sweep_deployment_fixed_seeds_333.npy,-1,12.0,1.0,20.0,0.04666666666666667,1.5,20.0,15.0
C:\Users\rabiei\My Research\reduced_order_lunar_lander_runs\reduced_order_lander_lam30_from_base_12upd_lam30_20260529_173836\final_model.pt,pd,0.06,False,150,0.9466666666666667,0.7733333333333333,0.99,-10.0,30,30.0,0.7466666666666667,C:\Users\rabiei\My Research\reduced_order_lunar_lander_runs\official_reset_deployment_eval\full_150eps_all_lambda_all_gains\lambda_30\full_eval\logs\30_zeta0p3_wn0p5.log,0.09456674247676458,122.84464409673981,33.56891073601369,0.18095186106708838,26.15771359260026,0.07797644294352116,0.08789820294758317,0.3361080679435051,0.10696501559267442,0.09445823169568941,628.98,0.11561276554142272,0.2391955358757115,0.035937788799840574,0.06074455149251373,0.046135882226074225,0.03757922666245026,0.06293486816810402,0.5628058128972374,0.514990668624893,0.035937788799840574,0.21769208376252835,0.17278096686724279,122.48521229223984,1.1285923380452523,76.40727395538224,0.7666666666666667,0.09333333333333334,0.7666666666666667,nominal,C:\Users\rabiei\My Research\reduced_order_lunar_lander_runs\lambda_sweep_deployment_fixed_seeds_333.npy,-1,0.5,0.3,20.0,0.08,1.5,30.0,15.0
C:\Users\rabiei\My Research\reduced_order_lunar_lander_runs\reduced_order_lander_lam30_from_base_12upd_lam30_20260529_173836\final_model.pt,pd,0.05333333333333334,False,150,0.9733333333333334,0.8533333333333334,0.99,-10.0,30,30.0,0.8466666666666667,C:\Users\rabiei\My Research\reduced_order_lunar_lander_runs\official_reset_deployment_eval\full_150eps_all_lambda_all_gains\lambda_30\full_eval\logs\30_zeta0p3_wn1.log,0.08759963191383266,153.17876679441375,37.44761172283352,0.18434278154348027,29.928652078336064,0.061381873770127035,0.0691506197413972,0.24955019648413224,0.07406882421734433,0.04592031887744421,611.0933333333334,0.15552349824915243,0.19370285832600534,0.07802441709955583,0.04561965658118272,0.03598570932798775,0.03196837986582605,0.03101176677641007,0.5394086937936153,0.5202229361543645,0.07802441709955583,0.18745630769181826,0.15387379323463826,152.08205242826017,1.0801116216536468,108.55355147813766,0.8466666666666667,0.05333333333333334,0.8466666666666667,nominal,C:\Users\rabiei\My Research\reduced_order_lunar_lander_runs\lambda_sweep_deployment_fixed_seeds_333.npy,-1,1.0,0.3,20.0,0.04666666666666667,1.5,30.0,15.0
C:\Users\rabiei\My Research\reduced_order_lunar_lander_runs\reduced_order_lander_lam30_from_base_12upd_lam30_20260529_173836\final_model.pt,pd,0.04666666666666667,False,150,0.9866666666666667,0.92,0.99,-10.0,30,30.0,0.9066666666666666,C:\Users\rabiei\My Research\reduced_order_lunar_lander_runs\official_reset_deployment_eval\full_150eps_all_lambda_all_gains\lambda_30\full_eval\logs\30_zeta0p3_wn2.log,0.09225384108764724,166.0374832369624,39.080932315968646,0.2126603545362633,30.709892352173448,0.06368083763853065,0.07001523775816726,0.21562589813590619,0.04860101694862048,0.020478121582543297,624.2533333333333,0.16096825958020916,0.20039114066164104,0.3876631677766022,0.042216331910877945,0.03294141764213032,0.03292610011729169,0.024149364594006486,0.5183519190129023,0.5183495902189543,0.3876631677766022,0.17495106283187956,0.13025115051306999,159.15313038719177,1.3075817493867805,114.32496408869231,0.8866666666666667,0.02,0.8866666666666667,nominal,C:\Users\rabiei\My Research\reduced_order_lunar_lander_runs\lambda_sweep_deployment_fixed_seeds_333.npy,-1,2.0,0.3,20.0,0.04666666666666667,1.5,30.0,15.0
C:\Users\rabiei\My Research\reduced_order_lunar_lander_runs\reduced_order_lander_lam30_from_base_12upd_lam30_20260529_173836\final_model.pt,pd,0.02666666666666667,False,150,0.9933333333333333,0.9266666666666666,0.99,-10.0,30,30.0,0.92,C:\Users\rabiei\My Research\reduced_order_lunar_lander_runs\official_reset_deployment_eval\full_150eps_all_lambda_all_gains\lambda_30\full_eval\logs\30_zeta0p3_wn4.log,0.08932225131509317,172.37756671224457,39.86050453146824,0.22929270872911114,30.99025525153169,0.05147127551614782,0.05644982347868003,0.19841596876239018,0.04387893726894011,0.01637367773382337,629.6466666666666,0.16846562584960323,0.18271438834174686,0.5334909005586426,0.039856124727324214,0.03149472769611596,0.033920140715088504,0.0204170945922163,0.5075173297734792,0.5206801357531634,0.5334909005586426,0.16868980424469115,0.1219830728248391,162.6740362353475,1.4738721128285224,115.56846999405553,0.9,0.013333333333333334,0.9,nominal,C:\Users\rabiei\My Research\reduced_order_lunar_lander_runs\lambda_sweep_deployment_fixed_seeds_333.npy,-1,4.0,0.3,20.0,0.06,1.5,30.0,15.0
C:\Users\rabiei\My Research\reduced_order_lunar_lander_runs\reduced_order_lander_lam30_from_base_12upd_lam30_20260529_173836\final_model.pt,pd,0.013333333333333334,False,150,0.9933333333333333,0.9266666666666666,0.99,-10.0,30,30.0,0.9066666666666666,C:\Users\rabiei\My Research\reduced_order_lunar_lander_runs\official_reset_deployment_eval\full_150eps_all_lambda_all_gains\lambda_30\full_eval\logs\30_zeta0p3_wn6.log,0.08848685301570496,172.94440059494886,40.05300430980771,0.24575438947789696,30.688792906130335,0.04351176767140108,0.04727075345063811,0.18820455051703405,0.04030202579839776,0.017533235624778272,636.6866666666666,0.17306801594077978,0.17574933102851636,0.6421474047518068,0.038949754964887916,0.030851610218167534,0.03517853736787411,0.019962292630412774,0.5035066766335919,0.5210594967201186,0.6421474047518068,0.1656917320467843,0.1183878777045273,161.10385344739146,1.6130627893906373,111.8187835798964,0.8866666666666667,0.013333333333333334,0.8866666666666667,nominal,C:\Users\rabiei\My Research\reduced_order_lunar_lander_runs\lambda_sweep_deployment_fixed_seeds_333.npy,-1,6.0,0.3,20.0,0.08666666666666667,1.5,30.0,15.0
C:\Users\rabiei\My Research\reduced_order_lunar_lander_runs\reduced_order_lander_lam30_from_base_12upd_lam30_20260529_173836\final_model.pt,pd,0.02,False,150,0.9866666666666667,0.9266666666666666,0.99,-10.0,30,30.0,0.92,C:\Users\rabiei\My Research\reduced_order_lunar_lander_runs\official_reset_deployment_eval\full_150eps_all_lambda_all_gains\lambda_30\full_eval\logs\30_zeta0p3_wn8.log,0.08980333956645796,179.37156986104372,40.21022513887773,0.2608929705316823,30.392316760616765,0.029853776937452493,0.03195088044679903,0.17869958206679856,0.03648602058490118,0.007781662538205589,633.4,0.17604444430995086,0.16138476370372354,0.7392197271078906,0.03964146348043744,0.030463374000329325,0.03598316117153779,0.021265066052496825,0.5008957907373354,0.520417811755724,0.7392197271078906,0.16462945503956158,0.11770111345510349,165.79967197140033,1.7003903256455628,115.69186009167684,0.9,0.0,0.9,nominal,C:\Users\rabiei\My Research\reduced_order_lunar_lander_runs\lambda_sweep_deployment_fixed_seeds_333.npy,-1,8.0,0.3,20.0,0.08,1.5,30.0,15.0
C:\Users\rabiei\My Research\reduced_order_lunar_lander_runs\reduced_order_lander_lam30_from_base_12upd_lam30_20260529_173836\final_model.pt,pd,0.02,False,150,0.9933333333333333,0.9333333333333333,0.99,-10.0,30,30.0,0.92,C:\Users\rabiei\My Research\reduced_order_lunar_lander_runs\official_reset_deployment_eval\full_150eps_all_lambda_all_gains\lambda_30\full_eval\logs\30_zeta0p3_wn10.log,0.08807694263730141,178.48350019864688,40.26668123497696,0.2710948184691381,30.14298846005759,0.039160223462668,0.04310045941953818,0.17483952734554353,0.0366609009479483,0.010430934579332132,627.9933333333333,0.17652596503483692,0.16672612086519487,0.7908668578305147,0.03873995993389697,0.030428019827252115,0.03698261540124735,0.020602517254932545,0.5008949661527299,0.5207916134528674,0.7908668578305147,0.16463955703376168,0.1181280265040203,164.03668355010043,1.74690220646756,113.51656733795343,0.9,0.006666666666666667,0.9,nominal,C:\Users\rabiei\My Research\reduced_order_lunar_lander_runs\lambda_sweep_deployment_fixed_seeds_333.npy,-1,10.0,0.3,20.0,0.07333333333333333,1.5,30.0,15.0
C:\Users\rabiei\My Research\reduced_order_lunar_lander_runs\reduced_order_lander_lam30_from_base_12upd_lam30_20260529_173836\final_model.pt,pd,0.03333333333333333,False,150,0.9933333333333333,0.9333333333333333,0.99,-10.0,30,30.0,0.9066666666666666,C:\Users\rabiei\My Research\reduced_order_lunar_lander_runs\official_reset_deployment_eval\full_150eps_all_lambda_all_gains\lambda_30\full_eval\logs\30_zeta0p3_wn12.log,0.0860404310244982,176.1605671887646,40.315398471339286,0.2763260511238914,30.03465080916615,0.041519358419221435,0.0456503846280859,0.17348561802411097,0.0345305360481143,0.010834175854864651,633.06,0.1720818802178159,0.1708136423874606,0.8178030381480029,0.04047514705442871,0.03037617852084883,0.03838358171813121,0.02329246126310773,0.5003972313923788,0.5215164166476368,0.8178030381480029,0.16417731755322912,0.11735382832826736,161.12388964946373,1.8108044840141038,109.1752326683415,0.8933333333333333,0.0,0.8933333333333333,nominal,C:\Users\rabiei\My Research\reduced_order_lunar_lander_runs\lambda_sweep_deployment_fixed_seeds_333.npy,-1,12.0,0.3,20.0,0.07333333333333333,1.5,30.0,15.0
C:\Users\rabiei\My Research\reduced_order_lunar_lander_runs\reduced_order_lander_lam30_from_base_12upd_lam30_20260529_173836\final_model.pt,pd,0.09333333333333334,False,150,0.7866666666666666,0.6466666666666666,0.99,-10.0,30,30.0,0.6333333333333333,C:\Users\rabiei\My Research\reduced_order_lunar_lander_runs\official_reset_deployment_eval\full_150eps_all_lambda_all_gains\lambda_30\full_eval\logs\30_zeta0p7_wn0p5.log,0.0727578626579847,72.21521997705666,29.331996616424167,0.17373154934515297,22.173944699212036,0.11145401401023264,0.12558052923883048,0.4955955816822264,0.21114041973642694,0.15126338271646697,550.66,0.11496819037524751,0.24548272791596437,0.08629976797341622,0.04994627352771216,0.05670464374430308,0.03126781254546234,0.05462013388781005,0.6871404476301688,0.5249620092367958,0.08629976797341622,0.25655767135816554,0.3700536963993381,71.1058296743157,0.97031752352228,32.092494271388276,0.62,0.24666666666666667,0.62,nominal,C:\Users\rabiei\My Research\reduced_order_lunar_lander_runs\lambda_sweep_deployment_fixed_seeds_333.npy,-1,0.5,0.7,20.0,0.04,1.5,30.0,15.0
C:\Users\rabiei\My Research\reduced_order_lunar_lander_runs\reduced_order_lander_lam30_from_base_12upd_lam30_20260529_173836\final_model.pt,pd,0.04666666666666667,False,150,0.9466666666666667,0.8066666666666666,0.99,-10.0,30,30.0,0.7866666666666666,C:\Users\rabiei\My Research\reduced_order_lunar_lander_runs\official_reset_deployment_eval\full_150eps_all_lambda_all_gains\lambda_30\full_eval\logs\30_zeta0p7_wn1.log,0.08869854509984694,123.88425735221986,34.322562657883054,0.20377993755292673,26.23002694823418,0.09708997598805581,0.10799810224196094,0.3445041158428793,0.09565959009031455,0.08870491507326328,612.28,0.13661379353472772,0.23899651223705617,0.3944765739748954,0.05096624489645805,0.04369808329288599,0.03481325625914589,0.042233263335510265,0.590710830804015,0.5163539608741955,0.3944765739748954,0.21248602729725657,0.22203925375769087,117.03144808459663,1.2984886682237227,72.68399730550817,0.7866666666666666,0.12,0.7866666666666666,nominal,C:\Users\rabiei\My Research\reduced_order_lunar_lander_runs\lambda_sweep_deployment_fixed_seeds_333.npy,-1,1.0,0.7,20.0,0.04666666666666667,1.5,30.0,15.0
C:\Users\rabiei\My Research\reduced_order_lunar_lander_runs\reduced_order_lander_lam30_from_base_12upd_lam30_20260529_173836\final_model.pt,pd,0.05333333333333334,False,150,0.9733333333333334,0.8533333333333334,0.99,-10.0,30,30.0,0.84,C:\Users\rabiei\My Research\reduced_order_lunar_lander_runs\official_reset_deployment_eval\full_150eps_all_lambda_all_gains\lambda_30\full_eval\logs\30_zeta0p7_wn2.log,0.08267253323605996,146.55363221224906,37.50052774859048,0.2240751839865688,28.789483948314544,0.0727089928532708,0.08128782202091038,0.2609126226110278,0.07647311343501012,0.05028788394340682,618.7266666666667,0.1503723299316464,0.20470587253664063,0.5285111807698591,0.04387864771024463,0.03640563208215077,0.03451251332579203,0.028610186567781106,0.5397164545491535,0.5224257596316847,0.5285111807698591,0.1881585678462888,0.15357813500186562,137.13603732820187,1.4104385128334518,91.86594349391217,0.8333333333333334,0.06666666666666667,0.8333333333333334,nominal,C:\Users\rabiei\My Research\reduced_order_lunar_lander_runs\lambda_sweep_deployment_fixed_seeds_333.npy,-1,2.0,0.7,20.0,0.04666666666666667,1.5,30.0,15.0
C:\Users\rabiei\My Research\reduced_order_lunar_lander_runs\reduced_order_lander_lam30_from_base_12upd_lam30_20260529_173836\final_model.pt,pd,0.02666666666666667,False,150,0.9866666666666667,0.9,0.99,-10.0,30,30.0,0.9,C:\Users\rabiei\My Research\reduced_order_lunar_lander_runs\official_reset_deployment_eval\full_150eps_all_lambda_all_gains\lambda_30\full_eval\logs\30_zeta0p7_wn4.log,0.09201920881401314,164.2284874276347,39.1088387757795,0.24803709670900967,29.676417855931103,0.04931379795702621,0.052635083709485414,0.22180824113626285,0.054229889700072816,0.026463045389788428,629.3266666666667,0.16025823121510602,0.18112450559898116,0.6808986452340497,0.04216564673764028,0.033011086053990016,0.035282673809510966,0.024981336459868563,0.5162733595816085,0.5187765200904554,0.6808986452340497,0.1751281346472486,0.127941189138491,151.8200806318829,1.6090519546752042,103.37039545404521,0.8733333333333333,0.04,0.8733333333333333,nominal,C:\Users\rabiei\My Research\reduced_order_lunar_lander_runs\lambda_sweep_deployment_fixed_seeds_333.npy,-1,4.0,0.7,20.0,0.06,1.5,30.0,15.0
C:\Users\rabiei\My Research\reduced_order_lunar_lander_runs\reduced_order_lander_lam30_from_base_12upd_lam30_20260529_173836\final_model.pt,pd,0.04666666666666667,False,150,0.9866666666666667,0.8866666666666667,0.99,-10.0,30,30.0,0.88,C:\Users\rabiei\My Research\reduced_order_lunar_lander_runs\official_reset_deployment_eval\full_150eps_all_lambda_all_gains\lambda_30\full_eval\logs\30_zeta0p7_wn6.log,0.08979854342429267,161.81927320325732,39.55724905771515,0.26313325334931514,29.671869420270365,0.07230435757120783,0.07637531025202167,0.2104602480826169,0.05889264989023407,0.025964252847937686,631.4466666666667,0.16409074417874892,0.2061432456482055,0.7668047047817326,0.0418648611550682,0.03228194646524434,0.03593266788753535,0.024117398502093285,0.5111978994528082,0.5194276983841694,0.7668047047817326,0.17213991299811493,0.12469618313450322,147.71592294928607,1.714902208112153,97.74327362655941,0.8733333333333333,0.02,0.8733333333333333,nominal,C:\Users\rabiei\My Research\reduced_order_lunar_lander_runs\lambda_sweep_deployment_fixed_seeds_333.npy,-1,6.0,0.7,20.0,0.06,1.5,30.0,15.0
C:\Users\rabiei\My Research\reduced_order_lunar_lander_runs\reduced_order_lander_lam30_from_base_12upd_lam30_20260529_173836\final_model.pt,pd,0.02,False,150,0.9866666666666667,0.9133333333333333,0.99,-10.0,30,30.0,0.9066666666666666,C:\Users\rabiei\My Research\reduced_order_lunar_lander_runs\official_reset_deployment_eval\full_150eps_all_lambda_all_gains\lambda_30\full_eval\logs\30_zeta0p7_wn8.log,0.08668335721941499,171.99399271243945,39.75314756373592,0.2700926583942147,29.658958607685538,0.04140155198464906,0.043261557821559694,0.19923189480240605,0.0476670025413235,0.014941873986140912,632.8533333333334,0.1657743554089847,0.17528198308222603,0.8055151286901286,0.03959103410088511,0.031675477141738496,0.03622238530444199,0.020940536453641658,0.5080288820127555,0.5210306225617678,0.8055151286901286,0.16899853721950886,0.12268749041238858,157.13842781603844,1.766417526165408,106.34440026081053,0.8933333333333333,0.02,0.8933333333333333,nominal,C:\Users\rabiei\My Research\reduced_order_lunar_lander_runs\lambda_sweep_deployment_fixed_seeds_333.npy,-1,8.0,0.7,20.0,0.06666666666666667,1.5,30.0,15.0
C:\Users\rabiei\My Research\reduced_order_lunar_lander_runs\reduced_order_lander_lam30_from_base_12upd_lam30_20260529_173836\final_model.pt,pd,0.013333333333333334,False,150,0.9933333333333333,0.9333333333333333,0.99,-10.0,30,30.0,0.9266666666666666,C:\Users\rabiei\My Research\reduced_order_lunar_lander_runs\official_reset_deployment_eval\full_150eps_all_lambda_all_gains\lambda_30\full_eval\logs\30_zeta0p7_wn10.log,0.0923610764818589,175.1977563412856,39.9066623373332,0.27490219156314255,29.668166435183277,0.03980151493377586,0.04360356083652993,0.19344022357633586,0.03711689652254184,0.013420618517954766,633.6,0.1748512383172468,0.17355194715262437,0.819967455735997,0.040219168576813374,0.03118174133488628,0.03644349804608736,0.021791038750319403,0.5055811937127784,0.5183482740063037,0.819967455735997,0.1668221474098685,0.1215859153439352,160.07467834416258,1.7863840817884253,108.93423388763287,0.9,0.02,0.9,nominal,C:\Users\rabiei\My Research\reduced_order_lunar_lander_runs\lambda_sweep_deployment_fixed_seeds_333.npy,-1,10.0,0.7,20.0,0.06666666666666667,1.5,30.0,15.0
C:\Users\rabiei\My Research\reduced_order_lunar_lander_runs\reduced_order_lander_lam30_from_base_12upd_lam30_20260529_173836\final_model.pt,pd,0.02,False,150,0.9933333333333333,0.94,0.99,-10.0,30,30.0,0.9266666666666666,C:\Users\rabiei\My Research\reduced_order_lunar_lander_runs\official_reset_deployment_eval\full_150eps_all_lambda_all_gains\lambda_30\full_eval\logs\30_zeta0p7_wn12.log,0.08835075244498306,177.41445802671186,40.01883007625152,0.2754227955046531,29.76495768684662,0.03914083038936951,0.04179496891505558,0.18671545959648347,0.03981325735891005,0.009558281971058203,628.02,0.17214519647541038,0.16977166018659282,0.8370525050770492,0.03936704213756427,0.030987550069325055,0.036930500689159235,0.020766395484110564,0.5045811157410303,0.5204910176835865,0.8370525050770492,0.16638986494481056,0.12115443972529907,162.07951473073734,1.8002627193419327,110.84617644645385,0.9,0.006666666666666667,0.9,nominal,C:\Users\rabiei\My Research\reduced_order_lunar_lander_runs\lambda_sweep_deployment_fixed_seeds_333.npy,-1,12.0,0.7,20.0,0.07333333333333333,1.5,30.0,15.0
C:\Users\rabiei\My Research\reduced_order_lunar_lander_runs\reduced_order_lander_lam30_from_base_12upd_lam30_20260529_173836\final_model.pt,pd,0.1,False,150,0.68,0.5266666666666666,0.99,-10.0,30,30.0,0.5,C:\Users\rabiei\My Research\reduced_order_lunar_lander_runs\official_reset_deployment_eval\full_150eps_all_lambda_all_gains\lambda_30\full_eval\logs\30_zeta1_wn0p5.log,0.06870152082290314,42.90207764204486,27.077379929752365,0.18125685051103718,19.711750061691244,0.10402956228111483,0.11377806976834819,0.5791482421165997,0.2500994457180301,0.17631759383792206,525.7866666666666,0.10815938698158419,0.2137301824296989,0.24641047841939615,0.0471573633723524,0.0630730386606938,0.030594064951501174,0.059704530660523884,0.7336717412772154,0.5293882807726906,0.24641047841939615,0.2767323372994761,0.4549525326890221,39.38582372778337,1.0110558843181803,2.0546677791661203,0.49333333333333335,0.32666666666666666,0.49333333333333335,nominal,C:\Users\rabiei\My Research\reduced_order_lunar_lander_runs\lambda_sweep_deployment_fixed_seeds_333.npy,-1,0.5,1.0,20.0,0.08,1.5,30.0,15.0
C:\Users\rabiei\My Research\reduced_order_lunar_lander_runs\reduced_order_lander_lam30_from_base_12upd_lam30_20260529_173836\final_model.pt,pd,0.06,False,150,0.9133333333333333,0.7333333333333333,0.99,-10.0,30,30.0,0.7133333333333334,C:\Users\rabiei\My Research\reduced_order_lunar_lander_runs\official_reset_deployment_eval\full_150eps_all_lambda_all_gains\lambda_30\full_eval\logs\30_zeta1_wn1.log,0.092759426672711,107.77810145829434,32.96169505010296,0.20641481742794873,24.794585711115737,0.10667893911861029,0.11901869780769957,0.38124976058289595,0.13977354073586562,0.09696657627907407,613.1133333333333,0.12968898021398934,0.2404174556871496,0.46027786467326903,0.051842166980391395,0.04668884998868865,0.034128907686156035,0.0462907338576172,0.6175286822310949,0.5145708830306097,0.46027786467326903,0.22047386983260775,0.2592810581774845,99.7410850848473,1.3063441092409998,56.32551151439768,0.72,0.14,0.72,nominal,C:\Users\rabiei\My Research\reduced_order_lunar_lander_runs\lambda_sweep_deployment_fixed_seeds_333.npy,-1,1.0,1.0,20.0,0.08,1.5,30.0,15.0
C:\Users\rabiei\My Research\reduced_order_lunar_lander_runs\reduced_order_lander_lam30_from_base_12upd_lam30_20260529_173836\final_model.pt,pd,0.02666666666666667,False,150,0.9466666666666667,0.8266666666666667,0.99,-10.0,30,30.0,0.8266666666666667,C:\Users\rabiei\My Research\reduced_order_lunar_lander_runs\official_reset_deployment_eval\full_150eps_all_lambda_all_gains\lambda_30\full_eval\logs\30_zeta1_wn2.log,0.08770985155246618,136.08159972789392,36.389543577072814,0.22768928478172284,27.571624448558037,0.07084237949039865,0.07996460561200919,0.2938283968331252,0.0883521532220766,0.07188537150789893,628.6066666666667,0.14700721033301392,0.21831748298191475,0.5867449319303614,0.04745224291646572,0.0390457272400977,0.03529271104828631,0.035058283968388365,0.5527079009644823,0.5192571680625929,0.5867449319303614,0.19567484683180866,0.16856282517649365,125.46497281477399,1.4759463734197191,79.23107519196901,0.8066666666666666,0.10666666666666667,0.8066666666666666,nominal,C:\Users\rabiei\My Research\reduced_order_lunar_lander_runs\lambda_sweep_deployment_fixed_seeds_333.npy,-1,2.0,1.0,20.0,0.06,1.5,30.0,15.0
C:\Users\rabiei\My Research\reduced_order_lunar_lander_runs\reduced_order_lander_lam30_from_base_12upd_lam30_20260529_173836\final_model.pt,pd,0.05333333333333334,False,150,0.9866666666666667,0.8533333333333334,0.99,-10.0,30,30.0,0.8466666666666667,C:\Users\rabiei\My Research\reduced_order_lunar_lander_runs\official_reset_deployment_eval\full_150eps_all_lambda_all_gains\lambda_30\full_eval\logs\30_zeta1_wn4.log,0.09058969703839824,152.43574601262307,38.52405643325078,0.25732174661710727,28.812750248638174,0.07101446216198383,0.08006758944894474,0.23616946713001202,0.07298520624948045,0.04143300935941483,632.2333333333333,0.1579053726920817,0.2082853001690178,0.7469621359671934,0.04421934020687151,0.034115971663349474,0.03630791956443951,0.02874628041678595,0.5246466436494488,0.5192025245357323,0.7469621359671934,0.17879627087338446,0.1330423860212255,138.74698801228655,1.6954712570027444,88.9269416358741,0.8533333333333334,0.04666666666666667,0.8533333333333334,nominal,C:\Users\rabiei\My Research\reduced_order_lunar_lander_runs\lambda_sweep_deployment_fixed_seeds_333.npy,-1,4.0,1.0,20.0,0.04666666666666667,1.5,30.0,15.0
C:\Users\rabiei\My Research\reduced_order_lunar_lander_runs\reduced_order_lander_lam30_from_base_12upd_lam30_20260529_173836\final_model.pt,pd,0.04,False,150,0.9866666666666667,0.9,0.99,-10.0,30,30.0,0.9,C:\Users\rabiei\My Research\reduced_order_lunar_lander_runs\official_reset_deployment_eval\full_150eps_all_lambda_all_gains\lambda_30\full_eval\logs\30_zeta1_wn6.log,0.08618747248710605,169.52708600671036,39.18935555845963,0.26705483520309475,29.186467282919025,0.05177797064447077,0.056789568507557106,0.2144951992197818,0.04059560271600882,0.01499014320727704,625.24,0.16106689649607236,0.18838945870896306,0.8072147947147176,0.04084779349533238,0.03291490744787457,0.036127338647031576,0.023648539896762966,0.5147232340120207,0.5218433634853248,0.8072147947147176,0.17424214151290351,0.12706391503829548,154.77663173868112,1.7297804607846161,105.12887218317188,0.9066666666666666,0.02,0.9066666666666666,nominal,C:\Users\rabiei\My Research\reduced_order_lunar_lander_runs\lambda_sweep_deployment_fixed_seeds_333.npy,-1,6.0,1.0,20.0,0.03333333333333333,1.5,30.0,15.0
C:\Users\rabiei\My Research\reduced_order_lunar_lander_runs\reduced_order_lander_lam30_from_base_12upd_lam30_20260529_173836\final_model.pt,pd,0.02666666666666667,False,150,0.98,0.9133333333333333,0.99,-10.0,30,30.0,0.9066666666666666,C:\Users\rabiei\My Research\reduced_order_lunar_lander_runs\official_reset_deployment_eval\full_150eps_all_lambda_all_gains\lambda_30\full_eval\logs\30_zeta1_wn8.log,0.09377094046633706,172.53322383930796,39.5128806453837,0.27250649674139105,29.346436653443003,0.047721014953118965,0.05273267829083103,0.2025287502114502,0.044554515754183135,0.015135204824717642,627.6266666666667,0.16307726773858713,0.17949794681775338,0.8222642858433435,0.041633566892125155,0.03210706558750638,0.03636512954313717,0.024027333515178717,0.5122979018076257,0.5176930654110569,0.8222642858433435,0.1715503205041371,0.12497361861214154,157.50111452693844,1.7714879438983526,106.83605218902406,0.9,0.02,0.9,nominal,C:\Users\rabiei\My Research\reduced_order_lunar_lander_runs\lambda_sweep_deployment_fixed_seeds_333.npy,-1,8.0,1.0,20.0,0.05333333333333334,1.5,30.0,15.0
C:\Users\rabiei\My Research\reduced_order_lunar_lander_runs\reduced_order_lander_lam30_from_base_12upd_lam30_20260529_173836\final_model.pt,pd,0.02666666666666667,False,150,0.9933333333333333,0.92,0.99,-10.0,30,30.0,0.9,C:\Users\rabiei\My Research\reduced_order_lunar_lander_runs\official_reset_deployment_eval\full_150eps_all_lambda_all_gains\lambda_30\full_eval\logs\30_zeta1_wn10.log,0.090036547893324,170.9219038106614,39.67591789832223,0.27488728359036146,29.438123197060158,0.04464373340359695,0.04730255038985845,0.20709627670521674,0.044163614387313525,0.016486120075416003,629.9466666666667,0.16802164535663708,0.17948772260728138,0.8375505783139982,0.0404906669855179,0.03205270333560237,0.03669783446194874,0.02266883406673143,0.5099983005636947,0.5198380017354054,0.8375505783139982,0.17104461704967164,0.12363316363662638,155.54489010599985,1.7913833885928034,104.58146881954397,0.8933333333333333,0.02,0.8933333333333333,nominal,C:\Users\rabiei\My Research\reduced_order_lunar_lander_runs\lambda_sweep_deployment_fixed_seeds_333.npy,-1,10.0,1.0,20.0,0.06,1.5,30.0,15.0
C:\Users\rabiei\My Research\reduced_order_lunar_lander_runs\reduced_order_lander_lam30_from_base_12upd_lam30_20260529_173836\final_model.pt,pd,0.02666666666666667,False,150,0.9866666666666667,0.92,0.99,-10.0,30,30.0,0.9066666666666666,C:\Users\rabiei\My Research\reduced_order_lunar_lander_runs\official_reset_deployment_eval\full_150eps_all_lambda_all_gains\lambda_30\full_eval\logs\30_zeta1_wn12.log,0.08802244656891603,173.80454961496002,39.79159048004732,0.2761543286668363,29.51568451132353,0.05839200688895896,0.06235802403377742,0.1916592326651698,0.040685636065900324,0.010472153250449269,630.2733333333333,0.16838493449477066,0.18201016616066032,0.8434038027448056,0.0407570495292731,0.03163406605325742,0.03707121524818363,0.02268356210249743,0.50769303021389,0.519854263832202,0.8434038027448056,0.16869517907698542,0.12140452950812948,158.30399940955076,1.811299231833612,106.86010599328498,0.9,0.006666666666666667,0.9,nominal,C:\Users\rabiei\My Research\reduced_order_lunar_lander_runs\lambda_sweep_deployment_fixed_seeds_333.npy,-1,12.0,1.0,20.0,0.06666666666666667,1.5,30.0,15.0
C:\Users\rabiei\My Research\reduced_order_lunar_lander_runs\reduced_order_lander_lam50_from_base_12upd_lam50_20260529_174804\final_model.pt,pd,0.04666666666666667,False,150,0.9533333333333334,0.7866666666666666,0.99,-10.0,50,50.0,0.78,C:\Users\rabiei\My Research\reduced_order_lunar_lander_runs\official_reset_deployment_eval\full_150eps_all_lambda_all_gains\lambda_50\full_eval\logs\50_zeta0p3_wn0p5.log,0.0911141873149259,131.52306512327064,33.79511417564936,0.17176851081212707,23.22536120371649,0.10800307461181849,0.12196533649950309,0.34296107679206195,0.0956456547571967,0.09072540556190849,581.0666666666667,0.10623406606682388,0.2768064946231123,0.04007789973818511,0.06456347304805239,0.04627433884196732,0.04019838320480646,0.06592565303231425,0.5968755954453853,0.5128657242925101,0.04007789973818511,0.22431442014522746,0.2049151240185165,131.1236589928289,1.055528621583691,67.12530071075274,0.8066666666666666,0.10666666666666667,0.8066666666666666,nominal,C:\Users\rabiei\My Research\reduced_order_lunar_lander_runs\lambda_sweep_deployment_fixed_seeds_333.npy,-1,0.5,0.3,20.0,0.04,1.5,50.0,15.0
C:\Users\rabiei\My Research\reduced_order_lunar_lander_runs\reduced_order_lander_lam50_from_base_12upd_lam50_20260529_174804\final_model.pt,pd,0.04666666666666667,False,150,0.9666666666666667,0.8133333333333334,0.99,-10.0,50,50.0,0.8066666666666666,C:\Users\rabiei\My Research\reduced_order_lunar_lander_runs\official_reset_deployment_eval\full_150eps_all_lambda_all_gains\lambda_50\full_eval\logs\50_zeta0p3_wn1.log,0.09596810927972761,146.5696975591938,37.095271176749705,0.17411762885247573,26.40363524722077,0.07809400750717031,0.08450686152738252,0.3093575766879534,0.08461541083330909,0.06147368136857201,570.2933333333333,0.12422403964728336,0.2222506181679673,0.08241442349191208,0.049263294004015426,0.037565275213584666,0.034091549281235325,0.03526150733892752,0.5779236418790799,0.5145591737015739,0.08241442349191208,0.19779242590421828,0.18553792671207234,145.49567370659258,1.0122846228512,84.54959974996714,0.84,0.1,0.84,nominal,C:\Users\rabiei\My Research\reduced_order_lunar_lander_runs\lambda_sweep_deployment_fixed_seeds_333.npy,-1,1.0,0.3,20.0,0.013333333333333334,1.5,50.0,15.0
C:\Users\rabiei\My Research\reduced_order_lunar_lander_runs\reduced_order_lander_lam50_from_base_12upd_lam50_20260529_174804\final_model.pt,pd,0.05333333333333334,False,150,0.9733333333333334,0.8866666666666667,0.99,-10.0,50,50.0,0.88,C:\Users\rabiei\My Research\reduced_order_lunar_lander_runs\official_reset_deployment_eval\full_150eps_all_lambda_all_gains\lambda_50\full_eval\logs\50_zeta0p3_wn2.log,0.1006445832706396,166.38981049617297,38.75740095233726,0.20112638396044222,26.71168596399778,0.06763013177949082,0.07216569180639937,0.247316050626146,0.05576745448013147,0.03435222199480015,582.8733333333333,0.1367863466908203,0.2099739337612127,0.38483367435501886,0.04641533692897636,0.03376265769797237,0.03482982857239969,0.028169079036529272,0.5484596443408849,0.5104275817662591,0.38483367435501886,0.1830342725877093,0.15190183579889902,160.07459756556298,1.2048169758730225,94.49149503585517,0.8866666666666667,0.04,0.8866666666666667,nominal,C:\Users\rabiei\My Research\reduced_order_lunar_lander_runs\lambda_sweep_deployment_fixed_seeds_333.npy,-1,2.0,0.3,20.0,0.02,1.5,50.0,15.0
C:\Users\rabiei\My Research\reduced_order_lunar_lander_runs\reduced_order_lander_lam50_from_base_12upd_lam50_20260529_174804\final_model.pt,pd,0.02666666666666667,False,150,0.9866666666666667,0.9133333333333333,0.99,-10.0,50,50.0,0.9066666666666666,C:\Users\rabiei\My Research\reduced_order_lunar_lander_runs\official_reset_deployment_eval\full_150eps_all_lambda_all_gains\lambda_50\full_eval\logs\50_zeta0p3_wn4.log,0.09716138277367178,180.74445884332886,39.61118522119833,0.21679717801668763,26.782777320672796,0.057481004174126916,0.06232978560297534,0.22492313093556238,0.029696867130696775,0.018061943469004593,578.72,0.14545746314714744,0.18960463162109017,0.5285825243590037,0.044690141445287754,0.032168066224079354,0.035265708046051523,0.025461077263535827,0.5429783908767698,0.5132618553165038,0.5285825243590037,0.17746585445125773,0.14669911914897346,172.0181877797697,1.2985919034569462,104.24046367048153,0.9333333333333333,0.02666666666666667,0.9333333333333333,nominal,C:\Users\rabiei\My Research\reduced_order_lunar_lander_runs\lambda_sweep_deployment_fixed_seeds_333.npy,-1,4.0,0.3,20.0,0.013333333333333334,1.5,50.0,15.0
C:\Users\rabiei\My Research\reduced_order_lunar_lander_runs\reduced_order_lander_lam50_from_base_12upd_lam50_20260529_174804\final_model.pt,pd,0.02,False,150,0.9866666666666667,0.9333333333333333,0.99,-10.0,50,50.0,0.9333333333333333,C:\Users\rabiei\My Research\reduced_order_lunar_lander_runs\official_reset_deployment_eval\full_150eps_all_lambda_all_gains\lambda_50\full_eval\logs\50_zeta0p3_wn6.log,0.09324379538539415,185.42354692875023,39.79907944297093,0.23216511538708667,26.202219189852737,0.048079990805403365,0.04928522804010849,0.216161416156608,0.038551340736448766,0.006090242699547997,579.6533333333333,0.14429927363189868,0.17909875058662703,0.6407517780559717,0.04324909817261073,0.031916015303228726,0.03576664082511334,0.02363705402273617,0.544309182577019,0.5169329086638677,0.6407517780559717,0.17514665684536207,0.14519427211683575,174.7471846523151,1.4056993139776202,103.54551456320254,0.9266666666666666,0.006666666666666667,0.9266666666666666,nominal,C:\Users\rabiei\My Research\reduced_order_lunar_lander_runs\lambda_sweep_deployment_fixed_seeds_333.npy,-1,6.0,0.3,20.0,0.04666666666666667,1.5,50.0,15.0
C:\Users\rabiei\My Research\reduced_order_lunar_lander_runs\reduced_order_lander_lam50_from_base_12upd_lam50_20260529_174804\final_model.pt,pd,0.03333333333333333,False,150,0.9866666666666667,0.94,0.99,-10.0,50,50.0,0.9266666666666666,C:\Users\rabiei\My Research\reduced_order_lunar_lander_runs\official_reset_deployment_eval\full_150eps_all_lambda_all_gains\lambda_50\full_eval\logs\50_zeta0p3_wn8.log,0.09543122246032393,183.7166343977251,39.943175336492004,0.24844600099306546,25.531893860076202,0.04093744298840344,0.04180743383252601,0.2109667888311597,0.03540922025684267,0.010756294245980768,581.0133333333333,0.1443843451637738,0.17742625062725506,0.7349667097840284,0.043013961373741826,0.03143910699099139,0.03755327461390193,0.024342166259586788,0.5375259047674102,0.5148156330126675,0.7349667097840284,0.17413448709567847,0.14219397772539485,171.3904981615134,1.5139259728424004,96.40006908893841,0.92,0.013333333333333334,0.92,nominal,C:\Users\rabiei\My Research\reduced_order_lunar_lander_runs\lambda_sweep_deployment_fixed_seeds_333.npy,-1,8.0,0.3,20.0,0.03333333333333333,1.5,50.0,15.0
C:\Users\rabiei\My Research\reduced_order_lunar_lander_runs\reduced_order_lander_lam50_from_base_12upd_lam50_20260529_174804\final_model.pt,pd,0.013333333333333334,False,150,0.9933333333333333,0.9466666666666667,0.99,-10.0,50,50.0,0.94,C:\Users\rabiei\My Research\reduced_order_lunar_lander_runs\official_reset_deployment_eval\full_150eps_all_lambda_all_gains\lambda_50\full_eval\logs\50_zeta0p3_wn10.log,0.0971313053772793,186.3170915172859,40.069365726059694,0.2579596235419009,25.182444499323122,0.048580297061207416,0.052834020831559796,0.21196986049385563,0.02512751902861055,0.01070265859609721,580.2933333333333,0.144645670091791,0.1801641080098533,0.7835802731881132,0.04331090164768786,0.03140012080662404,0.0383272264076579,0.025617645493324005,0.5377408960806362,0.5142629811699507,0.7835802731881132,0.17369148320784877,0.14093307015012593,173.17365027941375,1.571693832354912,96.12653323287365,0.94,0.02,0.94,nominal,C:\Users\rabiei\My Research\reduced_order_lunar_lander_runs\lambda_sweep_deployment_fixed_seeds_333.npy,-1,10.0,0.3,20.0,0.02666666666666667,1.5,50.0,15.0
C:\Users\rabiei\My Research\reduced_order_lunar_lander_runs\reduced_order_lander_lam50_from_base_12upd_lam50_20260529_174804\final_model.pt,pd,0.02666666666666667,False,150,0.9933333333333333,0.92,0.99,-10.0,50,50.0,0.9133333333333333,C:\Users\rabiei\My Research\reduced_order_lunar_lander_runs\official_reset_deployment_eval\full_150eps_all_lambda_all_gains\lambda_50\full_eval\logs\50_zeta0p3_wn12.log,0.09872364366521938,180.33429244782428,40.16070643075067,0.26394773160849555,24.974128692343548,0.06355955863085304,0.06948502582233264,0.21323825016481673,0.03759235975642999,0.023565269609585198,585.1866666666666,0.14741969761948331,0.19490036563441077,0.8054723982875305,0.04334444472364666,0.031175909405188083,0.03961410653446422,0.02662308733764648,0.5349747475221125,0.5133337621166035,0.8054723982875305,0.1728937365400658,0.13859515175625725,166.71287391371146,1.623079494153809,87.47658440680051,0.9266666666666666,0.013333333333333334,0.9266666666666666,nominal,C:\Users\rabiei\My Research\reduced_order_lunar_lander_runs\lambda_sweep_deployment_fixed_seeds_333.npy,-1,12.0,0.3,20.0,0.03333333333333333,1.5,50.0,15.0
C:\Users\rabiei\My Research\reduced_order_lunar_lander_runs\reduced_order_lander_lam50_from_base_12upd_lam50_20260529_174804\final_model.pt,pd,0.09333333333333334,False,150,0.8,0.66,0.99,-10.0,50,50.0,0.6466666666666666,C:\Users\rabiei\My Research\reduced_order_lunar_lander_runs\official_reset_deployment_eval\full_150eps_all_lambda_all_gains\lambda_50\full_eval\logs\50_zeta0p7_wn0p5.log,0.08097578539974754,82.93075944692052,29.156087386019973,0.16318087987872526,19.05473826008333,0.12378492028112911,0.1360575748232306,0.5067524868157435,0.19222693821725745,0.13966818121407917,501.76666666666665,0.09683577659327074,0.2391307741998053,0.08316597246733937,0.050420748667193656,0.05658281360473981,0.03205770639822434,0.05480293329975891,0.7174137522882961,0.520469108124617,0.08316597246733937,0.26160104589750377,0.40575909234438823,82.00341504700366,0.850090556419875,30.390898292593434,0.6466666666666666,0.24666666666666667,0.6466666666666666,nominal,C:\Users\rabiei\My Research\reduced_order_lunar_lander_runs\lambda_sweep_deployment_fixed_seeds_333.npy,-1,0.5,0.7,20.0,0.013333333333333334,1.5,50.0,15.0
C:\Users\rabiei\My Research\reduced_order_lunar_lander_runs\reduced_order_lander_lam50_from_base_12upd_lam50_20260529_174804\final_model.pt,pd,0.04,False,150,0.9466666666666667,0.7666666666666667,0.99,-10.0,50,50.0,0.7666666666666667,C:\Users\rabiei\My Research\reduced_order_lunar_lander_runs\official_reset_deployment_eval\full_150eps_all_lambda_all_gains\lambda_50\full_eval\logs\50_zeta0p7_wn1.log,0.10140823015507151,125.65668119866469,34.157243006845405,0.19204387606585452,22.5793397751484,0.10852725972393576,0.11981298510668223,0.38374478344554214,0.10313419523028036,0.08528640500544692,577.84,0.11740649957125536,0.2510006029527515,0.38764905507397107,0.05474572238723374,0.043859544004984215,0.036185534478913914,0.04653404066965144,0.6250963911831761,0.5071738268075278,0.38764905507397107,0.21696466474858384,0.2584414509909188,119.40680877790977,1.2083033369159053,53.68471435286944,0.7933333333333333,0.13333333333333333,0.7933333333333333,nominal,C:\Users\rabiei\My Research\reduced_order_lunar_lander_runs\lambda_sweep_deployment_fixed_seeds_333.npy,-1,1.0,0.7,20.0,0.03333333333333333,1.5,50.0,15.0
C:\Users\rabiei\My Research\reduced_order_lunar_lander_runs\reduced_order_lander_lam50_from_base_12upd_lam50_20260529_174804\final_model.pt,pd,0.02666666666666667,False,150,0.9733333333333334,0.8266666666666667,0.99,-10.0,50,50.0,0.8133333333333334,C:\Users\rabiei\My Research\reduced_order_lunar_lander_runs\official_reset_deployment_eval\full_150eps_all_lambda_all_gains\lambda_50\full_eval\logs\50_zeta0p7_wn2.log,0.0978639500278995,145.15576324820734,37.21862507269167,0.2098783146573337,24.73914469905574,0.08458796682862157,0.0906970635748048,0.3142666837080475,0.08150612867747743,0.061320992443517,580.4733333333334,0.12650217150952447,0.23017652093169857,0.5178691094724589,0.05009691285211787,0.037965428906352634,0.036148493875365624,0.035044528334956776,0.5765552954518369,0.513329018935364,0.5178691094724589,0.19780543865461825,0.18402826177975565,136.60191443028089,1.2792252264249044,69.58503526029544,0.8333333333333334,0.10666666666666667,0.8333333333333334,nominal,C:\Users\rabiei\My Research\reduced_order_lunar_lander_runs\lambda_sweep_deployment_fixed_seeds_333.npy,-1,2.0,0.7,20.0,0.03333333333333333,1.5,50.0,15.0
C:\Users\rabiei\My Research\reduced_order_lunar_lander_runs\reduced_order_lander_lam50_from_base_12upd_lam50_20260529_174804\final_model.pt,pd,0.03333333333333333,False,150,0.9733333333333334,0.88,0.99,-10.0,50,50.0,0.8666666666666667,C:\Users\rabiei\My Research\reduced_order_lunar_lander_runs\official_reset_deployment_eval\full_150eps_all_lambda_all_gains\lambda_50\full_eval\logs\50_zeta0p7_wn4.log,0.09722852862480139,165.05879425913315,38.759087489961146,0.23362131659385274,25.08935719886415,0.06616030591173816,0.07266347606456976,0.25639318214160167,0.05539392517879605,0.043085812026982695,583.74,0.14062926817785595,0.20825518678335647,0.6708255765582833,0.045857470185714164,0.0339537461589115,0.03625927534514553,0.02866325703974521,0.5527081010511938,0.5136755625330394,0.6708255765582833,0.18388783748384765,0.15304130254568288,153.82835610706744,1.420824181760654,82.34278517110045,0.8866666666666667,0.05333333333333334,0.8866666666666667,nominal,C:\Users\rabiei\My Research\reduced_order_lunar_lander_runs\lambda_sweep_deployment_fixed_seeds_333.npy,-1,4.0,0.7,20.0,0.02666666666666667,1.5,50.0,15.0
C:\Users\rabiei\My Research\reduced_order_lunar_lander_runs\reduced_order_lander_lam50_from_base_12upd_lam50_20260529_174804\final_model.pt,pd,0.04,False,150,0.9866666666666667,0.8866666666666667,0.99,-10.0,50,50.0,0.8733333333333333,C:\Users\rabiei\My Research\reduced_order_lunar_lander_runs\official_reset_deployment_eval\full_150eps_all_lambda_all_gains\lambda_50\full_eval\logs\50_zeta0p7_wn6.log,0.09655399388185398,169.69546551582408,39.22987197837605,0.24853843945281806,24.814293120549284,0.056899571571751344,0.06327623930774143,0.23873387456021106,0.0520406673848629,0.036868214329765475,578.16,0.13987567988099192,0.20461618781702384,0.7575145508391239,0.04468186725910356,0.03294728790206456,0.03697564825592631,0.026874506202684063,0.5455335339132861,0.5137222301339877,0.7575145508391239,0.18115019573302246,0.1495020130069836,157.0577326949625,1.4873259726749914,83.76596688207452,0.8933333333333333,0.04666666666666667,0.8933333333333333,nominal,C:\Users\rabiei\My Research\reduced_order_lunar_lander_runs\lambda_sweep_deployment_fixed_seeds_333.npy,-1,6.0,0.7,20.0,0.02,1.5,50.0,15.0
C:\Users\rabiei\My Research\reduced_order_lunar_lander_runs\reduced_order_lander_lam50_from_base_12upd_lam50_20260529_174804\final_model.pt,pd,0.03333333333333333,False,150,0.98,0.8933333333333333,0.99,-10.0,50,50.0,0.8866666666666667,C:\Users\rabiei\My Research\reduced_order_lunar_lander_runs\official_reset_deployment_eval\full_150eps_all_lambda_all_gains\lambda_50\full_eval\logs\50_zeta0p7_wn8.log,0.09529977337801109,172.09769097996426,39.411357876641844,0.25514135761160517,24.665300086716538,0.06399719725432988,0.06909875398819994,0.23181270465571763,0.04768251974135637,0.025181684072290336,582.2666666666667,0.13896455340251787,0.20024726616238997,0.792848422007415,0.044523586829816705,0.032678690052449104,0.03762862923612389,0.026328372669508604,0.5447724027427328,0.5148300990888343,0.792848422007415,0.17918400721229352,0.14808939792222256,158.76577103094658,1.5655535113801222,82.17468207762481,0.9,0.04,0.9,nominal,C:\Users\rabiei\My Research\reduced_order_lunar_lander_runs\lambda_sweep_deployment_fixed_seeds_333.npy,-1,8.0,0.7,20.0,0.02666666666666667,1.5,50.0,15.0
C:\Users\rabiei\My Research\reduced_order_lunar_lander_runs\reduced_order_lander_lam50_from_base_12upd_lam50_20260529_174804\final_model.pt,pd,0.03333333333333333,False,150,0.9866666666666667,0.9333333333333333,0.99,-10.0,50,50.0,0.9266666666666666,C:\Users\rabiei\My Research\reduced_order_lunar_lander_runs\official_reset_deployment_eval\full_150eps_all_lambda_all_gains\lambda_50\full_eval\logs\50_zeta0p7_wn10.log,0.10253654967735755,181.9305338781108,39.61129273709017,0.2579718698142445,24.723989705671652,0.05410284415760543,0.05679279808558107,0.2161149712712946,0.03336299846569697,0.013108369934656134,583.7666666666667,0.14897007251781408,0.18742730842414893,0.8068034699363686,0.04408421712197536,0.031979819491070725,0.037309748900266435,0.025595977122429496,0.5408740765440988,0.511045078245855,0.8068034699363686,0.1762272051605545,0.1457922327860661,168.37302518974363,1.5670072621053925,91.90483743950784,0.92,0.013333333333333334,0.92,nominal,C:\Users\rabiei\My Research\reduced_order_lunar_lander_runs\lambda_sweep_deployment_fixed_seeds_333.npy,-1,10.0,0.7,20.0,0.03333333333333333,1.5,50.0,15.0
C:\Users\rabiei\My Research\reduced_order_lunar_lander_runs\reduced_order_lander_lam50_from_base_12upd_lam50_20260529_174804\final_model.pt,pd,0.04,False,150,0.9866666666666667,0.92,0.99,-10.0,50,50.0,0.9066666666666666,C:\Users\rabiei\My Research\reduced_order_lunar_lander_runs\official_reset_deployment_eval\full_150eps_all_lambda_all_gains\lambda_50\full_eval\logs\50_zeta0p7_wn12.log,0.09654763554617726,177.4966596391421,39.616009015830535,0.26053751247023094,24.60008233573094,0.06029555123903265,0.06378529226867695,0.22161925042592912,0.039539347638686495,0.016475969510482188,584.2466666666667,0.1450748759912724,0.1884667985503719,0.8236872569525191,0.04430597324654209,0.03215371371722917,0.03776635623968348,0.025625221628571167,0.5400848647680706,0.5135884500057889,0.8236872569525191,0.17633141201405966,0.14398328107347969,163.61038586153742,1.5923291525240268,86.19526867960742,0.9066666666666666,0.013333333333333334,0.9066666666666666,nominal,C:\Users\rabiei\My Research\reduced_order_lunar_lander_runs\lambda_sweep_deployment_fixed_seeds_333.npy,-1,12.0,0.7,20.0,0.04,1.5,50.0,15.0
C:\Users\rabiei\My Research\reduced_order_lunar_lander_runs\reduced_order_lander_lam50_from_base_12upd_lam50_20260529_174804\final_model.pt,pd,0.09333333333333334,False,150,0.6933333333333334,0.5733333333333334,0.99,-10.0,50,50.0,0.56,C:\Users\rabiei\My Research\reduced_order_lunar_lander_runs\official_reset_deployment_eval\full_150eps_all_lambda_all_gains\lambda_50\full_eval\logs\50_zeta1_wn0p5.log,0.06598377027014402,70.66040079646157,27.361343416342805,0.17103837723847046,16.885527639291528,0.08684232776906962,0.09566624933232869,0.5663117840171287,0.23101767488134403,0.1511880301255476,460.78,0.08857853305115992,0.19838127020950524,0.24201821371509033,0.04447994369266193,0.061403478243818435,0.029917884801983784,0.054880969940523626,0.7544336220498067,0.5284758769383914,0.24201821371509033,0.2819456278227605,0.46529624692415306,67.6739127520352,0.8046322814058724,21.213186726167958,0.58,0.30666666666666664,0.58,nominal,C:\Users\rabiei\My Research\reduced_order_lunar_lander_runs\lambda_sweep_deployment_fixed_seeds_333.npy,-1,0.5,1.0,20.0,0.02,1.5,50.0,15.0
C:\Users\rabiei\My Research\reduced_order_lunar_lander_runs\reduced_order_lander_lam50_from_base_12upd_lam50_20260529_174804\final_model.pt,pd,0.06666666666666667,False,150,0.9066666666666666,0.7333333333333333,0.99,-10.0,50,50.0,0.7333333333333333,C:\Users\rabiei\My Research\reduced_order_lunar_lander_runs\official_reset_deployment_eval\full_150eps_all_lambda_all_gains\lambda_50\full_eval\logs\50_zeta1_wn1.log,0.09245075441258367,114.47490085418936,32.71612490496761,0.19414568652207098,21.042005058766282,0.12323992180366379,0.131124949448002,0.42706880021250193,0.13008837578662982,0.09937518196317957,548.9933333333333,0.11059735257992732,0.2566166475336701,0.4596431191580633,0.05575995895216528,0.04813282271303218,0.03520858718342679,0.05018395395465588,0.6621275234112622,0.5131880815618541,0.4596431191580633,0.2309851939456323,0.3191388641035662,107.4180959225219,1.1442735383529812,46.281357269873624,0.76,0.14666666666666667,0.76,nominal,C:\Users\rabiei\My Research\reduced_order_lunar_lander_runs\lambda_sweep_deployment_fixed_seeds_333.npy,-1,1.0,1.0,20.0,0.02666666666666667,1.5,50.0,15.0
C:\Users\rabiei\My Research\reduced_order_lunar_lander_runs\reduced_order_lander_lam50_from_base_12upd_lam50_20260529_174804\final_model.pt,pd,0.06,False,150,0.9733333333333334,0.8066666666666666,0.99,-10.0,50,50.0,0.7933333333333333,C:\Users\rabiei\My Research\reduced_order_lunar_lander_runs\official_reset_deployment_eval\full_150eps_all_lambda_all_gains\lambda_50\full_eval\logs\50_zeta1_wn2.log,0.09834353461717435,134.2858991880235,36.24083455159538,0.21475003603769205,23.52032839904161,0.09171033166222818,0.09977906656019571,0.33782363790295517,0.10379295798484237,0.07731828843138071,577.6066666666667,0.11619259775419981,0.23054020816572907,0.5801397709364181,0.05128195098771366,0.0397004253535839,0.036468216012996206,0.03831468810053084,0.5902734574628629,0.5133026938022548,0.5801397709364181,0.20449037785175306,0.2032264436580253,124.74743961365085,1.3168991924647075,56.8888062314548,0.8066666666666666,0.10666666666666667,0.8066666666666666,nominal,C:\Users\rabiei\My Research\reduced_order_lunar_lander_runs\lambda_sweep_deployment_fixed_seeds_333.npy,-1,2.0,1.0,20.0,0.02666666666666667,1.5,50.0,15.0
C:\Users\rabiei\My Research\reduced_order_lunar_lander_runs\reduced_order_lander_lam50_from_base_12upd_lam50_20260529_174804\final_model.pt,pd,0.03333333333333333,False,150,0.9666666666666667,0.8733333333333333,0.99,-10.0,50,50.0,0.8666666666666667,C:\Users\rabiei\My Research\reduced_order_lunar_lander_runs\official_reset_deployment_eval\full_150eps_all_lambda_all_gains\lambda_50\full_eval\logs\50_zeta1_wn4.log,0.09636556228293557,165.85188041102418,38.19769031247839,0.24192279418636853,24.113464793555327,0.05499978369744592,0.0576647841711873,0.26181294733461224,0.05817209908583512,0.03289817401820352,580.6066666666667,0.13114089848365695,0.1973302480030985,0.7387646460904368,0.0462971785396145,0.0351231763953483,0.03720446241483878,0.029816390192746442,0.5609978531194175,0.5141805564762443,0.7387646460904368,0.18745653624297712,0.16444311884164273,153.49751562554127,1.480069063123284,80.23629392152667,0.8733333333333333,0.05333333333333334,0.8733333333333333,nominal,C:\Users\rabiei\My Research\reduced_order_lunar_lander_runs\lambda_sweep_deployment_fixed_seeds_333.npy,-1,4.0,1.0,20.0,0.04,1.5,50.0,15.0
C:\Users\rabiei\My Research\reduced_order_lunar_lander_runs\reduced_order_lander_lam50_from_base_12upd_lam50_20260529_174804\final_model.pt,pd,0.04,False,150,0.9866666666666667,0.8933333333333333,0.99,-10.0,50,50.0,0.88,C:\Users\rabiei\My Research\reduced_order_lunar_lander_runs\official_reset_deployment_eval\full_150eps_all_lambda_all_gains\lambda_50\full_eval\logs\50_zeta1_wn6.log,0.09989066479034472,167.17070820901557,38.818680509895145,0.25122147769549036,24.268735848709547,0.07210415831371696,0.07781739222857091,0.2380001254656167,0.05844331466282408,0.033472676831194946,590.1333333333333,0.14628014493646485,0.2069559569277731,0.7845119240731959,0.04647433707545006,0.03326731587295962,0.03689188578152912,0.02907850045707179,0.5470287344732114,0.5099505972010223,0.7845119240731959,0.18051334280333417,0.15130644364515924,153.87825939988042,1.5468188895082233,78.02709706693776,0.88,0.04,0.88,nominal,C:\Users\rabiei\My Research\reduced_order_lunar_lander_runs\lambda_sweep_deployment_fixed_seeds_333.npy,-1,6.0,1.0,20.0,0.04,1.5,50.0,15.0
C:\Users\rabiei\My Research\reduced_order_lunar_lander_runs\reduced_order_lander_lam50_from_base_12upd_lam50_20260529_174804\final_model.pt,pd,0.04,False,150,0.9866666666666667,0.9,0.99,-10.0,50,50.0,0.9,C:\Users\rabiei\My Research\reduced_order_lunar_lander_runs\official_reset_deployment_eval\full_150eps_all_lambda_all_gains\lambda_50\full_eval\logs\50_zeta1_wn8.log,0.10015445657747894,171.67420874732858,39.1738563478716,0.25563460749828654,24.403043220617324,0.06061845989289092,0.0687160554413047,0.24157770417969385,0.05146634977892973,0.02510278792216419,578.9066666666666,0.14064239785048888,0.19445779935791851,0.8112543410629119,0.04523068383131457,0.032994943400624276,0.03714741386238719,0.027693830720360496,0.5485138039398846,0.5122085012248442,0.8112543410629119,0.1803802583336636,0.1506613087638759,158.07749216970717,1.5358121330734251,83.30546876032396,0.9,0.05333333333333334,0.9,nominal,C:\Users\rabiei\My Research\reduced_order_lunar_lander_runs\lambda_sweep_deployment_fixed_seeds_333.npy,-1,8.0,1.0,20.0,0.02,1.5,50.0,15.0
C:\Users\rabiei\My Research\reduced_order_lunar_lander_runs\reduced_order_lander_lam50_from_base_12upd_lam50_20260529_174804\final_model.pt,pd,0.04,False,150,0.98,0.8866666666666667,0.99,-10.0,50,50.0,0.8866666666666667,C:\Users\rabiei\My Research\reduced_order_lunar_lander_runs\official_reset_deployment_eval\full_150eps_all_lambda_all_gains\lambda_50\full_eval\logs\50_zeta1_wn10.log,0.09676532675342014,168.7939649226631,39.37150553136061,0.2594319854151331,24.411201028731128,0.0535015564674048,0.05750400206570544,0.2405165563962109,0.05484234943365057,0.03306478196848011,577.2666666666667,0.1382212348626808,0.19714179612312516,0.8294790592815287,0.04433858190486379,0.032821948437605365,0.03738690734275982,0.02644272256946336,0.5475931176256491,0.5147584223784004,0.8294790592815287,0.1807815655202232,0.14886960438572513,154.94471135923885,1.560003748610447,79.24844415880735,0.88,0.04666666666666667,0.88,nominal,C:\Users\rabiei\My Research\reduced_order_lunar_lander_runs\lambda_sweep_deployment_fixed_seeds_333.npy,-1,10.0,1.0,20.0,0.03333333333333333,1.5,50.0,15.0
C:\Users\rabiei\My Research\reduced_order_lunar_lander_runs\reduced_order_lander_lam50_from_base_12upd_lam50_20260529_174804\final_model.pt,pd,0.02666666666666667,False,150,0.98,0.9133333333333333,0.99,-10.0,50,50.0,0.9066666666666666,C:\Users\rabiei\My Research\reduced_order_lunar_lander_runs\official_reset_deployment_eval\full_150eps_all_lambda_all_gains\lambda_50\full_eval\logs\50_zeta1_wn12.log,0.0972390456295897,173.9316975659178,39.534128423435455,0.2607516046359274,24.50775276011802,0.061115640605606814,0.06515781069133363,0.23261198151474347,0.04363191536317269,0.019899258624588623,583.7266666666667,0.14541155805290293,0.19350455606618633,0.8357302323225129,0.04506276510100291,0.03241618165341135,0.037653850496146335,0.02701026300712235,0.542225331229959,0.5130243413781035,0.8357302323225129,0.17769582313421017,0.1478586612201487,159.8449805082376,1.5801959944865505,83.24736450825694,0.9,0.04,0.9,nominal,C:\Users\rabiei\My Research\reduced_order_lunar_lander_runs\lambda_sweep_deployment_fixed_seeds_333.npy,-1,12.0,1.0,20.0,0.03333333333333333,1.5,50.0,15.0
C:\Users\rabiei\My Research\reduced_order_lunar_lander_runs\reduced_order_lander_lam100_from_base_12upd_lam100_20260529_180830\final_model.pt,pd,0.06,False,150,0.9133333333333333,0.8266666666666667,0.99,-10.0,100,100.0,0.7933333333333333,C:\Users\rabiei\My Research\reduced_order_lunar_lander_runs\official_reset_deployment_eval\full_150eps_all_lambda_all_gains\lambda_100\full_eval\logs\100_zeta0p3_wn0p5.log,0.08032665255094301,134.06949375422087,35.21034734080432,0.17532309865898654,15.694242612642714,0.07799875862870674,0.08474621069434372,0.29769427769611684,0.09690889304503798,0.06693445156372309,600.6466666666666,0.12086939726503108,0.21754227989744385,0.03628298425362231,0.05671815649973008,0.044897549267632876,0.039144287931559975,0.0559964873503784,0.5638035647805271,0.5261431209436904,0.03628298425362231,0.20885785809209595,0.17603036477807285,133.73612986758556,1.0062597790100194,21.430582519885565,0.7933333333333333,0.09333333333333334,0.7933333333333333,nominal,C:\Users\rabiei\My Research\reduced_order_lunar_lander_runs\lambda_sweep_deployment_fixed_seeds_333.npy,-1,0.5,0.3,20.0,0.05333333333333334,1.5,100.0,15.0
C:\Users\rabiei\My Research\reduced_order_lunar_lander_runs\reduced_order_lander_lam100_from_base_12upd_lam100_20260529_180830\final_model.pt,pd,0.013333333333333334,False,150,0.98,0.8666666666666667,0.99,-10.0,100,100.0,0.8666666666666667,C:\Users\rabiei\My Research\reduced_order_lunar_lander_runs\official_reset_deployment_eval\full_150eps_all_lambda_all_gains\lambda_100\full_eval\logs\100_zeta0p3_wn1.log,0.08954935575333667,151.30067913105464,38.00093078518291,0.17712981605623998,18.297912711193238,0.049868694545148175,0.05611706461715997,0.24884748776457444,0.0772631201458474,0.060471140376253604,623.5533333333333,0.15680342798313113,0.194560621497126,0.08561908182839548,0.045699734123216276,0.03610761307409087,0.035449027610316014,0.031495370020906674,0.5328786475021866,0.5209818769200941,0.08561908182839548,0.18521601049739164,0.1415482191426626,149.99960659532601,1.097147822819718,29.114830182416117,0.8266666666666667,0.07333333333333333,0.8266666666666667,nominal,C:\Users\rabiei\My Research\reduced_order_lunar_lander_runs\lambda_sweep_deployment_fixed_seeds_333.npy,-1,1.0,0.3,20.0,0.08666666666666667,1.5,100.0,15.0
C:\Users\rabiei\My Research\reduced_order_lunar_lander_runs\reduced_order_lander_lam100_from_base_12upd_lam100_20260529_180830\final_model.pt,pd,0.03333333333333333,False,150,0.9733333333333334,0.8866666666666667,0.99,-10.0,100,100.0,0.88,C:\Users\rabiei\My Research\reduced_order_lunar_lander_runs\official_reset_deployment_eval\full_150eps_all_lambda_all_gains\lambda_100\full_eval\logs\100_zeta0p3_wn2.log,0.08457586379399652,161.63737013078722,39.565096280575034,0.20364908621130756,17.209273736933092,0.058373084339582416,0.06287195930641815,0.21615023735926694,0.062205081386491654,0.036970217845753904,621.6333333333333,0.16466920232921603,0.1866000582411946,0.3972986818382833,0.04156336130815639,0.03302779314211844,0.03570292080881021,0.023115566020848414,0.5162060310301118,0.5238407077704081,0.3972986818382833,0.1733690259271632,0.12643331225793852,154.58592424028942,1.2867175691652923,20.532946547591298,0.86,0.03333333333333333,0.86,nominal,C:\Users\rabiei\My Research\reduced_order_lunar_lander_runs\lambda_sweep_deployment_fixed_seeds_333.npy,-1,2.0,0.3,20.0,0.07333333333333333,1.5,100.0,15.0
C:\Users\rabiei\My Research\reduced_order_lunar_lander_runs\reduced_order_lander_lam100_from_base_12upd_lam100_20260529_180830\final_model.pt,pd,0.013333333333333334,False,150,1.0,0.9133333333333333,0.99,-10.0,100,100.0,0.9066666666666666,C:\Users\rabiei\My Research\reduced_order_lunar_lander_runs\official_reset_deployment_eval\full_150eps_all_lambda_all_gains\lambda_100\full_eval\logs\100_zeta0p3_wn4.log,0.08427344028391694,173.17513659206327,40.17450990040937,0.21928323773811467,16.254928859524988,0.03416863942885053,0.03721362199468604,0.19037581262248396,0.05153731176319221,0.01567706961146263,625.8,0.17329381348224668,0.15889702720133353,0.5439626363577413,0.03949403541411505,0.0314926850435265,0.03590437380056354,0.019288809269978828,0.5046567375134408,0.5242854377943456,0.5439626363577413,0.16637553625144003,0.11759331299218874,163.37350366152157,1.4033695571346667,20.322180878596566,0.8733333333333333,0.02,0.8733333333333333,nominal,C:\Users\rabiei\My Research\reduced_order_lunar_lander_runs\lambda_sweep_deployment_fixed_seeds_333.npy,-1,4.0,0.3,20.0,0.09333333333333334,1.5,100.0,15.0
C:\Users\rabiei\My Research\reduced_order_lunar_lander_runs\reduced_order_lander_lam100_from_base_12upd_lam100_20260529_180830\final_model.pt,pd,0.02666666666666667,False,150,1.0,0.9133333333333333,0.99,-10.0,100,100.0,0.8933333333333333,C:\Users\rabiei\My Research\reduced_order_lunar_lander_runs\official_reset_deployment_eval\full_150eps_all_lambda_all_gains\lambda_100\full_eval\logs\100_zeta0p3_wn6.log,0.08694483390178336,173.67663187666287,40.315102680173595,0.23535220066562756,14.78888742462694,0.030292265623220373,0.03371170175039748,0.1906847038772922,0.04464953211446603,0.01370890171970898,623.02,0.17328842094907296,0.1590542108129799,0.6545571131167258,0.03960467230620342,0.03138023600610773,0.03686028514912639,0.01998207479134318,0.5033321749309827,0.5233893761037652,0.6545571131167258,0.16597890167722384,0.11709450760213543,161.8906072497884,1.5077839573816565,10.437836138497218,0.8733333333333333,0.013333333333333334,0.8733333333333333,nominal,C:\Users\rabiei\My Research\reduced_order_lunar_lander_runs\lambda_sweep_deployment_fixed_seeds_333.npy,-1,6.0,0.3,20.0,0.08666666666666667,1.5,100.0,15.0
C:\Users\rabiei\My Research\reduced_order_lunar_lander_runs\reduced_order_lander_lam100_from_base_12upd_lam100_20260529_180830\final_model.pt,pd,0.04666666666666667,False,150,1.0,0.9133333333333333,0.99,-10.0,100,100.0,0.8866666666666667,C:\Users\rabiei\My Research\reduced_order_lunar_lander_runs\official_reset_deployment_eval\full_150eps_all_lambda_all_gains\lambda_100\full_eval\logs\100_zeta0p3_wn8.log,0.08719880753537436,170.6467961205305,40.454027729305196,0.2517167363826932,13.291181243619814,0.04235807945050207,0.04819502909484344,0.18038156167464564,0.055060029787321885,0.017753860309555426,626.26,0.17227816094565254,0.16730836819602624,0.7525614497137877,0.03964271237894904,0.031060798887380822,0.03860974974289871,0.021054319329995574,0.5008296184303354,0.522706171145223,0.7525614497137877,0.16435261566899959,0.11509853322150974,156.9770749358371,1.6441942356288894,-6.297827442358507,0.8666666666666667,0.006666666666666667,0.8666666666666667,nominal,C:\Users\rabiei\My Research\reduced_order_lunar_lander_runs\lambda_sweep_deployment_fixed_seeds_333.npy,-1,8.0,0.3,20.0,0.08,1.5,100.0,15.0
C:\Users\rabiei\My Research\reduced_order_lunar_lander_runs\reduced_order_lander_lam100_from_base_12upd_lam100_20260529_180830\final_model.pt,pd,0.02666666666666667,False,150,1.0,0.9266666666666666,0.99,-10.0,100,100.0,0.9066666666666666,C:\Users\rabiei\My Research\reduced_order_lunar_lander_runs\official_reset_deployment_eval\full_150eps_all_lambda_all_gains\lambda_100\full_eval\logs\100_zeta0p3_wn10.log,0.0869823557031228,176.9501075816968,40.5873671129782,0.2620605549955514,12.390157026099235,0.030923844263828264,0.03259384087833657,0.1729396298399829,0.044045833336810274,0.011526427390564123,625.46,0.17424091502198352,0.15668540183045981,0.8003805649273353,0.03944224302639219,0.030735912816860125,0.039559961217458334,0.021504064578450742,0.4994235261447585,0.522335369272233,0.8003805649273353,0.16354423003216614,0.113349768643717,162.41645107100658,1.70596959163057,-6.156051581360222,0.88,0.006666666666666667,0.88,nominal,C:\Users\rabiei\My Research\reduced_order_lunar_lander_runs\lambda_sweep_deployment_fixed_seeds_333.npy,-1,10.0,0.3,20.0,0.08666666666666667,1.5,100.0,15.0
C:\Users\rabiei\My Research\reduced_order_lunar_lander_runs\reduced_order_lander_lam100_from_base_12upd_lam100_20260529_180830\final_model.pt,pd,0.02,False,150,1.0,0.94,0.99,-10.0,100,100.0,0.92,C:\Users\rabiei\My Research\reduced_order_lunar_lander_runs\official_reset_deployment_eval\full_150eps_all_lambda_all_gains\lambda_100\full_eval\logs\100_zeta0p3_wn12.log,0.085518900152571,181.01145911585363,40.69538385247323,0.2674724218999547,11.957279217956131,0.025573384378052046,0.03091992221712964,0.16353271036700764,0.04342963447173436,0.010972407916778488,627.7866666666666,0.17699810379198647,0.15240815368821606,0.8286252664570931,0.03847939833905024,0.030477268381229786,0.04044536755483049,0.02129445728054673,0.49661645617862593,0.5234252914954802,0.8286252664570931,0.16215288546427076,0.11192086303465142,165.91851283001083,1.731300687893185,-4.6743430067982334,0.9,0.006666666666666667,0.9,nominal,C:\Users\rabiei\My Research\reduced_order_lunar_lander_runs\lambda_sweep_deployment_fixed_seeds_333.npy,-1,12.0,0.3,20.0,0.07333333333333333,1.5,100.0,15.0
C:\Users\rabiei\My Research\reduced_order_lunar_lander_runs\reduced_order_lander_lam100_from_base_12upd_lam100_20260529_180830\final_model.pt,pd,0.07333333333333333,False,150,0.84,0.68,0.99,-10.0,100,100.0,0.6733333333333333,C:\Users\rabiei\My Research\reduced_order_lunar_lander_runs\official_reset_deployment_eval\full_150eps_all_lambda_all_gains\lambda_100\full_eval\logs\100_zeta0p7_wn0p5.log,0.08011571684185595,82.92843735445909,30.79402021253633,0.1659759245148662,12.243885985803512,0.10128516256941718,0.11443008598768176,0.4773897309290461,0.17908179417815215,0.15175368948564516,548.8,0.12257532908792224,0.23589352365814997,0.08588764187964126,0.05160738018580936,0.05533619185324696,0.034126051387431154,0.05481450651255443,0.6734589175593152,0.5252104773726736,0.08588764187964126,0.24915358951833524,0.3546361898901471,81.79071258885001,0.9405889879110231,-22.106461436643215,0.6533333333333333,0.23333333333333334,0.6533333333333333,nominal,C:\Users\rabiei\My Research\reduced_order_lunar_lander_runs\lambda_sweep_deployment_fixed_seeds_333.npy,-1,0.5,0.7,20.0,0.04,1.5,100.0,15.0
C:\Users\rabiei\My Research\reduced_order_lunar_lander_runs\reduced_order_lander_lam100_from_base_12upd_lam100_20260529_180830\final_model.pt,pd,0.07333333333333333,False,150,0.9266666666666666,0.7733333333333333,0.99,-10.0,100,100.0,0.74,C:\Users\rabiei\My Research\reduced_order_lunar_lander_runs\official_reset_deployment_eval\full_150eps_all_lambda_all_gains\lambda_100\full_eval\logs\100_zeta0p7_wn1.log,0.0944760958175101,104.12533613119953,35.03562664615982,0.19418845316629066,13.635732498376791,0.10720790566975666,0.12250815737018311,0.3616292801135506,0.12093628512695431,0.11664785687924217,618.66,0.14029825339724775,0.25289781828050045,0.3961919718071364,0.05371491397844968,0.04355241366074019,0.037085028136195214,0.045515873019415135,0.5836299660037766,0.5172184406507029,0.3961919718071364,0.21005265905387613,0.21546506036574717,97.1577644248649,1.2796278229093727,-36.210646159737756,0.7133333333333334,0.14,0.7133333333333334,nominal,C:\Users\rabiei\My Research\reduced_order_lunar_lander_runs\lambda_sweep_deployment_fixed_seeds_333.npy,-1,1.0,0.7,20.0,0.07333333333333333,1.5,100.0,15.0
C:\Users\rabiei\My Research\reduced_order_lunar_lander_runs\reduced_order_lander_lam100_from_base_12upd_lam100_20260529_180830\final_model.pt,pd,0.013333333333333334,False,150,0.9666666666666667,0.8466666666666667,0.99,-10.0,100,100.0,0.8466666666666667,C:\Users\rabiei\My Research\reduced_order_lunar_lander_runs\official_reset_deployment_eval\full_150eps_all_lambda_all_gains\lambda_100\full_eval\logs\100_zeta0p7_wn2.log,0.0828666155960196,148.91587869071296,38.010357455179,0.21114862672849555,14.907454899198425,0.05059928273451988,0.05479594648086777,0.26664174856188333,0.0818952361556391,0.0580563891164793,611.1533333333333,0.15291293432904582,0.18703601279845578,0.5275668795859857,0.04514651225029111,0.036942904326584945,0.03644565576917091,0.029499223306321484,0.5380379857817452,0.5234680489602863,0.5275668795859857,0.18751820107927078,0.1514407313191912,139.62915725249735,1.3228426951316627,4.408542510879995,0.8333333333333334,0.1,0.8333333333333334,nominal,C:\Users\rabiei\My Research\reduced_order_lunar_lander_runs\lambda_sweep_deployment_fixed_seeds_333.npy,-1,2.0,0.7,20.0,0.05333333333333334,1.5,100.0,15.0
C:\Users\rabiei\My Research\reduced_order_lunar_lander_runs\reduced_order_lander_lam100_from_base_12upd_lam100_20260529_180830\final_model.pt,pd,0.02666666666666667,False,150,0.9866666666666667,0.8933333333333333,0.99,-10.0,100,100.0,0.8866666666666667,C:\Users\rabiei\My Research\reduced_order_lunar_lander_runs\official_reset_deployment_eval\full_150eps_all_lambda_all_gains\lambda_100\full_eval\logs\100_zeta0p7_wn4.log,0.08804153156449798,167.00390364404754,39.49317425957786,0.23381655130104662,14.121046815030768,0.0455581455584858,0.05004441815037793,0.2061168107861631,0.059102176111191514,0.029688605629490366,619.3133333333334,0.1675428812337561,0.17527983532125,0.683390719746659,0.040952690079912216,0.03301318636267273,0.03674074754253257,0.022983328942229056,0.5132110850038102,0.522006345618189,0.683390719746659,0.17340417216386522,0.12476193391101928,154.75186223554664,1.4904922342002163,5.568413557359228,0.8733333333333333,0.04666666666666667,0.8733333333333333,nominal,C:\Users\rabiei\My Research\reduced_order_lunar_lander_runs\lambda_sweep_deployment_fixed_seeds_333.npy,-1,4.0,0.7,20.0,0.06,1.5,100.0,15.0
C:\Users\rabiei\My Research\reduced_order_lunar_lander_runs\reduced_order_lander_lam100_from_base_12upd_lam100_20260529_180830\final_model.pt,pd,0.013333333333333334,False,150,1.0,0.9266666666666666,0.99,-10.0,100,100.0,0.92,C:\Users\rabiei\My Research\reduced_order_lunar_lander_runs\official_reset_deployment_eval\full_150eps_all_lambda_all_gains\lambda_100\full_eval\logs\100_zeta0p7_wn6.log,0.08922554194835755,177.77289403537495,39.966913469091075,0.24940148433478176,13.035760379824486,0.03260363315420136,0.03455381638580929,0.18845973984406644,0.04077239666056509,0.013290798832901669,622.64,0.16943108137473215,0.15885110553713294,0.7714085776447211,0.03957988099025377,0.032064574415701194,0.037406191887167185,0.020716649914577338,0.5075025234734707,0.5209925719076833,0.7714085776447211,0.1692015566302891,0.12007125338453266,163.81893994260616,1.603971717782404,4.922922257134517,0.9,0.02,0.9,nominal,C:\Users\rabiei\My Research\reduced_order_lunar_lander_runs\lambda_sweep_deployment_fixed_seeds_333.npy,-1,6.0,0.7,20.0,0.06666666666666667,1.5,100.0,15.0
C:\Users\rabiei\My Research\reduced_order_lunar_lander_runs\reduced_order_lander_lam100_from_base_12upd_lam100_20260529_180830\final_model.pt,pd,0.02666666666666667,False,150,1.0,0.9266666666666666,0.99,-10.0,100,100.0,0.9133333333333333,C:\Users\rabiei\My Research\reduced_order_lunar_lander_runs\official_reset_deployment_eval\full_150eps_all_lambda_all_gains\lambda_100\full_eval\logs\100_zeta0p7_wn8.log,0.09129049271131746,173.06178027826786,40.12683049552299,0.25568388771328204,12.567526706552142,0.04053113095409572,0.04532292423173372,0.18876910334132949,0.044007691571799415,0.016644328617484057,626.8933333333333,0.1751460620110106,0.16528903052116714,0.8060552742865997,0.04070785902884455,0.03177819314048817,0.037600893547931245,0.021658823397075658,0.5072903684560335,0.5196772987412819,0.8060552742865997,0.1672871344986579,0.1228142186113602,158.41629622419893,1.6416532853509143,-3.641414923490271,0.8733333333333333,0.013333333333333334,0.8733333333333333,nominal,C:\Users\rabiei\My Research\reduced_order_lunar_lander_runs\lambda_sweep_deployment_fixed_seeds_333.npy,-1,8.0,0.7,20.0,0.08666666666666667,1.5,100.0,15.0
C:\Users\rabiei\My Research\reduced_order_lunar_lander_runs\reduced_order_lander_lam100_from_base_12upd_lam100_20260529_180830\final_model.pt,pd,0.013333333333333334,False,150,1.0,0.9333333333333333,0.99,-10.0,100,100.0,0.9133333333333333,C:\Users\rabiei\My Research\reduced_order_lunar_lander_runs\official_reset_deployment_eval\full_150eps_all_lambda_all_gains\lambda_100\full_eval\logs\100_zeta0p7_wn10.log,0.0886063732582352,177.37964072811295,40.18625973748457,0.25997747878096666,12.197169996955875,0.036978548802623364,0.04001366727955652,0.19299413051187417,0.04049166883031527,0.010329117620951825,622.8266666666667,0.17207995723675346,0.1570360652953856,0.8279886141436487,0.039662618198655464,0.03168716671142493,0.038063121690552607,0.020432460003973515,0.5052862772463644,0.5211891019998338,0.8279886141436487,0.16675386211816204,0.11818836547794646,162.37779071845844,1.6666084243799828,-1.7377350432186782,0.8933333333333333,0.013333333333333334,0.8933333333333333,nominal,C:\Users\rabiei\My Research\reduced_order_lunar_lander_runs\lambda_sweep_deployment_fixed_seeds_333.npy,-1,10.0,0.7,20.0,0.08,1.5,100.0,15.0
C:\Users\rabiei\My Research\reduced_order_lunar_lander_runs\reduced_order_lander_lam100_from_base_12upd_lam100_20260529_180830\final_model.pt,pd,0.03333333333333333,False,150,1.0,0.9066666666666666,0.99,-10.0,100,100.0,0.88,C:\Users\rabiei\My Research\reduced_order_lunar_lander_runs\official_reset_deployment_eval\full_150eps_all_lambda_all_gains\lambda_100\full_eval\logs\100_zeta0p7_wn12.log,0.08380779753345342,172.11254480297873,40.28916331145057,0.26194745621254983,12.103253048566295,0.03482914313460924,0.035767119495359115,0.18630583223892871,0.050976925897412005,0.012663728871374997,627.68,0.17028186183942973,0.15914935342523837,0.8433605366317227,0.039952676146324986,0.03155308315718387,0.03895740049489725,0.02095496212137115,0.5035480022276378,0.5243493662244206,0.8433605366317227,0.16632827904999672,0.11680633052260248,156.73301471948602,1.7304368633627527,-13.484741533296523,0.8666666666666667,0.006666666666666667,0.8666666666666667,nominal,C:\Users\rabiei\My Research\reduced_order_lunar_lander_runs\lambda_sweep_deployment_fixed_seeds_333.npy,-1,12.0,0.7,20.0,0.09333333333333334,1.5,100.0,15.0
C:\Users\rabiei\My Research\reduced_order_lunar_lander_runs\reduced_order_lander_lam100_from_base_12upd_lam100_20260529_180830\final_model.pt,pd,0.07333333333333333,False,150,0.7466666666666667,0.6266666666666667,0.99,-10.0,100,100.0,0.6133333333333333,C:\Users\rabiei\My Research\reduced_order_lunar_lander_runs\official_reset_deployment_eval\full_150eps_all_lambda_all_gains\lambda_100\full_eval\logs\100_zeta1_wn0p5.log,0.07234348755715696,75.82418582694082,28.60300348270423,0.1727316396880361,9.398984507917296,0.09841031029325677,0.10945975752313726,0.5155949080368428,0.20631833656380574,0.1617007660258904,508.9866666666667,0.09896677505549477,0.2218539533405385,0.238786659535828,0.047082150551198555,0.061392110243463034,0.03300926351427731,0.05819456177803094,0.7153747730341337,0.5256596506522844,0.238786659535828,0.2731847832973652,0.4131995347543907,72.52924584880465,0.9242984388483004,-26.785391391222554,0.6133333333333333,0.2733333333333333,0.6133333333333333,nominal,C:\Users\rabiei\My Research\reduced_order_lunar_lander_runs\lambda_sweep_deployment_fixed_seeds_333.npy,-1,0.5,1.0,20.0,0.04,1.5,100.0,15.0
C:\Users\rabiei\My Research\reduced_order_lunar_lander_runs\reduced_order_lander_lam100_from_base_12upd_lam100_20260529_180830\final_model.pt,pd,0.06,False,150,0.9266666666666666,0.7266666666666667,0.99,-10.0,100,100.0,0.7066666666666667,C:\Users\rabiei\My Research\reduced_order_lunar_lander_runs\official_reset_deployment_eval\full_150eps_all_lambda_all_gains\lambda_100\full_eval\logs\100_zeta1_wn1.log,0.09081441240781635,100.76404632658333,33.97189356456245,0.19712815987745266,12.284350436746417,0.09832733361034722,0.11238496277763597,0.4024215950898226,0.14487192312643551,0.11930499811641304,613.3933333333333,0.13289793812260126,0.24673330751335612,0.46179494976703095,0.0544299850900093,0.04705541068738764,0.037181923654220586,0.04950720428121153,0.6130478856347265,0.516619142548469,0.46179494976703095,0.21952521607440714,0.2648758634052058,92.71528684452124,1.2904989211573865,-40.55371245582205,0.7,0.14666666666666667,0.7,nominal,C:\Users\rabiei\My Research\reduced_order_lunar_lander_runs\lambda_sweep_deployment_fixed_seeds_333.npy,-1,1.0,1.0,20.0,0.09333333333333334,1.5,100.0,15.0
C:\Users\rabiei\My Research\reduced_order_lunar_lander_runs\reduced_order_lander_lam100_from_base_12upd_lam100_20260529_180830\final_model.pt,pd,0.03333333333333333,False,150,0.9733333333333334,0.8266666666666667,0.99,-10.0,100,100.0,0.8266666666666667,C:\Users\rabiei\My Research\reduced_order_lunar_lander_runs\official_reset_deployment_eval\full_150eps_all_lambda_all_gains\lambda_100\full_eval\logs\100_zeta1_wn2.log,0.0846447078829819,138.639618795676,37.323454404939184,0.21650374384825524,13.687069639567005,0.08418814376282778,0.09368650267267081,0.283598387891017,0.09196683471401533,0.07343808968802579,614.7866666666666,0.14949895875162486,0.21744488297902664,0.5891093810055736,0.04794069821544648,0.03888657198835473,0.03740968996266218,0.03457308947560132,0.5526471526684005,0.5231462901359198,0.5891093810055736,0.1952093314131552,0.16489650484303534,128.18062191496273,1.3821349745371825,-11.86961199137557,0.8133333333333334,0.08666666666666667,0.8133333333333334,nominal,C:\Users\rabiei\My Research\reduced_order_lunar_lander_runs\lambda_sweep_deployment_fixed_seeds_333.npy,-1,2.0,1.0,20.0,0.06666666666666667,1.5,100.0,15.0
C:\Users\rabiei\My Research\reduced_order_lunar_lander_runs\reduced_order_lander_lam100_from_base_12upd_lam100_20260529_180830\final_model.pt,pd,0.04,False,150,0.98,0.88,0.99,-10.0,100,100.0,0.8733333333333333,C:\Users\rabiei\My Research\reduced_order_lunar_lander_runs\official_reset_deployment_eval\full_150eps_all_lambda_all_gains\lambda_100\full_eval\logs\100_zeta1_wn4.log,0.09079806126353565,161.09151704870175,38.942648375049494,0.24259578013395428,12.693311680445829,0.0464135702447201,0.050978485494431895,0.22062612108365343,0.062428028426753976,0.03422431213449313,622.76,0.16392788095914215,0.1780193060694864,0.748462192751261,0.04316324647660077,0.03434991667017,0.03781939292969086,0.02638041154281974,0.5207313259176595,0.5200556039328614,0.748462192751261,0.17754035833270337,0.135873662388545,147.61510921926407,1.5618632028250004,-7.550003233798285,0.8466666666666667,0.04,0.8466666666666667,nominal,C:\Users\rabiei\My Research\reduced_order_lunar_lander_runs\lambda_sweep_deployment_fixed_seeds_333.npy,-1,4.0,1.0,20.0,0.07333333333333333,1.5,100.0,15.0
C:\Users\rabiei\My Research\reduced_order_lunar_lander_runs\reduced_order_lander_lam100_from_base_12upd_lam100_20260529_180830\final_model.pt,pd,0.013333333333333334,False,150,0.98,0.8933333333333333,0.99,-10.0,100,100.0,0.88,C:\Users\rabiei\My Research\reduced_order_lunar_lander_runs\official_reset_deployment_eval\full_150eps_all_lambda_all_gains\lambda_100\full_eval\logs\100_zeta1_wn6.log,0.08788601091850361,167.86631958352098,39.60057081697863,0.252313502378106,12.378277753381978,0.044194064040978746,0.05021266071557529,0.20998536748884547,0.05581624009956916,0.03403769030338361,622.3266666666667,0.1649485822976884,0.1755097989685396,0.8038082313229773,0.041314260023726526,0.032877980346551976,0.03790646001441158,0.02363714024361914,0.5146915497596904,0.5220657644002366,0.8038082313229773,0.17250148913263044,0.12613673988471466,153.33425380692486,1.625384238388157,-7.118637588628047,0.8733333333333333,0.03333333333333333,0.8733333333333333,nominal,C:\Users\rabiei\My Research\reduced_order_lunar_lander_runs\lambda_sweep_deployment_fixed_seeds_333.npy,-1,6.0,1.0,20.0,0.08,1.5,100.0,15.0
C:\Users\rabiei\My Research\reduced_order_lunar_lander_runs\reduced_order_lander_lam100_from_base_12upd_lam100_20260529_180830\final_model.pt,pd,0.013333333333333334,False,150,1.0,0.9066666666666666,0.99,-10.0,100,100.0,0.9,C:\Users\rabiei\My Research\reduced_order_lunar_lander_runs\official_reset_deployment_eval\full_150eps_all_lambda_all_gains\lambda_100\full_eval\logs\100_zeta1_wn8.log,0.08916172597373537,170.82539754108996,39.92375762834763,0.25684018800337277,12.248891608423053,0.0409149045930341,0.043362632065974155,0.19739798877588707,0.05451209403108805,0.022928772413208176,620.7,0.17127566860961826,0.16697009590514442,0.8271754967746933,0.039835507254693085,0.032274880818648245,0.03779233763966821,0.021473998325437584,0.5116256255767617,0.5215639682096657,0.8271754967746933,0.17010487293947543,0.12487946748116542,155.88416330620322,1.6401136221856867,-5.599964677478697,0.8733333333333333,0.03333333333333333,0.8733333333333333,nominal,C:\Users\rabiei\My Research\reduced_order_lunar_lander_runs\lambda_sweep_deployment_fixed_seeds_333.npy,-1,8.0,1.0,20.0,0.08,1.5,100.0,15.0
C:\Users\rabiei\My Research\reduced_order_lunar_lander_runs\reduced_order_lander_lam100_from_base_12upd_lam100_20260529_180830\final_model.pt,pd,0.013333333333333334,False,150,0.9933333333333333,0.9133333333333333,0.99,-10.0,100,100.0,0.9066666666666666,C:\Users\rabiei\My Research\reduced_order_lunar_lander_runs\official_reset_deployment_eval\full_150eps_all_lambda_all_gains\lambda_100\full_eval\logs\100_zeta1_wn10.log,0.09380003162544578,172.2713726369915,40.08368804453759,0.2600373956751724,12.088876143167766,0.04750781164097134,0.05330884000596452,0.19430421367103662,0.05172539011575281,0.02001883136762748,628.4,0.1742567282241646,0.1685465152478974,0.835494357532199,0.04073307442211792,0.03187448216893731,0.0383618691274096,0.02242758273331861,0.5064452585185093,0.5193825039670937,0.835494357532199,0.16775688820521006,0.11971163799629375,157.02373200419817,1.6836158815647522,-8.658215519483722,0.88,0.02,0.88,nominal,C:\Users\rabiei\My Research\reduced_order_lunar_lander_runs\lambda_sweep_deployment_fixed_seeds_333.npy,-1,10.0,1.0,20.0,0.08666666666666667,1.5,100.0,15.0
C:\Users\rabiei\My Research\reduced_order_lunar_lander_runs\reduced_order_lander_lam100_from_base_12upd_lam100_20260529_180830\final_model.pt,pd,0.02666666666666667,False,150,1.0,0.9133333333333333,0.99,-10.0,100,100.0,0.9,C:\Users\rabiei\My Research\reduced_order_lunar_lander_runs\official_reset_deployment_eval\full_150eps_all_lambda_all_gains\lambda_100\full_eval\logs\100_zeta1_wn12.log,0.08972974951904786,169.99841590509365,40.142237964401986,0.261038970333782,12.047557747704532,0.051807150602835465,0.05538839984445147,0.19963092027171384,0.05203465373100092,0.019130335651935303,624.5333333333333,0.16845638380810551,0.17006910178405657,0.8476910013369378,0.040799615785616423,0.03192302886572576,0.03855598825815246,0.022004243275313373,0.5086912403109601,0.5219160184188604,0.8476910013369378,0.16836374899699214,0.12108337021329613,154.61668223394906,1.7019040102420495,-12.682651785778011,0.88,0.02,0.88,nominal,C:\Users\rabiei\My Research\reduced_order_lunar_lander_runs\lambda_sweep_deployment_fixed_seeds_333.npy,-1,12.0,1.0,20.0,0.07333333333333333,1.5,100.0,15.0
C:\Users\rabiei\My Research\reduced_order_lunar_lander_runs\reduced_order_lander_lam200_from_base_12upd_lam200_20260529_182950\final_model.pt,pd,0.04,False,150,0.8466666666666667,0.74,0.99,-10.0,200,200.0,0.7266666666666667,C:\Users\rabiei\My Research\reduced_order_lunar_lander_runs\official_reset_deployment_eval\full_150eps_all_lambda_all_gains\lambda_200\full_eval\logs\200_zeta0p3_wn0p5.log,0.06577391983825048,105.90359684357122,34.384890531966086,0.1683018436453829,-1.264552896543456,0.0701478520197755,0.08475364618849304,0.2786373993026779,0.14145676992212733,0.08491202370350297,704.5133333333333,0.15399756189221095,0.20069928978778692,0.03511432119486681,0.05403261451473443,0.042734758389576216,0.038520254198435876,0.05389847028534361,0.5211937732413472,0.533664141626795,0.03511432119486681,0.19166114605353235,0.15431506709216228,105.52693620035558,1.0906524357246978,-126.31715696803498,0.7066666666666667,0.12,0.7066666666666667,nominal,C:\Users\rabiei\My Research\reduced_order_lunar_lander_runs\lambda_sweep_deployment_fixed_seeds_333.npy,-1,0.5,0.3,20.0,0.13333333333333333,1.5,200.0,15.0
C:\Users\rabiei\My Research\reduced_order_lunar_lander_runs\reduced_order_lander_lam200_from_base_12upd_lam200_20260529_182950\final_model.pt,pd,0.013333333333333334,False,150,0.86,0.7533333333333333,0.99,-10.0,200,200.0,0.7466666666666667,C:\Users\rabiei\My Research\reduced_order_lunar_lander_runs\official_reset_deployment_eval\full_150eps_all_lambda_all_gains\lambda_200\full_eval\logs\200_zeta0p3_wn1.log,0.061102818789084405,128.32648811059863,36.92046304574079,0.16820442134671817,1.287093561632145,0.03478167837805813,0.04207959810361204,0.21042672197335274,0.12908971698954702,0.04910865630224998,725.9066666666666,0.20739869204897063,0.159516837348139,0.07846097486357738,0.0383364211520068,0.03341542996459273,0.03296543011864821,0.023081718452729383,0.4910279265885063,0.5355920834873481,0.07846097486357738,0.16603801546495603,0.128440250449269,126.96217172766124,1.1174461025609552,-109.68086573492583,0.7466666666666667,0.06666666666666667,0.7466666666666667,nominal,C:\Users\rabiei\My Research\reduced_order_lunar_lander_runs\lambda_sweep_deployment_fixed_seeds_333.npy,-1,1.0,0.3,20.0,0.17333333333333334,1.5,200.0,15.0
C:\Users\rabiei\My Research\reduced_order_lunar_lander_runs\reduced_order_lander_lam200_from_base_12upd_lam200_20260529_182950\final_model.pt,pd,0.013333333333333334,False,150,0.8866666666666667,0.82,0.99,-10.0,200,200.0,0.8066666666666666,C:\Users\rabiei\My Research\reduced_order_lunar_lander_runs\official_reset_deployment_eval\full_150eps_all_lambda_all_gains\lambda_200\full_eval\logs\200_zeta0p3_wn2.log,0.0727610591453967,142.4698870783077,38.47396495522717,0.1935740301781932,-2.2364263998357137,0.03313549881397194,0.03987651390001306,0.17516189614513397,0.10161127481609583,0.020902434274552892,742.4533333333334,0.22620443977173418,0.1497759448610756,0.4041032201952601,0.03677245411076492,0.030611101124949917,0.03387032727346127,0.01874922088287738,0.4686052818586017,0.5313971987706541,0.4041032201952601,0.15176603818805612,0.10937496480925456,133.8086937915524,1.3913513411325475,-150.64944781486844,0.78,0.02,0.78,nominal,C:\Users\rabiei\My Research\reduced_order_lunar_lander_runs\lambda_sweep_deployment_fixed_seeds_333.npy,-1,2.0,0.3,20.0,0.18666666666666668,1.5,200.0,15.0
C:\Users\rabiei\My Research\reduced_order_lunar_lander_runs\reduced_order_lander_lam200_from_base_12upd_lam200_20260529_182950\final_model.pt,pd,0.02,False,150,0.9066666666666666,0.8333333333333334,0.99,-10.0,200,200.0,0.82,C:\Users\rabiei\My Research\reduced_order_lunar_lander_runs\official_reset_deployment_eval\full_150eps_all_lambda_all_gains\lambda_200\full_eval\logs\200_zeta0p3_wn4.log,0.07147188014243833,146.98863143937567,39.16726609975275,0.20811682524327202,-4.4514621334139015,0.03652174192706298,0.043953848817930956,0.163641317872871,0.0913163768251737,0.015927627232268995,738.1666666666666,0.22892783836241784,0.15402512378382308,0.5532256650777035,0.03531231882269464,0.029786119624970114,0.03422895217224874,0.015759850865136097,0.46258287471496845,0.5321877900500208,0.5532256650777035,0.14974551691860716,0.10470874052783162,135.04084652273164,1.518746698298951,-171.52404155374796,0.8,0.006666666666666667,0.8,nominal,C:\Users\rabiei\My Research\reduced_order_lunar_lander_runs\lambda_sweep_deployment_fixed_seeds_333.npy,-1,4.0,0.3,20.0,0.17333333333333334,1.5,200.0,15.0
C:\Users\rabiei\My Research\reduced_order_lunar_lander_runs\reduced_order_lander_lam200_from_base_12upd_lam200_20260529_182950\final_model.pt,pd,0.013333333333333334,False,150,0.8933333333333333,0.82,0.99,-10.0,200,200.0,0.8066666666666666,C:\Users\rabiei\My Research\reduced_order_lunar_lander_runs\official_reset_deployment_eval\full_150eps_all_lambda_all_gains\lambda_200\full_eval\logs\200_zeta0p3_wn6.log,0.07084812493254072,145.36689349300917,39.33579421679071,0.2230536313502302,-7.270315820876682,0.04092507881037212,0.04723729831754488,0.15487868240334393,0.10603574420635899,0.016382375740088405,742.4133333333333,0.22967142275961958,0.15257254473557852,0.6691940133018506,0.0357621664904419,0.02959574446986906,0.03591279663716788,0.01687866357224451,0.46101601140342024,0.5310339476155861,0.6691940133018506,0.14837581487682017,0.10220399879365812,130.77802489745366,1.6865879506461354,-206.7989633028846,0.7733333333333333,0.0,0.7733333333333333,nominal,C:\Users\rabiei\My Research\reduced_order_lunar_lander_runs\lambda_sweep_deployment_fixed_seeds_333.npy,-1,6.0,0.3,20.0,0.21333333333333335,1.5,200.0,15.0
C:\Users\rabiei\My Research\reduced_order_lunar_lander_runs\reduced_order_lander_lam200_from_base_12upd_lam200_20260529_182950\final_model.pt,pd,0.02,False,150,0.8933333333333333,0.8133333333333334,0.99,-10.0,200,200.0,0.7933333333333333,C:\Users\rabiei\My Research\reduced_order_lunar_lander_runs\official_reset_deployment_eval\full_150eps_all_lambda_all_gains\lambda_200\full_eval\logs\200_zeta0p3_wn8.log,0.06739843672171358,143.00308584086355,39.44908217597441,0.24088083365613555,-10.722370902119769,0.03377429104779367,0.0407817141036339,0.15075324893831352,0.10601490541671713,0.02253470871300568,741.5666666666667,0.2259370247658544,0.15394325328082809,0.7778778972470617,0.035480598131292604,0.02948986198336731,0.037487091939452086,0.017492641455523348,0.4579988748380502,0.5344490161175908,0.7778778972470617,0.14818816890918593,0.09778593067178039,125.9903357921193,1.8593209035576677,-243.69242820400328,0.7666666666666667,0.006666666666666667,0.7666666666666667,nominal,C:\Users\rabiei\My Research\reduced_order_lunar_lander_runs\lambda_sweep_deployment_fixed_seeds_333.npy,-1,8.0,0.3,20.0,0.20666666666666667,1.5,200.0,15.0
C:\Users\rabiei\My Research\reduced_order_lunar_lander_runs\reduced_order_lander_lam200_from_base_12upd_lam200_20260529_182950\final_model.pt,pd,0.006666666666666667,False,150,0.8933333333333333,0.82,0.99,-10.0,200,200.0,0.8133333333333334,C:\Users\rabiei\My Research\reduced_order_lunar_lander_runs\official_reset_deployment_eval\full_150eps_all_lambda_all_gains\lambda_200\full_eval\logs\200_zeta0p3_wn10.log,0.0698111053376483,147.3068132292912,39.562017306598634,0.25040657686630624,-12.514999095070364,0.023072460223902455,0.029261378745818075,0.14628982308476296,0.10290589081744353,0.01481897117008821,751.1333333333333,0.23180922880401175,0.14483905225114305,0.8245435742240241,0.034935357358698675,0.029113791884931673,0.03862247246649531,0.01814627545939738,0.4541423620020394,0.5318238320226727,0.8245435742240241,0.14609080085180967,0.0958324195996601,129.0661926668267,1.9481588965870773,-257.34763275479094,0.7733333333333333,0.0,0.7733333333333333,nominal,C:\Users\rabiei\My Research\reduced_order_lunar_lander_runs\lambda_sweep_deployment_fixed_seeds_333.npy,-1,10.0,0.3,20.0,0.22,1.5,200.0,15.0
C:\Users\rabiei\My Research\reduced_order_lunar_lander_runs\reduced_order_lander_lam200_from_base_12upd_lam200_20260529_182950\final_model.pt,pd,0.013333333333333334,False,150,0.9,0.82,0.99,-10.0,200,200.0,0.8133333333333334,C:\Users\rabiei\My Research\reduced_order_lunar_lander_runs\official_reset_deployment_eval\full_150eps_all_lambda_all_gains\lambda_200\full_eval\logs\200_zeta0p3_wn12.log,0.07012504501654229,148.1186959619591,39.66746288227993,0.2548238767321516,-13.292449764129682,0.02515656771773744,0.03176140883729513,0.14639217070124816,0.10251420693472028,0.015543462402953482,744.44,0.22787289892876705,0.14429611470888504,0.8498915360577498,0.03521652492263957,0.02929614902738952,0.03985244028342489,0.018976218248332084,0.45419246695913124,0.5321587987977415,0.8498915360577498,0.1471693143870374,0.09547550779508118,129.43970504453458,1.9851629528132844,-263.8026946006978,0.78,0.0,0.78,nominal,C:\Users\rabiei\My Research\reduced_order_lunar_lander_runs\lambda_sweep_deployment_fixed_seeds_333.npy,-1,12.0,0.3,20.0,0.20666666666666667,1.5,200.0,15.0
C:\Users\rabiei\My Research\reduced_order_lunar_lander_runs\reduced_order_lander_lam200_from_base_12upd_lam200_20260529_182950\final_model.pt,pd,0.06,False,150,0.74,0.6066666666666667,0.99,-10.0,200,200.0,0.5866666666666667,C:\Users\rabiei\My Research\reduced_order_lunar_lander_runs\official_reset_deployment_eval\full_150eps_all_lambda_all_gains\lambda_200\full_eval\logs\200_zeta0p7_wn0p5.log,0.05902039221224708,67.75115735546234,30.33549967721249,0.1587831223917952,-3.378294140749648,0.1023979467293005,0.11572427374008049,0.4135888974859454,0.21967219012614805,0.14486907369388505,640.6333333333333,0.14495659238529895,0.2202213907788293,0.08719145641762499,0.04747732773694213,0.050381204148065066,0.03320308740864936,0.04839989150038051,0.6254468725449578,0.5356065313871113,0.08719145641762499,0.2328749660279749,0.29528675008580885,66.41600247245272,1.0076420204610395,-146.5899134034122,0.5933333333333334,0.22,0.5933333333333334,nominal,C:\Users\rabiei\My Research\reduced_order_lunar_lander_runs\lambda_sweep_deployment_fixed_seeds_333.npy,-1,0.5,0.7,20.0,0.12666666666666668,1.5,200.0,15.0
C:\Users\rabiei\My Research\reduced_order_lunar_lander_runs\reduced_order_lander_lam200_from_base_12upd_lam200_20260529_182950\final_model.pt,pd,0.04,False,150,0.7933333333333333,0.7333333333333333,0.99,-10.0,200,200.0,0.7066666666666667,C:\Users\rabiei\My Research\reduced_order_lunar_lander_runs\official_reset_deployment_eval\full_150eps_all_lambda_all_gains\lambda_200\full_eval\logs\200_zeta0p7_wn1.log,0.06299639927296917,107.50524215820825,34.36412044922551,0.184943297370978,-4.6072263666552935,0.05361578976747599,0.059656469989734714,0.27196950851854546,0.15126652466909338,0.07373208303008345,709.2666666666667,0.183865450626454,0.18039575061351754,0.4129372634713725,0.04276300412866815,0.03977326657789584,0.03431677498612961,0.03173642998761225,0.5332671746566204,0.5350742995324186,0.4129372634713725,0.191165967703082,0.17206642086373494,99.04698393200442,1.3010420298260106,-166.88849714032713,0.6933333333333334,0.11333333333333333,0.6933333333333334,nominal,C:\Users\rabiei\My Research\reduced_order_lunar_lander_runs\lambda_sweep_deployment_fixed_seeds_333.npy,-1,1.0,0.7,20.0,0.15333333333333332,1.5,200.0,15.0
C:\Users\rabiei\My Research\reduced_order_lunar_lander_runs\reduced_order_lander_lam200_from_base_12upd_lam200_20260529_182950\final_model.pt,pd,0.03333333333333333,False,150,0.8666666666666667,0.7666666666666667,0.99,-10.0,200,200.0,0.7533333333333333,C:\Users\rabiei\My Research\reduced_order_lunar_lander_runs\official_reset_deployment_eval\full_150eps_all_lambda_all_gains\lambda_200\full_eval\logs\200_zeta0p7_wn2.log,0.06904456521685447,126.59249513198165,37.11152396871541,0.19946961658918846,-4.774617417945253,0.04496517672563641,0.0548520892921765,0.2134491684565656,0.12801966174816093,0.046395558723358876,730.4333333333333,0.2137080416454852,0.169681440287284,0.5375421136479264,0.039122318417510134,0.03381347691311219,0.034746437546706886,0.022834251677689283,0.4876201916385066,0.5314067263384165,0.5375421136479264,0.1652218337184018,0.12705361743828378,115.11967187484379,1.4475964945979631,-177.53547045427763,0.7466666666666667,0.06,0.7466666666666667,nominal,C:\Users\rabiei\My Research\reduced_order_lunar_lander_runs\lambda_sweep_deployment_fixed_seeds_333.npy,-1,2.0,0.7,20.0,0.16,1.5,200.0,15.0
C:\Users\rabiei\My Research\reduced_order_lunar_lander_runs\reduced_order_lander_lam200_from_base_12upd_lam200_20260529_182950\final_model.pt,pd,0.02666666666666667,False,150,0.8866666666666667,0.8133333333333334,0.99,-10.0,200,200.0,0.8,C:\Users\rabiei\My Research\reduced_order_lunar_lander_runs\official_reset_deployment_eval\full_150eps_all_lambda_all_gains\lambda_200\full_eval\logs\200_zeta0p7_wn4.log,0.07014561551161466,137.8134127527902,38.47600679877793,0.2211887332315778,-7.757165904990249,0.03041482072789222,0.03741243931471443,0.1844520747122138,0.1063285069540143,0.030416040036189217,737.8333333333334,0.2228119448946282,0.14773469005600365,0.6992680589193864,0.036403275659041834,0.03099319646164344,0.035529079811983506,0.01891103929571851,0.4692947667416365,0.5322782650462381,0.6992680589193864,0.15383177697507164,0.11041141276849871,122.63982481445518,1.662785216744716,-209.50029726281966,0.7666666666666667,0.02666666666666667,0.7666666666666667,nominal,C:\Users\rabiei\My Research\reduced_order_lunar_lander_runs\lambda_sweep_deployment_fixed_seeds_333.npy,-1,4.0,0.7,20.0,0.18,1.5,200.0,15.0
C:\Users\rabiei\My Research\reduced_order_lunar_lander_runs\reduced_order_lander_lam200_from_base_12upd_lam200_20260529_182950\final_model.pt,pd,0.013333333333333334,False,150,0.8933333333333333,0.8266666666666667,0.99,-10.0,200,200.0,0.7933333333333333,C:\Users\rabiei\My Research\reduced_order_lunar_lander_runs\official_reset_deployment_eval\full_150eps_all_lambda_all_gains\lambda_200\full_eval\logs\200_zeta0p7_wn6.log,0.06967867577352446,146.41873093756485,38.85955375541598,0.23651842405679266,-10.439291591619064,0.03022237810466322,0.03716574610304737,0.1663349251528661,0.09974730181197325,0.015438380432299266,743.8666666666667,0.22811439183107624,0.1401025140441754,0.7947862018435373,0.03531691508284995,0.030020263924659195,0.03591988492362766,0.01723392362429612,0.4642156363637813,0.5323725466358309,0.7947862018435373,0.14983495476677167,0.10754637110511486,129.0231312607983,1.8004056930341146,-228.53974100259143,0.7933333333333333,0.006666666666666667,0.7933333333333333,nominal,C:\Users\rabiei\My Research\reduced_order_lunar_lander_runs\lambda_sweep_deployment_fixed_seeds_333.npy,-1,6.0,0.7,20.0,0.18666666666666668,1.5,200.0,15.0
C:\Users\rabiei\My Research\reduced_order_lunar_lander_runs\reduced_order_lander_lam200_from_base_12upd_lam200_20260529_182950\final_model.pt,pd,0.013333333333333334,False,150,0.8866666666666667,0.82,0.99,-10.0,200,200.0,0.8133333333333334,C:\Users\rabiei\My Research\reduced_order_lunar_lander_runs\official_reset_deployment_eval\full_150eps_all_lambda_all_gains\lambda_200\full_eval\logs\200_zeta0p7_wn8.log,0.06724733477511952,144.64403328241616,39.07419392792516,0.24253185818595938,-11.427453013546407,0.03182176702520034,0.03730103434130514,0.1626740587655942,0.10313910895337661,0.01433529113310786,744.18,0.22623983910781997,0.14666059272588222,0.8326430735773533,0.03552379859865419,0.029950402465813694,0.037064095608843765,0.017287211231320827,0.46167857184907424,0.5343094802565426,0.8326430735773533,0.14967001681105008,0.10271499917891071,126.3569246162551,1.8823241642589323,-246.70439956937034,0.78,0.006666666666666667,0.78,nominal,C:\Users\rabiei\My Research\reduced_order_lunar_lander_runs\lambda_sweep_deployment_fixed_seeds_333.npy,-1,8.0,0.7,20.0,0.2,1.5,200.0,15.0
C:\Users\rabiei\My Research\reduced_order_lunar_lander_runs\reduced_order_lander_lam200_from_base_12upd_lam200_20260529_182950\final_model.pt,pd,0.006666666666666667,False,150,0.8933333333333333,0.8266666666666667,0.99,-10.0,200,200.0,0.82,C:\Users\rabiei\My Research\reduced_order_lunar_lander_runs\official_reset_deployment_eval\full_150eps_all_lambda_all_gains\lambda_200\full_eval\logs\200_zeta0p7_wn10.log,0.06817072527391012,148.39143161179643,39.164472173704716,0.24604043544798535,-12.038987654718072,0.025383398291445095,0.029855309721298403,0.1586220240688653,0.09879950898389021,0.013854331783254275,743.38,0.2290692108740645,0.14498931656630476,0.8534779635684858,0.03519951122302538,0.029670967920859007,0.03703637099535396,0.01667939419952842,0.46043493240468575,0.5335429093787423,0.8534779635684858,0.14852373129202678,0.1041665622853134,129.68020311963892,1.890704700703844,-244.6171085289724,0.7866666666666666,0.0,0.7866666666666666,nominal,C:\Users\rabiei\My Research\reduced_order_lunar_lander_runs\lambda_sweep_deployment_fixed_seeds_333.npy,-1,10.0,0.7,20.0,0.20666666666666667,1.5,200.0,15.0
C:\Users\rabiei\My Research\reduced_order_lunar_lander_runs\reduced_order_lander_lam200_from_base_12upd_lam200_20260529_182950\final_model.pt,pd,0.0,False,150,0.9,0.84,0.99,-10.0,200,200.0,0.82,C:\Users\rabiei\My Research\reduced_order_lunar_lander_runs\official_reset_deployment_eval\full_150eps_all_lambda_all_gains\lambda_200\full_eval\logs\200_zeta0p7_wn12.log,0.06795224534038866,150.61878887703656,39.26130985614624,0.24879211754217995,-12.492485404087239,0.025959342000908995,0.032092675420272714,0.1529979484804627,0.09568048242790003,0.015462159302774312,739.1666666666666,0.2237774560510629,0.1441623655037076,0.8649021860289745,0.03499732479209675,0.02968170184970963,0.03775068064888463,0.016798289606144417,0.46242711391488506,0.5334419957005191,0.8649021860289745,0.14899546782136208,0.10191443713288857,131.73290708312604,1.9217149203709152,-248.50752853047985,0.7933333333333333,0.0,0.7933333333333333,nominal,C:\Users\rabiei\My Research\reduced_order_lunar_lander_runs\lambda_sweep_deployment_fixed_seeds_333.npy,-1,12.0,0.7,20.0,0.20666666666666667,1.5,200.0,15.0
C:\Users\rabiei\My Research\reduced_order_lunar_lander_runs\reduced_order_lander_lam200_from_base_12upd_lam200_20260529_182950\final_model.pt,pd,0.07333333333333333,False,150,0.6933333333333334,0.56,0.99,-10.0,200,200.0,0.5466666666666666,C:\Users\rabiei\My Research\reduced_order_lunar_lander_runs\official_reset_deployment_eval\full_150eps_all_lambda_all_gains\lambda_200\full_eval\logs\200_zeta1_wn0p5.log,0.06206618537521341,45.4234034803019,28.409036023577002,0.16407796176175213,-6.3457752269763,0.09545094965505996,0.10654705556363017,0.5105941820936865,0.25120408369693903,0.16899721798106138,610.3733333333333,0.1512449745421788,0.20440716155030544,0.24231027737914967,0.0464282654493295,0.05729796106026999,0.0314473962275621,0.054548222561885185,0.6755457321355177,0.5349955273895511,0.24231027737914967,0.252634090619436,0.3853993047745313,41.29411139858695,1.0013582275639274,-167.05570869915024,0.5066666666666667,0.2733333333333333,0.5066666666666667,nominal,C:\Users\rabiei\My Research\reduced_order_lunar_lander_runs\lambda_sweep_deployment_fixed_seeds_333.npy,-1,0.5,1.0,20.0,0.14666666666666667,1.5,200.0,15.0
C:\Users\rabiei\My Research\reduced_order_lunar_lander_runs\reduced_order_lander_lam200_from_base_12upd_lam200_20260529_182950\final_model.pt,pd,0.04,False,150,0.8066666666666666,0.6733333333333333,0.99,-10.0,200,200.0,0.6466666666666666,C:\Users\rabiei\My Research\reduced_order_lunar_lander_runs\official_reset_deployment_eval\full_150eps_all_lambda_all_gains\lambda_200\full_eval\logs\200_zeta1_wn1.log,0.06624203125723951,89.70102422556549,33.24575010948563,0.18573650672686953,-5.879838940675384,0.07539603494973562,0.08416092033441697,0.3395805030263625,0.17100165450324614,0.10113522357119457,695.5533333333333,0.17305155928679034,0.18954835177001467,0.47635657870221954,0.043765682086541594,0.04316525706549078,0.03409825362909851,0.036378673528769584,0.5678222234430957,0.5308737322997094,0.47635657870221954,0.20051075007700633,0.2193257501741755,80.12514364893497,1.2924396532110922,-182.69797308331962,0.6466666666666666,0.14666666666666667,0.6466666666666666,nominal,C:\Users\rabiei\My Research\reduced_order_lunar_lander_runs\lambda_sweep_deployment_fixed_seeds_333.npy,-1,1.0,1.0,20.0,0.16666666666666666,1.5,200.0,15.0
C:\Users\rabiei\My Research\reduced_order_lunar_lander_runs\reduced_order_lander_lam200_from_base_12upd_lam200_20260529_182950\final_model.pt,pd,0.04,False,150,0.86,0.72,0.99,-10.0,200,200.0,0.7,C:\Users\rabiei\My Research\reduced_order_lunar_lander_runs\official_reset_deployment_eval\full_150eps_all_lambda_all_gains\lambda_200\full_eval\logs\200_zeta1_wn2.log,0.06612876566732417,109.06555706785394,36.38635475015577,0.20412493082545416,-6.429517300540765,0.05908563771023182,0.0652434762561469,0.2465147863860334,0.15090389835958679,0.07488696621688798,729.8933333333333,0.2006195240725796,0.18366912205347996,0.6014534790198945,0.04261398747357479,0.03602471439702116,0.036173755916495534,0.028522764005035447,0.5010367428765591,0.5326075255748245,0.6014534790198945,0.1750122975267756,0.13771133387875564,96.21048192679585,1.5298688531744882,-211.50608023371038,0.6866666666666666,0.08,0.6866666666666666,nominal,C:\Users\rabiei\My Research\reduced_order_lunar_lander_runs\lambda_sweep_deployment_fixed_seeds_333.npy,-1,2.0,1.0,20.0,0.19333333333333333,1.5,200.0,15.0
C:\Users\rabiei\My Research\reduced_order_lunar_lander_runs\reduced_order_lander_lam200_from_base_12upd_lam200_20260529_182950\final_model.pt,pd,0.04666666666666667,False,150,0.8733333333333333,0.7933333333333333,0.99,-10.0,200,200.0,0.7733333333333333,C:\Users\rabiei\My Research\reduced_order_lunar_lander_runs\official_reset_deployment_eval\full_150eps_all_lambda_all_gains\lambda_200\full_eval\logs\200_zeta1_wn4.log,0.07038377435755952,130.88081348941938,38.02872847959057,0.22880426922045133,-9.72741492398773,0.05800152099343298,0.0671948890227429,0.19475402079670612,0.11001180067658424,0.039175421710045635,734.82,0.21592939821054283,0.1728119054283546,0.7700425852460303,0.03774980704249416,0.03208612452553428,0.036125820999567404,0.021067335141691495,0.4777364359667399,0.5319630184613742,0.7700425852460303,0.15782499344334072,0.11457523324450035,114.20700696121193,1.7230572101993682,-228.42702855045428,0.76,0.02666666666666667,0.76,nominal,C:\Users\rabiei\My Research\reduced_order_lunar_lander_runs\lambda_sweep_deployment_fixed_seeds_333.npy,-1,4.0,1.0,20.0,0.16666666666666666,1.5,200.0,15.0
C:\Users\rabiei\My Research\reduced_order_lunar_lander_runs\reduced_order_lander_lam200_from_base_12upd_lam200_20260529_182950\final_model.pt,pd,0.013333333333333334,False,150,0.8866666666666667,0.82,0.99,-10.0,200,200.0,0.8066666666666666,C:\Users\rabiei\My Research\reduced_order_lunar_lander_runs\official_reset_deployment_eval\full_150eps_all_lambda_all_gains\lambda_200\full_eval\logs\200_zeta1_wn6.log,0.0677159548020957,139.97530208678154,38.53035766661703,0.2376031722620171,-10.985292960266897,0.04087270926936375,0.0471086944718549,0.1736913429300942,0.10645254926135142,0.028187970116160775,732.1933333333334,0.21541099383720166,0.15665888963194283,0.8267852948267234,0.03663013341952613,0.030987286183050695,0.03668942192428693,0.01918160982191976,0.4718871068931793,0.5334150644761083,0.8267852948267234,0.1547067410397096,0.10960029281941196,122.09833665982035,1.8039644050221328,-235.46144558431172,0.7666666666666667,0.02666666666666667,0.7666666666666667,nominal,C:\Users\rabiei\My Research\reduced_order_lunar_lander_runs\lambda_sweep_deployment_fixed_seeds_333.npy,-1,6.0,1.0,20.0,0.19333333333333333,1.5,200.0,15.0
C:\Users\rabiei\My Research\reduced_order_lunar_lander_runs\reduced_order_lander_lam200_from_base_12upd_lam200_20260529_182950\final_model.pt,pd,0.013333333333333334,False,150,0.8933333333333333,0.82,0.99,-10.0,200,200.0,0.8133333333333334,C:\Users\rabiei\My Research\reduced_order_lunar_lander_runs\official_reset_deployment_eval\full_150eps_all_lambda_all_gains\lambda_200\full_eval\logs\200_zeta1_wn8.log,0.06917536183363811,147.4725541568063,38.80978098611546,0.24304661977193912,-11.794966293117657,0.03214967453689193,0.039570044622371264,0.17103620146349902,0.09497906388714909,0.015237771332232015,736.96,0.22237326624820838,0.1454947456722437,0.8506754240586124,0.03614219642078571,0.030532083101560387,0.03688824802489354,0.018210972895973124,0.4676744440814997,0.5331564633172426,0.8506754240586124,0.1517444825018435,0.10714619823479665,128.9742646484387,1.8560576558585353,-238.47817701490072,0.8,0.006666666666666667,0.8,nominal,C:\Users\rabiei\My Research\reduced_order_lunar_lander_runs\lambda_sweep_deployment_fixed_seeds_333.npy,-1,8.0,1.0,20.0,0.18,1.5,200.0,15.0
C:\Users\rabiei\My Research\reduced_order_lunar_lander_runs\reduced_order_lander_lam200_from_base_12upd_lam200_20260529_182950\final_model.pt,pd,0.006666666666666667,False,150,0.8933333333333333,0.82,0.99,-10.0,200,200.0,0.8066666666666666,C:\Users\rabiei\My Research\reduced_order_lunar_lander_runs\official_reset_deployment_eval\full_150eps_all_lambda_all_gains\lambda_200\full_eval\logs\200_zeta1_wn10.log,0.07075989498608475,145.48164467022497,39.01919556752036,0.24494045483295057,-11.964264862341906,0.03536350557960153,0.042876494249363,0.15788020152326088,0.09980168227106333,0.02154118859795328,744.3066666666666,0.23015546335935255,0.14944681643790397,0.8647979963120687,0.035177022635034756,0.029808181608930125,0.03693736656840959,0.017426204537321913,0.4616626565464994,0.5321184258859529,0.8647979963120687,0.14907774174538313,0.10508984000066085,126.49957657879717,1.8979060905425509,-248.98570677161857,0.78,0.006666666666666667,0.78,nominal,C:\Users\rabiei\My Research\reduced_order_lunar_lander_runs\lambda_sweep_deployment_fixed_seeds_333.npy,-1,10.0,1.0,20.0,0.20666666666666667,1.5,200.0,15.0
C:\Users\rabiei\My Research\reduced_order_lunar_lander_runs\reduced_order_lander_lam200_from_base_12upd_lam200_20260529_182950\final_model.pt,pd,0.006666666666666667,False,150,0.9,0.8266666666666667,0.99,-10.0,200,200.0,0.8133333333333334,C:\Users\rabiei\My Research\reduced_order_lunar_lander_runs\official_reset_deployment_eval\full_150eps_all_lambda_all_gains\lambda_200\full_eval\logs\200_zeta1_wn12.log,0.06832243005014299,146.303587164377,39.12017454581835,0.2466415989823022,-12.203294124373993,0.039063889840244885,0.04469535827136824,0.15684276142629913,0.09956350741287072,0.018932062137882066,739.0266666666666,0.22476729924023142,0.1516025788159683,0.8761251631891995,0.03560931380611754,0.029882744628234783,0.037405860566927095,0.01731614323911164,0.4632305923884244,0.5339976971983142,0.8761251631891995,0.1498931068890992,0.10344194230559944,127.16627352810829,1.899343668423661,-248.34567985368855,0.7866666666666666,0.006666666666666667,0.7866666666666666,nominal,C:\Users\rabiei\My Research\reduced_order_lunar_lander_runs\lambda_sweep_deployment_fixed_seeds_333.npy,-1,12.0,1.0,20.0,0.2,1.5,200.0,15.0
C:\Users\rabiei\My Research\reduced_order_lunar_lander_runs\reduced_order_lander_lam500_from_base_12upd_lam500_20260529_184342\final_model.pt,pd,0.02,False,150,0.92,0.76,0.99,-10.0,500,500.0,0.74,C:\Users\rabiei\My Research\reduced_order_lunar_lander_runs\official_reset_deployment_eval\full_150eps_all_lambda_all_gains\lambda_500\full_eval\logs\500_zeta0p3_wn0p5.log,0.08975067272426134,123.68363006707398,34.77890873592438,0.16455196784896745,-49.48447115628585,0.07598248594073691,0.0872744156711529,0.3173741797544262,0.1218600395663331,0.08133966677432915,647.82,0.12712262214283765,0.21872974277492171,0.03562799514968951,0.06018520910384106,0.04435222193321646,0.039329033125598996,0.06072108816991751,0.5584553589032663,0.5183681343953657,0.03562799514968951,0.2037711912429529,0.17905618282912578,123.31219160132348,1.0086113895347542,-393.5784647003031,0.7533333333333333,0.10666666666666667,0.7533333333333333,nominal,C:\Users\rabiei\My Research\reduced_order_lunar_lander_runs\lambda_sweep_deployment_fixed_seeds_333.npy,-1,0.5,0.3,20.0,0.12,1.5,500.0,15.0
C:\Users\rabiei\My Research\reduced_order_lunar_lander_runs\reduced_order_lander_lam500_from_base_12upd_lam500_20260529_184342\final_model.pt,pd,0.03333333333333333,False,150,0.96,0.8133333333333334,0.99,-10.0,500,500.0,0.8133333333333334,C:\Users\rabiei\My Research\reduced_order_lunar_lander_runs\official_reset_deployment_eval\full_150eps_all_lambda_all_gains\lambda_500\full_eval\logs\500_zeta0p3_wn1.log,0.0887931888556536,137.86185286428181,37.37612619055548,0.16476478897759939,-46.996121550834836,0.05539433367864452,0.06227190704442989,0.2701695494259773,0.09647692213145395,0.06368646786386944,647.3,0.17224770196238134,0.19881037138234836,0.07816512654934932,0.04629942152121873,0.036064502003477904,0.03402772440508679,0.03186670571979912,0.5254753360694965,0.5214804400669423,0.07816512654934932,0.18230875776904307,0.14802045519276263,136.6741186790108,1.0213885795182045,-385.77843689482046,0.8066666666666666,0.08666666666666667,0.8066666666666666,nominal,C:\Users\rabiei\My Research\reduced_order_lunar_lander_runs\lambda_sweep_deployment_fixed_seeds_333.npy,-1,1.0,0.3,20.0,0.07333333333333333,1.5,500.0,15.0
C:\Users\rabiei\My Research\reduced_order_lunar_lander_runs\reduced_order_lander_lam500_from_base_12upd_lam500_20260529_184342\final_model.pt,pd,0.02,False,150,0.9733333333333334,0.8733333333333333,0.99,-10.0,500,500.0,0.8533333333333334,C:\Users\rabiei\My Research\reduced_order_lunar_lander_runs\official_reset_deployment_eval\full_150eps_all_lambda_all_gains\lambda_500\full_eval\logs\500_zeta0p3_wn2.log,0.08593596005787167,157.20090828175876,38.98769987327641,0.18969324208797636,-57.85154917189297,0.05091752861776816,0.05986440925323586,0.20204105288846294,0.06648703682702034,0.03881204729492474,651.22,0.1802965483912687,0.17517710561905148,0.39432705416259994,0.04149843487505612,0.03255836790463622,0.0341085454764854,0.022966544809807723,0.5050215632057795,0.5234245857410474,0.39432705416259994,0.1688864111216129,0.12256631151234075,149.87904989942194,1.2118484367124893,-461.7477100744859,0.8466666666666667,0.04666666666666667,0.8466666666666667,nominal,C:\Users\rabiei\My Research\reduced_order_lunar_lander_runs\lambda_sweep_deployment_fixed_seeds_333.npy,-1,2.0,0.3,20.0,0.08666666666666667,1.5,500.0,15.0
C:\Users\rabiei\My Research\reduced_order_lunar_lander_runs\reduced_order_lander_lam500_from_base_12upd_lam500_20260529_184342\final_model.pt,pd,0.02666666666666667,False,150,0.9866666666666667,0.9333333333333333,0.99,-10.0,500,500.0,0.9133333333333333,C:\Users\rabiei\My Research\reduced_order_lunar_lander_runs\official_reset_deployment_eval\full_150eps_all_lambda_all_gains\lambda_500\full_eval\logs\500_zeta0p3_wn4.log,0.08456351042570863,170.8119142631615,39.710314590391114,0.2037596489698463,-64.16187397370946,0.03996270817136974,0.04536513843873924,0.17180310583234482,0.040048769794714945,0.013169056084670392,650.5933333333334,0.18811067212875382,0.15725147618910337,0.5420147284660358,0.03788981698304642,0.03091536255706421,0.03415532419119076,0.01762595445752779,0.49324432654205375,0.5243760552432881,0.5420147284660358,0.1619238242821207,0.11637990011851722,160.62033888131515,1.3015850306417112,-492.9924677243608,0.88,0.013333333333333334,0.88,nominal,C:\Users\rabiei\My Research\reduced_order_lunar_lander_runs\lambda_sweep_deployment_fixed_seeds_333.npy,-1,4.0,0.3,20.0,0.08,1.5,500.0,15.0
C:\Users\rabiei\My Research\reduced_order_lunar_lander_runs\reduced_order_lander_lam500_from_base_12upd_lam500_20260529_184342\final_model.pt,pd,0.02,False,150,0.9866666666666667,0.9333333333333333,0.99,-10.0,500,500.0,0.9133333333333333,C:\Users\rabiei\My Research\reduced_order_lunar_lander_runs\official_reset_deployment_eval\full_150eps_all_lambda_all_gains\lambda_500\full_eval\logs\500_zeta0p3_wn6.log,0.08613693195429352,174.22706485358495,39.864390423966384,0.2187394069391184,-71.49752566284992,0.04350676337525025,0.04937843223093556,0.168064528806115,0.029328759635488193,0.011298006412561045,645.4466666666667,0.1865485740410083,0.1597964587458929,0.6542825615690355,0.038788454274445584,0.03086238675687395,0.03546423376390006,0.019064230961332182,0.49431245337445373,0.5225602936450425,0.6542825615690355,0.16267591414196678,0.11377934531552529,161.96476707206796,1.4235300157791655,-550.4468763693311,0.8933333333333333,0.013333333333333334,0.8933333333333333,nominal,C:\Users\rabiei\My Research\reduced_order_lunar_lander_runs\lambda_sweep_deployment_fixed_seeds_333.npy,-1,6.0,0.3,20.0,0.07333333333333333,1.5,500.0,15.0
C:\Users\rabiei\My Research\reduced_order_lunar_lander_runs\reduced_order_lander_lam500_from_base_12upd_lam500_20260529_184342\final_model.pt,pd,0.006666666666666667,False,150,0.9933333333333333,0.92,0.99,-10.0,500,500.0,0.9066666666666666,C:\Users\rabiei\My Research\reduced_order_lunar_lander_runs\official_reset_deployment_eval\full_150eps_all_lambda_all_gains\lambda_500\full_eval\logs\500_zeta0p3_wn8.log,0.08630719458166254,175.53782592306916,40.03084200068166,0.23544971171387696,-79.68657419657703,0.03849964281578044,0.04505264183404259,0.17359458973049147,0.03382126061866681,0.011289330426132475,653.8733333333333,0.19231231846462266,0.1541275599667509,0.7549568946239095,0.03876026840790845,0.030569150200640625,0.03701302439960901,0.02043858571744367,0.4910333551193852,0.5226569677693662,0.7549568946239095,0.1600355251359232,0.11259470724999003,161.18210573077457,1.5800666078166363,-627.5729446519157,0.8933333333333333,0.0,0.8933333333333333,nominal,C:\Users\rabiei\My Research\reduced_order_lunar_lander_runs\lambda_sweep_deployment_fixed_seeds_333.npy,-1,8.0,0.3,20.0,0.1,1.5,500.0,15.0
C:\Users\rabiei\My Research\reduced_order_lunar_lander_runs\reduced_order_lander_lam500_from_base_12upd_lam500_20260529_184342\final_model.pt,pd,0.006666666666666667,False,150,0.9933333333333333,0.92,0.99,-10.0,500,500.0,0.92,C:\Users\rabiei\My Research\reduced_order_lunar_lander_runs\official_reset_deployment_eval\full_150eps_all_lambda_all_gains\lambda_500\full_eval\logs\500_zeta0p3_wn10.log,0.08924354710373822,178.40185323373385,40.12617698313279,0.2456182391528149,-84.67567295519449,0.029694989474625497,0.03740631135184944,0.16215356632478076,0.040257632054854185,0.010293975680305571,654.8866666666667,0.19013650982496044,0.15374212709454282,0.8021677915332429,0.03817133554404718,0.0301913429280655,0.03814628373638019,0.020709810215634394,0.48692923737743066,0.5216283258837539,0.8021677915332429,0.15910000568425228,0.10822217594170984,163.09419517456533,1.6426365382614607,-656.0141492303296,0.9066666666666666,0.006666666666666667,0.9066666666666666,nominal,C:\Users\rabiei\My Research\reduced_order_lunar_lander_runs\lambda_sweep_deployment_fixed_seeds_333.npy,-1,10.0,0.3,20.0,0.08,1.5,500.0,15.0
C:\Users\rabiei\My Research\reduced_order_lunar_lander_runs\reduced_order_lander_lam500_from_base_12upd_lam500_20260529_184342\final_model.pt,pd,0.006666666666666667,False,150,0.9866666666666667,0.9,0.99,-10.0,500,500.0,0.8866666666666667,C:\Users\rabiei\My Research\reduced_order_lunar_lander_runs\official_reset_deployment_eval\full_150eps_all_lambda_all_gains\lambda_500\full_eval\logs\500_zeta0p3_wn12.log,0.08095536438808826,172.3195813523895,40.17054838641399,0.2510137990764203,-87.32900550979174,0.03134834350974416,0.038059108687844324,0.1618670021523581,0.0628138848595942,0.017585969611370277,657.1733333333333,0.18695014532123627,0.15036078375387893,0.833810630540395,0.03805116509412938,0.030302348591842658,0.03979432435041243,0.021251445740365457,0.4870923183197136,0.5249833958228114,0.833810630540395,0.15935864509552577,0.10867772577650342,156.3225230030055,1.721597375989611,-701.6225733090827,0.8733333333333333,0.006666666666666667,0.8733333333333333,nominal,C:\Users\rabiei\My Research\reduced_order_lunar_lander_runs\lambda_sweep_deployment_fixed_seeds_333.npy,-1,12.0,0.3,20.0,0.11333333333333333,1.5,500.0,15.0
C:\Users\rabiei\My Research\reduced_order_lunar_lander_runs\reduced_order_lander_lam500_from_base_12upd_lam500_20260529_184342\final_model.pt,pd,0.08,False,150,0.8333333333333334,0.6333333333333333,0.99,-10.0,500,500.0,0.6266666666666667,C:\Users\rabiei\My Research\reduced_order_lunar_lander_runs\official_reset_deployment_eval\full_150eps_all_lambda_all_gains\lambda_500\full_eval\logs\500_zeta0p7_wn0p5.log,0.07621892941406154,74.23361116797653,30.477090967923928,0.1553339948378829,-49.1432938640861,0.12124869562903769,0.13408981916504933,0.4614981006369349,0.19010531448448698,0.1525141318047833,580.56,0.11962083518658119,0.250126274078463,0.08538422075475491,0.050336281792444294,0.053054201820600444,0.03365545267839647,0.05304683461293069,0.6571359062287194,0.5235442171292107,0.08538422075475491,0.24542979236824333,0.33251694564448087,73.0757966168701,0.913653543219502,-394.20436044177455,0.6266666666666667,0.22666666666666666,0.6266666666666667,nominal,C:\Users\rabiei\My Research\reduced_order_lunar_lander_runs\lambda_sweep_deployment_fixed_seeds_333.npy,-1,0.5,0.7,20.0,0.06666666666666667,1.5,500.0,15.0
C:\Users\rabiei\My Research\reduced_order_lunar_lander_runs\reduced_order_lander_lam500_from_base_12upd_lam500_20260529_184342\final_model.pt,pd,0.04666666666666667,False,150,0.92,0.7866666666666666,0.99,-10.0,500,500.0,0.7666666666666667,C:\Users\rabiei\My Research\reduced_order_lunar_lander_runs\official_reset_deployment_eval\full_150eps_all_lambda_all_gains\lambda_500\full_eval\logs\500_zeta0p7_wn1.log,0.08785902892134985,119.7592953880167,34.786039424815755,0.181105250603059,-57.74681744713348,0.07390932890573822,0.08634452829751606,0.31113073511912726,0.11095398485039672,0.0868873441191642,644.8533333333334,0.1569053490574655,0.21160095040360638,0.39884790898901507,0.05021285607313769,0.04167604069474677,0.03546097105343309,0.04023351096711367,0.5686381777539699,0.5195583353352776,0.39884790898901507,0.20450185201974092,0.20313854324746208,112.45511759690704,1.2017217450341555,-493.9986437957278,0.74,0.11333333333333333,0.74,nominal,C:\Users\rabiei\My Research\reduced_order_lunar_lander_runs\lambda_sweep_deployment_fixed_seeds_333.npy,-1,1.0,0.7,20.0,0.1,1.5,500.0,15.0
C:\Users\rabiei\My Research\reduced_order_lunar_lander_runs\reduced_order_lander_lam500_from_base_12upd_lam500_20260529_184342\final_model.pt,pd,0.02,False,150,0.9666666666666667,0.84,0.99,-10.0,500,500.0,0.82,C:\Users\rabiei\My Research\reduced_order_lunar_lander_runs\official_reset_deployment_eval\full_150eps_all_lambda_all_gains\lambda_500\full_eval\logs\500_zeta0p7_wn2.log,0.08178144749123982,145.6723162669816,37.57076622314503,0.19588428400973754,-62.360910131296286,0.057470225089176284,0.06403687540210583,0.2415350454640454,0.08175973692288001,0.05365335492753576,648.4,0.17302877614405968,0.18842388425014414,0.5291549575047683,0.043993985188536616,0.03545094591766947,0.03511652992179317,0.027596454645697925,0.5220670702304206,0.5233949450637927,0.5291549575047683,0.18014495149619617,0.14319047519195716,135.78526949606555,1.273737199070507,-504.16428326827213,0.82,0.07333333333333333,0.82,nominal,C:\Users\rabiei\My Research\reduced_order_lunar_lander_runs\lambda_sweep_deployment_fixed_seeds_333.npy,-1,2.0,0.7,20.0,0.08666666666666667,1.5,500.0,15.0
C:\Users\rabiei\My Research\reduced_order_lunar_lander_runs\reduced_order_lander_lam500_from_base_12upd_lam500_20260529_184342\final_model.pt,pd,0.013333333333333334,False,150,0.98,0.9,0.99,-10.0,500,500.0,0.88,C:\Users\rabiei\My Research\reduced_order_lunar_lander_runs\official_reset_deployment_eval\full_150eps_all_lambda_all_gains\lambda_500\full_eval\logs\500_zeta0p7_wn4.log,0.0850251804728703,167.70254647038115,39.02594320617888,0.2164598217847967,-71.19630066084272,0.03595402202389475,0.04407354005052657,0.2012884125618943,0.04435166478157043,0.025757048213802054,646.06,0.17835505664342483,0.16205313477101507,0.6829068962954904,0.039712186775349864,0.03243985440991433,0.03536163889698915,0.021511945318274776,0.5049868684283993,0.5228947005653992,0.6829068962954904,0.1689157979680632,0.1233985026259909,154.8676551006009,1.4128681624249204,-551.652734742079,0.8866666666666667,0.03333333333333333,0.8866666666666667,nominal,C:\Users\rabiei\My Research\reduced_order_lunar_lander_runs\lambda_sweep_deployment_fixed_seeds_333.npy,-1,4.0,0.7,20.0,0.06666666666666667,1.5,500.0,15.0
C:\Users\rabiei\My Research\reduced_order_lunar_lander_runs\reduced_order_lander_lam500_from_base_12upd_lam500_20260529_184342\final_model.pt,pd,0.02,False,150,0.9866666666666667,0.9066666666666666,0.99,-10.0,500,500.0,0.9,C:\Users\rabiei\My Research\reduced_order_lunar_lander_runs\official_reset_deployment_eval\full_150eps_all_lambda_all_gains\lambda_500\full_eval\logs\500_zeta0p7_wn6.log,0.08193252834527337,171.22439273474365,39.457083025003406,0.23254652342255175,-78.80852610789691,0.029942734410530344,0.03628543363937815,0.1836045222236111,0.0482501556755354,0.01456740378304825,647.88,0.17973499228297943,0.1538766266877543,0.7783278601799863,0.03840687646843905,0.03162133757726669,0.036036641118471914,0.019696412431718737,0.5003999743345066,0.5243183663278106,0.7783278601799863,0.16555855048490936,0.11847331399636284,156.5138258684057,1.5397859231693982,-611.6261688499554,0.88,0.013333333333333334,0.88,nominal,C:\Users\rabiei\My Research\reduced_order_lunar_lander_runs\lambda_sweep_deployment_fixed_seeds_333.npy,-1,6.0,0.7,20.0,0.08666666666666667,1.5,500.0,15.0
C:\Users\rabiei\My Research\reduced_order_lunar_lander_runs\reduced_order_lander_lam500_from_base_12upd_lam500_20260529_184342\final_model.pt,pd,0.02,False,150,0.98,0.9066666666666666,0.99,-10.0,500,500.0,0.8933333333333333,C:\Users\rabiei\My Research\reduced_order_lunar_lander_runs\official_reset_deployment_eval\full_150eps_all_lambda_all_gains\lambda_500\full_eval\logs\500_zeta0p7_wn8.log,0.08537957047932032,172.11676698799758,39.63454965255739,0.23761587777419488,-81.16582991083624,0.02781315468724036,0.03139842025624804,0.18071623118988656,0.051474894545972344,0.015372563507349562,649.5333333333333,0.18643880256066356,0.15219758866508493,0.8122038639537603,0.038456607522834516,0.03129350519434475,0.03658652793329983,0.01964821652043722,0.49460293820421874,0.5237496064500587,0.8122038639537603,0.16336070232895222,0.11658963465988777,156.7185438187272,1.5820107056571688,-631.8792525072537,0.88,0.006666666666666667,0.88,nominal,C:\Users\rabiei\My Research\reduced_order_lunar_lander_runs\lambda_sweep_deployment_fixed_seeds_333.npy,-1,8.0,0.7,20.0,0.09333333333333334,1.5,500.0,15.0
C:\Users\rabiei\My Research\reduced_order_lunar_lander_runs\reduced_order_lander_lam500_from_base_12upd_lam500_20260529_184342\final_model.pt,pd,0.006666666666666667,False,150,0.9866666666666667,0.9266666666666666,0.99,-10.0,500,500.0,0.9133333333333333,C:\Users\rabiei\My Research\reduced_order_lunar_lander_runs\official_reset_deployment_eval\full_150eps_all_lambda_all_gains\lambda_500\full_eval\logs\500_zeta0p7_wn10.log,0.08451994718959749,173.41967542269387,39.76047087088541,0.24107354669859524,-82.76881028552943,0.030710898089297795,0.03624572247183179,0.18017211158209628,0.03339803222566843,0.014087858505139857,648.4266666666666,0.18862073857351352,0.1520852297261907,0.8322197091116388,0.038211649176932226,0.03107466931857869,0.03672624635777181,0.019414218920163217,0.4949636579343352,0.5230196639552367,0.8322197091116388,0.16277624254277318,0.11612789342907111,157.6695253012717,1.608576299118749,-643.8370074700141,0.8933333333333333,0.02666666666666667,0.8933333333333333,nominal,C:\Users\rabiei\My Research\reduced_order_lunar_lander_runs\lambda_sweep_deployment_fixed_seeds_333.npy,-1,10.0,0.7,20.0,0.07333333333333333,1.5,500.0,15.0
C:\Users\rabiei\My Research\reduced_order_lunar_lander_runs\reduced_order_lander_lam500_from_base_12upd_lam500_20260529_184342\final_model.pt,pd,0.013333333333333334,False,150,0.9866666666666667,0.9066666666666666,0.99,-10.0,500,500.0,0.8933333333333333,C:\Users\rabiei\My Research\reduced_order_lunar_lander_runs\official_reset_deployment_eval\full_150eps_all_lambda_all_gains\lambda_500\full_eval\logs\500_zeta0p7_wn12.log,0.08429943269157456,172.98355360529303,39.82062585751925,0.24348154380794473,-83.91270055467888,0.031227050786850064,0.03714092954349721,0.17952508020827265,0.0447087274491787,0.01248712459436159,648.54,0.1847170005997635,0.1517199607920675,0.8455389653992801,0.03839310840033644,0.03113082770021438,0.03721782714277915,0.019659415997885392,0.49526482639648955,0.5234047901192324,0.8455389653992801,0.16262717114583286,0.1158145464448638,156.9340896459035,1.6329966941406395,-656.4855934650266,0.8866666666666667,0.013333333333333334,0.8866666666666667,nominal,C:\Users\rabiei\My Research\reduced_order_lunar_lander_runs\lambda_sweep_deployment_fixed_seeds_333.npy,-1,12.0,0.7,20.0,0.08666666666666667,1.5,500.0,15.0
C:\Users\rabiei\My Research\reduced_order_lunar_lander_runs\reduced_order_lander_lam500_from_base_12upd_lam500_20260529_184342\final_model.pt,pd,0.09333333333333334,False,150,0.7733333333333333,0.6133333333333333,0.99,-10.0,500,500.0,0.58,C:\Users\rabiei\My Research\reduced_order_lunar_lander_runs\official_reset_deployment_eval\full_150eps_all_lambda_all_gains\lambda_500\full_eval\logs\500_zeta1_wn0p5.log,0.06542828103288159,62.94465482051198,28.693541273398168,0.16126670328594675,-53.87521305027401,0.1260880174505049,0.1399298324499668,0.5220849936605593,0.20560604838343957,0.17431226514141063,535.8066666666666,0.1192312454265888,0.22996641935769938,0.23777639211448132,0.047064871542026966,0.05833728043808353,0.031742420145648965,0.055635708451788266,0.6997866435178048,0.5302670080613452,0.23777639211448132,0.2648746955115309,0.40713568068085493,59.44905256630545,0.8750100699515895,-385.2765134886161,0.5933333333333334,0.26,0.5933333333333334,nominal,C:\Users\rabiei\My Research\reduced_order_lunar_lander_runs\lambda_sweep_deployment_fixed_seeds_333.npy,-1,0.5,1.0,20.0,0.05333333333333334,1.5,500.0,15.0
C:\Users\rabiei\My Research\reduced_order_lunar_lander_runs\reduced_order_lander_lam500_from_base_12upd_lam500_20260529_184342\final_model.pt,pd,0.08666666666666667,False,150,0.92,0.7266666666666667,0.99,-10.0,500,500.0,0.6933333333333334,C:\Users\rabiei\My Research\reduced_order_lunar_lander_runs\official_reset_deployment_eval\full_150eps_all_lambda_all_gains\lambda_500\full_eval\logs\500_zeta1_wn1.log,0.08063539076471381,94.81190375358004,33.58824320271842,0.1828795261531956,-59.82743287247028,0.11824822642184396,0.13114734382304707,0.3730987849622438,0.13371188274895152,0.1317175249954099,618.0466666666666,0.14090228962201143,0.24120433903423305,0.46695628515692666,0.05208153408781231,0.04536501026794328,0.03565607279499152,0.045323221898176225,0.6027245126594944,0.5214375209956398,0.46695628515692666,0.21701222665636802,0.24801146099752935,86.56479706017754,1.1713565559853272,-503.227307572417,0.6933333333333334,0.14666666666666667,0.6933333333333334,nominal,C:\Users\rabiei\My Research\reduced_order_lunar_lander_runs\lambda_sweep_deployment_fixed_seeds_333.npy,-1,1.0,1.0,20.0,0.07333333333333333,1.5,500.0,15.0
C:\Users\rabiei\My Research\reduced_order_lunar_lander_runs\reduced_order_lander_lam500_from_base_12upd_lam500_20260529_184342\final_model.pt,pd,0.04,False,150,0.96,0.82,0.99,-10.0,500,500.0,0.8133333333333334,C:\Users\rabiei\My Research\reduced_order_lunar_lander_runs\official_reset_deployment_eval\full_150eps_all_lambda_all_gains\lambda_500\full_eval\logs\500_zeta1_wn2.log,0.08273708232342411,138.3319569070211,36.82959189694642,0.20054398029349704,-65.42966509560405,0.06934520646890936,0.081020985869554,0.2589285117792897,0.08811568593373523,0.08041405989981479,640.0133333333333,0.1676943995872339,0.19761519041544895,0.591317269988548,0.0449062583232013,0.037248634697108415,0.03541875470442285,0.03022207461846248,0.5350069818500179,0.5246211132269045,0.591317269988548,0.18794347109635628,0.15685986328712734,127.40016785755385,1.2956835965743714,-522.3101080468313,0.82,0.08,0.82,nominal,C:\Users\rabiei\My Research\reduced_order_lunar_lander_runs\lambda_sweep_deployment_fixed_seeds_333.npy,-1,2.0,1.0,20.0,0.06,1.5,500.0,15.0
C:\Users\rabiei\My Research\reduced_order_lunar_lander_runs\reduced_order_lander_lam500_from_base_12upd_lam500_20260529_184342\final_model.pt,pd,0.02666666666666667,False,150,0.9733333333333334,0.8733333333333333,0.99,-10.0,500,500.0,0.8666666666666667,C:\Users\rabiei\My Research\reduced_order_lunar_lander_runs\official_reset_deployment_eval\full_150eps_all_lambda_all_gains\lambda_500\full_eval\logs\500_zeta1_wn4.log,0.08697294812835961,160.4477444912117,38.587877966400626,0.22428056494565796,-75.54496120193136,0.051784363945501656,0.058848100446894994,0.21562559955054467,0.05917456891698142,0.03303622564570066,648.72,0.18187563255241115,0.1745474074956337,0.7515561470482809,0.041389322319258494,0.03350976915833369,0.03614241574722315,0.02457903798986517,0.5102413365825288,0.521968657287322,0.7515561470482809,0.17173370948771344,0.12744284147717308,146.22906182736742,1.4911259984402088,-598.0896547288927,0.88,0.04,0.88,nominal,C:\Users\rabiei\My Research\reduced_order_lunar_lander_runs\lambda_sweep_deployment_fixed_seeds_333.npy,-1,4.0,1.0,20.0,0.05333333333333334,1.5,500.0,15.0
C:\Users\rabiei\My Research\reduced_order_lunar_lander_runs\reduced_order_lander_lam500_from_base_12upd_lam500_20260529_184342\final_model.pt,pd,0.02,False,150,0.98,0.88,0.99,-10.0,500,500.0,0.8666666666666667,C:\Users\rabiei\My Research\reduced_order_lunar_lander_runs\official_reset_deployment_eval\full_150eps_all_lambda_all_gains\lambda_500\full_eval\logs\500_zeta1_wn6.log,0.08374716739732939,162.2181580644035,39.055855555894524,0.23313114864522297,-79.50223980840921,0.04240982616550658,0.04987855062740023,0.19817472915238346,0.06214692345354706,0.030029806435867553,654.84,0.1792320452808284,0.16515254022698023,0.8021519469851269,0.041050953399813996,0.03231185717682556,0.03711682668843021,0.02364946542326739,0.5033135329904409,0.5222946103964298,0.8021519469851269,0.16814458691982748,0.1215851963247776,146.94014306861894,1.590901061022774,-646.3291724469835,0.8666666666666667,0.04,0.8666666666666667,nominal,C:\Users\rabiei\My Research\reduced_order_lunar_lander_runs\lambda_sweep_deployment_fixed_seeds_333.npy,-1,6.0,1.0,20.0,0.07333333333333333,1.5,500.0,15.0
C:\Users\rabiei\My Research\reduced_order_lunar_lander_runs\reduced_order_lander_lam500_from_base_12upd_lam500_20260529_184342\final_model.pt,pd,0.013333333333333334,False,150,0.9866666666666667,0.9066666666666666,0.99,-10.0,500,500.0,0.8866666666666667,C:\Users\rabiei\My Research\reduced_order_lunar_lander_runs\official_reset_deployment_eval\full_150eps_all_lambda_all_gains\lambda_500\full_eval\logs\500_zeta1_wn8.log,0.08512591810394857,169.7592680461339,39.347081818753104,0.23831350647227367,-81.80227198323706,0.0407637293257964,0.048985362611997235,0.17992281462481477,0.04853526424927016,0.01852932536418247,650.9066666666666,0.1855309270372443,0.16362894547469378,0.8321462828701004,0.03884572258425025,0.031591130170777644,0.03643596998635661,0.02067615869390391,0.4993043601039636,0.5234779981308078,0.8321462828701004,0.16448602274395532,0.11791146407043648,153.956702595018,1.5852586061448368,-635.8881683596179,0.88,0.02,0.88,nominal,C:\Users\rabiei\My Research\reduced_order_lunar_lander_runs\lambda_sweep_deployment_fixed_seeds_333.npy,-1,8.0,1.0,20.0,0.08666666666666667,1.5,500.0,15.0
C:\Users\rabiei\My Research\reduced_order_lunar_lander_runs\reduced_order_lander_lam500_from_base_12upd_lam500_20260529_184342\final_model.pt,pd,0.006666666666666667,False,150,0.9866666666666667,0.92,0.99,-10.0,500,500.0,0.9066666666666666,C:\Users\rabiei\My Research\reduced_order_lunar_lander_runs\official_reset_deployment_eval\full_150eps_all_lambda_all_gains\lambda_500\full_eval\logs\500_zeta1_wn10.log,0.08430536316770026,175.40063540744265,39.56294491681696,0.24091207281150312,-82.88539426538821,0.0249818933064671,0.02959642860213857,0.17888895581594166,0.04427774777247881,0.012696590439638443,646.6133333333333,0.18195880946538542,0.15189737702881614,0.8485804971198663,0.03806263467848846,0.031442423192318665,0.03640108764785161,0.019458690653502746,0.4963844942235132,0.5232489888758072,0.8485804971198663,0.16498378413506368,0.11576871993917451,159.35091282381748,1.5891026838260431,-632.0829731722456,0.9066666666666666,0.02666666666666667,0.9066666666666666,nominal,C:\Users\rabiei\My Research\reduced_order_lunar_lander_runs\lambda_sweep_deployment_fixed_seeds_333.npy,-1,10.0,1.0,20.0,0.06,1.5,500.0,15.0
C:\Users\rabiei\My Research\reduced_order_lunar_lander_runs\reduced_order_lander_lam500_from_base_12upd_lam500_20260529_184342\final_model.pt,pd,0.02,False,150,0.9866666666666667,0.9,0.99,-10.0,500,500.0,0.8933333333333333,C:\Users\rabiei\My Research\reduced_order_lunar_lander_runs\official_reset_deployment_eval\full_150eps_all_lambda_all_gains\lambda_500\full_eval\logs\500_zeta1_wn12.log,0.08328563482564187,165.606739821286,39.67958918793099,0.24286395016270257,-83.7448443879607,0.059711604204846176,0.06619357593964378,0.1797150910082504,0.050940689854323866,0.024846053648262145,654.3866666666667,0.18593993677271314,0.17633361487721658,0.8581815177190067,0.03925782330336432,0.03124027328440975,0.03696627522661237,0.020713254478609756,0.4929423720003024,0.5248866398805143,0.8581815177190067,0.1629768801287108,0.11687656789187581,149.21887802319696,1.6423606015378744,-668.6612942809846,0.8866666666666667,0.02666666666666667,0.8866666666666667,nominal,C:\Users\rabiei\My Research\reduced_order_lunar_lander_runs\lambda_sweep_deployment_fixed_seeds_333.npy,-1,12.0,1.0,20.0,0.06666666666666667,1.5,500.0,15.0
C:\Users\rabiei\My Research\reduced_order_lunar_lander_runs\reduced_order_lander_lam1000_from_base_12upd_lam1000_20260529_185421\final_model.pt,pd,0.06666666666666667,False,150,0.8333333333333334,0.7066666666666667,0.99,-10.0,1000,1000.0,0.6933333333333334,C:\Users\rabiei\My Research\reduced_order_lunar_lander_runs\official_reset_deployment_eval\full_150eps_all_lambda_all_gains\lambda_1000\full_eval\logs\1000_zeta0p3_wn0p5.log,0.06372798863433586,98.81528560179655,34.3666645266958,0.16726937975093747,-134.89090107209137,0.08595894025526528,0.09969956603363023,0.26336881287514513,0.1696598407176013,0.0947702124655688,709.6066666666667,0.14570830598792975,0.21803856901196064,0.034184722400055115,0.054374626880583546,0.041567221287412595,0.03794980824184313,0.05412521360305185,0.525260012745782,0.5359821064313485,0.034184722400055115,0.19019807093116725,0.16409602352911146,98.44211509702978,1.0979427642204218,-1013.3196119519587,0.6666666666666666,0.08666666666666667,0.6666666666666666,nominal,C:\Users\rabiei\My Research\reduced_order_lunar_lander_runs\lambda_sweep_deployment_fixed_seeds_333.npy,-1,0.5,0.3,20.0,0.18,1.5,1000.0,15.0
C:\Users\rabiei\My Research\reduced_order_lunar_lander_runs\reduced_order_lander_lam1000_from_base_12upd_lam1000_20260529_185421\final_model.pt,pd,0.013333333333333334,False,150,0.8733333333333333,0.7933333333333333,0.99,-10.0,1000,1000.0,0.7866666666666666,C:\Users\rabiei\My Research\reduced_order_lunar_lander_runs\official_reset_deployment_eval\full_150eps_all_lambda_all_gains\lambda_1000\full_eval\logs\1000_zeta0p3_wn1.log,0.06738092454084717,131.210370857339,37.06626933297118,0.16747773641949398,-132.4042358047372,0.03270226959841239,0.03417590416670341,0.20633270006476212,0.12093950185381497,0.04388307967409721,729.3,0.2105732519069903,0.15609190340485285,0.08041064302834793,0.039266596024459956,0.03299765405621855,0.03331512989506995,0.024215178816133557,0.4895564472927995,0.5343493106266456,0.08041064302834793,0.16519062239953416,0.12155421174688494,129.79883459402123,1.140926924135509,-1024.3025532781699,0.76,0.06666666666666667,0.76,nominal,C:\Users\rabiei\My Research\reduced_order_lunar_lander_runs\lambda_sweep_deployment_fixed_seeds_333.npy,-1,1.0,0.3,20.0,0.16,1.5,1000.0,15.0
C:\Users\rabiei\My Research\reduced_order_lunar_lander_runs\reduced_order_lander_lam1000_from_base_12upd_lam1000_20260529_185421\final_model.pt,pd,0.006666666666666667,False,150,0.9,0.8266666666666667,0.99,-10.0,1000,1000.0,0.8133333333333334,C:\Users\rabiei\My Research\reduced_order_lunar_lander_runs\official_reset_deployment_eval\full_150eps_all_lambda_all_gains\lambda_1000\full_eval\logs\1000_zeta0p3_wn2.log,0.060998923863634286,146.82636522013738,38.57235923746265,0.19203149599504982,-155.45453431466748,0.03392764216966801,0.03736449830646021,0.15645109346915229,0.09899245743950208,0.02028725809443137,730.8333333333334,0.2208966186119191,0.1325553918194026,0.4063460636474625,0.034393430051015986,0.029827933844883425,0.033489925638406366,0.015463635956562373,0.4707384957151919,0.5375892843135607,0.4063460636474625,0.15193032101812182,0.10339527903334705,138.2263824951451,1.3593438841273762,-1227.1341855739054,0.7866666666666666,0.013333333333333334,0.7866666666666666,nominal,C:\Users\rabiei\My Research\reduced_order_lunar_lander_runs\lambda_sweep_deployment_fixed_seeds_333.npy,-1,2.0,0.3,20.0,0.19333333333333333,1.5,1000.0,15.0
C:\Users\rabiei\My Research\reduced_order_lunar_lander_runs\reduced_order_lander_lam1000_from_base_12upd_lam1000_20260529_185421\final_model.pt,pd,0.013333333333333334,False,150,0.8933333333333333,0.8266666666666667,0.99,-10.0,1000,1000.0,0.8133333333333334,C:\Users\rabiei\My Research\reduced_order_lunar_lander_runs\official_reset_deployment_eval\full_150eps_all_lambda_all_gains\lambda_1000\full_eval\logs\1000_zeta0p3_wn4.log,0.06273172762554678,150.02134667636895,39.22682975594005,0.2064969188328196,-169.26527531634412,0.032615516587587386,0.036037538758412375,0.1386311898937852,0.10213874959076444,0.015768882254193043,735.0133333333333,0.228553744875118,0.13175304388794548,0.5578021078949342,0.03286880754780911,0.028320601531150822,0.03370536749235749,0.013205473706802986,0.46017283718350505,0.5368074550272112,0.5578021078949342,0.1470127695405868,0.0967943976486499,138.03071569706972,1.4934270227559,-1358.1059427461973,0.7933333333333333,0.0,0.7933333333333333,nominal,C:\Users\rabiei\My Research\reduced_order_lunar_lander_runs\lambda_sweep_deployment_fixed_seeds_333.npy,-1,4.0,0.3,20.0,0.19333333333333333,1.5,1000.0,15.0
C:\Users\rabiei\My Research\reduced_order_lunar_lander_runs\reduced_order_lander_lam1000_from_base_12upd_lam1000_20260529_185421\final_model.pt,pd,0.02,False,150,0.9,0.8466666666666667,0.99,-10.0,1000,1000.0,0.8266666666666667,C:\Users\rabiei\My Research\reduced_order_lunar_lander_runs\official_reset_deployment_eval\full_150eps_all_lambda_all_gains\lambda_1000\full_eval\logs\1000_zeta0p3_wn6.log,0.06396640293956934,152.80248909828492,39.3783719409637,0.22202834284101972,-184.64510317236935,0.0219938533761524,0.025608178780252126,0.13708017474400472,0.08450085684036215,0.013518538717734408,728.3466666666667,0.22461350623160498,0.12748483612193132,0.675476312419213,0.0333311679159409,0.02846506487101189,0.035429520790503315,0.014196021953753529,0.46167062701392164,0.5362359148314572,0.675476312419213,0.1477853960807759,0.096576619042592,138.33791141095256,1.6596196913125951,-1521.3841355476434,0.8066666666666666,0.006666666666666667,0.8066666666666666,nominal,C:\Users\rabiei\My Research\reduced_order_lunar_lander_runs\lambda_sweep_deployment_fixed_seeds_333.npy,-1,6.0,0.3,20.0,0.16666666666666666,1.5,1000.0,15.0
C:\Users\rabiei\My Research\reduced_order_lunar_lander_runs\reduced_order_lander_lam1000_from_base_12upd_lam1000_20260529_185421\final_model.pt,pd,0.006666666666666667,False,150,0.8866666666666667,0.8333333333333334,0.99,-10.0,1000,1000.0,0.8266666666666667,C:\Users\rabiei\My Research\reduced_order_lunar_lander_runs\official_reset_deployment_eval\full_150eps_all_lambda_all_gains\lambda_1000\full_eval\logs\1000_zeta0p3_wn8.log,0.06221661956599851,154.59107910220112,39.5211615159572,0.23958270465883008,-202.05679198348594,0.021767663360951702,0.023348087465953318,0.13141212280861908,0.0953836688461403,0.012287369554030784,730.2133333333334,0.2248556895960609,0.1237533001066245,0.7832728157037813,0.03295349069180371,0.028267225901495864,0.03694686410587121,0.014478299669574353,0.45807167144241173,0.5377427010467187,0.7832728157037813,0.14681718919647238,0.09295350416072526,137.69687964627033,1.8192757796550685,-1679.2889672195345,0.8133333333333334,0.006666666666666667,0.8133333333333334,nominal,C:\Users\rabiei\My Research\reduced_order_lunar_lander_runs\lambda_sweep_deployment_fixed_seeds_333.npy,-1,8.0,0.3,20.0,0.17333333333333334,1.5,1000.0,15.0
C:\Users\rabiei\My Research\reduced_order_lunar_lander_runs\reduced_order_lander_lam1000_from_base_12upd_lam1000_20260529_185421\final_model.pt,pd,0.02666666666666667,False,150,0.8933333333333333,0.8333333333333334,0.99,-10.0,1000,1000.0,0.8066666666666666,C:\Users\rabiei\My Research\reduced_order_lunar_lander_runs\official_reset_deployment_eval\full_150eps_all_lambda_all_gains\lambda_1000\full_eval\logs\1000_zeta0p3_wn10.log,0.06126932621030541,150.79692104749017,39.574904959035266,0.24807566132023273,-210.4957769773689,0.021224987868893853,0.022830545542943524,0.13505618497744945,0.09542792653664947,0.01384219107093567,734.08,0.22495287719564844,0.12458643099360305,0.8340113346876719,0.03313613455510287,0.0281373238592236,0.03812879380294948,0.015571731370607071,0.45730682206453743,0.5381144901614792,0.8340113346876719,0.14631911611886897,0.09412783925677762,132.725017518378,1.904029770134382,-1767.914449086892,0.8,0.0,0.8,nominal,C:\Users\rabiei\My Research\reduced_order_lunar_lander_runs\lambda_sweep_deployment_fixed_seeds_333.npy,-1,10.0,0.3,20.0,0.17333333333333334,1.5,1000.0,15.0
C:\Users\rabiei\My Research\reduced_order_lunar_lander_runs\reduced_order_lander_lam1000_from_base_12upd_lam1000_20260529_185421\final_model.pt,pd,0.02,False,150,0.8933333333333333,0.84,0.99,-10.0,1000,1000.0,0.8266666666666667,C:\Users\rabiei\My Research\reduced_order_lunar_lander_runs\official_reset_deployment_eval\full_150eps_all_lambda_all_gains\lambda_1000\full_eval\logs\1000_zeta0p3_wn12.log,0.06149271074549205,154.19335663961917,39.6476288066214,0.253664419359681,-216.01175252920027,0.022645898686823783,0.02460202773950224,0.1312373629029064,0.09584498509764672,0.012616746654693693,725.7,0.224462181725499,0.12080688848975359,0.8584536970043833,0.03332093917562285,0.028136027263286123,0.039203855630571764,0.016342509268308804,0.4578559745079488,0.5376805060044216,0.8584536970043833,0.1465282504302523,0.09272975732556803,135.79724078524322,1.933675460136192,-1793.9961034965731,0.8133333333333334,0.006666666666666667,0.8133333333333334,nominal,C:\Users\rabiei\My Research\reduced_order_lunar_lander_runs\lambda_sweep_deployment_fixed_seeds_333.npy,-1,12.0,0.3,20.0,0.16,1.5,1000.0,15.0
C:\Users\rabiei\My Research\reduced_order_lunar_lander_runs\reduced_order_lander_lam1000_from_base_12upd_lam1000_20260529_185421\final_model.pt,pd,0.07333333333333333,False,150,0.7666666666666667,0.5866666666666667,0.99,-10.0,1000,1000.0,0.5733333333333334,C:\Users\rabiei\My Research\reduced_order_lunar_lander_runs\official_reset_deployment_eval\full_150eps_all_lambda_all_gains\lambda_1000\full_eval\logs\1000_zeta0p7_wn0p5.log,0.06392167243939433,54.59046850025826,30.081563600381525,0.15775414055471249,-129.62761157485318,0.10434963948197644,0.11691929915681068,0.4478496860547737,0.23536087883015475,0.16562707538957583,638.12,0.1522636858858622,0.22881629608996618,0.08738528471848321,0.04688666998915024,0.051089638722753516,0.0328853034984317,0.048505104580661665,0.6335574549123286,0.5345819743022205,0.08738528471848321,0.23291404640666186,0.32452722571246007,53.243893147759195,0.9936249272270016,-951.7968587267434,0.5466666666666666,0.24,0.5466666666666666,nominal,C:\Users\rabiei\My Research\reduced_order_lunar_lander_runs\lambda_sweep_deployment_fixed_seeds_333.npy,-1,0.5,0.7,20.0,0.14,1.5,1000.0,15.0
C:\Users\rabiei\My Research\reduced_order_lunar_lander_runs\reduced_order_lander_lam1000_from_base_12upd_lam1000_20260529_185421\final_model.pt,pd,0.05333333333333334,False,150,0.8466666666666667,0.7533333333333333,0.99,-10.0,1000,1000.0,0.7266666666666667,C:\Users\rabiei\My Research\reduced_order_lunar_lander_runs\official_reset_deployment_eval\full_150eps_all_lambda_all_gains\lambda_1000\full_eval\logs\1000_zeta0p7_wn1.log,0.06756698100178092,107.36067345919867,34.41110864533263,0.1836919074138203,-151.2656760119491,0.05634887686652898,0.06510884340554449,0.2795827919827691,0.1446916450187564,0.08310006631607,724.6133333333333,0.18861201063662272,0.17708030067071567,0.4081339203877315,0.04291728098545658,0.03884169253959212,0.034860702251265814,0.03295261908786341,0.5290470659187083,0.5328440319137384,0.4081339203877315,0.18740089670650475,0.16753974010055447,98.82091669871873,1.3354958506959762,-1242.627443903444,0.7066666666666667,0.08,0.7066666666666667,nominal,C:\Users\rabiei\My Research\reduced_order_lunar_lander_runs\lambda_sweep_deployment_fixed_seeds_333.npy,-1,1.0,0.7,20.0,0.16,1.5,1000.0,15.0
C:\Users\rabiei\My Research\reduced_order_lunar_lander_runs\reduced_order_lander_lam1000_from_base_12upd_lam1000_20260529_185421\final_model.pt,pd,0.04,False,150,0.8733333333333333,0.7666666666666667,0.99,-10.0,1000,1000.0,0.76,C:\Users\rabiei\My Research\reduced_order_lunar_lander_runs\official_reset_deployment_eval\full_150eps_all_lambda_all_gains\lambda_1000\full_eval\logs\1000_zeta0p7_wn2.log,0.0647277122221825,126.55524980845254,37.13874357561031,0.19856177748331938,-163.41520537939184,0.04506508241439102,0.04928663780486319,0.20603407977505758,0.1284814999749263,0.05321297515327871,729.5266666666666,0.2119064130493649,0.1627793548327813,0.5405968698811178,0.03751003994966875,0.0328505916111378,0.0343523892361517,0.021514789699649834,0.4865108392793964,0.5351198303885463,0.5405968698811178,0.16445937559645765,0.12031340088663811,115.04669556023819,1.4377380067569963,-1325.7732902818768,0.7533333333333333,0.05333333333333334,0.7533333333333333,nominal,C:\Users\rabiei\My Research\reduced_order_lunar_lander_runs\lambda_sweep_deployment_fixed_seeds_333.npy,-1,2.0,0.7,20.0,0.15333333333333332,1.5,1000.0,15.0
C:\Users\rabiei\My Research\reduced_order_lunar_lander_runs\reduced_order_lander_lam1000_from_base_12upd_lam1000_20260529_185421\final_model.pt,pd,0.013333333333333334,False,150,0.9,0.8466666666666667,0.99,-10.0,1000,1000.0,0.84,C:\Users\rabiei\My Research\reduced_order_lunar_lander_runs\official_reset_deployment_eval\full_150eps_all_lambda_all_gains\lambda_1000\full_eval\logs\1000_zeta0p7_wn4.log,0.06709928324674458,151.26485865210216,38.63239609960053,0.21951188334714705,-182.87444981843475,0.02599754552730398,0.02773905672785309,0.15960951281045804,0.0915896042684714,0.015827873803843224,725.5333333333333,0.2203617942099845,0.12626030772080257,0.703613442701797,0.03329598014439771,0.029757474973402698,0.0347069653582134,0.015122802914304732,0.47145270043669113,0.5348382833034467,0.703613442701797,0.15284789251510192,0.1044505350703035,136.2144534096696,1.6148526502583305,-1478.0984582728952,0.8133333333333334,0.013333333333333334,0.8133333333333334,nominal,C:\Users\rabiei\My Research\reduced_order_lunar_lander_runs\lambda_sweep_deployment_fixed_seeds_333.npy,-1,4.0,0.7,20.0,0.16,1.5,1000.0,15.0
C:\Users\rabiei\My Research\reduced_order_lunar_lander_runs\reduced_order_lander_lam1000_from_base_12upd_lam1000_20260529_185421\final_model.pt,pd,0.006666666666666667,False,150,0.9,0.8466666666666667,0.99,-10.0,1000,1000.0,0.8333333333333334,C:\Users\rabiei\My Research\reduced_order_lunar_lander_runs\official_reset_deployment_eval\full_150eps_all_lambda_all_gains\lambda_1000\full_eval\logs\1000_zeta0p7_wn6.log,0.060671627321207636,154.16619121163595,38.991456298738846,0.23452103501849772,-197.52451765177028,0.032102643817682595,0.034509330738742336,0.1480042706137497,0.09248522746066253,0.01314601039567511,722.8333333333334,0.2203616285743006,0.12566238514870234,0.804142803846753,0.03330046272960108,0.02920062609732271,0.03572024993705584,0.014305900788782884,0.4688666173257612,0.5389582613045405,0.804142803846753,0.15069693330748232,0.1024544656338436,136.98515473431732,1.7545276661572988,-1614.8181416123293,0.8266666666666667,0.006666666666666667,0.8266666666666667,nominal,C:\Users\rabiei\My Research\reduced_order_lunar_lander_runs\lambda_sweep_deployment_fixed_seeds_333.npy,-1,6.0,0.7,20.0,0.16,1.5,1000.0,15.0
C:\Users\rabiei\My Research\reduced_order_lunar_lander_runs\reduced_order_lander_lam1000_from_base_12upd_lam1000_20260529_185421\final_model.pt,pd,0.013333333333333334,False,150,0.9,0.84,0.99,-10.0,1000,1000.0,0.8333333333333334,C:\Users\rabiei\My Research\reduced_order_lunar_lander_runs\official_reset_deployment_eval\full_150eps_all_lambda_all_gains\lambda_1000\full_eval\logs\1000_zeta0p7_wn8.log,0.06725636855773848,153.35467636821375,39.18902738688891,0.2399364679686272,-202.74271171823403,0.034196531071623515,0.036290281781311176,0.14321836992086967,0.09202663602928321,0.015466420529685443,726.6933333333334,0.22514413325546584,0.13253513899494868,0.8332024516442664,0.033746931936543476,0.02880960143042059,0.0360911775391416,0.015208656296518687,0.46401479919183525,0.5341282046358808,0.8332024516442664,0.14877190153699493,0.09970751610904889,135.46382992163643,1.803458620888086,-1664.637811186539,0.82,0.006666666666666667,0.82,nominal,C:\Users\rabiei\My Research\reduced_order_lunar_lander_runs\lambda_sweep_deployment_fixed_seeds_333.npy,-1,8.0,0.7,20.0,0.16,1.5,1000.0,15.0
C:\Users\rabiei\My Research\reduced_order_lunar_lander_runs\reduced_order_lander_lam1000_from_base_12upd_lam1000_20260529_185421\final_model.pt,pd,0.013333333333333334,False,150,0.8933333333333333,0.8533333333333334,0.99,-10.0,1000,1000.0,0.8466666666666667,C:\Users\rabiei\My Research\reduced_order_lunar_lander_runs\official_reset_deployment_eval\full_150eps_all_lambda_all_gains\lambda_1000\full_eval\logs\1000_zeta0p7_wn10.log,0.06716342723767642,156.92410240239826,39.2567721801129,0.24377681774195925,-206.51506970523593,0.024114592659364765,0.026234896596165742,0.13937975507091022,0.08523468707998594,0.011293737392076265,725.4866666666667,0.22237439567358364,0.12583495881879264,0.8547372158682791,0.03350415939251652,0.028785713048266524,0.03652449011530945,0.014958326298251782,0.46452262199639693,0.5344594605437402,0.8547372158682791,0.1488073237003471,0.09828576049115685,138.60087373971513,1.8292058479358329,-1686.7914788667674,0.8266666666666667,0.0,0.8266666666666667,nominal,C:\Users\rabiei\My Research\reduced_order_lunar_lander_runs\lambda_sweep_deployment_fixed_seeds_333.npy,-1,10.0,0.7,20.0,0.16,1.5,1000.0,15.0
C:\Users\rabiei\My Research\reduced_order_lunar_lander_runs\reduced_order_lander_lam1000_from_base_12upd_lam1000_20260529_185421\final_model.pt,pd,0.013333333333333334,False,150,0.8933333333333333,0.8266666666666667,0.99,-10.0,1000,1000.0,0.8066666666666666,C:\Users\rabiei\My Research\reduced_order_lunar_lander_runs\official_reset_deployment_eval\full_150eps_all_lambda_all_gains\lambda_1000\full_eval\logs\1000_zeta0p7_wn12.log,0.06621837746503217,149.99391574567088,39.311802141971796,0.24606771294803584,-208.75120379474976,0.03152455136108377,0.03543095342601815,0.13379299669275113,0.09622692509243885,0.019779895151010324,734.08,0.22622877942439393,0.13580082372965208,0.8681772351921931,0.033462712057278146,0.028377384238810473,0.03708566445163852,0.015187193713338504,0.45982192972796193,0.535199481258919,0.8681772351921931,0.14713302489724978,0.09599755785699506,131.1617292635687,1.8883023011250946,-1752.989985379423,0.7933333333333333,0.006666666666666667,0.7933333333333333,nominal,C:\Users\rabiei\My Research\reduced_order_lunar_lander_runs\lambda_sweep_deployment_fixed_seeds_333.npy,-1,12.0,0.7,20.0,0.18666666666666668,1.5,1000.0,15.0
C:\Users\rabiei\My Research\reduced_order_lunar_lander_runs\reduced_order_lander_lam1000_from_base_12upd_lam1000_20260529_185421\final_model.pt,pd,0.09333333333333334,False,150,0.7266666666666667,0.58,0.99,-10.0,1000,1000.0,0.54,C:\Users\rabiei\My Research\reduced_order_lunar_lander_runs\official_reset_deployment_eval\full_150eps_all_lambda_all_gains\lambda_1000\full_eval\logs\1000_zeta1_wn0p5.log,0.058244774935797224,47.24842566163645,28.252366111285905,0.1637694235700678,-137.45531028034156,0.10003505316097289,0.11161693447243454,0.5114066096788548,0.2297107128923138,0.16820768195344118,599.5666666666667,0.1386578153404337,0.20705382545733175,0.24108821455181006,0.043793223296096875,0.05739168445422521,0.032113306394448905,0.05206703249754001,0.6841252299789022,0.5368914846877046,0.24108821455181006,0.2566147101928043,0.3961805345746647,43.243178522776965,1.003620213524828,-968.3631211965252,0.5266666666666666,0.26666666666666666,0.5266666666666666,nominal,C:\Users\rabiei\My Research\reduced_order_lunar_lander_runs\lambda_sweep_deployment_fixed_seeds_333.npy,-1,0.5,1.0,20.0,0.11333333333333333,1.5,1000.0,15.0
C:\Users\rabiei\My Research\reduced_order_lunar_lander_runs\reduced_order_lander_lam1000_from_base_12upd_lam1000_20260529_185421\final_model.pt,pd,0.02,False,150,0.8266666666666667,0.66,0.99,-10.0,1000,1000.0,0.6466666666666666,C:\Users\rabiei\My Research\reduced_order_lunar_lander_runs\official_reset_deployment_eval\full_150eps_all_lambda_all_gains\lambda_1000\full_eval\logs\1000_zeta1_wn1.log,0.07128344995812216,87.21780081942859,33.370846351679106,0.18513679110052805,-153.74545200908938,0.07210550509170086,0.0802750997498499,0.32971406293021716,0.18442023828470458,0.10968755810696734,716.3733333333333,0.17399850059100827,0.19584785566077245,0.4765290845773575,0.044670737368165896,0.041603819563247185,0.03408978637024161,0.037437321870016346,0.5606096842980051,0.5297898706417797,0.4765290845773575,0.19569874801040357,0.2120270994286496,77.34357494900775,1.3319860200603117,-1259.0956859075495,0.6333333333333333,0.15333333333333332,0.6333333333333333,nominal,C:\Users\rabiei\My Research\reduced_order_lunar_lander_runs\lambda_sweep_deployment_fixed_seeds_333.npy,-1,1.0,1.0,20.0,0.19333333333333333,1.5,1000.0,15.0
C:\Users\rabiei\My Research\reduced_order_lunar_lander_runs\reduced_order_lander_lam1000_from_base_12upd_lam1000_20260529_185421\final_model.pt,pd,0.013333333333333334,False,150,0.8466666666666667,0.7533333333333333,0.99,-10.0,1000,1000.0,0.7466666666666667,C:\Users\rabiei\My Research\reduced_order_lunar_lander_runs\official_reset_deployment_eval\full_150eps_all_lambda_all_gains\lambda_1000\full_eval\logs\1000_zeta1_wn2.log,0.06304878361648908,117.62000873115345,36.3814888087218,0.20303234415999458,-168.64177964565138,0.05184536280578565,0.05585514809064525,0.23811756297099837,0.13917732268416633,0.06613155047949022,720.7733333333333,0.20298120395641175,0.17285667885721112,0.6060724525221572,0.038865602278929316,0.03490213305228075,0.0348869152288087,0.024214953953159146,0.5023214246523957,0.5363492763838377,0.6060724525221572,0.17198989707358156,0.13579840322082995,104.83348922247522,1.4729213838604944,-1369.7168417960079,0.7266666666666667,0.1,0.7266666666666667,nominal,C:\Users\rabiei\My Research\reduced_order_lunar_lander_runs\lambda_sweep_deployment_fixed_seeds_333.npy,-1,2.0,1.0,20.0,0.16,1.5,1000.0,15.0
C:\Users\rabiei\My Research\reduced_order_lunar_lander_runs\reduced_order_lander_lam1000_from_base_12upd_lam1000_20260529_185421\final_model.pt,pd,0.013333333333333334,False,150,0.8866666666666667,0.82,0.99,-10.0,1000,1000.0,0.8133333333333334,C:\Users\rabiei\My Research\reduced_order_lunar_lander_runs\official_reset_deployment_eval\full_150eps_all_lambda_all_gains\lambda_1000\full_eval\logs\1000_zeta1_wn4.log,0.07329794303245299,143.45414502410156,38.10745716015156,0.22752619734398546,-191.41427790827962,0.031235503136789095,0.03502714395358383,0.16758490729835698,0.10222419372449319,0.03183229205316251,737.7066666666667,0.2218625096236637,0.13708142162092038,0.7683953561083243,0.03559410281274425,0.03025061329803848,0.03556821611360912,0.019099440812653874,0.47370478231760427,0.5305683950576776,0.7683953561083243,0.15416458729520746,0.10685274097589324,126.78615767471929,1.7170692435113188,-1588.3692318205508,0.7933333333333333,0.03333333333333333,0.7933333333333333,nominal,C:\Users\rabiei\My Research\reduced_order_lunar_lander_runs\lambda_sweep_deployment_fixed_seeds_333.npy,-1,4.0,1.0,20.0,0.16,1.5,1000.0,15.0
C:\Users\rabiei\My Research\reduced_order_lunar_lander_runs\reduced_order_lander_lam1000_from_base_12upd_lam1000_20260529_185421\final_model.pt,pd,0.006666666666666667,False,150,0.8866666666666667,0.82,0.99,-10.0,1000,1000.0,0.8133333333333334,C:\Users\rabiei\My Research\reduced_order_lunar_lander_runs\official_reset_deployment_eval\full_150eps_all_lambda_all_gains\lambda_1000\full_eval\logs\1000_zeta1_wn6.log,0.06246712935757948,147.8113118026665,38.668327847908934,0.23592191920931177,-199.24849802154569,0.03774472257352197,0.04078623151036164,0.15272171512926147,0.10200186681002378,0.025956552690761716,722.26,0.21587726186686595,0.13468398687358762,0.8344550094109402,0.033733693699690336,0.02968670384242665,0.03577105999907369,0.015714011098366065,0.4709998207242946,0.5369351971577935,0.8344550094109402,0.1532034463616174,0.10330376505959295,129.96467337124488,1.7607949994126777,-1627.4288876100113,0.8066666666666666,0.02666666666666667,0.8066666666666666,nominal,C:\Users\rabiei\My Research\reduced_order_lunar_lander_runs\lambda_sweep_deployment_fixed_seeds_333.npy,-1,6.0,1.0,20.0,0.16,1.5,1000.0,15.0
C:\Users\rabiei\My Research\reduced_order_lunar_lander_runs\reduced_order_lander_lam1000_from_base_12upd_lam1000_20260529_185421\final_model.pt,pd,0.013333333333333334,False,150,0.9,0.84,0.99,-10.0,1000,1000.0,0.8333333333333334,C:\Users\rabiei\My Research\reduced_order_lunar_lander_runs\official_reset_deployment_eval\full_150eps_all_lambda_all_gains\lambda_1000\full_eval\logs\1000_zeta1_wn8.log,0.06216265396010503,151.5900451781949,38.94120887293955,0.23944347771997598,-202.49733053865646,0.03592280055695483,0.038618585482455135,0.1503069374530851,0.09177985140432914,0.01741301595618629,726.46,0.2191298008513285,0.13472087779604108,0.8604807353861255,0.03338727710415867,0.029254361969704174,0.035777095031852495,0.01490024029988021,0.4677725215458774,0.5375830426592596,0.8604807353861255,0.15090587995724414,0.10129617008742746,133.10313150920848,1.7987293560482465,-1661.668510870052,0.8266666666666667,0.013333333333333334,0.8266666666666667,nominal,C:\Users\rabiei\My Research\reduced_order_lunar_lander_runs\lambda_sweep_deployment_fixed_seeds_333.npy,-1,8.0,1.0,20.0,0.14666666666666667,1.5,1000.0,15.0
C:\Users\rabiei\My Research\reduced_order_lunar_lander_runs\reduced_order_lander_lam1000_from_base_12upd_lam1000_20260529_185421\final_model.pt,pd,0.02,False,150,0.9,0.8466666666666667,0.99,-10.0,1000,1000.0,0.82,C:\Users\rabiei\My Research\reduced_order_lunar_lander_runs\official_reset_deployment_eval\full_150eps_all_lambda_all_gains\lambda_1000\full_eval\logs\1000_zeta1_wn10.log,0.0665367652915286,149.4238096411188,39.081385005308825,0.24424020990359055,-207.15383259853877,0.024827394782478224,0.0256839130230758,0.14988098383855875,0.09131826833511392,0.017482421595382096,728.5066666666667,0.22276191849527413,0.1299344908049526,0.8692302074542958,0.033751447201690286,0.02900051213456867,0.03642764437262597,0.015539068756611376,0.46450075409150526,0.5349497792033439,0.8692302074542958,0.14999148754977298,0.09920649015522921,130.72735317883277,1.8408776177675494,-1706.0239414597634,0.7933333333333333,0.013333333333333334,0.7933333333333333,nominal,C:\Users\rabiei\My Research\reduced_order_lunar_lander_runs\lambda_sweep_deployment_fixed_seeds_333.npy,-1,10.0,1.0,20.0,0.17333333333333334,1.5,1000.0,15.0
C:\Users\rabiei\My Research\reduced_order_lunar_lander_runs\reduced_order_lander_lam1000_from_base_12upd_lam1000_20260529_185421\final_model.pt,pd,0.013333333333333334,False,150,0.8933333333333333,0.8333333333333334,0.99,-10.0,1000,1000.0,0.8133333333333334,C:\Users\rabiei\My Research\reduced_order_lunar_lander_runs\official_reset_deployment_eval\full_150eps_all_lambda_all_gains\lambda_1000\full_eval\logs\1000_zeta1_wn12.log,0.0668143812265692,149.05672645742598,39.176555874155945,0.24465049150917556,-207.46903930356459,0.03103476095685134,0.03484297137801842,0.14038139137241848,0.09530811271319786,0.01771344345459021,734.1133333333333,0.22389030465503482,0.13580904160180096,0.8798754240891125,0.03317894499302681,0.02874136369523471,0.03668388668950763,0.01497294465443624,0.46273630895104767,0.5352838432771748,0.8798754240891125,0.14814549429860818,0.09849130265700404,129.97212018268516,1.87484656603546,-1740.4721062447004,0.7866666666666666,0.006666666666666667,0.7866666666666666,nominal,C:\Users\rabiei\My Research\reduced_order_lunar_lander_runs\lambda_sweep_deployment_fixed_seeds_333.npy,-1,12.0,1.0,20.0,0.19333333333333333,1.5,1000.0,15.0
