episode,reset_seed,task_return,train_return,variation,length,success,crash,out_of_bounds,discounted_task_return,discounted_variation,discounted_train_return,min_distance_to_pad,mean_distance_to_pad,final_distance_to_pad,mean_speed,final_speed,min_abs_x,final_abs_x,final_y,near_pad_fraction_0p2,near_pad_fraction_0p1,final_m_power,mean_m_power,last50_mean_m_power,final_main_cmd,positive_main_fraction,final_theta_abs,mean_theta_abs,final_theta_variation,mean_theta_variation,final_both_legs_contact,both_legs_contact_fraction,ever_both_legs_contact,low_velocity_fraction,final_lander_awake,landing_candidate
0,464507548,136.2456633546622,-1162.1378104509902,1.2823634738056546,801,True,False,False,5.24859849521295,0.13323718240690355,-129.9879459114117,0.001457860602477237,0.4199204314165396,0.0014618173581472124,0.09699751485482219,0.0,2.384185791015625e-06,0.001196193741634488,0.0008402562234550714,0.42946317103620474,0.2759051186017478,0.0,0.5476304299216113,0.2654011586494744,-0.06924854964017868,0.9575530586766542,0.001709923019442944,0.015062864926300507,2.6007432520503554e-09,0.0016009531508185426,1.0,0.03495630461922597,1.0,0.2983770287141074,0.0,1.0
1,172674724,41.40619304119611,-1791.6628786431254,1.8130690716843203,1000,False,False,False,66.49069243005275,0.19299114401600614,-128.50036524345828,0.11603615084032026,0.30468710834437784,0.12095540468733297,0.07813184876452069,0.010898059263872904,0.11602888256311417,0.12095355987548828,-0.0006680393125861883,0.561,0.0,0.0,0.5523015585760586,0.20293676099739968,-0.07126070559024811,0.962,0.008543464339423667,0.011259993966299536,0.0009426855548911803,0.0018130690716843241,1.0,0.039,1.0,0.609,1.0,0.0
2,163903425,222.61944898731602,-1207.3401577477816,1.4183196067350976,582,True,False,False,28.13566624046293,0.18587955574624226,-159.7381256480639,0.13351116752653097,0.5375588981044351,0.13351383917184495,0.1740273658121314,0.0,0.0020301819313317537,0.13344630599021912,0.004246017895638943,0.3865979381443299,0.0,0.0,0.43511250124860407,0.030162361352704465,-0.06996890157461166,0.7336769759450171,0.00914018602321349,0.03466526256643115,7.802229756367907e-09,0.002436975269304292,1.0,0.21477663230240548,1.0,0.3075601374570447,0.0,0.0
3,1019325551,-108.29978208912071,-244.97435737563933,0.13567457528651866,50,False,False,True,-70.41990508961823,0.12816440669900367,-199.37429965434683,1.57759183533471,1.702153241643981,1.7721447633484946,0.6923896439511781,0.5601132049393008,0.6701469421386719,1.003616452217102,1.4605653285980225,0.0,0.0,0.5894143283367157,0.40871976340655236,0.40871976340655236,0.1788286566734314,0.74,0.10339102915041358,0.10767268332468022,0.0010098686047634448,0.0027134915057303744,0.0,0.0,0.0,0.0,1.0,0.0
4,1629015762,208.9751727559546,-759.3329465102598,0.955788119266214,626,True,False,False,36.363481089856585,0.15600042736030204,-121.63324234860455,0.030240506950574144,0.5298640213905985,0.035638683488159406,0.13136860742791195,0.0,2.002715973503655e-06,0.03560047224164009,0.0016498899785801768,0.2763578274760383,0.17252396166134185,0.0,0.5319462454852316,0.20455882713198661,-0.06954265385866165,0.9089456869009584,0.0037016368953363,0.021511717123520093,1.8205202764135647e-08,0.0015268180818949107,1.0,0.054313099041533544,1.0,0.09424920127795527,0.0,1.0
5,1449951718,190.39223389076062,-929.5838934613329,1.1044361273520915,777,True,False,False,47.45447157478376,0.12778359639496417,-82.32831278246994,0.01515665164546651,0.4492661614446052,0.01518424610489959,0.13204857014522361,0.0,0.015116882510483265,0.015144539065659046,0.0010973906610161066,0.3745173745173745,0.1788931788931789,0.0,0.5633280296921442,0.26567181400954726,-0.06924031674861908,0.9652509652509652,0.0009352067925770602,0.012606370463202949,5.201486504100711e-09,0.0014214107173128605,1.0,0.036036036036036036,1.0,0.1994851994851995,0.0,1.0
6,1892108963,-66.5841870173812,-217.97613043828824,0.1499319434209071,73,False,False,True,-24.947905827948183,0.1341556845866054,-160.14330750141073,1.4037725873039553,1.479824688721908,1.4037725873039553,0.38195952710681125,0.23806696528833146,0.7975265383720398,1.0010818243026733,0.9840795993804932,0.0,0.0,0.5692071616649628,0.6179630844152137,0.5976708966493607,0.13841432332992554,1.0,0.06511681657487835,0.07884771219132344,0.0005237272731209025,0.0020538622386425624,0.0,0.0,0.0,0.0,1.0,0.0
7,1353470719,202.17591115133825,-1013.4770207244746,1.2003529318758126,765,True,False,False,50.14245720971138,0.19389342577420177,-145.75005244132987,0.09703421330136096,0.4296434121053966,0.09781782372329012,0.14097839825427388,0.0,0.0001968383730854839,0.09781646728515625,0.0005151366931386292,0.4300653594771242,0.10980392156862745,0.0,0.5593150967391196,0.30338081836700437,-0.06929127871990204,0.9620915032679739,0.007245287740713128,0.03029152532892322,2.6007432520069873e-08,0.001569088799837662,1.0,0.03398692810457516,1.0,0.3333333333333333,0.0,1.0
8,676069518,140.12193300327044,-1224.6672257071496,1.34704915871042,887,True,False,False,26.255574133238117,0.15099659267315624,-126.74074972856701,0.06258336265030638,0.37145721532410914,0.06261120054458642,0.09493011409408456,0.0,0.03693952411413193,0.06259851157665253,0.0012604689691215754,0.5219842164599775,0.4487034949267193,0.0,0.54283910827738,0.2305813692137599,-0.0694790855050087,0.9470124013528749,0.005230792654303611,0.014174723275379528,2.0805946016402843e-08,0.0015186574506318158,1.0,0.03494926719278467,1.0,0.42390078917700114,0.0,1.0
9,1315085260,2.3305641514248556,-1500.384926017681,1.4827154901691053,1000,False,False,False,28.51534152032027,0.18271173505996982,-156.19630719715457,0.0478376713743372,0.3716430080005758,0.0478376713743372,0.09808365005387852,0.03904088174256507,5.607604907709174e-05,0.03433113172650337,0.03331390395760536,0.532,0.405,0.582807756960392,0.5714731736639515,0.5726837978512048,0.165615513920784,1.0,0.005042733559935098,0.01848660965480357,0.0011656703554841176,0.001482715490169106,0.0,0.0,0.0,0.392,1.0,0.0
10,1377954153,181.07697250936187,-516.4199489002577,0.6873369214096192,508,True,False,False,15.56377706018744,0.12822648936773817,-114.65058655081624,0.16027207071861835,0.5913409723802538,0.16027265197501886,0.14813286207780965,0.0,0.16027125716209412,0.16027183830738068,0.0005107021424919367,0.20866141732283464,0.0,0.0,0.5358757213909384,0.1630170348659158,-0.06911778450012207,0.9212598425196851,0.010774036002162915,0.009113161027237715,2.6007432527008767e-09,0.0013530254358457062,1.0,0.07283464566929133,1.0,0.0984251968503937,0.0,0.0
11,681462722,205.4238782656931,-662.9362204374814,0.8570800987031747,564,True,False,False,24.913865714966512,0.1642195254695475,-141.29875290896402,0.04527960273260785,0.5691834192714583,0.04530734977653986,0.1672546555179617,0.0,0.04526243358850479,0.045290183275938034,0.0012470936635509133,0.2198581560283688,0.13829787234042554,0.0,0.5115377053226562,0.061826440766453744,-0.0694659873843193,0.898936170212766,0.004261566514525459,0.028459290423636274,1.0402973008201422e-08,0.0015196455650765518,1.0,0.07446808510638298,1.0,0.06028368794326241,0.0,1.0
12,1906037396,-81.7992082752753,-232.13610127329306,0.1489968929980178,67,False,False,True,-42.14921769784149,0.13589532689457118,-179.0245730999135,1.470691876462064,1.513271675729273,1.470691876462064,0.5281298352486136,0.36250943904235056,0.6877595782279968,1.0025583505630493,1.0760164260864258,0.0,0.0,0.5852751433849335,0.5925457635129899,0.5977625858783722,0.17055028676986694,1.0,0.08236416559936906,0.10112284138533767,0.00026297155318580345,0.002223834223851013,0.0,0.0,0.0,0.0,1.0,0.0
13,1887175263,208.69765186011801,-1034.4016629546488,1.2267993148147691,815,True,False,False,64.03720433584147,0.18924572817695304,-127.20796958104127,0.031719578523699415,0.3433687506267606,0.035477050811499926,0.15583367533841633,0.0,0.00020332336134742945,0.03547382354736328,0.00047851563431322575,0.48588957055214727,0.1950920245398773,0.0,0.5545619465456418,0.239354068338871,-0.06927943229675293,0.9631901840490797,0.003751183329937826,0.03461377880705474,2.3406689268236358e-08,0.0015052752329015539,1.0,0.03803680981595092,1.0,0.18895705521472392,0.0,1.0
14,297761393,-110.24526420151815,-238.45766271951274,0.12707239851799457,57,False,False,True,-66.53627054879387,0.1130270906948158,-180.43555086270487,1.5621869115211502,1.6613606522705242,1.6848223629467098,0.6871922165729175,0.6282981028749347,0.6311994791030884,1.0032726526260376,1.3535399436950684,0.0,0.0,0.569911316037178,0.34911176635834734,0.3979874136485159,0.13982263207435608,0.6491228070175439,0.10287647729948585,0.09056612621689412,0.00022767946725575638,0.0022293403248770977,0.0,0.0,0.0,0.0,1.0,0.0
15,241769223,56.580041400995285,-1522.9551027102814,1.5595351441112792,1000,False,False,False,46.4507118981454,0.1681536875194422,-123.70288927880245,0.13553470536106296,0.43858088081631075,0.13553470536106296,0.14200580813365288,0.0232350215215639,0.0002094268857035786,0.1314225196838379,0.033132728189229965,0.519,0.0,0.5853418260812759,0.5536635351432487,0.5764168421179057,0.17068365216255188,0.975,0.009110885399550302,0.026228467095825835,0.00026053790768772525,0.001559535144111278,0.0,0.0,0.0,0.44,1.0,0.0
16,233261862,202.87990011024522,-745.2861236840126,0.9355060237942573,633,True,False,False,28.225022464369218,0.1419087890275523,-115.68031426598387,0.1235686769626283,0.6227514836197343,0.12357782871166587,0.14257552614982857,0.0,0.12354584038257599,0.12355498969554901,0.002375767333433032,0.1943127962085308,0.0,0.0,0.4576703476968573,0.010037254374474287,-0.0696198046207428,0.8009478672985783,0.008637148963034124,0.018790778159517508,1.0402973009068783e-08,0.0014778926126291585,1.0,0.12954186413902052,1.0,0.07582938388625593,0.0,0.0
17,1516995425,18.02873937665719,-1490.633491612994,1.488662230989651,1000,False,False,False,23.829648779851585,0.15036328593920317,-128.53355081685706,0.05199011925903286,0.4526113605020959,0.07923478380490091,0.11115640267753665,0.010678490355325402,0.02676067315042019,0.02689523622393608,0.07453051209449768,0.459,0.284,0.5528997033834457,0.558216859751963,0.5184929466806352,0.10579940676689148,0.98,0.01132092874561546,0.022218149112252714,0.003951214295681248,0.0014886622309896516,0.0,0.0,0.0,0.384,1.0,0.0
18,956231059,8.132502092607234,-1615.7116925853059,1.6038441946779118,1000,False,False,False,41.047627928641425,0.12332644102270389,-84.27872675156789,0.08531085950891594,0.353831302729413,0.08531085950891594,0.10286999612101662,0.015182434302925549,3.166198803228326e-05,0.07363691180944443,0.04307607188820839,0.508,0.041,0.5660680681467056,0.5715567985717207,0.5827401182800531,0.13213613629341125,1.0,0.0041216393755222755,0.01469192065707624,0.0010069853557756634,0.0016038441946779117,0.0,0.0,0.0,0.415,1.0,0.0
19,1399996587,68.7506292830221,-1478.159389389716,1.5269100186727382,1000,False,False,False,38.405268379988506,0.17658539855650499,-140.18004383402206,0.009182535447853095,0.38558849722268335,0.016929803707212414,0.1468922715012229,0.024586400252165994,0.00018987656221725047,0.01692829094827175,0.00022631644969806075,0.515,0.329,0.0,0.5666199752455577,0.5644623047113418,-0.05495499446988106,0.975,0.013722248305451892,0.029937954673912998,0.0014576021600600092,0.0015269100186727379,1.0,0.002,1.0,0.294,1.0,1.0
20,908945483,24.67027779476502,-1438.3673880527417,1.4430376658475073,1000,False,False,False,23.281876365579567,0.16457858505990722,-143.2966223518334,0.03650020199352531,0.4486037698280976,0.03673468441521403,0.13785175876903488,0.05127793714156035,0.03205842897295952,0.03205842897295952,0.01793583482503891,0.42,0.178,0.5378356613218784,0.5658771126781358,0.5714329052716494,0.07567132264375687,0.983,0.003241647987650355,0.030930057571095154,0.0008562891891516333,0.0014430376658475077,0.0,0.0,0.0,0.32,1.0,0.0
21,988018957,215.3104085206055,-556.0361539386545,0.7608265624592606,526,True,False,False,41.38082262696575,0.17539734394265946,-136.00640220483072,0.06874840043421791,0.47476041362946325,0.06876957945448706,0.14912401703062464,0.0,0.06358194351196289,0.06876850128173828,-0.0003850841603707522,0.26996197718631176,0.12167300380228137,0.0,0.5446580823691484,0.2893833528086543,-0.06912025064229965,0.9296577946768061,0.005648331905537007,0.02833723023498127,2.6007432527008767e-09,0.001446438331671597,1.0,0.055133079847908745,1.0,0.14638783269961977,0.0,1.0
22,1811609170,193.73927797051155,-665.594803925061,0.848154081895572,559,True,False,False,25.74789042035218,0.1691830526948486,-145.42789947966725,0.159486526713969,0.5731053607584833,0.15951180270023432,0.1548202084735755,0.0,0.0011075973743572831,0.15950794517993927,0.0011093354551121593,0.1449016100178891,0.0,0.0,0.5438744964258002,0.23248962230980397,-0.06923846900463104,0.9284436493738819,0.010714844386118328,0.026604271802055747,2.6007432521804597e-08,0.001517270271727321,1.0,0.057245080500894455,1.0,0.1556350626118068,0.0,0.0
23,1520953939,174.8963085096331,-1189.2405807467198,1.3467968892563529,867,True,False,False,37.02790682932795,0.13210801974373687,-97.07978425678454,0.03179697027403536,0.4463595773770926,0.03182498965448792,0.11506982426669655,0.0,0.0002693176211323589,0.031794168055057526,0.0014003014657646418,0.40945790080738176,0.1903114186851211,0.0,0.5382851421652575,0.258479061126709,-0.06947977095842361,0.9446366782006921,0.003501739217684544,0.01789427470161564,1.5604459512302132e-08,0.001553398949545967,1.0,0.03229527104959631,1.0,0.31141868512110726,0.0,1.0
24,1762306363,195.66320772689943,-904.1390324887232,1.085322240215623,724,True,False,False,31.722284837656172,0.16823766289938583,-138.51399477922448,0.027052136399868344,0.5554448640460958,0.027079412656139352,0.14679734221413046,0.0,0.027051735669374466,0.027079010382294655,0.00014760256453882903,0.17403314917127072,0.11878453038674033,0.0,0.5043765426979921,0.14185961710289122,-0.06918661296367645,0.9019337016574586,0.0033018597452355524,0.03352307520705933,1.5604459512302132e-08,0.0014990638677011361,1.0,0.058011049723756904,1.0,0.09392265193370165,0.0,1.0
25,1960256931,200.8416370868685,-1148.5622441007881,1.3328238811876554,829,True,False,False,57.316334799542275,0.19682251518287844,-141.50569887222082,0.04519725106162673,0.40856381713148726,0.04542648333414828,0.12850398443081712,0.0,7.61985793360509e-05,0.045397184789180756,0.001631257589906454,0.38600723763570566,0.19059107358262967,0.0,0.5553755840720256,0.27163163661956785,-0.06955164670944214,0.9686369119420989,0.004249560508395367,0.021996179421795672,1.560445951186845e-08,0.0016077489519754592,1.0,0.032569360675512665,1.0,0.28950542822677927,0.0,1.0
26,261608047,-83.29598462060093,-224.66611277217368,0.14005012815157278,66,False,False,True,-42.30966007623753,0.12646468199731128,-169.74406783870126,1.4724517841963836,1.5202037898050673,1.4724517841963836,0.4410031105050113,0.312983570009383,0.7537487149238586,1.0013662576675415,1.0795276165008545,0.0,0.0,0.5831044018268585,0.5942326918470137,0.5897139921784401,0.16620880365371704,1.0,0.07298632235741338,0.08837511799378585,0.00019303756713870412,0.0021219716386601936,0.0,0.0,0.0,0.0,1.0,0.0
27,628052497,211.8637832807377,-761.5961893757507,0.9605399726564893,646,True,False,False,26.529497842574234,0.19386376769124342,-169.33124038529928,0.1038771647789991,0.595728295132777,0.10390491870778958,0.2019606037544155,0.0,0.0003372192441020161,0.10389681160449982,0.0012979484163224697,0.25386996904024767,0.0,0.0,0.5336904898891369,0.12365037802606821,-0.06944550573825836,0.9318885448916409,0.007559592114021706,0.03845137894443198,2.6007432520069873e-08,0.0014869039824403857,1.0,0.05727554179566564,1.0,0.05727554179566564,0.0,0.0
28,2107186230,178.6957510553534,-894.9287234424047,1.0600444744977569,679,True,False,False,27.47768988372359,0.16105493244044258,-135.5750682183608,0.00575233929453344,0.38062418556685,0.005782990574152094,0.10954615571820542,0.0,0.005748557858169079,0.005779170896857977,0.00021015167294535786,0.5213549337260678,0.36082474226804123,0.0,0.544363932178283,0.27251441224012524,-0.06913233548402786,0.9410898379970545,0.002125496108777805,0.021113103341234795,7.802229755934226e-09,0.0015611847930747534,1.0,0.041237113402061855,1.0,0.3755522827687776,0.0,1.0
29,1280894744,-14.48476299792523,-509.75999752971217,0.48821523453178695,353,False,True,False,43.81960471657299,0.17603543126871748,-134.1582489348667,0.3925489057799947,0.8158621473241804,0.3925489057799947,0.21172012339042826,0.12838583565261502,0.3822365701198578,0.3822365701198578,0.08938594907522202,0.0,0.0,0.5723381489515305,0.6004229470791965,0.5585579372942447,0.1446762979030609,1.0,0.015141714466835751,0.037233654213607324,0.0016106702045298894,0.0013830459901750345,0.0,0.0,0.0,0.0,1.0,0.0
30,1308163710,210.44558419112585,-656.1094565848457,0.8540150407759715,627,True,False,False,13.798909270408224,0.12727188290725225,-115.4693067542218,0.010615860802636027,0.6711490531062353,0.010625707279580846,0.2024031006068077,0.0,0.0001886367826955393,0.010608101263642311,-0.0006114268326200545,0.2631578947368421,0.21371610845295055,0.0,0.47005478014383745,0.253708453271538,-0.06886635720729828,0.8437001594896332,0.0012762128343077818,0.033217488740152616,5.201486504100711e-09,0.0013620654557830482,1.0,0.06698564593301436,1.0,0.11004784688995216,0.0,1.0
31,12673048,194.33601393310818,-2028.2753418828786,2.2069113558159854,785,True,False,False,29.939680375494458,0.17264453467191396,-144.70410499293013,0.13905215187560152,0.4024669130299473,0.1390632165950701,0.10128247356976207,0.0,0.13898201286792755,0.1389930695295334,0.0044164275750517845,0.4305732484076433,0.0,0.0,0.3738426073000523,0.03042156687937677,-0.06998147815465927,0.640764331210191,0.009452225149149548,0.017088882223776282,1.560445951100109e-08,0.00281135204562546,1.0,0.2917197452229299,1.0,0.44713375796178345,0.0,0.0
32,889932132,223.94458783056186,-875.0019279311042,1.0870065157616662,597,True,False,False,55.78564625337426,0.20537405308801443,-151.5834495806571,0.08356637982509521,0.5168416564417927,0.08358095469625082,0.14713533282118096,0.0,0.08356189727783203,0.08357648551464081,0.000864324567373842,0.22445561139028475,0.10887772194304858,0.0,0.49882515988214576,0.1782380313752219,-0.06938375532627106,0.8592964824120602,0.006428247993442419,0.02663485050529435,3.12089190237369e-08,0.0018207814334366265,1.0,0.08877721943048576,1.0,0.08207705192629816,0.0,1.0
33,1075134211,5.6452334943926274,-1538.9194614493724,1.5245646949437681,1000,False,False,False,37.069223599654,0.14826711175167737,-113.19780180952895,0.05940373559767358,0.34309884879521313,0.09496893539110883,0.08860955894544893,0.03818082018781402,0.049204252660274506,0.08824662864208221,0.03509460389614105,0.629,0.339,0.5756265372037888,0.5593951881516259,0.5756299352645874,0.15125307440757751,0.977,0.017872739351333475,0.015513585852126529,0.002820734922233264,0.0015245646949437652,0.0,0.0,0.0,0.547,1.0,0.0
34,865824620,205.9802752547839,-718.8519860441571,0.9127722612989413,603,True,False,False,18.29506225898339,0.14154262927700922,-125.2428998618051,0.04075408131058326,0.6231588506325854,0.040781546173088566,0.19115588416622664,0.0,0.040746401995420456,0.040773868560791016,0.0007912969449535012,0.2752902155887231,0.208955223880597,0.0,0.4915300999480612,0.22888248114846646,-0.0693584755063057,0.867330016583748,0.004031053537496614,0.04050560441964304,1.0402973008201422e-08,0.0015137185096168178,1.0,0.05638474295190713,1.0,0.14593698175787728,0.0,1.0
35,1400560478,145.57944686589747,-1323.064198416247,1.4496036452821435,952,True,False,False,26.38191978021537,0.12537705595698195,-100.99499630332798,0.03303796747897421,0.3985788456377733,0.03565147185847274,0.1059766306226773,0.0,0.00020151138596702367,0.035608578473329544,0.001748309121467173,0.5105042016806722,0.2972689075630252,0.0,0.5470282220811888,0.25726228170096876,-0.06956487149000168,0.9558823529411765,0.003697294304291222,0.015671613500484623,2.6007432520069873e-08,0.0015226929047081348,1.0,0.03046218487394958,1.0,0.35189075630252103,0.0,1.0
36,1099137468,-108.4065002548974,-224.79252951556896,0.11554602926067147,42,False,False,True,-74.69462446092646,0.10568466437452023,-181.06797039429836,1.5998443105332618,1.7037283593172732,1.7459007419586228,0.7175039431263368,0.6394708008378742,0.7181223034858704,1.0038312673568726,1.4284579753875732,0.0,0.0,0.5289112161844969,0.27060398930639384,0.27060398930639384,0.05782243236899376,0.5238095238095238,0.09707713193664806,0.0857961795870943,1.2015433824383304e-05,0.0027510959347778925,0.0,0.0,0.0,0.0,1.0,0.0
37,308651950,147.4644522631425,-1222.4885549961546,1.3525730072592985,869,True,False,False,16.435350514427636,0.13583222583515286,-121.39655320338747,0.07653167148861195,0.4719652386125106,0.07655913453773419,0.11879523750981731,0.0,0.07653103023767471,0.07655849307775497,0.00031339883571490645,0.44533947065592633,0.08975834292289989,0.0,0.5286308939125811,0.21657869689166545,-0.06927009671926498,0.9378596087456847,0.006055813107336082,0.018715501227810426,1.0402973008201422e-08,0.0015564706642799738,1.0,0.05868814729574223,1.0,0.3049482163406214,0.0,1.0
38,2135886441,202.47027956731617,-961.9191026403146,1.150169382207632,711,True,False,False,54.493674653236226,0.1456689330678072,-93.1736820620177,0.013904050589368484,0.4228471918760898,0.014080383013388664,0.14076907343591266,0.0,8.363723463844508e-05,0.014078998938202858,0.00019742011500056833,0.4641350210970464,0.1617440225035162,0.0,0.566646090964099,0.2667901301383972,-0.06915977597236633,0.960618846694796,0.00258203057923924,0.01628589369918021,1.3003716260468617e-08,0.0016176784559882292,1.0,0.040787623066104076,1.0,0.16877637130801687,0.0,1.0
39,2123588507,205.23734803739944,-1127.9431260472109,1.3178804740846097,765,True,False,False,60.36022487756616,0.2219927129989335,-163.63157199820625,0.03361775233843737,0.39015951641882146,0.033649614933012474,0.12225399093977311,0.0,1.182556115963962e-05,0.03364906460046768,0.00019244909344706684,0.4522875816993464,0.28888888888888886,0.0,0.5562354216412976,0.2744643843919039,-0.06891297549009323,0.9660130718954248,1.2098657608445913e-05,0.02430219744405119,2.6007432520300266e-09,0.0017227195739668098,1.0,0.03398692810457516,1.0,0.3686274509803922,0.0,1.0
40,1731118266,5.003436775691684,-1528.623601585377,1.5136270383610686,1000,False,False,False,32.26786730884296,0.17230706745056476,-142.03911379922658,0.04762055431878576,0.35032902557525764,0.17401859619293952,0.12775278447901156,0.029558776443157197,9.584426879882812e-05,0.1627494841814041,0.061604198068380356,0.57,0.193,0.5535647049546242,0.5651760873142629,0.579661967754364,0.10712940990924835,0.983,0.02154601221567022,0.032772160601112765,0.0002721846861561336,0.0015136270383610691,0.0,0.0,0.0,0.199,1.0,0.0
41,4716089,-118.1191996043548,-255.36003935184073,0.13628083974748595,48,False,False,True,-78.19799508420006,0.13058780646744608,-209.55122126976173,1.5807027067621993,1.6756360258097998,1.7367724435557597,0.6696711090735423,0.6184295747254012,0.6888719797134399,1.0006715059280396,1.419519305229187,0.0,0.0,0.5965683087706566,0.4506480698861803,0.4506480698861803,0.19313661754131317,0.8125,0.11197485507455132,0.11026137618889703,0.0003522550690280152,0.0028391841614059565,0.0,0.0,0.0,0.0,1.0,0.0
42,954698821,-75.5788764961064,-247.16339351733347,0.169584517021227,100,False,False,True,-23.13325013172624,0.14678024588659386,-171.18143133577365,1.4265397089876908,1.4990382043571748,1.4265397089876908,0.33075773670812664,0.18624497583109167,0.7265599966049194,1.0005539655685425,1.0168123245239258,0.0,0.0,0.6009928062558174,0.6139507290720939,0.6118423828482628,0.20198561251163483,1.0,0.08033120100966233,0.09523538772275501,0.0009953252484980885,0.0016958451702122701,0.0,0.0,0.0,0.0,1.0,0.0
43,722439037,231.3926566779965,-996.3379024248729,1.2126305591028703,755,True,False,False,81.58648409660783,0.18000705794315086,-100.4195608641038,0.03961437576417659,0.24807094069402905,0.05060748559536495,0.1513816187104473,0.0,4.806518700206652e-05,0.050603486597537994,0.0006361937266774476,0.743046357615894,0.5748344370860927,0.0,0.5568501118001596,0.2574751232936978,-0.06933563947677612,0.9629139072847682,0.004586781330869211,0.030979666647021703,1.3003716260034937e-08,0.001606133190864728,1.0,0.038410596026490065,1.0,0.4649006622516556,0.0,1.0
44,143133740,194.71264540636912,-642.9105056581076,0.8264831510644767,557,True,False,False,37.78629854383155,0.14087759123336827,-105.08388243055379,0.046329281739338306,0.4732117683054264,0.04636009551157682,0.11995575634752924,0.0,0.04632597044110298,0.04635677486658096,0.0005548691842705011,0.3087971274685817,0.19389587073608616,0.0,0.554526362315663,0.262567499820143,-0.06931314617395401,0.9515260323159784,0.004353473205030246,0.011555430704313073,0.0,0.0014838117613365832,1.0,0.04847396768402154,1.0,0.14721723518850988,0.0,1.0
45,851876933,241.31390789010038,-475.6921087646821,0.7059660166547829,552,True,False,False,59.035033958391615,0.1120308594903096,-54.98803337995629,0.09745586475511879,0.5217998061435196,0.09748323861938589,0.17842692731372803,0.0,0.0974511131644249,0.097478486597538,0.0009625291568227112,0.20833333333333334,0.06340579710144928,0.0,0.47646642721926014,0.19291883174329996,-0.06938647478818893,0.822463768115942,0.007209142610996408,0.013160378672037204,1.3003716260034937e-08,0.001278923943215186,1.0,0.1286231884057971,1.0,0.059782608695652176,0.0,1.0
46,1892204776,-74.51308270138688,-289.4897205009815,0.2119366377995947,152,False,False,True,-6.826170612509223,0.15611469030987066,-164.50677112903415,1.3018275420942138,1.4117972319933527,1.3018275420942138,0.3004168524802098,0.2047955531869881,0.6350873708724976,1.0006704330444336,0.8327146172523499,0.0,0.0,0.5916281044483185,0.5663374080169504,0.5693479035049677,0.18325620889663696,1.0,0.057444270280306076,0.0696954553550488,0.00010148100169422858,0.0013943199855236483,0.0,0.0,0.0,0.0,1.0,0.0
47,1103841343,-109.37510018171743,-231.75976410988625,0.12084466392816885,77,False,False,True,-55.788222173034114,0.10954699595853755,-166.41277419673543,1.6152836975639897,1.663635443736543,1.6871028205732486,0.2872800042745355,0.2157473466436981,0.7859485149383545,1.0009331703186035,1.3581048250198364,0.0,0.0,0.571493573486805,0.548236788371457,0.5575787434726953,0.14298714697360992,1.0,0.07145258603939343,0.07830849800710331,0.0008623076341297276,0.0015694112198463487,0.0,0.0,0.0,0.0,1.0,0.0
48,1871136645,-105.20793154668063,-226.03191386991398,0.11866398232323332,108,False,False,True,-36.34270832902798,0.10107164253700947,-138.73884206423958,1.5599947873304247,1.6980181341619622,1.7320248432062204,0.37793593393155284,0.28565881157901357,0.6165568232536316,1.0008714199066162,1.4135651588439941,0.0,0.0,0.57745710760355,0.4560184575513833,0.5680664840340615,0.15491421520709991,0.8240740740740741,0.07930081774212687,0.07975636629008621,0.00031592788728365684,0.0010987405770669751,0.0,0.0,0.0,0.0,1.0,0.0
49,368689141,41.11842239508418,-1320.8920261864841,1.3420104485815667,1000,False,False,False,18.956040498049852,0.1780705650481939,-161.11443820764939,0.17873296813470566,0.6851076371392474,0.1788063036369629,0.17389614544996898,0.03684135494619549,0.10272769629955292,0.17447957396507263,0.03909696266055107,0.105,0.0,0.5327481478452682,0.5545938590960577,0.5538273550942541,0.0654962956905365,0.978,0.025234626864450698,0.03513495158488443,0.0019371011934368743,0.0013420104485815693,0.0,0.0,0.0,0.21,1.0,0.0
50,711874407,217.05356633192855,-497.69449350952107,0.70536805984145,469,True,False,False,35.19221204286465,0.13807762986730532,-104.86747312197264,0.04646729978026522,0.5806862849676452,0.04649438631219046,0.15416160019250258,0.0,0.00039272307185456157,0.046494293957948685,9.267091809306294e-05,0.2579957356076759,0.14285714285714285,0.0,0.5387302460357436,0.2375758221745491,-0.06921065598726273,0.8912579957356077,0.004382609981868557,0.010504497977180552,5.201486504534392e-09,0.0015039830700244125,1.0,0.07036247334754797,1.0,0.06823027718550106,0.0,1.0
51,1949523453,6.662915602605867,-1391.8969198698558,1.3785598354724617,1000,False,False,False,24.98284946435485,0.17779303057532528,-154.8100947684757,0.09591104161595075,0.5389150738951455,0.13421187643450785,0.13897974466870672,0.07030844849451405,0.0002807617129292339,0.08176593482494354,0.10642912983894348,0.357,0.025,0.5637215822935104,0.5705701656630263,0.5675903759151697,0.12744316458702087,0.999,0.03337660991675773,0.029993216195393687,0.0009441452220413857,0.0013785598354724613,0.0,0.0,0.0,0.046,1.0,0.0
52,965219006,-97.8417599841021,-258.97515355224726,0.15915339356814473,99,False,False,True,-39.14326248009356,0.13659991632739465,-177.00371953218865,1.534995355592418,1.6609288427819855,1.7333969503863194,0.4484860470828439,0.2557778156517141,0.5685643553733826,1.001916766166687,1.414506196975708,0.0,0.0,0.5501054897904396,0.4725724532165461,0.5527060735970736,0.10021097958087921,0.8686868686868687,0.07290374875916142,0.09071536144952531,0.0001799506270944995,0.0016076100360418687,0.0,0.0,0.0,0.0,1.0,0.0
53,608969183,-90.61162552777678,-193.77204437215727,0.10182041884438055,67,False,False,True,-43.45022060291997,0.08103048892728378,-125.46073803770457,1.6265249912271307,1.7111445968402448,1.6844744399251832,0.4034983801734138,0.3427675087161821,0.7694393396377563,1.0021848678588867,1.3539127111434937,0.0,0.0,0.5500305332243443,0.3458260538251097,0.46340691212564705,0.10006106644868851,0.6417910447761194,0.05912895893816038,0.04457501401352246,0.0007121823306495273,0.0015197077439459777,0.0,0.0,0.0,0.0,1.0,0.0
54,174629327,190.0665168436707,-1137.7912404543283,1.309857757297998,900,True,False,False,42.424854837058135,0.1764601913424369,-136.0351006177666,0.020193382069235714,0.40291292166827164,0.020206401070403068,0.1438052664465048,0.0,0.00011510848707985133,0.020162010565400124,0.0013386463979259133,0.43333333333333335,0.17888888888888888,0.0,0.5468426864558003,0.294058031886816,-0.06926881521940231,0.9477777777777778,0.000649345041478181,0.029581763790198504,1.5604459512193712e-08,0.0014553975081088878,1.0,0.028888888888888888,1.0,0.23666666666666666,0.0,1.0
55,529795964,167.90480012223122,-1218.4184588129842,1.369343258935213,849,True,False,False,68.24138578120403,0.20721531443880142,-140.9735348263156,0.051248429620065934,0.30073369203473943,0.08612452275053953,0.08937463298203172,0.0,4.100799560546875e-05,0.0861196517944336,0.0009159660548903048,0.558303886925795,0.41578327444051827,0.0,0.5637406471884152,0.26842256903648376,-0.06939195096492767,0.967020023557126,0.0065694169873484485,0.012806998834204482,2.132609466668281e-07,0.0016128895864961285,1.0,0.03415783274440518,1.0,0.4416961130742049,0.0,1.0
56,120278483,-21.92547919517385,-1631.396034980634,1.5894705557854607,1000,False,False,False,22.22960244104234,0.1391164375345789,-118.8867487510418,0.06462571759901674,0.34808786698463173,0.14224103821327636,0.08445185568689473,0.020583082986770796,5.14984130859375e-05,0.12667503952980042,0.06469889730215073,0.588,0.201,0.5483931824564934,0.5636508918525651,0.5577721410989761,0.09678636491298676,0.987,0.017635586676782194,0.012107168838066123,0.001058081183169586,0.0015894705557854588,0.0,0.0,0.0,0.504,1.0,0.0
57,2011373962,185.99222042215996,-1031.539593665999,1.2014918140881599,802,True,False,False,39.27413004003319,0.16752298094591125,-130.24821928560212,0.06037483394907142,0.426510016552227,0.06040248206765365,0.1263184546671224,0.0,3.051757857974735e-06,0.060385894030332565,0.0014155006501823664,0.3566084788029925,0.09850374064837905,0.0,0.5352701212446719,0.2541473902016878,-0.06951282173395157,0.9389027431421446,0.005099668706115643,0.028094591215564853,1.3003716260034937e-08,0.0014981194689378558,1.0,0.03740648379052369,1.0,0.21820448877805487,0.0,1.0
58,1117234558,179.07291683005172,-1009.8783615394434,1.174331278369496,731,True,False,False,31.324445476487437,0.13247527956306077,-103.14954477688408,0.00419867747407972,0.42978329088975376,0.009410566663827202,0.10994018417389827,0.0,0.00035009384737350047,0.009387398138642311,0.0006599402404390275,0.41997264021887826,0.20383036935704515,0.0,0.5351330259300147,0.13523819092661143,-0.06916828453540802,0.9247606019151847,0.0012726212891499545,0.013308546231026668,1.3003716260251777e-08,0.001606472337030772,1.0,0.05198358413132695,1.0,0.2667578659370725,0.0,1.0
59,1707184565,-5.915370200380906,-2946.8101762609463,2.9239748060605644,846,False,True,False,63.716855411807046,0.21377424952597346,-152.05698822764901,0.12475713889821861,0.37681476989859153,0.19816383781413993,0.12455106592889599,0.03166792045337955,0.06802187114953995,0.1936264932155609,-0.042162634432315826,0.450354609929078,0.0,0.5129493661224842,0.4346346841696172,0.17241527594684158,0.025898732244968414,0.7399527186761229,0.011629263762974814,0.02638807353332615,0.007293043888678539,0.003456234995343458,1.0,0.1702127659574468,1.0,0.31560283687943264,1.0,0.0
60,2024064892,-22.143330460874154,-2546.4732319387876,2.505209901477915,956,False,True,False,37.90454980848746,0.18353816755896082,-147.6334833886058,0.18817797303070918,0.4582152627126092,0.22868459720620363,0.13451843544745495,0.020565631545350592,0.0018793105846270919,0.2248777449131012,-0.041552916169166565,0.1098326359832636,0.0,0.0,0.45987143470433484,0.12135142055805773,-0.06847333163022995,0.8096234309623431,0.006041659212372719,0.030703128409266936,0.0052412038359076225,0.0026205124492446803,0.0,0.10355648535564854,1.0,0.3619246861924686,1.0,0.0
61,2087047656,156.82559647206804,-462.0805780259748,0.6083261744980424,529,True,False,False,10.45067798551413,0.143038613893698,-134.57811734503306,0.5105536483637212,0.8803482977231196,0.5964103794209623,0.18272245391089662,0.0,0.5085245370864868,0.5964003801345825,0.0034535860177129507,0.0,0.0,0.0,0.5294681022280171,0.27520470440387723,-0.06961716711521149,0.9262759924385633,0.03220238214069571,0.04200824593367699,5.201486505401753e-09,0.0011499549612439372,1.0,0.05103969754253308,1.0,0.11342155009451796,0.0,0.0
62,714619600,-45.58379205642853,-483.1227290450302,0.42957893698860206,398,False,True,False,12.348047923611642,0.1554625204306786,-145.07784246263273,0.8126581442218513,1.1955243353104834,0.8126581442218513,0.26418149565506277,0.25650114194513957,0.3392982482910156,0.7634826898574829,0.27840158343315125,0.0,0.0,0.0,0.5040171504968101,0.2679448875051457,-0.023275164887309074,0.8994974874371859,0.008569049801351331,0.05343778251734641,0.002467646314992966,0.0010793440627854323,0.0,0.0,0.0,0.0,1.0,0.0
63,1075806674,-87.48836139962077,-262.44434153264456,0.17295598013302388,100,False,False,True,-35.23208831007935,0.1472912124480783,-183.79123607561104,1.4579842960867242,1.46937090578133,1.4603507701678706,0.6499698631912787,0.4471343802778177,0.3834266662597656,1.0015445947647095,1.062794804573059,0.0,0.0,0.576837807893753,0.5044013191014528,0.5759862449020148,0.1536756157875061,0.89,0.0961050365268771,0.11213886387371896,0.00016368037730978002,0.0017295598013302381,0.0,0.0,0.0,0.0,1.0,0.0
64,1380583167,171.85465732831503,-1194.7637744024655,1.3499584317307813,833,True,False,False,61.52420769723011,0.1616962348636289,-102.17156462874269,0.020657009490897056,0.3126171639052337,0.04514779186089412,0.10892453151393056,0.0,0.00019512177095748484,0.04514436796307564,0.0005560136050917208,0.5486194477791116,0.382953181272509,0.0,0.5730013404184637,0.2923418565094471,-0.06931190937757492,0.9699879951980792,0.0042857885368032455,0.01643375932692205,2.3406689268236358e-08,0.0016205983574199034,1.0,0.031212484993997598,1.0,0.2665066026410564,0.0,1.0
65,1527789836,209.9167729374022,-711.2603085044024,0.909777081441804,570,True,False,False,53.791578565610486,0.1924750108639199,-140.6769296402663,0.09569997696535995,0.3783262908570608,0.09770400737049717,0.13440807259627302,0.0,0.0006443023448809981,0.097699835896492,0.0009028411004692316,0.4473684210526316,0.1649122807017544,0.0,0.5645731033659295,0.251196516379714,-0.06845846027135849,0.9508771929824561,0.00341729340938402,0.02987445917690239,2.600743251833515e-09,0.001596100142880359,1.0,0.04912280701754386,1.0,0.3684210526315789,0.0,1.0
66,1377783636,165.40285448748625,-1345.9689219568204,1.493571776444307,890,True,False,False,58.025815480918666,0.20650521374989586,-150.47913744159277,0.021441106882746835,0.27664943505483475,0.021690981063385198,0.09084991011584119,0.0,0.012656974606215954,0.021677304059267044,0.0007701611611992121,0.6056179775280899,0.40786516853932586,0.0,0.5649148978648728,0.2798016496375203,-0.06912661343812943,0.9707865168539326,0.0005995097211926124,0.01980390062501355,2.6007432520286713e-08,0.0016781705353306824,1.0,0.030337078651685393,1.0,0.5393258426966292,0.0,1.0
67,282964358,-56.57059300772378,-628.3482737801976,0.5632576807724736,426,False,True,False,6.064150915453534,0.1200699126204877,-115.97811630400831,0.39695127028927757,0.835364022977219,0.39695127028927757,0.1668836045211398,0.06771783239840362,0.3924068510532379,0.3924068510532379,0.05989302322268486,0.0,0.0,0.5473142862319946,0.5713202272123163,0.5737521754577756,0.09462857246398926,0.9835680751173709,0.00701561090263981,0.021196065032100482,0.0004644381292043557,0.001322201128573882,0.0,0.0,0.0,0.0,1.0,0.0
68,679598937,-23.468674963759263,-1689.5899810428973,1.6461213060791389,1000,False,False,False,26.461830910901018,0.17661013986514196,-152.14822261174578,0.17793623510345585,0.3843883912387264,0.18256663016198973,0.09431699907107344,0.07589389459721538,0.17790135741233826,0.17908458411693573,0.03548642247915268,0.292,0.0,0.564544066786766,0.5670630878410302,0.5400927017256617,0.1290881335735321,0.994,0.0167693025062201,0.01514822659411231,0.00011240282298113219,0.0016461213060791388,0.0,0.0,0.0,0.531,1.0,0.0
69,964498172,189.3270160615445,-1234.2348933850435,1.4048219094465884,937,True,False,False,50.40516030571321,0.1623692590959006,-113.96393615768865,0.02181466233418559,0.3350913328285336,0.021842289030573097,0.1304720522650817,0.0,3.9768219721736386e-05,0.021815966814756393,0.0010719990823417902,0.5560298826040555,0.3297758804695838,0.0,0.5405672919025034,0.25793079221621157,-0.0693824291229248,0.9445037353255069,0.002964404205683212,0.03047254985081945,0.0,0.0014992763174456662,1.0,0.030949839914621132,1.0,0.39487726787620064,0.0,1.0
70,538463003,293.9060615748168,-268.80299941533053,0.555429060990148,364,True,False,False,94.26838879633543,0.17833951545041857,-86.01957521074513,0.06773791427722425,0.3847509894172898,0.06775352880202518,0.26430062921837433,0.0,7.877349707996473e-05,0.06775112450122833,0.0005707836244255304,0.5247252747252747,0.3021978021978022,0.0,0.5674641174110737,0.292044555619359,-0.0687154084444046,0.9313186813186813,0.0018435639994595172,0.05279151229165415,2.6007432520503554e-09,0.0015259040137091966,1.0,0.07142857142857142,1.0,0.27197802197802196,0.0,1.0
71,569527992,16.866703914757828,-1539.7948767185676,1.536661580633326,1000,False,False,False,57.00760882866385,0.14686768892735813,-91.85999375619954,0.15467231984553106,0.3422890017576067,0.1550475554704559,0.09026485055281187,0.015859278181105062,0.15465793013572693,0.1550300568342209,-0.0023293637204915285,0.561,0.0,0.5251730680465698,0.5752263166932389,0.56188805103302,0.05034613609313965,1.0,0.002673345275561283,0.012869477075815169,0.00013045376916120998,0.0015366615806333241,0.0,0.0,0.0,0.467,1.0,0.0
72,828003095,173.74079463058158,-1375.8027813398903,1.5297835759704719,988,True,False,False,51.01817288048038,0.16603718357488353,-117.01891328469134,0.05550582416298671,0.3225564194380228,0.08246588933405252,0.11882693546998847,0.0,0.0001947402924997732,0.08245744556188583,0.0011800741776823997,0.6548582995951417,0.28036437246963564,0.0,0.5455254013221221,0.2934886350482702,-0.06945264339447021,0.9463562753036437,0.00635231084178382,0.023885325702738897,3.901114878010481e-08,0.0015483639432899527,1.0,0.02631578947368421,1.0,0.507085020242915,0.0,1.0
73,954833235,188.14022547467613,-727.9004891261407,0.9040807146008166,598,True,False,False,30.06567640412734,0.12757353226572501,-99.50294818015426,0.05954987178048974,0.44795326040922356,0.05955494188468306,0.12721702449059616,0.0,0.04292907565832138,0.05955304950475693,0.00047476054169237614,0.3979933110367893,0.25418060200668896,0.0,0.5571511646718671,0.30820587247610093,-0.06877053529024124,0.939799331103679,0.0014065965459476402,0.011829421681932238,1.3003716260034937e-08,0.0015118406598675865,1.0,0.043478260869565216,1.0,0.26588628762541805,0.0,1.0
74,530674831,194.40829814951854,-813.1288541278908,0.9936571522774098,694,True,False,False,50.71050198109027,0.19926186257213777,-150.54949053317674,0.23775297854867652,0.6005240043677588,0.23777793466665714,0.14193688638964416,0.0,0.23771266639232635,0.23773761093616486,0.004378876648843288,0.0,0.0,0.0,0.5669559564854767,0.2762867508083582,-0.06654766201972961,0.962536023054755,0.010397542656211784,0.027935308838473803,0.0,0.0014317826401691785,1.0,0.03890489913544669,1.0,0.1786743515850144,0.0,0.0
75,268805063,150.85068763788135,-1180.9148539841983,1.3145455416220795,861,True,False,False,28.49636664649081,0.16814368446865252,-141.64696873607144,0.05270637355006671,0.38137927438772834,0.05273411777400847,0.1003978257274491,0.0,0.026455115526914597,0.05271482467651367,0.0014263368211686611,0.519163763066202,0.15795586527293845,0.0,0.5467410254078626,0.2696311319648521,-0.06951213628053665,0.9570267131242741,0.004668833155006241,0.016148967338557727,0.0,0.0015267660181441114,1.0,0.032520325203252036,1.0,0.3995354239256678,0.0,1.0
76,386459433,205.57925452496866,-856.2617929879748,1.0481610475129428,684,True,False,False,46.64238829143653,0.15499187810276346,-110.34742203718328,0.04686861641766544,0.441238654769476,0.06110576151695118,0.14625986968442886,0.0,0.020649146288633347,0.061095140874385834,0.0011392331216484308,0.42543859649122806,0.18421052631578946,0.0,0.557387147531763,0.20427191227674485,-0.06891599297523499,0.9532163742690059,0.0015288735783244663,0.019051173380716626,1.3003716260034937e-08,0.0015323991922703854,1.0,0.04678362573099415,1.0,0.10818713450292397,0.0,1.0
77,1842675722,188.55592096596956,-854.3620414105496,1.0277579623765194,758,True,False,False,32.224727680617136,0.19285683507958873,-162.63112450312286,0.10535435275329932,0.5814466326326011,0.10538200584513954,0.15710981212734823,0.0,0.10534314811229706,0.10537080466747284,0.0015364503487944603,0.19129287598944592,0.0,0.0,0.5605705122716509,0.2341091524809599,-0.06851402670145035,0.9604221635883905,0.0038512765100141917,0.03450396924759777,5.201486504100711e-09,0.0013558812168555673,1.0,0.040897097625329816,1.0,0.05408970976253298,0.0,0.0
78,215035549,192.5925324674697,-1103.7046457003673,1.2790971781678382,860,True,False,False,50.054464238558424,0.20082647667707512,-152.7716598263044,0.07979474678029559,0.45140078708536313,0.07982220803541121,0.14813498629226599,0.0,0.012283134274184704,0.07981634140014648,0.000967750558629632,0.3802325581395349,0.07441860465116279,0.0,0.5544408963646653,0.1523822557926178,-0.06868547201156616,0.9569767441860465,0.0024985355051437863,0.03196035317952512,7.802229755934226e-09,0.0014873223001951588,1.0,0.044186046511627906,1.0,0.26395348837209304,0.0,1.0
79,839465270,186.56792872026557,-1052.8355088932124,1.2239434376134781,773,True,False,False,49.21797087496738,0.21278260848344463,-165.56379226069123,0.04241191388113266,0.38292710773111954,0.0462319374003057,0.12993758785494278,0.0,0.0003628730773925781,0.046228885650634766,0.0005311942077241838,0.4411384217335058,0.14877102199223805,0.0,0.561152641910862,0.2363145935535431,-0.06930768489837646,0.9611901681759379,0.0043474557353308605,0.02576793345518654,1.8205202763701966e-08,0.0015833679658647842,1.0,0.040103492884864166,1.0,0.14877102199223805,0.0,1.0
80,609512609,7.36113517073681,-1830.430764898027,1.8177919000687652,1000,False,False,False,24.67706840398922,0.19246886172390326,-169.79170697741856,0.24503502003961766,0.548630021069017,0.27486063145206574,0.1330335189372907,0.03764359377668358,0.1896793395280838,0.27427902817726135,0.017871245741844177,0.0,0.0,0.5668150261044502,0.5364162646204932,0.533584454394877,0.13363005220890045,0.962,0.041076698082368995,0.029574507553360305,5.2053876189395165e-05,0.0018177919000687659,0.0,0.027,1.0,0.407,1.0,0.0
81,1146558410,196.4413468920626,-759.4734830257728,0.9439748299178348,597,True,False,False,31.8959774070666,0.14178495194560722,-111.88401728455759,0.005944713188687855,0.43583794984077956,0.006061289803702746,0.13403140643467848,0.0,0.0001508712739450857,0.006028556730598211,0.0006290769670158625,0.3969849246231156,0.25795644891122277,0.0,0.5685380222213453,0.2858825121819973,-0.0692296028137207,0.9547738693467337,0.002117106436139661,0.020396170089004288,1.5604459512302132e-08,0.0015811973700466245,1.0,0.04522613065326633,1.0,0.24958123953098826,0.0,1.0
82,1891899470,233.49664510525764,-654.7394943567828,0.8773761394620406,543,True,False,False,43.487464777298314,0.1821516614205588,-140.6556668076357,0.07304279936179016,0.5113842043510709,0.073070642533945,0.17396575070193693,0.0,0.0016819953452795744,0.07305202633142471,0.0016493177972733974,0.31860036832412525,0.1270718232044199,0.0,0.5327909273021678,0.18570773288607598,-0.06892243772745132,0.8950276243093923,0.002189001220052339,0.03636299286562658,5.201486504100711e-09,0.0016157939953260416,1.0,0.06445672191528545,1.0,0.11049723756906077,0.0,1.0
83,1915251784,4.667359060325526,-1644.8714348303045,1.629538793890629,1000,False,False,False,45.82497240697403,0.1968955509728172,-153.07049222334817,0.28851819736157935,0.5298469666119958,0.28887112378305524,0.10911572059956809,0.03148263204235574,0.2881672978401184,0.2882184088230133,0.01940811611711979,0.0,0.0,0.5301000457257032,0.5653265867422742,0.5252012006705626,0.06020009145140648,0.998,0.02112788292081152,0.025348748750478975,0.0018538709075137695,0.0016295387938906282,0.0,0.0,0.0,0.384,1.0,0.0
84,1313639606,173.35937262293857,-1048.8271416139637,1.206606514236903,779,True,False,False,47.78424113387803,0.19040990064899632,-144.62486363695834,0.0013093549236901164,0.2993055017606474,0.0013145926059844988,0.09660432948691335,0.0,5.168914867681451e-05,0.0012324333656579256,0.00045745132956653833,0.6110397946084724,0.32605905006418484,0.0,0.5596046484175912,0.2923052877187729,-0.06915979087352753,0.9666238767650834,0.0017286400809884478,0.019507523322190246,6.241783804855801e-08,0.0015489172198163074,1.0,0.03337612323491656,1.0,0.4890885750962773,0.0,1.0
85,695909292,68.76001094626551,-3052.7537213352653,3.101513732281534,1000,False,False,False,23.000243622532867,0.19296754110819775,-171.96721114316972,0.712866127676455,0.8994277662845008,0.7260210730166684,0.12733791891339175,0.012225407047909675,0.3062871992588043,0.7260116338729858,-0.0037021541502326727,0.0,0.0,0.0,0.28937573357266955,0.0,-0.08388018608093262,0.51,0.03114617869415409,0.04086963217145219,0.0052428487247413065,0.00310151373228153,0.0,0.264,1.0,0.5,1.0,0.0
86,657540159,170.4622696414356,-851.41819905552,1.0077004686969555,709,True,False,False,26.421482523670438,0.1533794336347801,-128.95634275221462,0.15965891930263737,0.5002920247721064,0.15990578448006176,0.127342447686485,0.0,0.15857525169849396,0.15988750755786896,0.0024176097940653563,0.2863187588152327,0.0,0.0,0.5418647401522824,0.2954739652574062,-0.06949462741613388,0.9435825105782792,0.010701268506342728,0.013522974530722844,6.241783804920853e-08,0.0014212982633243368,1.0,0.036671368124118475,1.0,0.32722143864598024,0.0,0.0
87,1508100295,208.6823096106353,-1047.4901228484273,1.2404524324590616,786,True,False,False,53.5943092739633,0.18712209868802018,-135.52704760360294,0.016111986891332867,0.35621753025020775,0.016140878224178198,0.1518801880361458,0.0,0.0024585723876953125,0.016096020117402077,0.0012025332543998957,0.5267175572519084,0.3193384223918575,0.0,0.5538753315297035,0.30995802596211436,-0.06925971806049347,0.955470737913486,0.0008776709559785225,0.0335236673286901,3.380966227632936e-08,0.0015781837563092383,1.0,0.03307888040712468,1.0,0.19720101781170485,0.0,1.0
88,226019867,-106.60038530472666,-258.5825767545199,0.15096219144979323,51,False,False,True,-69.07341884969397,0.14352970441331045,-213.4052112500722,1.57313791832454,1.6429077726561285,1.7031279685082843,0.620652186700329,0.48678569939326094,0.6961660385131836,1.0047664642333984,1.375168800354004,0.0,0.0,0.580448217689991,0.5547386893966034,0.5552917756140232,0.160896435379982,1.0,0.10006437684484933,0.11155050679063741,0.0014815289979786955,0.00296004296960379,0.0,0.0,0.0,0.0,1.0,0.0
89,667780743,-7.8753880535717276,-1582.7612184209997,1.5548858303674276,1000,False,False,False,22.00887491641494,0.18033397641986895,-160.32501516095974,0.12668898927632888,0.42251056674535653,0.12668898927632888,0.10493303632749365,0.06527284593417343,0.1252184808254242,0.1252184808254242,0.01924661174416542,0.41,0.0,0.581904761493206,0.5607368497964926,0.5578179610520602,0.16380952298641205,0.986,0.012223109674913704,0.018573172248135098,0.0008980873594195485,0.0015548858303674287,0.0,0.01,1.0,0.366,1.0,0.0
90,498383730,9.992867475003095,-1538.1098522562986,1.5281027197313002,1000,False,False,False,44.2755734522876,0.14706605732113867,-104.79039752635684,0.03818087555894348,0.3178154155517208,0.0400686878800537,0.08767731837660518,0.028807248632822368,0.0023174285888671875,0.0023174285888671875,0.04000161588191986,0.589,0.425,0.5570275485515594,0.5729575458988547,0.5590936425328255,0.1140550971031189,1.0,0.007862300423355293,0.011938224462431894,0.002331479850732218,0.0015281027197313023,0.0,0.0,0.0,0.523,1.0,0.0
91,588981715,81.14462759178126,-2158.4143892417983,2.2195590168335806,1000,False,False,False,22.17078652552908,0.12480772984318844,-104.63685697516449,0.14589524661078665,0.6249809339170856,0.14600378516411203,0.11505347597753707,0.0035186596000085996,0.14588937163352966,0.14599609375,-0.0014986300375312567,0.29,0.0,0.0,0.44802133553288875,0.0,-0.0623517669737339,0.778,0.0011892008238765434,0.02013100785793649,0.0034188123247164324,0.00221955901683358,1.0,0.158,1.0,0.258,1.0,0.0
92,742924764,24.970445380226085,-1737.884619937788,1.7428550653180124,1000,False,False,False,29.723128035293417,0.18007257550537117,-152.34936112758294,0.19432708953628006,0.5189076707866919,0.19432708953628006,0.13145875168347002,0.037060568995915213,0.0029975890647619963,0.192158505320549,0.028950415551662445,0.019,0.0,0.5409318506717682,0.5455484525838983,0.5399512932449579,0.08186370134353638,0.97,0.003165242052020577,0.02650703345223843,0.000980255566817107,0.0017428550653180155,0.0,0.016,1.0,0.404,1.0,0.0
93,2053789632,190.96634969888242,-941.9328992213541,1.1188392489202363,703,True,False,False,41.775832560437436,0.19197869062961606,-152.20114973905967,0.029298820015886927,0.35093247456214904,0.046498254783702835,0.1213736221384446,0.0,0.00014410019502975047,0.046486567705869675,0.001042459043674171,0.5391180654338549,0.3456614509246088,0.0,0.5451780380628166,0.1684136117249727,-0.06942170113325119,0.9331436699857752,0.004338016662790522,0.02513928154498538,1.560445951186845e-08,0.0015915209799718863,1.0,0.05263157894736842,1.0,0.35704125177809387,0.0,1.0
94,1243069214,161.66291928552084,-1197.9128043778426,1.342755723663364,841,True,False,False,39.32565454221173,0.1506219165791437,-113.29583523276386,0.05492880595095275,0.4015703763696417,0.054977289206662575,0.10634233870178378,0.0,0.00038251877413131297,0.05497302860021591,0.0006844377494417131,0.4340071343638526,0.08323424494649227,0.0,0.5546175606601942,0.31867716416716574,-0.06934967637062073,0.9702734839476813,0.004828962542498292,0.015609068832499377,1.5604459512735813e-08,0.0015966179829528698,1.0,0.030915576694411414,1.0,0.3590963139120095,0.0,1.0
95,432678313,-97.31818774482235,-260.87411871101716,0.16141593096619491,107,False,False,True,-37.80747427056047,0.13631889630503213,-175.4440384525645,1.5532407334590246,1.6288297616763863,1.6669438201336517,0.3434136273751448,0.16633417337390993,0.6432994604110718,1.0016330480575562,1.332453727722168,0.0,0.0,0.5386026091873646,0.5320787805210904,0.5585711941868067,0.07720521837472916,0.9719626168224299,0.06547203649121368,0.08554665953287767,3.689414377330835e-05,0.001508560102487803,0.0,0.0,0.0,0.0,1.0,0.0
96,634649199,200.7078038399894,-986.9218000534811,1.17316960389347,723,True,False,False,60.146521419706005,0.1765471132020573,-118.39919452729585,0.057507537308816394,0.43245288281551036,0.05753528086035018,0.11957577645396737,0.0,0.05748920515179634,0.057516954839229584,0.0014520501717925072,0.29322268326417705,0.09266943291839558,0.0,0.5261701364929605,0.06090246533509344,-0.06952016800642014,0.921161825726141,0.004936926872026928,0.0158913806629666,2.3406689268236358e-08,0.0016226412225359207,1.0,0.059474412171507604,1.0,0.21300138312586445,0.0,1.0
97,37235637,177.27194664820567,-1188.9024468713865,1.3472543935195918,946,True,False,False,22.330474966130986,0.16285707142072847,-142.52644788700508,0.042799486433481096,0.5337288992202487,0.044093438948764135,0.15502448022733395,0.0,0.023766327649354935,0.04409341886639595,-4.2083262087544426e-05,0.4090909090909091,0.27801268498942916,0.0,0.5451532088052264,0.2511148412711918,-0.0687793418765068,0.945031712473573,0.0005562490798481769,0.029910743861822606,5.201486504100711e-09,0.0014241589783505195,1.0,0.0306553911205074,1.0,0.20718816067653276,0.0,1.0
98,1305772342,193.13667345524306,-871.4048694067146,1.0509615428619605,679,True,False,False,29.94830485358581,0.17331090789391593,-145.3604287019719,0.09233347393637921,0.4893778489725592,0.09949010674549859,0.14352318683869994,0.0,0.04702634736895561,0.09948892891407013,-0.0004841113113798201,0.44329896907216493,0.11634756995581738,0.0,0.546493963312717,0.26314069632440806,-0.06809620559215546,0.9322533136966127,0.0034173636294518245,0.029147206896160294,2.600743251833515e-09,0.001547807868721589,1.0,0.042709867452135494,1.0,0.27835051546391754,0.0,1.0
99,1165275128,176.74959323471418,-671.5676461298942,0.8368372393646083,574,True,False,False,24.485437186020565,0.13889350861433045,-116.40182500093896,0.10875844870945892,0.49683950992406606,0.10878639747475814,0.12458739969604594,0.0,0.10875825583934784,0.1087862029671669,0.0002057170931948349,0.28397212543554007,0.0,0.0,0.5544720378587548,0.25867648735642434,-0.06920693069696426,0.945993031358885,0.007875859398299753,0.017471901165170823,2.0805946016402843e-08,0.001457904598196182,1.0,0.05226480836236934,1.0,0.10975609756097561,0.0,0.0
100,583811102,11.731316393511959,-1482.5138395934478,1.474245155986958,1000,False,False,False,6.582137124491369,0.15239557058154654,-147.8133471145604,0.07467512475995662,0.558065286776597,0.10555369560594562,0.14222744548187383,0.01413493262770012,1.354217511106981e-05,0.0769357681274414,0.07226666063070297,0.342,0.163,0.5582953207194805,0.5618155962033489,0.5638311649858951,0.11659064143896103,0.99,0.008782497351346166,0.027039800508541312,0.0002677484683539788,0.0014742451559869583,0.0,0.0,0.0,0.21,1.0,0.0
101,1168068246,66.90023454064507,-1412.0262003531086,1.4589264348937525,1000,False,False,False,18.006712533703947,0.17294197522396432,-156.93517634776597,0.04345354275372336,0.6082800046673639,0.04345354275372336,0.16051272025676713,0.0051582022571734385,0.04345350340008736,0.04345350340008736,5.848169166711159e-05,0.332,0.171,0.0,0.5587812699200585,0.5317765915766358,-0.06394275277853012,0.976,0.0046361580669735435,0.029153807424355735,0.0015483372157297556,0.0014589264348937524,1.0,0.008,1.0,0.18,1.0,1.0
102,555937879,203.1127403495369,-1015.1687543975695,1.2020414947471054,812,True,False,False,37.37907665178611,0.1750605278481572,-139.68087997031566,0.047611170824446436,0.4766853236205641,0.04845719787287855,0.17278195739786906,0.0,0.0028562545776367188,0.048453330993652344,0.0006121611804701388,0.3288177339901478,0.17857142857142858,0.0,0.5504191026517093,0.2664316764473915,-0.06890000402927399,0.9334975369458128,0.0008273286939418745,0.03480741154753513,1.3003716260143357e-08,0.0014803466684077658,1.0,0.03571428571428571,1.0,0.13423645320197045,0.0,1.0
103,800230316,162.1797422137576,-944.2318357881951,1.0918115780019535,730,True,False,False,23.390327446353304,0.1289050535720409,-107.51342379266778,0.038605928203879564,0.4408474153164652,0.038625802018914676,0.10591322069044065,0.0,0.0003681182861328125,0.038625430315732956,0.0001694536185823381,0.3821917808219178,0.17534246575342466,0.0,0.5460150149465883,0.294517112262547,-0.06921590864658356,0.9506849315068493,0.003941152345132049,0.014487080507106386,5.201486504534392e-09,0.001495632298632814,1.0,0.03561643835616438,1.0,0.30273972602739724,0.0,1.0
104,1458649717,-11.634670543298185,-455.71281699234765,0.4374781464490498,330,False,True,False,46.027476725697596,0.1709221240462419,-126.82209618523238,0.4026722151421718,0.8645067704764247,0.4026722151421718,0.2268264007304207,0.1407117903369767,0.39709681272506714,0.39709681272506714,0.06677599996328354,0.0,0.0,0.6135399639606476,0.6017088387613043,0.6030764375627041,0.22707992792129517,1.0,0.016063789781640404,0.03026762673673758,0.0012099463838854043,0.001325691352875908,0.0,0.0,0.0,0.0,1.0,0.0
105,1478023289,143.71528082494615,-1372.536049603036,1.49703133042798,961,True,False,False,30.473088001084484,0.15701568315448508,-128.54246737660088,0.10149795982211707,0.43549286957677225,0.1015077679919844,0.09799942405399278,0.0,0.10149602591991425,0.10150671005249023,-0.0004634404322132468,0.44016649323621226,0.0,0.0,0.5225864126372203,0.11076108373701572,-0.06907935440540314,0.9261186264308012,0.0074900853000537514,0.011217566102351523,2.600743251833515e-09,0.0015577849432133006,1.0,0.05619146722164412,1.0,0.34547346514047866,0.0,0.0
106,952651705,69.38104506578382,-3234.898873915949,3.2842799189817353,1000,False,False,False,14.50358194611316,0.1720086203138898,-159.50495202528222,0.5424290906534247,0.731401463118593,0.5690175050531198,0.09841794930360495,0.012559023046835887,0.3531615138053894,0.5574204325675964,0.11429515480995178,0.0,0.0,0.0,0.26931361290327915,0.0,-0.08984280377626419,0.48,0.030040251637376895,0.03307261958208105,0.004791838232947182,0.003284279918981733,1.0,0.309,1.0,0.614,1.0,0.0
107,621463961,-54.354094863682974,-243.07442145280777,0.1870003265891247,86,False,False,True,-8.68019603758242,0.1696208308706812,-179.45835846395417,1.3182417896417271,1.3614134040269863,1.3182417896417271,0.5875138077450636,0.406466717570829,0.5645174980163574,1.0007091760635376,0.8581040501594543,0.0,0.0,0.6051530987024307,0.6351765211411687,0.6115510867536068,0.21030619740486145,1.0,0.09820136042368979,0.1173619049725391,0.0015715459234179746,0.0021744224021991256,0.0,0.0,0.0,0.0,1.0,0.0
108,1251300265,7.171951680118243,-1593.602805435819,1.5807747571159363,1000,False,False,False,41.22777888221482,0.17584175239249425,-136.61388716778487,0.12915004779080405,0.37346455567036846,0.12915004779080405,0.09359662844972043,0.02947566784569591,0.1291274130344391,0.1291274130344391,0.002417860087007284,0.436,0.0,0.5800908729434013,0.5579899075669237,0.46971230026334526,0.16018174588680267,0.972,0.0028115000080382088,0.016253797850722965,0.0006155523653061496,0.0015807747571159369,0.0,0.028,1.0,0.469,1.0,0.0
109,413166735,-93.47646484132856,-270.4870752597404,0.17527061041841174,87,False,False,True,-43.70362381529018,0.15508764486665083,-199.95702692207456,1.4735507742003244,1.476720171889382,1.4774599779641058,0.6595952098961592,0.4667147398401516,0.4542236328125,1.000657320022583,1.0870018005371094,0.0,0.0,0.5820565223693848,0.5460987875730484,0.5732843489199877,0.16411304473876953,0.9770114942528736,0.09981403970238188,0.11515173272857036,0.0016353369539037627,0.00201460471745301,0.0,0.0,0.0,0.0,1.0,0.0
110,78844491,197.40287061119457,-1024.0489750208324,1.2045518456320259,845,True,False,False,51.160400634880325,0.20755704607965245,-158.3962354583911,0.11336714612259363,0.5954269343973587,0.11339509285774903,0.16460668796636063,0.0,0.11335830390453339,0.11338625103235245,0.0014160370919853449,0.15384615384615385,0.0,0.0,0.5655566392179865,0.28946039929986,-0.06837417930364609,0.9692307692307692,0.0042502002912353665,0.026801349736967555,7.802229756367907e-09,0.0014255051427597947,1.0,0.03195266272189349,1.0,0.046153846153846156,0.0,0.0
111,288548080,205.7644560603424,-911.0005018066938,1.1032049578670355,678,True,False,False,52.60653766643641,0.20799335217254303,-157.38461820473515,0.07551131812915922,0.4840681056551291,0.07553782879241855,0.14662004799673128,0.0,0.07550831139087677,0.07553482055664062,0.0006741380784660578,0.27876106194690264,0.13716814159292035,0.0,0.5662851498756217,0.2769998237490654,-0.06866048276424408,0.9601769911504425,0.0022569508389981402,0.021932932581390358,7.802229756367907e-09,0.0016271459555561012,1.0,0.04129793510324484,1.0,0.17994100294985252,0.0,1.0
112,1758747646,28.827435762435318,-1493.9818941843253,1.5028093299467586,1000,False,False,False,42.699522724026835,0.1920586624219039,-151.35905335538166,0.011035535051101657,0.35842691953479233,0.03649933639773699,0.12626847535952224,0.01777629282949998,0.00017490386380814016,0.01847667619585991,0.031477198004722595,0.474,0.277,0.5472937114536762,0.5789254576936365,0.5536346605420113,0.09458742290735245,1.0,0.004343840702210538,0.02694163673582679,0.0009300937313435681,0.001502809329946759,0.0,0.0,0.0,0.263,1.0,0.0
113,60265409,241.68669364987858,-836.6190812770803,1.0653057749269585,650,True,False,False,59.87759748556334,0.20974070943216122,-151.86020185617247,0.02716664955220977,0.4398124110738918,0.03339752710543482,0.1732520434671358,0.0,0.00026836394681595266,0.03338623046875,0.0008685803622938693,0.36615384615384616,0.22615384615384615,0.0,0.5556072211602273,0.22808464419096708,-0.06907454878091812,0.9538461538461539,3.735447532891416e-05,0.03853169912276966,1.3003716260150133e-08,0.0016389319614260915,1.0,0.04461538461538461,1.0,0.19384615384615383,0.0,1.0
114,721080364,-86.45294448132627,-240.39300064259913,0.15188005616127292,103,False,False,True,-31.36736167221057,0.1192247389307748,-151.8817789735753,1.5082936306512185,1.5700831911288644,1.5082936306512185,0.5367967747121348,0.3859750231338158,0.49532002210617065,1.0011895895004272,1.128082036972046,0.0,0.0,0.5992421135306358,0.4558826181721123,0.5918619426339865,0.19848422706127167,0.8058252427184466,0.08241118703736576,0.0842920456429814,0.0009318255012565196,0.0014745636520511936,0.0,0.0,0.0,0.0,1.0,0.0
115,229601205,173.68492407031582,-705.3587489207581,0.8675236729910748,576,True,False,False,18.00485051811132,0.14333102779681967,-127.32005515524247,0.0749363407137644,0.5172263066506702,0.07531707228408771,0.11775019881598874,0.0,0.0003501892206259072,0.07531614601612091,-0.00037353276275098324,0.2934027777777778,0.10416666666666667,0.0,0.5485434336686821,0.2654062354564667,-0.06912216544151306,0.9461805555555556,0.006014741519714203,0.014434967782655624,2.6007432527008767e-09,0.0015061174878317272,1.0,0.052083333333333336,1.0,0.16666666666666666,0.0,1.0
116,1515063585,-57.43862275948047,-791.0135780617934,0.7232149553023131,518,False,True,False,6.056472462713678,0.13086258200907208,-126.79514322932187,0.3304372248514821,0.6726034679295254,0.3304372248514821,0.13049074248573492,0.0190793379989168,0.32068032026290894,0.32068032026290894,0.07970502972602844,0.0,0.0,0.513340269215405,0.5190913875712689,0.43932655697542944,0.026680538430809975,0.918918918918919,0.06157111406816857,0.03552817556558862,0.0022087488261114605,0.0013961678673789825,0.0,0.0,0.0,0.3359073359073359,1.0,0.0
117,582664441,163.58353996863576,-1079.1668028319227,1.2272303428005586,776,True,False,False,41.04082596272671,0.1876056775419558,-148.56403133911832,0.07325606040136519,0.3219727565398991,0.10564024139480538,0.11627619785829849,0.0,0.01372747402638197,0.10563182830810547,0.0013332105008885264,0.6069587628865979,0.0979381443298969,0.0,0.557257907881555,0.2857059071213007,-0.06944938004016876,0.9600515463917526,0.007656486054805167,0.02535475003553798,6.501858130017468e-08,0.0015814824005161833,1.0,0.03479381443298969,1.0,0.3440721649484536,0.0,0.0
118,1930167067,28.23252084180714,-1407.8080743309313,1.4160405951727415,1000,False,False,False,23.718990477992456,0.1843931424461134,-162.67406562562576,0.05557474768725765,0.5075643563118951,0.05644163449965542,0.1574680381948963,0.053069936411094476,0.01830444298684597,0.01830444298684597,0.05339106172323227,0.352,0.172,0.5485518202185631,0.572476018987596,0.5573219154775143,0.09710364043712616,0.992,0.017067260558003852,0.03255268935955684,0.002269472279931496,0.0014160405951727376,0.0,0.0,0.0,0.14,1.0,0.0
119,1027610996,184.6132175803417,-761.4482487087342,0.9332014662890753,643,True,False,False,23.788174653429866,0.13138085990573722,-109.58956305660288,0.11334301438862515,0.5354622530952762,0.11336857406350345,0.13573474604025937,0.0,0.1128450408577919,0.113367460668087,0.000502440903801471,0.2846034214618974,0.0,0.0,0.5224874552942574,0.03265138555318117,-0.0692591667175293,0.9051321928460342,0.008124026870709195,0.02035307504615371,1.040297300733406e-08,0.0014513242088477075,1.0,0.07465007776049767,1.0,0.2130637636080871,0.0,0.0
120,2058213044,-47.34325258173054,-280.5645069190498,0.22930125433731913,196,False,False,True,25.16748577976852,0.15484919410079231,-131.40275718347343,1.1077452026962336,1.2525279818301565,1.1077452026962336,0.24367889564445022,0.1456358402675656,0.764187216758728,1.0004446506500244,0.47561532258987427,0.0,0.0,0.5859986320137978,0.6081023451358992,0.567973302975297,0.17199726402759552,1.0,0.059343161353884115,0.06466560999235066,0.00020216617595333886,0.0011699043588638738,0.0,0.0,0.0,0.0,1.0,0.0
121,739874895,56.102871948050115,-1572.3999820414033,1.6085028539894528,1000,False,False,False,91.91261809088918,0.1832812471814664,-93.36854274808192,0.061548817037999845,0.2345244818106272,0.0927250636794617,0.12399369751091524,0.07078770032854291,6.446838233387098e-05,0.06029872968792915,0.07044146955013275,0.711,0.247,0.5489433743059635,0.5676145011399639,0.5225899832858704,0.09788674861192703,0.998,0.0357214036223829,0.030617652054319034,0.00229805314789968,0.001608502853989454,0.0,0.0,0.0,0.39,1.0,0.0
122,594460151,188.9045740137111,-1384.5788809977696,1.5537434550114815,987,True,False,False,62.17114195969597,0.21958795312732882,-159.41671277398441,0.03768551824920483,0.433236276708128,0.03771164100579751,0.16699768927001815,0.0,1.430511474609375e-06,0.03770790249109268,-0.000530996301677078,0.42350557244174264,0.07193515704154002,0.0,0.561062721653748,0.24955447643995285,-0.06905755400657654,0.9675785207700102,0.003923667223155742,0.03326210052542102,2.3406689268236358e-08,0.0015742081611058569,1.0,0.031408308004052685,1.0,0.0972644376899696,0.0,1.0
123,9883956,199.10687703699801,-761.4804574687828,0.9474673345057805,656,True,False,False,35.153824615606275,0.14041986352718785,-107.26329911921302,0.10061924431626951,0.5122615139473867,0.10064479738689527,0.1447793303560179,0.0,0.10061855614185333,0.10064411163330078,-0.0003715300699695945,0.39176829268292684,0.0,0.0,0.5302066449423763,0.23615820869803428,-0.069100022315979,0.9207317073170732,0.007438019070333914,0.017207713674564584,1.560445951186845e-08,0.0014443099611368608,1.0,0.04725609756097561,1.0,0.24085365853658536,0.0,0.0
124,2050880929,-0.941333894839147,-585.0733883637258,0.5752720544688864,443,False,True,False,35.90083978171123,0.13644511225238815,-102.52096896805386,0.37403337243601426,0.8593557747216166,0.37403337243601426,0.18165398481537096,0.012896638855505956,0.3603852391242981,0.3603852391242981,0.10011714696884155,0.0,0.0,0.5022080286871642,0.523544130087662,0.4061949408403598,0.004416057374328375,0.9142212189616253,0.06018737301646623,0.026491919700328152,0.00046125742020711874,0.0012985825157311207,0.0,0.0,0.0,0.11738148984198646,1.0,0.0
125,749775730,182.05867828461345,-618.0858256551394,0.7889845039397522,558,True,False,False,21.88377338904428,0.1558377127806062,-135.94660323516885,0.09597834655394417,0.535278752329219,0.09600581586352018,0.13246079955782702,0.0,0.09596996009349823,0.09599743038415909,0.0012688732240349054,0.26344086021505375,0.06810035842293907,0.0,0.5393835484712822,0.21447426036000253,-0.06945375353097916,0.9372759856630825,0.007113696634018515,0.014232694700000232,1.8205202764569328e-08,0.0014139507239063665,1.0,0.05734767025089606,1.0,0.06989247311827956,0.0,1.0
126,1664184446,232.6371205633972,-734.5537505297108,0.9547708710931104,621,True,False,False,52.10539090458096,0.17829659064357894,-128.18730493290542,0.06823571822197702,0.46919887189593845,0.0682524693510826,0.153107010297751,0.0,0.06822595745325089,0.06824274361133575,0.001152179203927517,0.4074074074074074,0.1320450885668277,0.0,0.534021961480985,0.3178020803630352,-0.06945504993200302,0.9178743961352657,0.005552737686193748,0.02390918176974653,1.3003716260034937e-08,0.001537473222372157,1.0,0.040257648953301126,1.0,0.32045088566827695,0.0,1.0
127,1005736261,149.48151917606594,-971.292283197728,1.1059538023737927,741,True,False,False,15.835136036837758,0.15349240151962562,-139.65609945421616,0.04150666640946482,0.4252543362781855,0.041535097957574575,0.09364100094417592,0.0,0.04149617999792099,0.041524600237607956,0.0009337759111076593,0.3940620782726046,0.24156545209176788,0.0,0.539813835550899,0.23778902411460875,-0.06939131021499634,0.9446693657219973,0.004066179500951444,0.011637924201165148,0.0,0.0014925152528661176,1.0,0.03913630229419703,1.0,0.3427800269905533,0.0,1.0
128,537036580,185.32047934324945,-537.7023844573582,0.7117828638006082,562,True,False,False,18.48693637357321,0.13564298320634435,-119.14899975021154,0.26231261738577266,0.7014398325599481,0.26233914466894503,0.16891855915976206,0.0,0.262307733297348,0.26233425736427307,0.0016013240674510598,0.0,0.0,0.0,0.5371909919422736,0.2361676525324583,-0.06885093450546265,0.9270462633451957,0.01644184032261369,0.01917089604732265,1.5604459512735813e-08,0.0012665175512466336,1.0,0.051601423487544484,1.0,0.12455516014234876,0.0,0.0
129,828663290,40.83131257661722,-1505.3444825273664,1.5261757951039847,1000,False,False,False,46.57316305081015,0.19624154116700057,-151.66829177369573,0.05228124521836943,0.457813340717792,0.05961369990872291,0.13856524447425395,0.002763926524784734,0.0001865387021098286,0.05638599395751953,0.019349751994013786,0.371,0.138,0.5510800406336784,0.5734113695896813,0.5938794782757759,0.10216008126735687,0.999,0.0056873911680676275,0.028838774676255362,0.00041454742121484114,0.0015261757951039825,0.0,0.0,0.0,0.096,1.0,0.0
130,1427199343,282.3875552092796,-300.28653368843953,0.5744740888977198,410,True,False,False,74.1561872335696,0.17306025113922316,-100.87159558841658,0.07812189585005205,0.42986081283011796,0.07826495549301875,0.2613952839520908,0.0,0.0003094673156738281,0.0782506912946701,0.001494178781285882,0.5024390243902439,0.17560975609756097,0.0,0.5455462906137677,0.29367423070129006,-0.06883025169372559,0.9121951219512195,0.002450621849665175,0.052887990555523776,7.802229755934226e-09,0.001401156314384681,1.0,0.06585365853658537,1.0,0.2682926829268293,0.0,1.0
131,761445496,172.5429763172636,-1139.1544520352325,1.293377428352499,916,True,False,False,15.863548680997122,0.16698762701319536,-153.12387748385763,0.021923544190222508,0.6063810476254046,0.022713728035474844,0.15055891111223663,0.0,0.02084379270672798,0.022711563855409622,0.0003135418810416013,0.27074235807860264,0.10807860262008734,0.0,0.5456338493242671,0.28584192305803297,-0.06901326775550842,0.9530567685589519,0.0005694400496224757,0.02722344564646003,1.5604459512193712e-08,0.0014119840920878788,1.0,0.03056768558951965,1.0,0.056768558951965066,0.0,1.0
132,2057742878,207.66901333257564,-652.0706208648041,0.8479796341973791,588,True,False,False,43.711023402063816,0.13845684654899804,-96.74039658931126,0.0753033935648052,0.5102854346781203,0.07535222936795166,0.15878096224132554,0.0,0.0752357468008995,0.07534189522266388,0.0012479162542149425,0.29931972789115646,0.1445578231292517,0.0,0.5768766947926915,0.2963331063091755,-0.06880155205726624,0.9574829931972789,0.002283282226599776,0.013794302866360058,0.0,0.0014421422350295566,1.0,0.04421768707482993,1.0,0.10034013605442177,0.0,1.0
133,1654955899,-101.55265220338478,-236.66677938307677,0.13353412717969204,79,False,False,True,-50.126450125023396,0.11859368817831459,-169.81605100280504,1.5961936396408072,1.6741551308923932,1.7058728078283671,0.3525187850279449,0.21353895853163624,0.7303549647331238,1.0006524324417114,1.3815559148788452,0.0,0.0,0.5673903226852417,0.5069787149918796,0.5596119255945087,0.1347806453704834,0.9240506329113924,0.07153806726860118,0.08291764247826271,9.214953490593869e-05,0.0016903054073378733,0.0,0.0,0.0,0.0,1.0,0.0
134,999665527,4.840599547830116,-1764.1127397699995,1.7489533393178294,1000,False,False,False,59.63088111224124,0.17041371003308917,-112.78274257835281,0.227921328382075,0.42150985858345175,0.227921328382075,0.09503614444291862,0.03728977992509702,0.22571220993995667,0.22571220993995667,0.03165644034743309,0.0,0.0,0.5640561208128929,0.5739971653255925,0.5699454664438963,0.12811224162578583,0.999,0.010958190080538504,0.018652031667905196,0.0031675505367496602,0.0017489533393178277,0.0,0.0,0.0,0.514,1.0,0.0
135,1601570055,-60.5072833776474,-223.119151129707,0.16147186775205957,57,False,False,True,-28.15721197773077,0.15162988908990133,-180.65929068672716,1.3769002256043208,1.425828508155784,1.3769002256043208,0.6554658257924216,0.43106401005859474,0.6933857202529907,1.0004212856292725,0.9460504651069641,0.0,0.0,0.6004911884665489,0.6649204371006865,0.65633486405015,0.20098237693309784,1.0,0.1013756611895501,0.11881209483394475,0.0014692638928021085,0.002832839785123852,0.0,0.0,0.0,0.0,1.0,0.0
136,12271510,237.31808344530856,-408.1518412925715,0.6362699247378805,460,True,False,False,40.88114232105972,0.1552998816797996,-116.39909582982169,0.1033710662821563,0.5740519916334971,0.10339824493417302,0.20234558629713575,0.0,0.10336561501026154,0.10339279472827911,0.0010616278741508722,0.2717391304347826,0.0,0.0,0.5234355534902653,0.18320697281509637,-0.06939680874347687,0.9,0.00753981476196164,0.030411948045970437,2.860817577277075e-08,0.0013831954885606087,1.0,0.0782608695652174,1.0,0.07173913043478261,0.0,0.0
137,1787728803,40.716956105709045,-2309.7855482957943,2.3305025044015064,1000,False,False,False,42.018986162718235,0.1407607821129996,-100.74170960778643,0.33570462377842974,0.5182051170483668,0.35710718232509187,0.088273180302765,0.011913349641784808,0.3352823257446289,0.3568808436393738,0.012712321244180202,0.0,0.0,0.0,0.4313237795337045,0.3728776590758935,-0.09240033477544785,0.771,0.013806156084992152,0.017197986150012654,0.005910713090004609,0.0023305025044015036,0.0,0.217,1.0,0.643,1.0,0.0
138,1945554712,8.840466051874737,-1656.2138717996265,1.6450543378515028,1000,False,False,False,40.519742456724146,0.17053902088709097,-132.01919208787183,0.049132111634019815,0.39741571655830515,0.06975246491295058,0.11176184549473481,0.08965097324571544,7.371902756858617e-05,0.018393516540527344,0.06728361546993256,0.467,0.341,0.612265519797802,0.5670252910270356,0.5857934311777353,0.22453103959560394,0.999,0.031237035659663775,0.01922011362343125,0.002145509153195089,0.0016450543378515026,0.0,0.0,0.0,0.3,1.0,0.0
139,628675380,-82.94942023418844,-268.6506969354095,0.18310127670122117,130,False,False,True,-22.24415884082739,0.13766594022452866,-161.36859054633223,1.435111481502229,1.4887204703426895,1.435111481502229,0.49703144522004067,0.32712515215559096,0.4031071662902832,1.002800703048706,1.026613712310791,0.0,0.0,0.5733020976185799,0.48621966331624067,0.5779513464123011,0.14660419523715973,0.8692307692307693,0.07802615186241468,0.08909686570049553,0.0008149220920777439,0.0014084713592401623,0.0,0.0,0.0,0.0,1.0,0.0
140,485269103,237.96409997893497,-841.3617274913599,1.0653658274702935,698,True,False,False,54.415134337784416,0.17901036360638015,-126.59343289846728,0.022145672297585236,0.4797413669439103,0.022168627648533924,0.1693453183160774,0.0,1.0395049685030244e-05,0.02212982252240181,0.0013111090520396829,0.31805157593123207,0.14040114613180515,0.0,0.5435739838769046,0.2976628424227238,-0.06943763047456741,0.9441260744985673,0.0029696885908784315,0.03639037011572282,4.941412178873991e-08,0.0015263120737396762,1.0,0.03724928366762178,1.0,0.20916905444126074,0.0,1.0
141,1372997985,47.94512575552227,-1370.8102596258304,1.3987553853813532,1000,False,False,False,19.572317418792096,0.181680436097715,-164.10803233642827,0.18232157120747292,0.656032579221781,0.18232157120747292,0.16397293436764385,0.03765630730777732,0.17310667037963867,0.1822706162929535,-0.004310193005949259,0.035,0.0,0.5272970199584961,0.519329795251775,0.5257088521402329,0.05459403991699219,0.946,0.012647684911922561,0.0314164446840993,0.0009031757135921463,0.0013987553853813527,0.0,0.008,1.0,0.237,1.0,0.0
142,89323474,245.369118556287,-719.85911273515,0.9527082312914392,626,True,False,False,56.731028662725734,0.18141662250200055,-126.68188991743409,0.05016513344480026,0.4204974571025042,0.05019222077036697,0.18714746276311056,0.0,0.0010334968101233244,0.05018673092126846,0.0007423377246595919,0.4792332268370607,0.1805111821086262,0.0,0.5431039297325424,0.29196862012147906,-0.0689166933298111,0.9201277955271565,0.0009272485994990735,0.035302184843075915,2.0805946016294423e-08,0.0015218981330534156,1.0,0.04313099041533546,1.0,0.33706070287539935,0.0,1.0
143,1586705974,-0.07430616240014268,-1632.7092807868205,1.612634974624421,1000,False,False,False,34.08068775034003,0.18106690991795812,-148.9861358251231,0.10006616760731885,0.32498239927698525,0.10364900733114586,0.09141516903819864,0.015903016538682896,7.753372483421117e-05,0.10091619193553925,0.02364400401711464,0.634,0.0,0.5520468726754189,0.5644244087808765,0.554221602268517,0.10409374535083771,0.984,0.0044259936302414905,0.019346240579789373,0.0028697907916388748,0.0016126349746244197,0.0,0.0,0.0,0.478,1.0,0.0
144,391638893,164.02913180997118,-1178.8673539606414,1.3263764857706142,826,True,False,False,19.104243834165768,0.17530677218072818,-158.20203209631836,0.00597731620601451,0.452253361793098,0.014313740903783385,0.13917971017657788,0.0,4.1294097172794864e-05,0.014224529266357422,0.0015956020215526223,0.3704600484261501,0.2469733656174334,0.0,0.559952688498984,0.1721598993986845,-0.0694798156619072,0.9527845036319612,0.0025179334737819624,0.030962703234564928,2.0805946016402843e-08,0.0016057826704244723,1.0,0.043583535108958835,1.0,0.13196125907990314,0.0,1.0
145,1169248461,186.36046332363054,-1016.5226367302457,1.1888031000538766,704,True,False,False,65.68059874890854,0.21016769062867233,-146.48540063294607,0.038528113123676586,0.2882426009644903,0.05823091501002446,0.1028000600722195,0.0,0.00014495849609375,0.05822620540857315,0.0007405853248201311,0.53125,0.40482954545454547,0.0,0.5736943212872244,0.2945261846482754,-0.06936386227607727,0.9644886363636364,0.005008544839329718,0.015409808309171906,2.3406689268236358e-08,0.0016886407671219841,1.0,0.036931818181818184,1.0,0.44176136363636365,0.0,1.0
146,1148949906,241.12814955923236,-326.09551579652015,0.5597236653557526,375,True,False,False,56.350596927634996,0.15316149547182137,-98.7647425649035,0.25964848846743005,0.6987561619521766,0.25967338608855295,0.2218592226112889,0.0,0.25961628556251526,0.259641170501709,0.004090235102921724,0.0,0.0,0.0,0.5245108154956252,0.020268139275722206,-0.06929130852222443,0.872,0.016274642440055526,0.017322561994395656,1.3003716260034937e-08,0.0014925964409486742,1.0,0.11733333333333333,1.0,0.09333333333333334,0.0,0.0
147,1856387900,206.77341539068146,-832.6709901792221,1.0259644055699029,674,True,False,False,36.311358455990394,0.1388034693552836,-104.4898245048583,0.018651746338231755,0.4885125594915054,0.0186800684999787,0.14589213868199025,0.0,7.181167893577367e-05,0.018635082989931107,0.0012956238351762295,0.36053412462908013,0.18100890207715134,0.0,0.5493973185037447,0.3003462028503418,-0.06942448019981384,0.9451038575667656,0.002777116556781833,0.0226445538633318,1.8205202764135647e-08,0.0015222023821511903,1.0,0.03857566765578635,1.0,0.24183976261127596,0.0,1.0
148,1452815149,-88.89612017050385,-229.96543294578987,0.13922931277528605,92,False,False,True,-34.49262605433974,0.10748653533963201,-143.18580578112764,1.5437662579233897,1.6204809147314498,1.584483144433097,0.5066581416363173,0.3955060645876772,0.5773810148239136,1.0027315616607666,1.2268317937850952,0.0,0.0,0.5741990283131599,0.4173092738441799,0.562707368209958,0.14839805662631989,0.75,0.07698188582739988,0.07336263235803249,0.00011656011106950248,0.0015133620953835434,0.0,0.0,0.0,0.0,1.0,0.0
149,118590695,276.88598736152045,-376.2198517765087,0.6442058391380288,445,True,False,False,85.49206342674402,0.1891779294009511,-105.6630262112863,0.027245760988969227,0.3821671270111197,0.02727375950117639,0.20964133654689066,0.0,0.00076971051748842,0.02724018134176731,0.001352951512672007,0.45393258426966293,0.2876404494382023,0.0,0.5690620680705885,0.28291000947356226,-0.06922955065965652,0.9415730337078652,0.00026556443325316705,0.04458731699331132,7.802229756096856e-09,0.0014476535710966948,1.0,0.060674157303370786,1.0,0.15280898876404495,0.0,1.0
150,816655702,161.00916857221168,-897.5416683904275,1.0444308369626374,706,True,False,False,24.632571375580984,0.1428064851782637,-120.17225621167678,0.03154352674290442,0.411444385855912,0.031570987346292226,0.09934534084670561,0.0,0.03153228759765625,0.03155975416302681,0.0008421159000135958,0.3626062322946176,0.21671388101983002,0.0,0.5467113627037746,0.16761905689723788,-0.06935350596904755,0.9504249291784702,0.0035160442808494312,0.012076002914657932,1.5604459512302132e-08,0.001479363791731782,1.0,0.05099150141643059,1.0,0.26062322946175637,0.0,1.0
151,1777571204,252.20597977731362,-768.0718478251334,1.0079778276024465,615,True,False,False,69.72038078660172,0.22836135254653323,-160.6368348632636,0.009142632686027524,0.4088664873919808,0.011596364275131365,0.17360664488427852,0.0,0.0007726669427938759,0.01150503195822239,0.0014525508740916848,0.383739837398374,0.2601626016260163,0.0,0.5628797900658555,0.2324867195636034,-0.06943828612565994,0.9512195121951219,0.0023752610877298065,0.038513241679702236,5.201486504100711e-09,0.0016389883375649554,1.0,0.05040650406504065,1.0,0.20650406504065041,0.0,1.0
152,25063030,185.74537796746014,-909.2720886877349,1.079697466655194,766,True,False,False,27.057844905502748,0.1554516255354724,-130.39287366804024,0.10156462740108592,0.5642212443445124,0.10159314453227376,0.1439472934364514,0.0,0.10156221687793732,0.10159073024988174,0.0007003879291005433,0.22715404699738903,0.0,0.0,0.5486588214661479,0.2756199822574854,-0.06835886090993881,0.9373368146214099,0.0036029234095551364,0.029259605994729328,2.600743251833515e-09,0.0014095267188710115,1.0,0.03524804177545692,1.0,0.11357702349869452,0.0,0.0
153,1360549999,196.0223746683797,-854.4621676609572,1.037624542329337,643,True,False,False,34.79980734224192,0.17171944365160235,-138.916514113656,0.05220884874541068,0.4540956621462006,0.058222601850592304,0.12381957280274973,0.0,2.326965295651462e-05,0.058220576494932175,0.0004856324230786413,0.3965785381026439,0.23950233281493002,0.0,0.5292069718390515,0.22402334263548254,-0.06878534704446793,0.9206842923794712,0.0013370043950917286,0.026655604439003527,2.6007432520503554e-09,0.0016137240160642881,1.0,0.049766718506998445,1.0,0.16796267496111975,0.0,1.0
154,1128058892,165.4484112489153,-1219.6646266587682,1.3677930379076824,866,True,False,False,36.7509917355974,0.1933527210857901,-158.60139737279445,0.04776016803000177,0.3712893441409323,0.05392426755601221,0.1195140865675992,0.0,0.0009173393482342362,0.05391550064086914,0.0009723281837068498,0.5080831408775982,0.2540415704387991,0.0,0.5610704191700409,0.2985678814351559,-0.06941251456737518,0.9665127020785219,0.004756737951831966,0.027619240017578924,2.600743251833515e-09,0.0015794376881151059,1.0,0.028868360277136258,1.0,0.3418013856812933,0.0,1.0
155,1835097532,94.1665455491515,-5155.703857726936,5.2298704032761005,1000,False,False,False,24.250510031148465,0.13412885285430243,-111.87825648065905,0.43232207127485767,0.6895316685932776,0.43232207127485767,0.08824159576241092,0.0084098754172397,0.43019694089889526,0.43019694089889526,0.042813144624233246,0.0,0.0,0.0,0.24403817600966432,0.0,-0.05915651470422745,0.43,0.03779180851194585,0.028757906675092797,0.00933883989540496,0.005229870403276091,1.0,0.393,1.0,0.564,1.0,0.0
156,131059846,159.0394404748455,-894.9850999523003,1.040024540427146,700,True,False,False,0.5024495102596239,0.1326688879966553,-134.16467786403229,0.06192931565308952,0.5490652489751713,0.06547118176363459,0.1404265517504275,0.0,0.04612588882446289,0.06545762717723846,0.0013321733567863703,0.29285714285714287,0.2042857142857143,0.0,0.5548080792411098,0.2800076826103032,-0.0689212754368782,0.9614285714285714,0.001770583892878476,0.017226055360047468,1.5604459512085292e-08,0.0014857493434673504,1.0,0.03857142857142857,1.0,0.14857142857142858,0.0,1.0
157,1371903228,3.447094858856811,-1612.1506317643714,1.595597726623225,1000,False,False,False,27.465285822280485,0.180703457014978,-155.2380848502022,0.032401300820890655,0.38698505462543153,0.04343495299303737,0.11547597488286157,0.02895074483036252,0.00012836456880904734,0.02747173234820366,0.033643707633018494,0.472,0.369,0.5525788404047489,0.58321980813751,0.580503289476037,0.10515768080949783,0.999,0.023928263125982768,0.021270529103603317,0.00045096367841558627,0.001595597726623226,0.0,0.0,0.0,0.206,1.0,0.0
158,1386590529,197.58987232716754,-664.8652486575561,0.8515551209847235,545,True,False,False,37.71676233820708,0.13981122392429748,-104.08610149419444,0.05000268151002716,0.46748032220734975,0.06122871590899357,0.13675457247512207,0.0,2.670288040462765e-06,0.061217404901981354,0.0011768555268645287,0.344954128440367,0.1908256880733945,0.0,0.5495514244678508,0.19248815765604377,-0.06892388314008713,0.9394495412844037,0.0015376379205373559,0.02246238411029087,1.3003716260034937e-08,0.0015624864605224295,1.0,0.060550458715596334,1.0,0.06605504587155964,0.0,1.0
159,1177456203,4.090940612618542,-1742.2198236120223,1.7263107642246416,1000,False,False,False,19.996944195916722,0.1270036969714531,-109.00666643304189,0.40413682336543644,0.7558258061857979,0.4312531765177533,0.12604392576363838,0.05811183673456155,0.4016779959201813,0.4279514253139496,-0.053262367844581604,0.0,0.0,0.514579595066607,0.5332828453578404,0.529210861180909,0.029159190133213997,0.966,0.024608461516118826,0.023822552375002817,0.0001402762887847686,0.0017263107642246423,0.0,0.0,0.0,0.39,1.0,0.0
160,882685052,28.224645287700564,-2068.4644245838836,2.076689069871584,1000,False,False,False,46.95669508277968,0.22474177903706588,-179.7849976117909,0.33451095875136894,0.5391035650371585,0.3376514773508123,0.11116155633927305,0.043085430935888167,0.00011148452904308215,0.3371247351169586,0.01885293424129486,0.0,0.0,0.5447244644165039,0.5060114617118961,0.5453748268377967,0.08944892883300781,0.912,0.014051256630921638,0.029050594320148036,0.0006328661633207295,0.002076689069871585,0.0,0.08,1.0,0.527,1.0,0.0
161,867409381,177.42267590532424,-1100.5334800140774,1.2620961559194017,793,True,False,False,24.641307360565605,0.16880690638781773,-146.16490761143325,0.019066250844855418,0.44046436966099317,0.019094090491852202,0.14216974362867763,0.0,0.0010933876037597656,0.019092941656708717,-0.0002094531082548201,0.46279949558638084,0.14754098360655737,0.0,0.5313095927785602,0.1821877506375313,-0.06908338516950607,0.9306431273644389,0.0028788456043637254,0.028678792555731216,1.560445951186845e-08,0.001591546224362422,1.0,0.04287515762925599,1.0,0.223203026481715,0.0,1.0
162,241021414,170.083208791446,-793.2810095892181,0.9512842183806646,604,True,False,False,15.654263181259106,0.13878133053320796,-125.12244686729046,0.025367590184045274,0.4527851551941775,0.02539505689366937,0.11450409901592647,0.0,0.025366496294736862,0.025393962860107422,0.00023572206555400044,0.3708609271523179,0.21357615894039736,0.0,0.5463522936245242,0.23172758469358087,-0.06920221447944641,0.9420529801324503,0.003204280508605181,0.012074475674506738,7.802229755934226e-09,0.0015749738714911654,1.0,0.04966887417218543,1.0,0.17880794701986755,0.0,1.0
163,674548240,206.87941753484785,-840.804370203362,1.0345637877382103,656,True,False,False,32.721973845911144,0.18941590740807537,-158.69119376979575,0.07521885952287323,0.6433042417921223,0.0787750361886331,0.17941736390255672,0.0,0.06551523506641388,0.0787622481584549,0.0014193630777299404,0.19969512195121952,0.13719512195121952,0.0,0.5601361363834457,0.2535800938354805,-0.06880654394626617,0.9573170731707317,0.0024725243340550564,0.038623808223404416,7.802229755934226e-09,0.0015770789447228813,1.0,0.042682926829268296,1.0,0.07469512195121951,0.0,1.0
164,783109940,212.2895591378678,-843.0713582157118,1.0417609173535785,680,True,False,False,32.079834070882775,0.16720114439485595,-137.11915772899857,0.07840312486322766,0.5382011884497816,0.0800785425442303,0.17502614418275986,0.0,0.0018546103965491056,0.08007554709911346,0.0006926274509169161,0.3058823529411765,0.13529411764705881,0.0,0.5119792444446563,0.23688563380390407,-0.0693497285246849,0.888235294117647,0.006238050437934925,0.032654318981798686,1.560445951186845e-08,0.0015320013490493815,1.0,0.07205882352941176,1.0,0.10441176470588236,0.0,1.0
165,2026472473,-3.730702257808298,-1655.6053587391903,1.6318746564813773,1000,False,False,False,43.92506830874198,0.18034036056064215,-138.41520590940524,0.10969663776493958,0.3550020882538069,0.12956099729011736,0.1052866410807947,0.0629733818752736,8.78334030858241e-05,0.12190847098827362,0.04386771842837334,0.609,0.0,0.5675259530544281,0.5758988725366071,0.5761790933459997,0.1350519061088562,1.0,0.020319906113588325,0.01890576147872582,0.0016779969454668274,0.0016318746564813796,0.0,0.0,0.0,0.201,1.0,0.0
166,1224070920,216.00944541804495,-839.877044256734,1.043406489674779,624,True,False,False,58.56154946212644,0.19159650748140408,-135.0311788928205,0.03854010998957708,0.4303849435392783,0.03908724245738513,0.13211848290961498,0.0,0.0339961051940918,0.03907899931073189,0.0008027052972465754,0.3685897435897436,0.1362179487179487,0.0,0.5660524213483605,0.30959515877068045,-0.06901831179857254,0.9599358974358975,0.0003386738861743833,0.01570562657957964,2.0805946016240213e-08,0.0016721257847352234,1.0,0.041666666666666664,1.0,0.2483974358974359,0.0,1.0
167,856913638,32.17541951229805,-1503.8629545007395,1.5160383740130354,1000,False,False,False,16.418342614769355,0.19565695976512137,-181.23853080785705,0.011084195416948942,0.5243406423807185,0.03604410866371408,0.16207597714912442,0.05529243083043725,0.0002597808779682964,0.018466472625732422,0.030954275280237198,0.386,0.269,0.5454933270812035,0.5755744912130758,0.5547816030308604,0.09098665416240692,0.996,0.012963959998430365,0.028716911124548005,0.0020433883686608555,0.0015160383740130366,0.0,0.0,0.0,0.158,1.0,0.0
168,626537496,0.3164170250238473,-1512.3670389276447,1.4926834559526683,1000,False,False,False,24.700712351545658,0.144217865744463,-121.51706705042238,0.029262066466526324,0.4223110199799204,0.09126717056517762,0.1026053821950719,0.04678802106407291,5.283355858409777e-05,0.059251975268125534,0.0694182962179184,0.428,0.335,0.6045881286263466,0.5547605536828633,0.5714419285207987,0.20917625725269318,0.981,0.02496451367029481,0.01913243872200763,0.0009575416505325923,0.0014926834559526691,0.0,0.0,0.0,0.316,1.0,0.0
169,154517276,0.4412236762699059,-1587.6183777300128,1.5680596014062838,1000,False,False,False,51.6253051272653,0.19205934517219367,-142.43395370243388,0.07949452464762563,0.2823095563337034,0.12716419994929065,0.08290683557702398,0.02248310535150218,0.04159536212682724,0.11738214641809464,0.04890976846218109,0.65,0.24,0.5888344421982765,0.5714839408951812,0.5708237919956446,0.17766888439655304,0.999,0.014523897504342896,0.01620404757999402,0.0019605676997999453,0.0015680596014062832,0.0,0.0,0.0,0.493,1.0,0.0
170,916885238,-28.465841959690394,-1438.4850844566104,1.39559924249692,721,False,True,False,57.02457206377211,0.14811155269193957,-93.0855550031745,0.34042553064204023,0.5605852083421033,0.3707032521125801,0.1116797213279631,0.012312094648350648,0.3331265449523926,0.3671088218688965,0.05149770900607109,0.0,0.0,0.0,0.536532984907405,0.4121915239864029,-0.0605575330555439,0.9583911234396671,0.037345671813006034,0.03442854399665565,0.009501578803657519,0.001935643886958281,0.0,0.012482662968099861,1.0,0.4535367545076283,1.0,0.0
171,515494164,23.950012013269596,-1539.4673183974837,1.5434173304107528,1000,False,False,False,38.74743959530605,0.19685029513629274,-160.10276919849244,0.09062018694380364,0.4473112459288161,0.09168987248560118,0.12554385922010283,0.02878621703388723,0.0002521514834370464,0.03439502790570259,0.08499420434236526,0.361,0.088,0.5860151126980782,0.5687738329670392,0.5560054309107363,0.1720302253961563,1.0,0.005990803628636701,0.02638886603915041,0.0010706791834824226,0.0015434173304107528,0.0,0.0,0.0,0.215,1.0,0.0
172,1344467073,39.32385967988526,-1798.016185427623,1.8173400451075101,1000,False,False,False,58.97935733833146,0.19625834836800013,-139.2789046871743,0.1565396070625544,0.3214506008758047,0.16578523769690312,0.07903497221092706,0.012417082610398405,0.1565386801958084,0.16578225791454315,-0.0009939813753589988,0.556,0.0,0.5767451375722885,0.49846368316747247,0.3636601475998759,0.15349027514457703,0.863,0.01286438924265475,0.010374288791696575,0.007204120575776737,0.0018173400451075104,0.0,0.137,1.0,0.674,1.0,0.0
173,743363182,193.60691611841315,-678.1111262535683,0.8581180423719798,680,True,False,False,18.81093948929735,0.18258720903052938,-165.77411694625758,0.24913999714649007,0.8011094686711298,0.2491666559148693,0.1893980298441644,0.0,0.24913296103477478,0.24915961921215057,0.0018725848058238626,0.0,0.0,0.0,0.5482988840188173,0.140591384768486,-0.06559298187494278,0.9367647058823529,0.010710731310665241,0.03955906924220705,5.20148650366703e-09,0.0012619382976058542,1.0,0.057352941176470586,1.0,0.05,0.0,0.0
174,1926328121,157.41189760933628,-935.3901109113831,1.0773820085207202,771,True,False,False,16.216575706983424,0.15366510484199986,-139.44766662324633,0.12647656364397855,0.5507131883933886,0.12650679820267832,0.12860493927158106,0.0,0.1264764815568924,0.1265067160129547,0.00014420509978663176,0.20363164721141375,0.0,0.0,0.537078930204553,0.20808509724214674,-0.06915326416492462,0.9455252918287937,0.008878530446113204,0.024482418640994784,3.6410405529138656e-08,0.0013973826310255775,1.0,0.042801556420233464,1.0,0.13878080415045396,0.0,0.0
175,1395484617,-69.40167896300555,-227.17382075344284,0.15683214179043725,47,False,False,True,-39.456598758146214,0.15194679353478016,-192.15634150314398,1.4230657132763171,1.4820830801340705,1.4230657132763171,0.6450956672123265,0.4854598466397922,0.7608361840248108,1.0025291442871094,1.0099759101867676,0.0,0.0,0.6662898510694504,0.6964773884479035,0.6964773884479035,0.33257970213890076,1.0,0.11820101361396633,0.1259256661869378,0.0005523770607852724,0.003336854080647602,0.0,0.0,0.0,0.0,1.0,0.0
176,126288124,153.090110595082,-1120.7200528925357,1.2575701634876173,812,True,False,False,18.448268664964136,0.1735019300307168,-157.05309013969728,0.10044016518657044,0.4759080989394601,0.10045255475855164,0.11852448642610344,0.0,0.09433507919311523,0.10045194625854492,-0.00034964323276653886,0.3830049261083744,0.0,0.0,0.5585906979002246,0.2904997910559177,-0.06811662018299103,0.958128078817734,0.003475393688541475,0.019191119530783226,1.8205202764135647e-08,0.001548731728433026,1.0,0.0332512315270936,1.0,0.23275862068965517,0.0,0.0
177,244472222,253.96579451086004,-639.716746856445,0.8814825413673049,610,True,False,False,71.42709430431574,0.1724979018320414,-103.06645743313899,0.05709876670626311,0.3289862967368934,0.05709952661731686,0.19270283981115557,0.0,0.00015363693819381297,0.057095907628536224,-0.0006428623455576599,0.5868852459016394,0.419672131147541,0.0,0.5417054184407117,0.10787269547581672,-0.06905890256166458,0.9295081967213115,0.005007223661757687,0.039640106247140795,5.20148650366703e-09,0.0014450533465037796,1.0,0.06885245901639345,1.0,0.37540983606557377,0.0,1.0
178,624263177,221.63754720804582,-698.2673393428536,0.9079648865509004,597,True,False,False,42.01551941770117,0.18063743242024055,-140.61695574855625,0.006698966883423268,0.46752622219145795,0.007957882209592463,0.14150976651791955,0.0,8.668899681651965e-05,0.007904624566435814,-0.0009191298740915954,0.4187604690117253,0.1507537688442211,0.0,0.5373340624728661,0.252082848623395,-0.0688091292977333,0.9112227805695142,0.0014397477325419133,0.021367211120666696,7.802229756151066e-09,0.0015208792069529298,1.0,0.05360134003350084,1.0,0.2780569514237856,0.0,1.0
179,1916746531,184.72603083327422,-1081.000509260315,1.2481265400935904,880,True,False,False,44.943561119633976,0.19789262469393576,-154.948775170327,0.04998715772088247,0.45021692854482664,0.050009573811752805,0.1528871814877874,0.0,0.03235425800085068,0.04999589920043945,0.001169416937045753,0.2681818181818182,0.1431818181818182,0.0,0.565417056708512,0.29347009606659413,-0.06902030110359192,0.9715909090909091,0.0009429049926030705,0.03392029819245138,7.802229756151066e-09,0.0014183256137427166,1.0,0.029545454545454545,1.0,0.19318181818181818,0.0,1.0
180,1882517521,27.97234068806288,-1483.1931837852396,1.4911655244733035,1000,False,False,False,40.820928279156945,0.11769525243977579,-78.87423781812434,0.0486148902166348,0.3700555230691154,0.0954220905869293,0.11785806887037718,0.03469635483882046,5.52177443751134e-05,0.08039093017578125,0.051406942307949066,0.568,0.454,0.5855960324406624,0.5647919905683957,0.5556483400613069,0.17119206488132477,0.982,0.0043852308808807906,0.017846485878383014,0.00034308939962205114,0.0014911655244733018,0.0,0.0,0.0,0.367,1.0,0.0
181,893071467,-7.664117718112505,-1747.8849776630027,1.7202208599448925,1000,False,False,False,19.12005498169482,0.13942179888060277,-122.30165755641305,0.23238599118988468,0.48661757465217365,0.23518435486286288,0.09406869672030116,0.020301126782008565,0.23238115012645721,0.23518428206443787,0.00018504619947634637,0.0,0.0,0.5157208498567343,0.5544319213243726,0.5265654697827995,0.03144169971346855,0.995,0.008142196313253693,0.009419597896170959,7.914191753091368e-05,0.0017202208599448909,0.0,0.0,0.0,0.495,1.0,0.0
182,171120969,16.31202880657794,-1624.5268156282984,1.6208388444348745,1000,False,False,False,23.858313248941172,0.18739891067068593,-165.54051107925025,0.240107360653132,0.5714194808691397,0.2450705078303604,0.12325983295291801,0.027491965030082124,0.24009990692138672,0.24506855010986328,-0.0009795689256861806,0.0,0.0,0.5130891259759665,0.5503453066575166,0.5273522468470037,0.026178251951932907,0.986,0.0055374693727468895,0.027545662174493675,0.0003286442214144609,0.0016208388444348763,0.0,0.003,1.0,0.44,1.0,0.0
183,790228919,-8.624898154063022,-2081.420695218104,2.0527957970640425,1000,False,False,False,23.534140937033335,0.18559113108033753,-164.05690380080958,0.5192538431885718,0.8084477763711934,0.8926964206369085,0.14475177908029618,0.008824541570355978,0.18021468818187714,0.8737529516220093,-0.18292807042598724,0.0,0.0,0.0,0.4548381716626318,0.0,-0.06439046561717987,0.818,0.029687843124497005,0.046634257572356265,7.988703047262166e-05,0.002052795797064042,1.0,0.108,1.0,0.202,1.0,0.0
184,1786810991,-8.626630016230195,-1716.7942024168449,1.6881675724006127,1000,False,False,False,21.44398779086868,0.17872014530767175,-159.27607117430827,0.013506306498446604,0.35559770952278175,0.07921310020803775,0.1040723215498042,0.031986890325419,0.00012636184692382812,0.06768827140331268,0.04114624112844467,0.535,0.344,0.5469371192157269,0.5725352897513658,0.5475174786895514,0.0938742384314537,0.998,0.019023400492417217,0.022491932961909315,0.0008195930269583873,0.0016881675724006154,0.0,0.0,0.0,0.338,1.0,0.0
185,52965927,71.53601163885463,-2618.355331811024,2.669891343449874,1000,False,False,False,38.0108029006923,0.19124726594001557,-155.23637669682873,0.17497148759304562,0.538785663293052,0.21271880505592597,0.1371295531584152,0.03154837175484395,0.1749259978532791,0.20946916937828064,-0.03703993931412697,0.255,0.0,0.0,0.4808508270892344,0.1218067059898749,-0.04691716656088829,0.83,0.0005210455004619186,0.026167369536802498,0.009891903308589082,0.002669891343449877,1.0,0.106,1.0,0.321,1.0,0.0
186,1729187195,213.35910904789347,-918.6424450027473,1.1182815540506403,686,True,False,False,42.301286708273174,0.1793001908670024,-138.99687753329147,0.0068816995729438475,0.49018482542818476,0.006909181127341262,0.14089820561453986,0.0,0.0001905441313283518,0.006804943084716797,0.0011956309899687767,0.3119533527696793,0.1793002915451895,0.0,0.5394389023284806,0.19645491611212493,-0.06936286389827728,0.9475218658892128,0.0021298495904352507,0.021579624112522542,1.3003716260034937e-08,0.0016301480379746953,1.0,0.04664723032069971,1.0,0.15160349854227406,0.0,1.0
187,1240058640,193.00807691224622,-1116.3158762169153,1.2932239531291618,805,True,False,False,44.00450683261616,0.19525526477505395,-153.25014508191583,0.04830737168980346,0.3936947274633982,0.048323384315372496,0.13155836518772338,0.0,0.0019492149585857987,0.04832010343670845,0.000563094625249505,0.4583850931677019,0.29316770186335406,0.0,0.5556171517684674,0.2765280586481094,-0.06931713223457336,0.9639751552795031,0.004462671262139064,0.0264593602533804,1.0402973008201422e-08,0.0016064893827691452,1.0,0.03354037267080745,1.0,0.3950310559006211,0.0,1.0
188,821825863,158.4191353557282,-1403.9849016176481,1.5426640369733744,987,True,False,False,70.60691086869575,0.23780177272211797,-169.19476345977418,0.0970356989906853,0.35116714925328835,0.09745436548178348,0.08011264194400207,0.0,0.0013149261940270662,0.09744825214147568,0.0010915612801909447,0.47821681864235055,0.05572441742654509,0.0,0.5555833113921632,0.2838665673881769,-0.06941377371549606,0.9736575481256332,0.007202567932055275,0.01652980540304212,1.3003716260034937e-08,0.0015629828135495186,1.0,0.02735562310030395,1.0,0.5602836879432624,0.0,1.0
189,1952289020,180.93832799303362,-1238.5750125243783,1.4021933405174127,866,True,False,False,61.08536930129374,0.15012598474051478,-91.04028346182226,0.028587745638010007,0.3680645496782532,0.032404840757498506,0.11536009567308485,0.0,0.011584281921386719,0.0323755256831646,0.0013780570589005947,0.4110854503464203,0.3117782909930716,0.0,0.5613403077539504,0.24079810834489762,-0.06920192390680313,0.9665127020785219,1.2683824840152778e-05,0.008792528197195646,7.802229756091774e-09,0.0016191609012903144,1.0,0.03464203233256351,1.0,0.25057736720554274,0.0,1.0
190,457488617,149.67940611857932,-1369.818290129096,1.5010576962476765,922,True,False,False,35.71209586633018,0.1414897305955493,-107.77744563449396,0.07307216110827505,0.3988832820884763,0.07309256004428127,0.09257011983975431,0.0,0.07304563373327255,0.07309208065271378,0.0002647256769705564,0.5108459869848156,0.0911062906724512,0.0,0.5262556615631033,0.28531934920698404,-0.06926088780164719,0.920824295010846,0.005863144195553345,0.01439320757533814,3.1208919024604265e-08,0.0016280452236959618,1.0,0.05314533622559653,1.0,0.37418655097613884,0.0,1.0
191,815712761,38.542074858956155,-1360.9171365396153,1.3794592113985709,1000,False,False,False,33.49114264160593,0.20076971546361624,-169.27848647951535,0.0883966822296578,0.6094799952690877,0.0885059100495403,0.14949655321508948,0.06520932109105845,0.07867889106273651,0.07867889106273651,0.040533050894737244,0.159,0.02,0.526899877935648,0.5722182156648487,0.5770851190015673,0.05379975587129593,1.0,0.0007233514663650545,0.03160162580775957,0.004051065687908402,0.0013794592113985707,0.0,0.0,0.0,0.035,1.0,0.0
192,134902683,50.30530753482618,-1499.593688527165,1.5298989960619922,1000,False,False,False,46.049455797394685,0.18176720772888727,-137.7176655889978,0.05057464820578134,0.3724802641618754,0.05057464820578134,0.15637711619239958,0.06273799962772841,0.00010623932030284777,0.026546860113739967,0.04304717481136322,0.478,0.259,0.5934321880340576,0.5634687577767763,0.57039834164083,0.18686437606811523,0.979,0.0108519068064294,0.030609960234353063,0.0008094215200996971,0.0015298989960619929,0.0,0.0,0.0,0.249,1.0,0.0
193,934119719,189.66939516070983,-1475.7585412888182,1.645807936449529,981,True,False,False,81.47521822802165,0.24319747571243186,-163.72215297488037,0.047044309492705334,0.32778707377980826,0.047071679131390765,0.10976088149345264,0.0,0.0001241683930857107,0.04706115648150444,0.0009952521650120616,0.47604485219164117,0.16106014271151886,0.0,0.553600495014597,0.20984318347647787,-0.06941182911396027,0.9653414882772681,0.004372284055879276,0.0282421086600427,1.560445951186845e-08,0.0016776839311412111,1.0,0.03363914373088685,1.0,0.4271151885830785,0.0,1.0
194,22390618,-108.75227419021539,-254.01427161878917,0.14412199742857393,57,False,False,True,-66.80720043085758,0.13483396085218258,-202.5133509021353,1.5855142448620914,1.672465618781827,1.7257518241836844,0.5203587020544378,0.3934643788781128,0.7145047783851624,1.003240942955017,1.404181957244873,0.0,0.0,0.5923306718468666,0.5166043610181332,0.5482733336649835,0.18466134369373322,0.9473684210526315,0.09210332489984281,0.09878180306307628,0.00036612223204784966,0.002528456095238139,0.0,0.0,0.0,0.0,1.0,0.0
195,590562343,159.3503632020787,-970.4542046106296,1.114644567812709,758,True,False,False,18.098377480651024,0.12763031982313697,-111.5309594466376,0.09301544263788883,0.5184578626316274,0.0930434769982312,0.11436948330790722,0.0,0.09300460666418076,0.09303264319896698,0.0014198279241099954,0.36675461741424803,0.06992084432717678,0.0,0.5526674121120971,0.2703397186100483,-0.06864277273416519,0.9472295514511874,0.0032115229283762726,0.015116443078256032,1.3003716260034937e-08,0.0014705073453993517,1.0,0.03562005277044855,1.0,0.2532981530343008,0.0,1.0
196,1269560368,43.55750339967196,-1527.2538361212403,1.5508113395209102,1000,False,False,False,55.158290048789944,0.19882777992395956,-145.66940353267523,0.04291391004758973,0.32176147536532235,0.043549706087596715,0.12871817664561663,0.03132910865521482,0.00014028549776412547,0.02132263220846653,0.03797265142202377,0.531,0.46,0.5327427685260773,0.5692022492573596,0.5684685536473989,0.06548553705215454,1.0,0.022707981388413793,0.029815659352967393,0.0017153800289715151,0.001550811339520911,0.0,0.0,0.0,0.416,1.0,0.0
197,1785119941,173.37902275798837,-1040.4524064283157,1.197711429186305,806,True,False,False,31.35605460090112,0.1452406059406475,-115.88394460782965,0.061805715076745746,0.4984751858956608,0.0644068481952669,0.11078177581010533,0.0,0.06151418760418892,0.06439056247472763,0.0014482950791716576,0.21712158808933002,0.141439205955335,0.0,0.491958843103885,0.25278453566133974,-0.06952022016048431,0.8684863523573201,0.005323324173374698,0.021834704972613396,1.560445951186845e-08,0.0014859943290152656,1.0,0.08064516129032258,1.0,0.19230769230769232,0.0,1.0
198,965189358,153.29333583990808,-1203.7734298771438,1.3392467657170537,891,True,False,False,34.133846832847354,0.12815979850158324,-96.02569344962475,0.03986369509820897,0.40365815705971736,0.04325701158554044,0.08719518277932936,0.0,0.00027723313542082906,0.04324779659509659,0.000892827520146966,0.4489337822671156,0.3434343434343434,0.0,0.5407174645167097,0.26875624284148214,-0.06938449293375015,0.9450056116722784,0.004164224270623929,0.013727064682819284,3.1208919024604265e-08,0.0015030827898058956,1.0,0.031425364758698095,1.0,0.43097643097643096,0.0,1.0
199,1798176648,191.5100997983477,-901.9991149794859,1.0786092147778341,745,True,False,False,39.2245650055035,0.15716903397831108,-119.94334889041355,0.0335592058424447,0.40375983780118563,0.03359437137814837,0.11711557388102029,0.0,7.095337059581652e-05,0.03356485441327095,0.0014079547254368663,0.5288590604026846,0.3785234899328859,0.0,0.5394823240491268,0.2656245920807123,-0.06920089572668076,0.9315436241610738,7.837859938644335e-05,0.025703661182940093,5.201486504060053e-09,0.0014477976037286368,1.0,0.03758389261744966,1.0,0.363758389261745,0.0,1.0
200,69892020,170.13934828415515,-1076.3408993804244,1.231780247664581,735,True,False,False,46.66620966873514,0.21066205499876534,-165.99460682428654,0.08224854577532793,0.3646181829076515,0.08227677584223872,0.09372742899531473,0.0,0.08223800361156464,0.08226623386144638,0.0013170456513762474,0.4231292517006803,0.11836734693877551,0.0,0.5598010010561164,0.2914385148137808,-0.06948231160640717,0.9659863945578231,0.0063359268094818405,0.015756682254210196,5.981709479650765e-08,0.0016758914934211985,1.0,0.03537414965986395,1.0,0.44625850340136053,0.0,1.0
201,1722285593,220.4190724282173,-961.6577027313089,1.1671767751595283,745,True,False,False,82.31771093459713,0.1990354392019855,-118.7166081849941,0.02527223709486484,0.2694856649929812,0.03963844368201659,0.14095487921190927,0.0,0.0003279685915913433,0.03962545469403267,0.0010146712884306908,0.5436241610738255,0.37986577181208053,0.0,0.5645530824832331,0.21507442297646776,-0.069406658411026,0.9583892617449664,0.003956437563410045,0.03182996254100602,1.8205202764569328e-08,0.00156668023511346,1.0,0.04161073825503356,1.0,0.2912751677852349,0.0,1.0
202,1838200024,190.38441202081157,-957.6642048634992,1.1332086168843103,742,True,False,False,35.0321183094859,0.16174259007787914,-128.70931740010684,0.05589986517123401,0.4472574218748403,0.05592771079555524,0.12596237969539753,0.0,0.055891990661621094,0.0559198372066021,0.0009384250734001398,0.16846361185983827,0.09703504043126684,0.0,0.49985949361577287,0.13792938232654706,-0.06940627098083496,0.8787061994609164,0.004870486009260212,0.026070996953422514,2.340668926910372e-08,0.0015272353327281825,1.0,0.06873315363881402,1.0,0.3247978436657682,0.0,1.0
203,2126813241,-67.85855428124776,-288.028348849402,0.21654979456815437,181,False,False,True,-7.228897687860744,0.1549843608094678,-163.8889187173064,1.3795918499884374,1.4768083502132323,1.3795918499884374,0.34998313847605095,0.0981596863904581,0.4354018270969391,1.0000927448272705,0.9503095149993896,0.0,0.0,0.5727187171578407,0.5483374612236097,0.5975783035159111,0.14543743431568146,0.9392265193370166,0.06815819855461387,0.09450577579017826,5.920852087572259e-05,0.0011964077047964326,0.0,0.0,0.0,0.0,1.0,0.0
204,1376935700,236.81215479541578,-724.5454730955089,0.9502976278909258,553,True,False,False,57.69146817431596,0.21965656473741746,-163.95738233265968,0.014410066168800147,0.4850663247160794,0.014437810267927818,0.15346185719939043,0.0,8.01086389401462e-06,0.014422988519072533,0.0006540393806062639,0.30018083182640143,0.20976491862567812,0.0,0.5587720150872392,0.2443570513278246,-0.0692652240395546,0.945750452079566,0.0025774275887760524,0.023346810517300736,7.802229755934226e-09,0.0017184405567647817,1.0,0.05605786618444846,1.0,0.11392405063291139,0.0,1.0
205,1075994928,-30.448639833313095,-462.13649877635453,0.4242478589430415,372,False,True,False,15.828177566574222,0.1041241571712494,-90.24841078384495,0.42468187083146863,0.9211147992644536,0.42468187083146863,0.19978679195491197,0.15478247632590564,0.41418924927711487,0.41418924927711487,0.09381874650716782,0.0,0.0,0.5026658263523132,0.5370230825000001,0.2933117434306769,0.005331652704626322,0.9381720430107527,0.008448730315911018,0.013126662503459808,0.0013804413587013287,0.001140451233717853,0.0,0.0,0.0,0.0,1.0,0.0
206,2130197154,152.669583802158,-866.8575895228633,1.005607173325022,696,True,False,False,6.057382158168938,0.1449372773743672,-140.87806237247926,0.12620305153847472,0.5606624593097995,0.13028179049315322,0.11495768411259828,0.0,0.11281347274780273,0.13021965324878693,0.004023287445306778,0.2413793103448276,0.0,0.0,0.546675808562485,0.27786340594291686,-0.06876839697360992,0.9511494252873564,0.005275679207183312,0.01809872253331437,2.600743251833515e-09,0.001444837892708366,1.0,0.040229885057471264,1.0,0.11637931034482758,0.0,0.0
207,1512169714,163.97270332584168,-1253.6971773818757,1.3995698807077175,905,True,False,False,28.672665841063544,0.1657063572235604,-139.0334670557246,0.047165891888013935,0.43707695659740653,0.047181338502016466,0.11875423623881662,0.0,0.047165583819150925,0.047181032598018646,-0.0001698994601611048,0.450828729281768,0.28066298342541435,0.0,0.5487693875750208,0.29531873397529124,-0.06872398406267166,0.9502762430939227,0.000712761321116013,0.024390813819284318,1.5604459512193712e-08,0.001546486056030627,1.0,0.028729281767955802,1.0,0.2972375690607735,0.0,1.0
208,1813899210,24.046399520803096,-1456.5821161762065,1.460628515697012,1000,False,False,False,23.90221712426401,0.17982976978456308,-157.92746631780432,0.047113383007181625,0.5170902374772532,0.047113383007181625,0.13402279236333137,0.027435347293447005,0.037389468401670456,0.03901319578289986,0.026412902399897575,0.366,0.209,0.572527565062046,0.5783320031994954,0.5666481702774763,0.1450551301240921,1.0,0.00966747696477548,0.022906671822940934,0.0024045841428035446,0.001460628515697012,0.0,0.0,0.0,0.178,1.0,0.0
209,1329058962,159.37459115553656,-1079.5595385974832,1.2228341297530199,805,True,False,False,25.12425895764754,0.1068819777338063,-83.7571059156369,0.032282083833497975,0.43866527575902864,0.032309355259464184,0.10495868199086329,0.0,4.444122168933973e-05,0.0323023796081543,0.0006713485927321017,0.462111801242236,0.20124223602484473,0.0,0.5433387231313108,0.2295556126534939,-0.06931661069393158,0.9577639751552796,0.0035656173730692913,0.011457933192787475,2.0805946016402843e-08,0.0015190486083888444,1.0,0.03975155279503106,1.0,0.31801242236024846,0.0,1.0
210,230627142,273.4693146984092,-513.6754268465793,0.7772847415449882,493,True,False,False,78.97522321922935,0.16779973257143915,-90.81041059173717,0.008033283934581976,0.33122159049520283,0.008060316816231561,0.21314835006521562,0.0,0.007452106568962336,0.00804128684103489,0.0005535459495149553,0.5862068965517241,0.47058823529411764,0.0,0.5534956267964979,0.22205345733091236,-0.06921989470720291,0.9391480730223124,0.0022315399519612696,0.041123534567168246,1.5604459512302132e-08,0.0015766424777788816,1.0,0.06288032454361055,1.0,0.2738336713995943,0.0,1.0
211,987606443,140.31855084570134,-1358.495984902571,1.4799145357482706,945,True,False,False,46.697135916464475,0.15648071791658405,-111.78343193184443,0.05557167431578131,0.33014481968434706,0.055599526172277626,0.08893563453923928,0.0,1.678466833254788e-05,0.055599309504032135,0.00015522002649959177,0.4656084656084656,0.24761904761904763,0.0,0.5553153649534261,0.20121929209679365,-0.06923343986272812,0.9650793650793651,0.0048878345922157874,0.013942992202100019,2.3406689268236358e-08,0.0015660471277759475,1.0,0.03597883597883598,1.0,0.4687830687830688,0.0,1.0
212,1428704328,171.12991906423142,-1095.445597665871,1.2508155167301016,788,True,False,False,29.949903908822456,0.18239486872653574,-154.44423776928735,0.07564568244467734,0.4945832464045704,0.08057146789755767,0.12845843964727519,0.0,0.058692265301942825,0.08056716620922089,0.0008325672242790461,0.35279187817258884,0.21446700507614214,0.0,0.5610008449010021,0.24769874058663846,-0.06864440441131592,0.9631979695431472,0.0025289159248959273,0.01962513046284339,1.0402973008201422e-08,0.0015873293359519058,1.0,0.03680203045685279,1.0,0.23223350253807107,0.0,1.0
213,813158061,-24.0555112003479,-1836.5619966027969,1.792506485402451,1000,False,False,False,14.59079232998947,0.16203044249843415,-149.43956382595047,0.5160370498511819,0.8267658775635615,0.7387797806473138,0.14249254374919298,0.012677835683124361,0.510485827922821,0.7073013186454773,-0.21335512399673462,0.0,0.0,0.0,0.5352558381157433,0.38578362898115304,-0.0721064880490303,0.966,0.01830071506014436,0.03198317849093367,0.006212222456699008,0.0017925064854024501,0.0,0.004,1.0,0.202,1.0,0.0
214,1749950354,177.79856866356002,-1134.7691961285739,1.2962077647921337,818,True,False,False,42.00858451428105,0.18878886947769163,-148.7797471654177,0.020052066735842745,0.3577918276563589,0.02183345174541523,0.11653754680630357,0.0,0.00013704299635719508,0.02178983762860298,0.0013793444959446788,0.41075794621026895,0.15403422982885084,0.0,0.5469021414973588,0.271934062987566,-0.0694522112607956,0.9572127139364304,0.0029474772682273717,0.025241182179076865,1.040297300776774e-08,0.0015846060694280346,1.0,0.034229828850855744,1.0,0.33985330073349634,0.0,1.0
215,889174518,23.800816370546872,-1595.991311272349,1.5997921276428937,1000,False,False,False,61.216444616749065,0.22751323899542725,-168.29670803618274,0.11891503143917864,0.35668212301144614,0.11891503143917864,0.10051206940048951,0.040643085351306014,0.08977870643138885,0.11867217719554901,0.007595989853143692,0.539,0.0,0.5885513424873352,0.5775192933827639,0.5704437566548586,0.1771026849746704,1.0,0.007241851508691383,0.02465155776745893,0.002918249790468146,0.001599792127642896,0.0,0.0,0.0,0.463,1.0,0.0
216,1871442016,167.74079843839883,-1204.5837231747578,1.3557245216131564,830,True,False,False,39.7262754682681,0.18512161303424007,-147.39486086996726,0.10866985251036626,0.3991764264073976,0.10974631418120266,0.1115383946779848,0.0,5.92231735936366e-05,0.10974226146936417,0.0009431457729078829,0.4469879518072289,0.0,0.0,0.5478369875094314,0.09784970417618752,-0.0693589299917221,0.946987951807229,0.007903345353358838,0.023390972784561977,2.0805946016402843e-08,0.0016334030380881388,1.0,0.051807228915662654,1.0,0.42530120481927713,0.0,0.0
217,1938763919,-4.363448306388406,-2360.004873135631,2.343221424829243,621,False,True,False,21.064899746505706,0.15483956819906974,-135.77077364647087,0.37965383361197247,0.7839160230482549,0.37965383361197247,0.17997622994249798,0.08367553178685772,0.12598972022533417,0.376018226146698,0.05241494998335838,0.0,0.0,0.0,0.41524846732364096,0.16243685898836702,-0.07792738825082779,0.7198067632850241,0.011171259872575981,0.04238553154723062,0.007905206185155665,0.0037733034216251896,0.0,0.1497584541062802,1.0,0.027375201288244767,1.0,0.0
218,1242605113,203.64186540835058,-1028.2684645170311,1.2166703299253805,762,True,False,False,41.77499409335198,0.1286552209104267,-88.87928265124503,0.01591808385744819,0.46005511517249964,0.015933947434602247,0.13337417123850942,0.0,0.010602760128676891,0.015913009643554688,0.0008165812469087541,0.43963254593175854,0.3136482939632546,0.0,0.5456793729091807,0.3019968363828957,-0.06917044520378113,0.9383202099737533,0.0009092282120522074,0.015631054884663965,3.1208919024387424e-08,0.0015966802229991875,1.0,0.03412073490813648,1.0,0.27034120734908135,0.0,1.0
219,1828995021,230.46337092582553,-842.3259851661147,1.0597693560919403,651,True,False,False,71.32553793037538,0.23890456708446106,-169.5761481645639,0.06332172359855809,0.43108565376740626,0.06334928357547197,0.14133633132888496,0.0,0.0005185127374716103,0.06334295123815536,0.0008956885430961847,0.23348694316436253,0.10752688172043011,0.0,0.5417531896264098,0.08459737449884415,-0.06939923763275146,0.9278033794162827,0.005288620180512509,0.03021221073843106,2.0805946016402843e-08,0.00162790991719192,1.0,0.0629800307219662,1.0,0.2519201228878648,0.0,1.0
220,1937516710,17.04490724067435,-1506.5624330994358,1.503607340340111,1000,False,False,False,28.357738060406245,0.16942901208140504,-143.07118767850406,0.15029449269937759,0.48213392040533803,0.18759858644531424,0.13248565935255882,0.025120408777203382,0.00042552949162200093,0.1833755522966385,0.03958075866103172,0.249,0.0,0.5657036229968071,0.5526653332557762,0.5469006537273526,0.1314072459936142,0.982,0.025533158380121525,0.02379267509059051,0.002652529251664936,0.0015036073403401106,0.0,0.0,0.0,0.271,1.0,0.0
221,1972458574,213.35895480141056,-719.92953410837,0.9219484889097807,567,True,False,False,49.98304073593822,0.14960616950164665,-101.61642706031294,0.00475843095453701,0.47394237874692907,0.004765603061445303,0.13204127137641822,0.0,1.3065337952866685e-05,0.004699611570686102,0.0007903313380666077,0.2786596119929453,0.1746031746031746,0.0,0.5638391595116998,0.303247289955616,-0.06922122091054916,0.9559082892416225,0.001521081914087836,0.013215479644844368,1.5604459512302132e-08,0.0016260114442853274,1.0,0.04585537918871252,1.0,0.14638447971781304,0.0,1.0
222,1627593572,209.74003481068058,-680.3028356232242,0.8787828704339055,563,True,False,False,39.01384730154282,0.17428838708598027,-137.26756317270315,0.03267173020896193,0.41074550211695143,0.03270005767434955,0.14277367363554952,0.0,0.031441591680049896,0.03268785402178764,0.0008932924247346818,0.4422735346358792,0.19715808170515098,0.0,0.5442688845309551,0.19853591978549956,-0.06936731934547424,0.9342806394316163,0.0035762062992199333,0.030320837381243786,2.0805946016402843e-08,0.0015608931979287839,1.0,0.06039076376554174,1.0,0.2344582593250444,0.0,1.0
223,550002066,-104.37897258941084,-244.00010996743924,0.13876113737802842,43,False,False,True,-71.28375682460785,0.1345246803944048,-206.51023196227584,1.5756001239480673,1.592662755017814,1.6103921102714096,0.7096883205754884,0.6306659952771243,0.7101446390151978,1.0001895427703857,1.2621345520019531,0.0,0.0,0.5632422715425491,0.5192307361596545,0.5192307361596545,0.12648454308509827,0.9534883720930233,0.10824280931383357,0.11329969509790569,0.00043865175986047833,0.0032270031948378702,0.0,0.0,0.0,0.0,1.0,0.0
224,928135450,113.91343277310955,-1419.876766144416,1.514630198917526,958,True,False,False,17.57419542828047,0.15392952108803573,-138.35519397168883,0.00799552743689231,0.3010530992488815,0.00855290645266682,0.08214526119895743,0.0,4.1484832763671875e-05,0.008515548892319202,0.0007985210395418108,0.6148225469728601,0.4279749478079332,0.0,0.5569461867522394,0.26576271899510173,-0.06927786767482758,0.9686847599164927,0.002244782448961249,0.011472826104049474,2.600743251833515e-09,0.0015810336105610923,1.0,0.029227557411273485,1.0,0.5,0.0,1.0
225,1388859855,258.33498265370736,-601.8840794681923,0.8500790621218987,507,True,False,False,75.8327757243564,0.22067615422816206,-146.83113026467976,0.07348317513621082,0.48300096311473484,0.07351082775370421,0.17762518527908555,0.0,0.07346896827220917,0.07349662482738495,0.0014449692098423839,0.33530571992110453,0.16568047337278108,0.0,0.5700789070311618,0.214541198015213,-0.06886842101812363,0.9368836291913215,0.00219935965533227,0.02357651402422862,1.3003716260034937e-08,0.001676684540674359,1.0,0.0650887573964497,1.0,0.10059171597633136,0.0,1.0
226,253571847,-101.03673564651982,-181.63244333542423,0.07957570768890446,51,False,False,True,-60.16256580478046,0.06650611187376666,-127.47076566561476,1.6368556706881947,1.7303262733404563,1.7417268762370588,0.45984364532383204,0.42154445103496235,0.7922477722167969,1.002315878868103,1.4244210720062256,0.0,0.0,0.5207300279289484,0.286640318092324,0.29237312445417046,0.041460055857896805,0.5490196078431373,0.0682034358827397,0.04769502560825152,0.001429904244425878,0.0015603079939000874,0.0,0.0,0.0,0.0,1.0,0.0
227,424193372,216.73112527411428,-1064.5310105620238,1.2669421358361384,716,True,False,False,70.07330428366537,0.2190229954818065,-150.94819210254755,0.006679540589848555,0.36164133551479666,0.006706610901013746,0.12520027806829326,0.0,0.0005457877996377647,0.006660556886345148,0.0007846092921681702,0.49162011173184356,0.3854748603351955,0.0,0.5598301043260488,0.16428758054971696,-0.06921065598726273,0.9497206703910615,0.0014144064153870347,0.018230333523040314,1.8205202764135647e-08,0.0017694722567543819,1.0,0.051675977653631286,1.0,0.31424581005586594,0.0,1.0
228,463024751,-29.77123152348213,-1446.6300329140215,1.3968588013905427,1000,False,False,False,7.203866268460601,0.12449411529227739,-119.29016268132175,0.1297287302355485,0.4422737570049178,0.14359323191320317,0.09601054401556264,0.026785114478283696,0.12074136734008789,0.14321832358837128,0.010369572788476944,0.44,0.0,0.5511011108756065,0.5603739829570986,0.5741723535954952,0.10220222175121307,0.994,0.011910258466897198,0.018760448582045796,0.000319150208172924,0.0013968588013905405,0.0,0.0,0.0,0.355,1.0,0.0
229,1373742587,227.81310497452506,-717.4708928524899,0.9328439978270148,622,True,False,False,48.83948260959259,0.17036195172674368,-123.51861325911922,0.01588822806618616,0.4309107955169626,0.0331541792045471,0.1526412273600643,0.0,0.00013322829909157008,0.03312378004193306,0.0014194345567375422,0.39228295819935693,0.2845659163987138,0.0,0.5351066468650373,0.23790352530777453,-0.0694865733385086,0.9163987138263665,0.00357484903633528,0.03402891020798527,1.5604459512302132e-08,0.0014997491926479359,1.0,0.04983922829581994,1.0,0.25241157556270094,0.0,1.0
230,802303837,195.79445336754446,-956.2959720035525,1.137950425371097,707,True,False,False,65.48238970437339,0.18210711902311774,-118.62308830364883,0.07109737999362038,0.3517576219912454,0.07112484469742758,0.10246757624355698,0.0,0.027652835473418236,0.07111883163452148,0.0009248352143913507,0.5289957567185289,0.1371994342291372,0.0,0.5537875977429118,0.20143736797384917,-0.06940477341413498,0.9533239038189534,0.0057242404490198346,0.020492140039286705,2.0805946016402843e-08,0.0016095479849661898,1.0,0.04809052333804809,1.0,0.413012729844413,0.0,1.0
231,1783498037,0.6731052665971162,-1625.521321718083,1.6061944269846802,1000,False,False,False,19.02741333740102,0.1688425872077825,-151.81508752788702,0.15799463528268398,0.5059097811603862,0.17274239076212353,0.11916678174877743,0.008628352040944962,0.15799398720264435,0.17267055809497833,0.004981157835572958,0.215,0.0,0.5699422582983971,0.5597684732181951,0.5402415964379906,0.13988451659679413,0.996,0.014741817682545412,0.02184435603487766,0.0011020129381828867,0.0016061944269846794,0.0,0.001,1.0,0.313,1.0,0.0
232,1601410155,208.28650107905267,-907.8485813705513,1.1034750824496025,633,True,False,False,61.4474711240822,0.21727775692405005,-157.82683350276858,0.02975043121176356,0.37630638748801853,0.029993369419737313,0.12682684682202053,0.0,0.019053269177675247,0.02997732162475586,0.0009810185292735696,0.4060031595576619,0.21958925750394945,0.0,0.5732043149511773,0.2863123267889023,-0.06912411004304886,0.9589257503949447,0.0001394856526769988,0.01825932157997397,1.5604459512166607e-08,0.0017432465757497688,1.0,0.04265402843601896,1.0,0.19747235387045814,0.0,1.0
233,576219794,192.88679469790384,-796.1848315741867,0.9763316262720906,637,True,False,False,26.7586928299747,0.14665927390681957,-121.8972648139298,0.07595047294049892,0.4576499741999635,0.07597813043229384,0.1458360290975474,0.0,0.07594422996044159,0.07597188651561737,0.0009740447858348489,0.40816326530612246,0.13500784929356358,0.0,0.5075138685048329,0.22450020669028162,-0.06941324472427368,0.8869701726844584,0.005995280808145072,0.02077885405618057,2.0805946016402843e-08,0.0015327027100032803,1.0,0.07849293563579278,1.0,0.1664050235478807,0.0,1.0
234,594444028,211.52485212597847,-780.6849284397663,0.9790097805657421,660,True,False,False,31.464776094408037,0.14673344616992023,-117.26603824189468,0.05730182783976227,0.6258682083258489,0.05732957607231405,0.16577768073803584,0.0,0.05729246139526367,0.05732021480798721,0.001035986002534628,0.20909090909090908,0.1409090909090909,0.0,0.5017221848514358,0.2277775927260518,-0.06942839175462723,0.8939393939393939,0.004944571756816272,0.024851744542601067,1.3003716260034937e-08,0.0014833481523723387,1.0,0.045454545454545456,1.0,0.09090909090909091,0.0,1.0
235,66531776,23.801213171423278,-2439.9827519325395,2.443783965103964,1000,False,False,False,7.615486037045157,0.11707489174393973,-111.45931936439959,0.5074984184566596,0.7462382774117032,0.5247340743997493,0.10245474006292879,0.011487093114923786,0.5068538784980774,0.5243420600891113,0.02027937024831772,0.0,0.0,0.0,0.3926381527505291,0.2822319184365915,-0.019833995029330254,0.725,0.015877774221282174,0.024110786022782618,0.002248445270738829,0.002443783965103963,0.0,0.189,1.0,0.56,1.0,0.0
236,67451976,136.75122866667505,-5305.206337105996,5.421957565772669,1000,False,False,False,64.48813159407837,0.14414573142605253,-81.65751348947897,0.1567482962511169,0.3349972368849931,0.1567482962511169,0.08867796143071457,0.008238804886147196,0.15663547813892365,0.15663547813892365,0.005946037825196981,0.615,0.0,0.0,0.24636855331933474,0.030002922468702307,-0.07138646394014359,0.418,0.013541590276192846,0.019208220897062256,0.0022771340695519754,0.005421957565772667,1.0,0.422,1.0,0.621,1.0,0.0
237,1395986010,205.96604782092032,-751.0301757660168,0.9426762235869388,716,True,False,False,17.488621874244025,0.16034278565603854,-144.852664686201,0.06342951480787062,0.680533644900511,0.06345726482234443,0.1813707173827563,0.0,0.06341467052698135,0.0634424239397049,0.0013723350130021572,0.16899441340782123,0.0935754189944134,0.0,0.46353901094178523,0.10462185083422809,-0.06950363516807556,0.8435754189944135,0.005273318382496281,0.030910886700374455,2.6007432520069873e-08,0.0013165869044510317,1.0,0.08100558659217877,1.0,0.04748603351955307,0.0,1.0
238,1372420504,30.38700871997868,-1342.735850644135,1.3531228593641156,1000,False,False,False,23.72022421702658,0.18229636130990062,-160.57605075037947,0.24278424744225066,0.6625908870250189,0.24278424744225066,0.16109962164845462,0.07014871659550626,0.077509306371212,0.2427520751953125,-0.003952315077185631,0.0,0.0,0.5132445693016052,0.5523684054833721,0.5335821594949812,0.02648913860321045,0.985,0.02449230452025339,0.0309779695938556,4.106573594956156e-05,0.0013531228593641142,0.0,0.0,0.0,0.189,1.0,0.0
239,651841002,212.72469268999996,-186.92602526147232,0.39245071795147274,360,True,False,False,49.15343109018014,0.1447134483804859,-97.50635118842591,0.56979528309452,0.9403105598024664,0.5698242433638104,0.18392847591663347,0.0,0.5426650047302246,0.5426950454711914,0.17372897267341614,0.0,0.0,0.0,0.5172595680898262,0.09565894216299058,-0.08918850868940353,0.8833333333333333,0.035784284392730493,0.022225988870658304,1.0402973003864613e-08,0.0010901408831985343,1.0,0.11944444444444445,1.0,0.09166666666666666,0.0,0.0
240,1636612707,186.53811215683814,-316.4677727186735,0.49308588487551214,496,True,False,False,13.376248517684138,0.16846258939850695,-157.07266086763525,0.6638489107533843,1.0644332457965542,0.6638874028274764,0.26820914598463647,0.0,0.32884931564331055,0.6390632390975952,-0.17984621226787567,0.0,0.0,0.0,0.537708834339414,0.19489139795303345,-0.05609850212931633,0.9133064516129032,0.02415521958661446,0.04509672010915564,7.802229754633183e-09,0.0009941247678941767,1.0,0.07056451612903226,1.0,0.06451612903225806,0.0,0.0
241,452221964,-3.2761748355813953,-1547.5160787622408,1.5242399039266592,1000,False,False,False,30.409453154510558,0.15109916983828445,-122.68963034127886,0.059678945072854345,0.35193250214091953,0.0733492629697102,0.07941054825113658,0.035462188221929494,4.2438507080078125e-05,0.06452760845422745,0.034875523298978806,0.558,0.367,0.5337209068238735,0.5576480302950367,0.5584852246195078,0.06744181364774704,0.981,0.02487796613635374,0.014386579094041828,0.0008966400457997951,0.0015242399039266615,0.0,0.0,0.0,0.508,1.0,0.0
242,1821731862,67.69011104516686,-1884.8882991958235,1.9325784102409902,1000,False,False,False,58.326222146977585,0.1421978233345237,-85.87151484505135,0.19636922648365335,0.37949341668987824,0.1972790308599142,0.08732053001605594,0.018365025780764172,0.19636888802051544,0.19725379347801208,0.003155467566102743,0.213,0.0,0.5600667595863342,0.3815381626151502,0.2931457242742181,0.12013351917266846,0.664,0.013000711101324808,0.009599009925328467,0.0025716994517634567,0.0019325784102409897,0.0,0.336,1.0,0.577,1.0,0.0
243,123984911,300.3418054136913,-174.16476849622632,0.4678465739099176,333,True,False,False,82.35749858715545,0.16818133888552358,-87.75344400432616,0.0733964749800876,0.4697755021405527,0.07424901411620258,0.3255144546571911,0.0,0.0005826950073242188,0.07424898445606232,-6.636619218625128e-05,0.47147147147147145,0.32732732732732733,0.0,0.546351701495246,0.27258352792821827,-0.06849498301744461,0.9009009009009009,0.002143073882232466,0.06138737036003589,7.802229756367907e-09,0.001404944666396149,1.0,0.09009009009009009,1.0,0.16516516516516516,0.0,1.0
244,1686778320,25.257137980511434,-2842.105407563954,2.8473625455444664,1000,False,False,False,15.401346906066035,0.12628618979940676,-112.88475655084589,0.13904544817797795,0.39308521580377526,0.13904544817797795,0.07730410264406075,0.001271389605637437,0.0003088951052632183,0.13895997405052185,0.004874655976891518,0.525,0.0,0.0,0.44470578602138267,0.020160253089852632,-0.05919082835316658,0.786,0.0194543800596842,0.016198827869604512,0.006420815069228116,0.0028473625455444633,1.0,0.155,1.0,0.471,1.0,0.0
245,880264374,-58.9795326842461,-342.8135252971674,0.2790739926129215,238,False,False,True,6.057061284014081,0.16729976160111623,-163.05980343167752,1.1567363313177623,1.2883024345225766,1.1567363313177623,0.3537668362158035,0.13463317739161115,0.28382205963134766,1.0003325939178467,0.5808387398719788,0.0,0.0,0.559852559119463,0.5520924379982587,0.5740102531760931,0.11970511823892593,0.957983193277311,0.061994000122435236,0.08475028047108463,0.0008244460138666782,0.001172579800894628,0.0,0.0,0.0,0.0,1.0,0.0
246,1171302208,11.909900412801596,-1403.4786868790047,1.395388587291809,1000,False,False,False,18.299764320989357,0.17541142814327274,-159.11157747978856,0.06755087575929848,0.557485912946542,0.11961866208147434,0.1508883307106574,0.058002147952637875,0.00017309188842773438,0.06002969667315483,0.1034652590751648,0.262,0.103,0.5716003030538559,0.5696512739332393,0.5573224173113703,0.1432006061077118,1.0,0.03274097786298846,0.02683089773976343,2.2751301968763904e-05,0.001395388587291809,0.0,0.0,0.0,0.104,1.0,0.0
247,645818112,178.11758101783937,-1198.8909997144287,1.3585485807322666,923,True,False,False,49.55699675018191,0.17425409619121507,-126.69691223725506,0.015412673586448095,0.27414490962588084,0.016158369358758407,0.13785974169626095,0.0,0.00010929107520496473,0.016102313995361328,0.001344761811196804,0.6088840736728061,0.39653304442036835,0.0,0.557595516350307,0.26087216079235076,-0.06942824274301529,0.9609967497291441,0.0026345782715536097,0.030924431490457947,2.0805946016402843e-08,0.0014718836194282416,1.0,0.0314192849404117,1.0,0.3250270855904659,0.0,1.0
248,1992289477,169.7389636704582,-1085.4704249339275,1.2374093886043869,890,True,False,False,28.92950850422555,0.10577517387440812,-78.84540454279718,0.06526475282571813,0.5352481176162663,0.0652923191339729,0.12147021626588297,0.0,0.06525783240795135,0.06528539955615997,0.0009505486232228577,0.3651685393258427,0.10898876404494381,0.0,0.547851528318761,0.22014350384473802,-0.06883098930120468,0.9438202247191011,0.001737810139148654,0.014483240438953467,5.201486504100711e-09,0.0013903476276453796,1.0,0.03707865168539326,1.0,0.26853932584269663,0.0,1.0
249,313246075,217.2247555173002,-788.9922434181716,0.9937569989354721,623,True,False,False,41.10514811712959,0.17525181269295834,-136.14284727637727,0.02834753255433458,0.4721378301407713,0.030441752138142795,0.13819780434813428,0.0,0.0010810851817950606,0.03040904924273491,0.0014106726739555597,0.3852327447833066,0.27447833065810595,0.0,0.5336858768712723,0.2309437657892704,-0.06922270357608795,0.913322632423756,9.132509929505122e-05,0.02487656716903581,1.0402973008133659e-08,0.0015951155681147217,1.0,0.051364365971107544,1.0,0.2552166934189406,0.0,1.0
250,1889010639,205.05177526725456,-957.553592872553,1.1490853681398094,676,True,False,False,68.3932003909719,0.18888399887654947,-122.48855759039145,0.04613920487340309,0.3723352572318549,0.046166569722996036,0.11943045943191813,0.0,0.0001028060942189768,0.046152401715517044,0.0011436677305027843,0.40236686390532544,0.17159763313609466,0.0,0.5667931638401795,0.24032553650438784,-0.06944386661052704,0.9556213017751479,0.004314582340625195,0.014492413181988137,1.3003716260034937e-08,0.0016998304262423197,1.0,0.04437869822485207,1.0,0.2514792899408284,0.0,1.0
251,2024720233,216.5303236997686,-434.3928520004089,0.640283175700177,532,True,False,False,28.534899425185078,0.17073953929480762,-144.19511292761558,0.3933333813082227,0.8453205753873383,0.39335844641206713,0.2319017164276589,0.0,0.014363288879394531,0.3927614092826843,0.021664319559931755,0.0,0.0,0.0,0.5018919948120847,0.0,-0.0712072029709816,0.8609022556390977,0.023568777990714104,0.04324203478465002,2.0805946018137567e-08,0.0012035398039477016,1.0,0.10526315789473684,1.0,0.06578947368421052,0.0,0.0
252,1804064796,180.14144163271413,-738.9333614290721,0.9075948030617857,574,True,False,False,15.754470272726047,0.167890163333047,-154.12944663295025,0.012435195278810998,0.4816238787828138,0.012462500886794134,0.12242546237731236,0.0,3.776550147449598e-05,0.012431812472641468,0.0008740520570427179,0.2857142857142857,0.13763066202090593,0.0,0.5504910522140563,0.2774743364751339,-0.06930897384881973,0.9372822299651568,0.002456348523759693,0.01880473173309026,2.6007432520069873e-08,0.0015811756150902188,1.0,0.050522648083623695,1.0,0.1794425087108014,0.0,1.0
253,1786187759,-81.7816226694733,-276.0534855209361,0.1918118628514628,123,False,False,True,-19.16855314429489,0.1607912040437618,-181.37878019943685,1.498958813475403,1.514906896942632,1.498958813475403,0.344987668497343,0.18489156687562575,0.6043434739112854,1.00083327293396,1.1158899068832397,0.0,0.0,0.5835222452878952,0.5798356125691557,0.5845216509699821,0.1670444905757904,1.0,0.08004171747976532,0.0956819637688469,0.0006152422266733487,0.0015594460394427873,0.0,0.0,0.0,0.0,1.0,0.0
254,989960034,52.36672709400292,-1481.5816863907753,1.5139484134847774,1000,False,False,False,54.7334815697889,0.16764816344430392,-114.91459553201997,0.01990091811065637,0.30039535410610657,0.04547741708469866,0.13156369602973605,0.04620792256551967,6.189346458995715e-05,0.04522743076086044,0.004761824384331703,0.564,0.456,0.6127713695168495,0.55994744227943,0.6061538775265217,0.22554273903369904,0.977,0.006177897847258711,0.030548824106693344,0.0008271449351764729,0.001513948413484776,0.0,0.0,0.0,0.393,1.0,0.0
255,1905578091,151.71674378097538,-1133.0180403676602,1.2682147841486346,826,True,False,False,25.977305193034454,0.13274373691692135,-108.76593547364259,0.04438692753472403,0.4069846433622307,0.044413526991813605,0.10464635568634997,0.0,0.00018854140944313258,0.044403839856386185,-0.0009275698685087264,0.4213075060532688,0.17191283292978207,0.0,0.5461597891874526,0.21772429288830608,-0.06898084282875061,0.9467312348668281,0.004313952960758203,0.011956639458867824,2.0805946016402843e-08,0.0015353689880734083,1.0,0.04116222760290557,1.0,0.36319612590799033,0.0,1.0
256,1958129221,-96.2130654021632,-224.62884630834483,0.12697578090618167,72,False,False,True,-49.506214685352354,0.10573082595754336,-156.26705790234737,1.5428823638008766,1.6596240765355108,1.6752756725453335,0.630728072638168,0.48258870518231667,0.5733836889266968,1.0011571645736694,1.343217372894287,0.0,0.0,0.5302335880696774,0.3658621545893968,0.5268415026087314,0.060467176139354706,0.6805555555555556,0.08304828070884267,0.08219715914235066,0.0016328766507873599,0.0017635525125858564,0.0,0.0,0.0,0.0,1.0,0.0
257,1850992617,150.64814002746715,-1200.9349838132446,1.3320831238407094,975,True,False,False,7.769439143493394,0.12458647192485191,-118.81692177579978,0.031522695043376306,0.6054880515637545,0.03155159011871109,0.12668685805164462,0.0,0.031305503100156784,0.03152065351605415,0.0013968682615086436,0.34564102564102567,0.16307692307692306,0.0,0.5438866474202428,0.2885604456067085,-0.06921211630105972,0.9641025641025641,3.224661558192624e-05,0.02073886110416804,1.0402973008120106e-08,0.0013662391013750871,1.0,0.02666666666666667,1.0,0.2635897435897436,0.0,1.0
258,1474258078,188.68319868678236,-1013.3203052271854,1.1866635039139657,767,True,False,False,58.60900469224287,0.20981315787483398,-153.20325529028148,0.08209166538586912,0.3976372951343452,0.08211542410074701,0.11729890502558436,0.0,0.08118171989917755,0.08211441338062286,0.00040741919656284153,0.379400260756193,0.08604954367666232,0.0,0.5647409102288129,0.29862039655447004,-0.06852395832538605,0.9661016949152542,0.002581949956198427,0.018703323121619365,1.3003716260034937e-08,0.0015471492880234242,1.0,0.035202086049543675,1.0,0.25684485006518903,0.0,1.0
259,292536559,210.06719203932153,-598.7784124883663,0.7972256045276866,581,True,False,False,33.852884893113526,0.1482948118625406,-116.43610489092652,0.21623550631915023,0.6964500836610875,0.21625994222621636,0.17144924446718576,0.0,0.21620778739452362,0.21623221039772034,0.003463206347078085,0.0,0.0,0.0,0.48172248779148263,0.02001749321410898,-0.0694182887673378,0.8416523235800344,0.013863590898969994,0.021671613728752703,2.6007432520069873e-08,0.001372161109341974,1.0,0.10843373493975904,1.0,0.06540447504302926,0.0,0.0
260,1081232581,-2.320756752369964,-1643.560607737126,1.6212398509847574,1000,False,False,False,48.8349868211498,0.16074703699974727,-113.91196383610254,0.02818307219123873,0.30883070353881065,0.14741539007319265,0.09521757922471648,0.04870762210729359,1.487731969973538e-05,0.12172508239746094,0.08315227925777435,0.592,0.393,0.5805892497301102,0.5741655407981016,0.5665674491971732,0.16117849946022034,1.0,0.033223010020292806,0.014432114291926229,0.00112931294009945,0.001621239850984758,0.0,0.0,0.0,0.394,1.0,0.0
261,1564819839,-21.647392533905787,-513.0662765864806,0.48423888405257554,359,False,True,False,14.965742221811233,0.16904320734730355,-156.02325694177537,0.5763989944372345,0.9982480979796704,0.5763989944372345,0.2329464891101825,0.15585857847840906,0.3019932806491852,0.5430902242660522,0.1931031048297882,0.0,0.0,0.0,0.533654473052674,0.3066359706223011,-0.08038340508937836,0.924791086350975,0.009865148406203497,0.050375036038046085,0.01339939984037458,0.0013488548302300143,0.0,0.005571030640668524,1.0,0.0,1.0,0.0
262,286497476,175.17719274808167,-1234.7279560066554,1.3925651487547377,867,True,False,False,60.305695492012305,0.22130255522553027,-162.99653107589316,0.005801811059057651,0.29690462773232285,0.00711675183368188,0.10503919399634752,0.0,2.8610230629055877e-07,0.0070778848603367805,0.000742766831535846,0.5501730103806228,0.4740484429065744,0.0,0.5652417477970618,0.24024673821404577,-0.06919897347688675,0.9642445213379469,0.0013938998799376805,0.020489076527353735,1.3003716260251777e-08,0.0016061881761877017,1.0,0.03575547866205306,1.0,0.3206459054209919,0.0,1.0
263,1605952649,215.31909989990822,-726.4158541182103,0.9301349540181187,580,True,False,False,34.87660230396371,0.13650888627868465,-103.62640308734657,0.028710956523935533,0.5695165070103355,0.028738608227501707,0.17142215851560452,0.0,0.028702259063720703,0.028729915618896484,0.0007067894912324846,0.22241379310344828,0.16034482758620688,0.0,0.49971050779492765,0.16651517797261475,-0.06931684911251068,0.8879310344827587,0.0033656605285085515,0.0192953699722364,2.860817577233707e-08,0.0016036809552036524,1.0,0.06896551724137931,1.0,0.056896551724137934,0.0,1.0
264,200068483,236.84265958024173,-1003.9462298704836,1.2267088894507276,704,True,False,False,86.33686242615046,0.2421835816615111,-157.845027988543,0.05707705609729982,0.3430477112684799,0.057105095824928655,0.14608912090288337,0.0,0.00025243760319426656,0.05710430070757866,0.0003013467648997903,0.5397727272727273,0.31107954545454547,0.0,0.5683967443487332,0.23508936425670982,-0.06926659494638443,0.9573863636363636,0.004965425491489772,0.02894764500959045,1.0402973008201422e-08,0.0017424842179697823,1.0,0.04403409090909091,1.0,0.2471590909090909,0.0,1.0
265,585620245,174.2557746856474,-1116.2725023841817,1.2748682770698296,783,True,False,False,51.32930987137438,0.20705739231185588,-157.72731792309665,0.036199839723832644,0.295072612498889,0.03829140841346102,0.09939832093685676,0.0,4.1294097172794864e-05,0.03828096389770508,0.0008942937711253762,0.6155810983397191,0.5363984674329502,0.0,0.5658314462648859,0.2980082093179226,-0.0693776085972786,0.9680715197956578,0.0038873523949418264,0.017636654743330687,2.860817577233707e-08,0.0016281842619027202,1.0,0.033205619412515965,1.0,0.47509578544061304,0.0,1.0
266,1469933337,221.98246522825198,-816.8596021727759,1.0262420674010286,630,True,False,False,55.83146933207343,0.20911611771180538,-155.28109040719002,0.035455988085951906,0.43310880311248817,0.035483635767657874,0.1435389205993547,0.0,0.0001181602492579259,0.035468198359012604,0.001046571764163673,0.3952380952380952,0.2698412698412698,0.0,0.5615545935899255,0.24555586021393538,-0.06940704584121704,0.953968253968254,0.003723382034759433,0.026619098662229744,7.802229755934226e-09,0.0016289556625413157,1.0,0.047619047619047616,1.0,0.20634920634920634,0.0,1.0
267,116008735,202.4203153290204,-624.2898368835747,0.8164301522125956,514,True,False,False,37.091664615287335,0.17991317422579378,-144.81009345124423,0.09656007958204499,0.49921877028645856,0.09658735696900338,0.14277754438034848,0.0,0.09655580669641495,0.09658308327198029,0.00090859888587147,0.31906614785992216,0.07003891050583658,0.0,0.5502285223437476,0.1855299913859926,-0.06937649846076965,0.933852140077821,0.007160586734480999,0.01618704251704939,7.802229756367907e-09,0.001588385510141237,1.0,0.06809338521400778,1.0,0.0914396887159533,0.0,1.0
268,581611928,238.32893916197642,-740.8595274366127,0.9655884665985897,680,True,False,False,33.90044273524783,0.20062682889132788,-168.72423356110582,0.042425917506829586,0.6051772940616431,0.042453567264684494,0.22106367445469818,0.0,0.0007158279186114669,0.04243879392743111,0.0011198854772374034,0.17058823529411765,0.11470588235294117,0.0,0.4771563506093277,0.07377815382555127,-0.06943414360284805,0.8426470588235294,0.004108334298137794,0.04009957009175891,1.8205202764569328e-08,0.0014199830391155726,1.0,0.09852941176470588,1.0,0.05,0.0,1.0
269,744067628,222.93345298664633,-989.9756042200282,1.1976490572066756,763,True,False,False,69.04860102608093,0.19121599805977083,-124.16646230951773,0.00791768734810084,0.4047121871417971,0.00794062836883536,0.13434522933892515,0.0,0.00685043353587389,0.007884311489760876,0.0009440398425795138,0.43119266055045874,0.2398427260812582,0.0,0.5614215585062595,0.2933804040402174,-0.06924176216125488,0.9672346002621232,0.0013389054571357364,0.018711502956252124,5.201486504100711e-09,0.0015696580042027176,1.0,0.03407601572739188,1.0,0.34469200524246396,0.0,1.0
270,1345901386,1.4978986950706008,-1611.44141634385,1.592939315038918,1000,False,False,False,27.748174466348765,0.14944962451658197,-123.70136370773845,0.11532651885945938,0.43255778867857975,0.12842820288789786,0.09703706393524136,0.04020987226523919,0.00010643005225574598,0.10688085854053497,0.07120593637228012,0.493,0.0,0.5971983075141907,0.5552174929870526,0.5629715237766504,0.19439661502838135,0.981,0.0246783642932469,0.018218283758298343,0.0008546770534282808,0.0015929393150389192,0.0,0.0,0.0,0.427,1.0,0.0
271,223603263,27.396352845756272,-1680.5768480705715,1.6879732009163257,1000,False,False,False,69.35149834296735,0.21008817252100306,-142.73658783554097,0.08561010249207754,0.30974758820020176,0.09988878163731224,0.10206637298787673,0.04720738223009597,0.00025491713313385844,0.09522895514965057,0.030153188854455948,0.589,0.159,0.5936186015605927,0.5787545773773454,0.5587751251459122,0.1872372031211853,1.0,0.00944232867088976,0.017524695456005997,0.0012266607105803906,0.0016879732009163267,0.0,0.0,0.0,0.425,1.0,0.0
272,1169030516,155.30695999525489,-1143.7858384695226,1.282052798464777,852,True,False,False,15.438340663651587,0.1545514032882194,-141.11268049046882,0.007791549927536866,0.49384536453384315,0.007810039207841574,0.12481652240740905,0.0,0.0077912332490086555,0.007809734437614679,6.899595609866083e-05,0.3427230046948357,0.2007042253521127,0.0,0.5589259402704001,0.260104593411088,-0.06903889775276184,0.9671361502347418,0.0013909117884875507,0.015222027033584972,1.3003716260251777e-08,0.001504756805709833,1.0,0.03403755868544601,1.0,0.1643192488262911,0.0,1.0
273,1599238136,-1.6963367436081755,-1622.8354094521737,1.601139072708563,1000,False,False,False,14.142910348933633,0.15608687003538302,-143.94387334395438,0.019302135853045965,0.41718176286110265,0.02758683027105491,0.1146943923643182,0.05021695922062441,0.00033321380033157766,0.02001333236694336,0.018986830487847328,0.511,0.4,0.6057029515504837,0.5799543507806957,0.5735961392521858,0.2114059031009674,1.0,0.018506422148035342,0.01793907134509806,0.0017740684011968398,0.0016011390727085648,0.0,0.0,0.0,0.331,1.0,0.0
274,1609733005,163.67677130210214,-795.5281256923566,0.9458048969944594,670,True,False,False,6.167271784517585,0.14177244994493582,-137.60279797727,0.0794882914081809,0.5578191881570967,0.07951565513702796,0.12898553779157648,0.0,0.07948026806116104,0.07950763404369354,0.0011293983552604914,0.3253731343283582,0.14029850746268657,0.0,0.5562492335263862,0.22643490962684154,-0.06872812658548355,0.9447761194029851,0.0024928297995417377,0.023012210269234067,3.1208919024170584e-08,0.0014116490999917292,1.0,0.04626865671641791,1.0,0.1626865671641791,0.0,1.0
275,60405287,-126.12110176858842,-1095.8166440831603,0.9554355423145721,713,False,False,True,20.2166014743415,0.18096784447120404,-162.74969801372512,0.5861181867446245,0.8957435835472828,1.0217939602775186,0.19485851487134723,0.2188067137769389,0.43176403641700745,1.0015099048614502,-0.20258530974388123,0.0,0.0,0.5040214038453996,0.5149194996169347,0.36649724634888114,0.008042807690799236,0.9256661991584852,0.04033441214857721,0.048329562812696694,0.00012374856541811502,0.0013400217984776606,0.0,0.0,0.0,0.0070126227208976155,1.0,0.0
276,1774614431,187.45473218213306,-791.5464443514155,0.9659411765335485,653,True,False,False,28.20583614262559,0.10634194696663656,-80.13328716618108,0.07116631354995993,0.5375075889283469,0.07118681771459534,0.12856294113222233,0.0,0.07073583453893661,0.07118110358715057,0.0009019470307976007,0.30781010719754975,0.1439509954058193,0.0,0.5484736081220604,0.302979492591694,-0.06876082718372345,0.9356814701378254,0.0020439189202842707,0.011866297543710082,3.1208919024604265e-08,0.0014792361049518355,1.0,0.039816232771822356,1.0,0.1362940275650842,0.0,1.0
277,1043720662,205.1633520320056,-850.0378026791308,1.0414811547111358,686,True,False,False,44.17186038995376,0.1924084143900782,-150.2345273746864,0.07554724401394845,0.593205791691369,0.07557470346715942,0.16019606831589342,0.0,0.07554054260253906,0.07556800544261932,0.001006159815005958,0.21282798833819241,0.09620991253644315,0.0,0.5691011768953098,0.29000302255153654,-0.06874054670333862,0.9620991253644315,0.002279766184269484,0.031127519213638186,7.802229755934226e-09,0.0015181941030774576,1.0,0.03935860058309038,1.0,0.048104956268221574,0.0,1.0
278,1602030473,215.07013798495763,-1071.6591263557377,1.2699092643406957,841,True,False,False,58.51668834106265,0.16314589883037672,-106.62878368514606,0.031210767247874378,0.3234633779493065,0.03262590867918734,0.1441380239773385,0.0,5.4073334467830136e-05,0.032625578343868256,0.0001468157715862617,0.5921521997621879,0.35315101070154575,0.0,0.5349212575130227,0.23973555397242308,-0.06890932470560074,0.9369797859690844,4.546619353199731e-05,0.033182373227473264,2.6007432520300266e-09,0.001509999125256475,1.0,0.0356718192627824,1.0,0.43876337693222356,0.0,1.0
279,1774598066,18.23563336320201,-1619.9970532753766,1.6182326866385754,1000,False,False,False,28.939175556559057,0.1594033355908437,-132.46407369178974,0.1734795440925029,0.5118581158833053,0.1739318896539811,0.1210197987727889,0.0032910391605236204,0.17347030341625214,0.1738572120666504,0.00509627815335989,0.123,0.0,0.5576985888183117,0.5513402128554881,0.5689030514284968,0.11539717763662338,0.975,0.01245540416107019,0.0213435674841952,0.0013165651538740199,0.0016182326866385779,0.0,0.0,0.0,0.378,1.0,0.0
280,1536042010,168.95030666659574,-1018.2961254147203,1.1723664320813156,744,True,False,False,38.90566952924598,0.1918769438838846,-154.97014295828112,0.06557315985969114,0.3665741747079529,0.06560015444811718,0.09855680921577845,0.0,0.06557111442089081,0.06559810787439346,0.0005181765300221741,0.42338709677419356,0.2661290322580645,0.0,0.5548542342167498,0.23756878707557916,-0.06931689381599426,0.9596774193548387,0.005431668861603943,0.015472691589480211,1.560445951186845e-08,0.0015757613334426283,1.0,0.041666666666666664,1.0,0.46774193548387094,0.0,1.0
281,1296415508,190.82247885363174,-869.9460636517667,1.0468685425053985,695,True,False,False,28.197383319582407,0.11819593079342615,-91.99669611655185,0.09128794365105095,0.602720375913175,0.09148529889733902,0.13469726771836074,0.0,0.08965196460485458,0.09146861732006073,0.0017469859449192882,0.2906474820143885,0.10359712230215827,0.0,0.545616911074294,0.2807518193125725,-0.068741574883461,0.9381294964028777,0.003152272470515607,0.012153022909759562,2.0805946016402843e-08,0.001506285672669638,1.0,0.03741007194244604,1.0,0.16258992805755396,0.0,1.0
282,1951647352,5.752876517921605,-1633.6587518251358,1.6194116283430566,1000,False,False,False,31.026719669772636,0.16256838114941377,-133.54157513714674,0.015627267602636694,0.4101817852036744,0.015627267602636694,0.0986697533310839,0.06252281492195948,4.234314110362902e-05,0.01528310775756836,0.0032616115640848875,0.454,0.226,0.6307312995195389,0.5703944611623883,0.5918417475372553,0.26146259903907776,1.0,0.014112505434878582,0.016157756140435152,0.00019408566666928063,0.0016194116283430576,0.0,0.0,0.0,0.317,1.0,0.0
283,460733693,163.79349462960374,-1222.1664603639567,1.3686799549935604,864,True,False,False,31.925899237954333,0.13486005101687765,-104.93381306103926,0.026567525093717216,0.3878305599966841,0.03489477207344111,0.11459230282739735,0.0,0.00016374587721657008,0.03487415239214897,0.001199421938508749,0.5057870370370371,0.3611111111111111,0.0,0.5516364271819906,0.22875739887356758,-0.06944023072719574,0.9560185185185185,0.003682965834437066,0.01430915079906901,2.0805946015969162e-08,0.0015841203182795837,1.0,0.037037037037037035,1.0,0.3460648148148148,0.0,1.0
284,1887839194,186.76223032241666,-1159.2974040613547,1.3285796343837735,874,True,False,False,52.142129132842925,0.1624793348045613,-112.33689934133554,0.05836984867072445,0.2965758068731167,0.10099950172972112,0.14454255160201726,0.0,0.00017461777315475047,0.10099191963672638,0.0012375450460240245,0.6762013729977117,0.2745995423340961,0.0,0.5485681559180828,0.269631594568491,-0.0694383904337883,0.9450800915331807,0.007397418867426466,0.03492862646996808,3.380966227643778e-08,0.0015201139981507684,1.0,0.032036613272311214,1.0,0.37757437070938216,0.0,0.0
285,904342164,137.16884780172265,-1363.4263563818713,1.481055204183595,977,True,False,False,23.727571276332977,0.1556970241188967,-133.96934404601538,0.033303711594416086,0.43340674625252457,0.03331833244723732,0.10933591625835268,0.0,0.0332457534968853,0.03330688551068306,0.0008733010035939515,0.43500511770726713,0.22006141248720573,0.0,0.5624853787751165,0.30170898118987677,-0.06907613575458527,0.9754350051177073,3.32661069367222e-05,0.01760044646393461,6.241783804873419e-08,0.0015159213962984586,1.0,0.0255885363357216,1.0,0.3285568065506653,0.0,1.0
286,221337892,17.285957972472605,-1485.2124283470362,1.4824983863195085,1000,False,False,False,38.38174159124576,0.14751553271908646,-111.13370478534617,0.05037635312677416,0.3971098442784602,0.05037635312677416,0.09572769652704051,0.0607970138161608,0.045113276690244675,0.045113276690244675,0.022418055683374405,0.522,0.162,0.5696807503700256,0.5507481935280375,0.566277202963829,0.13936150074005127,0.976,0.024871927210522525,0.013977793533809403,0.0002347170784957539,0.00148249838631951,0.0,0.0,0.0,0.425,1.0,0.0
287,1293998076,118.98849678749981,-5750.17613397959,5.849164630767094,1000,False,False,False,50.82697777981748,0.2229384847256272,-174.11142060331449,0.16421181240927699,0.36346655807721634,0.16421181240927699,0.08557887655959649,0.014357611933769466,0.16408690810203552,0.16408690810203552,0.0064035868272185326,0.512,0.0,0.0,0.2606382306180021,0.0401227064919658,-0.07338719815015793,0.444,0.016260405971493908,0.021908871091529676,0.004525113807248692,0.005849164630767089,1.0,0.38,1.0,0.602,1.0,0.0
288,959788703,207.10531658669362,-1186.5329556639665,1.3746582722506613,949,True,False,False,48.24830215295346,0.15791936614179708,-111.67091983385762,0.0548722789311917,0.42169473792168227,0.05894137570510425,0.1668550302241613,0.0,0.0019274711376056075,0.05893516540527344,0.0008555984240956604,0.458377239199157,0.39620653319283455,0.0,0.5306702462582283,0.25068884182721374,-0.06938929110765457,0.9262381454162276,0.0050432286764317035,0.03456230264464598,1.8205202764569328e-08,0.0014485334797161864,1.0,0.03371970495258166,1.0,0.32771338250790305,0.0,1.0
289,62787811,127.82742363125446,-1357.7880243671843,1.4669354479984382,934,True,False,False,26.961870734929203,0.15345446584260175,-128.49242749696867,0.1115644184742852,0.3934654106103474,0.11159188277682101,0.0993491922657278,0.0,0.11155662685632706,0.11158408969640732,0.0013187980512157083,0.3993576017130621,0.0,0.0,0.5486043036909255,0.21474862723611296,-0.06943316012620926,0.9593147751605996,0.007994199718125271,0.010203883746891074,2.0805946016402843e-08,0.0015705946980711335,1.0,0.03961456102783726,1.0,0.41755888650963596,0.0,0.0
290,1911790372,232.09875501823853,-678.691375577094,0.898890130595333,595,True,False,False,54.060005598110244,0.15142861018867415,-99.3635466842452,0.007942570942902034,0.46394595738820515,0.007969574962235453,0.17037392959075,0.0,0.007855797186493874,0.007883071899414062,0.0011710262624546885,0.21512605042016808,0.15798319327731092,0.0,0.5090629719645803,0.08506841156864539,-0.0693611428141594,0.8907563025210085,0.0021904342295842078,0.023255381162915523,1.560445951186845e-08,0.0015107397152862739,1.0,0.07226890756302522,1.0,0.19663865546218487,0.0,1.0
291,1452386286,3.1903338465984703,-1506.7268066595173,1.4899171405061145,1000,False,False,False,31.227167092981194,0.11561082956121659,-86.38357612574086,0.11730044500046431,0.4132845647218428,0.12476942009004542,0.1062802857951582,0.034703221972653193,0.11729393154382706,0.12471885979175568,0.0035516477655619383,0.479,0.0,0.5595773831009865,0.5590950568404806,0.49497922863811256,0.11915476620197296,0.994,0.020580334139873653,0.010264232468813419,0.0021594335325664585,0.0014899171405061142,0.0,0.004,1.0,0.468,1.0,0.0
292,861905043,199.89770983209308,-842.8831452284516,1.0300408550605455,637,True,False,False,38.357777809160815,0.19794862045173955,-161.5875263796635,0.10246757106673939,0.48991601658422046,0.1024948461857783,0.14017473746520798,0.0,0.001253318740054965,0.10248937457799911,0.001059053000062704,0.35949764521193095,0.0,0.0,0.5523926672299361,0.23171831451356412,-0.06939801573753357,0.9513343799058085,0.007488798582329809,0.02446118224029078,2.6007432520069873e-08,0.0016170186107700858,1.0,0.04866562009419152,1.0,0.2731554160125589,0.0,0.0
293,33557341,21.769120144378498,-1586.907268699254,1.5886763888436313,1000,False,False,False,26.865489321020604,0.18377086234302276,-158.90528667950773,0.00043937530061314987,0.29816800682788747,0.0010233392915553368,0.08122577337211412,3.92202366474275e-08,4.7206878662109375e-05,0.000982570694759488,0.0002859687665477395,0.568,0.321,0.0,0.5494582734918222,0.261658196747303,-0.06912138313055038,0.966,0.0017513960968043548,0.014953318977248678,5.201486504100711e-09,0.001588676388843631,1.0,0.029,1.0,0.475,1.0,1.0
294,1968158754,74.72780546432502,-1502.38361860103,1.5571114240653554,1000,False,False,False,55.99562761046535,0.20043642197408415,-146.4407080211242,0.016738840386887194,0.3768235727432235,0.017160353441743055,0.14409585573865102,0.0010771914529083479,6.961822509765625e-05,0.017153453081846237,0.00048659800086170435,0.459,0.24,0.0,0.5720827123560593,0.5499192534014583,-0.06677518039941788,0.995,0.005133858401999743,0.031050655130330423,0.001747550247720415,0.0015571114240653552,1.0,0.005,1.0,0.209,1.0,1.0
295,1569880741,-12.931044644862393,-1704.418137357815,1.671487092712952,1000,False,False,False,35.71073170217124,0.1435383382774877,-109.82752023282187,0.13850886566391368,0.3490630144179653,0.14603196342512018,0.08040754604288093,0.019043129853545414,0.13850803673267365,0.145863339304924,0.007015738636255264,0.546,0.0,0.5556978285312653,0.5699344986900687,0.5548685968667268,0.11139565706253052,1.0,0.0042127408108976515,0.012865227886440964,9.939032921250403e-05,0.0016714870927129525,0.0,0.0,0.0,0.501,1.0,0.0
296,2094708717,258.3730124940629,-498.0156967894875,0.7457287092835504,533,True,False,False,55.387534834220965,0.16374279693630564,-110.34583042949774,0.008682187153714554,0.44722717333132145,0.008707115880621995,0.19444890227204636,0.0,0.0003536224248819053,0.008606338873505592,0.0013209080789238214,0.46904315196998125,0.30956848030018763,0.0,0.5377405061120932,0.291013021916151,-0.06932586431503296,0.9061913696060038,0.001278875995397861,0.03706165639554387,5.20148650388387e-09,0.001399115777267449,1.0,0.04878048780487805,1.0,0.2851782363977486,0.0,1.0
297,626209299,213.79489219416865,-589.382918357404,0.7922778105515726,545,True,False,False,36.145134585088535,0.14628891114324974,-112.13541646626541,0.12248333584907127,0.5461741859910637,0.12249506264967526,0.16216032785151688,0.0,0.12245483696460724,0.1224665641784668,0.0026421642396599054,0.30091743119266057,0.0,0.0,0.5311416143166978,0.26055447205901144,-0.06967794895172119,0.9155963302752294,0.00856634762911247,0.023127796833777706,2.0805946016402843e-08,0.0014537207533056383,1.0,0.04954128440366973,1.0,0.23486238532110093,0.0,0.0
298,345113150,168.34930722597045,-1066.3448077455287,1.2196941149714995,750,True,False,False,36.919164223127495,0.18709267621525874,-152.17244680491913,0.10074701777711693,0.3809436854216506,0.10077467388515551,0.11238241680035525,0.0,0.10073556751012802,0.1007632240653038,0.0015190696576610208,0.4746666666666667,0.0,0.0,0.5483107453503956,0.18083463076502085,-0.0694982260465622,0.9453333333333334,0.007373932205303191,0.01645313973328373,3.12089190237369e-08,0.001626258819961998,1.0,0.04533333333333334,1.0,0.4,0.0,0.0
299,286340482,192.32080743394326,-1163.3992485226552,1.3375600559565997,908,True,False,False,42.182912465246595,0.1703013634768038,-130.11823334751512,0.005384232498948653,0.3822300683460982,0.005402250972233051,0.1533599102829456,0.0,2.4890900022001006e-05,0.005325794219970703,0.0009056663257069886,0.4922907488986784,0.2841409691629956,0.0,0.5444666818520238,0.30496144741773606,-0.06929044425487518,0.9504405286343612,0.0020639361909093362,0.03508618652948,2.0805946016402843e-08,0.0014730837620667392,1.0,0.028634361233480177,1.0,0.2918502202643172,0.0,1.0
300,588060534,195.61666707312702,-496.0542715466937,0.6799509386198211,586,True,False,False,22.230088817988477,0.140991202026934,-120.75557647022187,0.3383942845870084,0.7790994925026312,0.34187472330184604,0.1772331057989147,0.0,0.33833903074264526,0.34179431200027466,0.0074144937098026276,0.0,0.0,0.0,0.4960089505987032,0.010551802851259708,-0.06939896196126938,0.8583617747440273,0.02071635301195485,0.02579479685550073,5.201486505401753e-09,0.0011603258338222198,1.0,0.11092150170648464,1.0,0.1075085324232082,0.0,0.0
301,1562456108,211.91278316265655,-1108.6119625181886,1.3044447456808468,804,True,False,False,47.8161856284863,0.1839315168170091,-138.1147121374899,0.0059199501946956366,0.3968719481100965,0.010882871588901064,0.15348722516979324,0.0,3.5953522456111386e-05,0.010751533322036266,0.0016856527654454112,0.4527363184079602,0.2947761194029851,0.0,0.5451631406940397,0.28346692956984043,-0.06948908418416977,0.9402985074626866,0.0023216414015562402,0.03159999252501972,6.761932455287556e-08,0.0016224437135333902,1.0,0.03109452736318408,1.0,0.26492537313432835,0.0,1.0
302,1581055371,9.728322528593537,-1186.1538751622325,1.180402197690826,774,False,True,False,54.92708687598063,0.16616840086927315,-113.24047709898414,0.1708195770494315,0.4373660438675152,0.2005442200887779,0.1671677873811678,0.006548546810371584,0.0022951127029955387,0.19612273573875427,-0.0418790727853775,0.46382428940568476,0.0,0.5047790799289942,0.5119582735796493,0.3860433842567727,0.009558159857988358,0.900516795865633,0.021034447318367448,0.04123897122961539,0.001954661411874583,0.001525067438877037,0.0,0.0,0.0,0.46382428940568476,1.0,0.0
303,939185871,-141.89268837561542,-1181.5128549454732,1.022220166569859,870,False,False,True,13.897289012695222,0.15929630179615895,-147.3986938872997,0.5986779692034672,0.9483773785608918,1.037549348722611,0.21781568305063495,0.19094126554764412,0.1658451110124588,1.0014417171478271,-0.2713358402252197,0.0,0.0,0.5611798316240311,0.5052050868837744,0.5309217318170704,0.12235966324806213,0.9114942528735632,0.059369657726135804,0.04622310356856983,0.0008261260940074927,0.0011749657087009868,0.0,0.0,0.0,0.05747126436781609,1.0,0.0
304,1235193594,-113.51230324693023,-240.12598799114494,0.1258736847442147,37,False,False,True,-82.5200559357534,0.12136844481272961,-204.5096025767449,1.6094913558985524,1.7288414513017478,1.8107493390640297,0.7429059983555224,0.6501704860951436,0.7390733361244202,1.0003575086593628,1.5093369483947754,0.0,0.0,0.5583136864006519,0.33246316901735357,0.33246316901735357,0.11662737280130386,0.6216216216216216,0.10454128587592162,0.10552435642221615,0.0003395114270930699,0.00340199147957337,0.0,0.0,0.0,0.0,1.0,0.0
305,1550110083,193.8117074273236,-675.1298855814637,0.8557615930087884,659,True,False,False,16.89671165068028,0.12974421804968816,-114.84484798121241,0.02598002925165687,0.5845772275225886,0.026010542426741192,0.16364360524015825,0.0,0.02596120908856392,0.02599172666668892,0.0009891724912449718,0.2564491654021244,0.18968133535660092,0.0,0.49378177801375694,0.24003663513809442,-0.0693741962313652,0.8755690440060698,0.0031998699731426434,0.023760467764748168,7.802229756367907e-09,0.0012985760136703902,1.0,0.06828528072837632,1.0,0.07435508345978756,0.0,1.0
306,767100266,148.68745685247703,-1184.091754849108,1.3158192117015823,848,True,False,False,36.07233667173699,0.18652183938773334,-152.44910490662141,0.016839118421140054,0.3265424439435175,0.016851245922208286,0.08970868258748263,0.0,1.392364538332913e-05,0.016818523406982422,0.0010496473405510187,0.5070754716981132,0.29952830188679247,0.0,0.5597642466836644,0.295201646797359,-0.06936302036046982,0.9681603773584906,0.0026893156271397363,0.011837593244483557,4.6813378536472716e-08,0.0015516735987046967,1.0,0.030660377358490566,1.0,0.4740566037735849,0.0,1.0
307,1775315640,-26.092431620671398,-1638.4079049534457,1.5923154733327727,1000,False,False,False,13.164589029214332,0.15946465985770272,-148.29998448599363,0.11670459476783504,0.36699240023898383,0.12608387133177626,0.08430351956876404,0.010902837011725366,0.0004078865167684853,0.12219162285327911,0.031086169183254242,0.542,0.0,0.5598831847310066,0.5561117826432456,0.5545051206275821,0.11976636946201324,0.968,0.004128724125233713,0.018247485574493422,0.0010923914885219992,0.0015923154733327731,0.0,0.022,1.0,0.48,1.0,0.0
308,253685681,159.765217133332,-1201.6982144043418,1.3436234315376714,892,True,False,False,36.49736671025668,0.18555424041354465,-151.05661806636797,0.04915700076855974,0.34943684255981017,0.05762027589129916,0.1237396695324718,0.0,0.0008233070257119834,0.05760622024536133,0.001272628316655755,0.5269058295964125,0.297085201793722,0.0,0.5626969154968006,0.2306105839461088,-0.0689796656370163,0.9663677130044843,0.0013527802598388657,0.027228081819845436,2.860817577233707e-08,0.0015063042954458214,1.0,0.034753363228699555,1.0,0.3542600896860987,0.0,1.0
309,1633039757,153.982710943534,-1311.6984373520638,1.4468411482955978,942,True,False,False,36.327004432616,0.14222675223604253,-107.89959314153887,0.08193688657492701,0.44191079909713615,0.08194593088130861,0.09902614864457279,0.0,0.0004845619259867817,0.08194513618946075,0.0003608918050304055,0.470276008492569,0.1454352441613588,0.0,0.5384270683879571,0.29596492340322583,-0.06927703320980072,0.9479830148619958,0.0063567906220354424,0.015192319987703921,1.3003716260034937e-08,0.0015359247858764292,1.0,0.02653927813163482,1.0,0.40764331210191085,0.0,1.0
310,426878082,-66.01593233393508,-1297.803671094969,1.2131477387610337,932,False,True,False,4.108181039790326,0.13958534610844345,-137.4769940547728,0.18210885678431016,0.7342609885492609,0.20576907355294805,0.14578441213556242,0.017523613267038416,0.18178291618824005,0.2013687640428543,-0.04232649877667427,0.12875536480686695,0.0,0.5121193276718259,0.5420268863527496,0.4276159474416636,0.02423865534365177,0.9484978540772532,0.01833293826903702,0.0309667920349397,0.0017905701171309699,0.001301660663906689,0.0,0.0,0.0,0.19527896995708155,1.0,0.0
311,931088333,1.6087819873297424,-1559.6694414670621,1.5412782234543947,1000,False,False,False,14.34780050423044,0.14082802087625587,-128.48013402953075,0.24707962613874815,0.6148893174841539,0.24707962613874815,0.12514589633396492,0.06003540404327467,0.2470051795244217,0.2470051795244217,-0.006064894143491983,0.0,0.0,0.5160408299416304,0.5507155031167785,0.5575986124575139,0.03208165988326073,0.995,0.02381401507566432,0.022298986406734316,0.0018498696640205196,0.0015412782234543938,0.0,0.0,0.0,0.344,1.0,0.0
312,233020741,81.67783679236891,-5215.942802756534,5.277620639548909,1000,False,False,False,18.832792703747575,0.14932134869627434,-132.4884696500316,0.207462086558073,0.44759672039783355,0.20747259198902668,0.09028430567413862,0.010406766685405544,0.20733842253684998,0.20735302567481995,0.007042667828500271,0.0,0.0,0.0,0.26001978749467525,0.0,-0.07052741944789886,0.444,0.01987565235276298,0.028624736009432418,0.004889095627600117,0.005277620639548906,0.0,0.371,1.0,0.543,1.0,0.0
313,321104617,166.55759688927785,-1038.2674753006586,1.1889850721899373,792,True,False,False,31.554955560389622,0.14406978442036134,-114.51413046015439,0.11443861499982122,0.5107669503109347,0.11445362497493505,0.11226697034588716,0.0,0.11443071067333221,0.11444568634033203,0.0013480163179337978,0.35353535353535354,0.0,0.0,0.5236262796873538,0.2887159940600395,-0.06943147629499435,0.9242424242424242,0.008154631767113278,0.01539322917595499,4.6813378536472716e-08,0.0015012437780175974,1.0,0.04671717171717172,1.0,0.2815656565656566,0.0,0.0
314,1639806757,-107.59735702658072,-247.46335637253105,0.13886599934595034,50,False,False,True,-69.24229935790757,0.13009940316194551,-200.13169038557788,1.608138974867722,1.6931073094242168,1.7668270495238634,0.501231747970243,0.3865815114202242,0.7576499581336975,1.0012705326080322,1.4557249546051025,0.0,0.0,0.5344867445528507,0.47856020821258427,0.47856020821258427,0.06897348910570145,0.9,0.08006380819294807,0.09334724656133492,0.0005955650032284793,0.002777319986919007,0.0,0.0,0.0,0.0,1.0,0.0
315,1415609443,198.78212294466792,-892.6344443316633,1.0767965672763304,731,True,False,False,53.495633733329264,0.12899220716581397,-77.49528412279525,0.01794070112459136,0.45277389056183354,0.017957562471860613,0.12701110921248426,0.0,0.0002501487615518272,0.01793966256082058,0.0008015966159291565,0.35567715458276333,0.23255813953488372,0.0,0.5597350378909368,0.3216781380772591,-0.06930998712778091,0.9671682626538988,0.00276382740894977,0.014481130892229402,2.6007432520069873e-08,0.0014730459196666617,1.0,0.03419972640218878,1.0,0.2161422708618331,0.0,1.0
316,1375016442,179.4798699173581,-582.2135433341007,0.7506334132514584,553,True,False,False,8.045045491713998,0.12253745481077571,-116.48469508861972,0.23558514449826182,0.7215755267384417,0.2356100419448957,0.16830937925172362,0.0,0.23554249107837677,0.2355673760175705,0.004483661614358425,0.0,0.0,0.0,0.5049992580398657,0.07102744502946734,-0.06949543952941895,0.8860759493670886,0.014932657621636158,0.014515751265704225,7.802229756367907e-09,0.0013573841107621322,1.0,0.07414104882459313,1.0,0.06329113924050633,0.0,0.0
317,1625242512,37.84479514788811,-1538.1103667100592,1.5559551618579492,1000,False,False,False,53.31774622443491,0.18625091872143415,-134.93308615450468,0.05048973915487771,0.30023623618911655,0.06218773867524963,0.1206801808395058,0.030819396981533353,0.0004820823669433594,0.0514225959777832,0.03497186675667763,0.572,0.242,0.5699572563171387,0.5635275334771722,0.5713849098980427,0.13991451263427734,0.993,0.019926114574082127,0.032198389235977745,0.0014017420961212716,0.0015559551618579486,0.0,0.0,0.0,0.44,1.0,0.0
318,924032943,155.81535505168145,-1263.8829773468447,1.4016583323985259,902,True,False,False,32.27736045816153,0.13478104478144906,-104.50345312983927,0.01604240816696537,0.40505058611325967,0.01604930822103061,0.12141426943264656,0.0,0.00014972686767578125,0.016017626971006393,-0.0010079288622364402,0.4490022172949002,0.12638580931263857,0.0,0.559803504765265,0.23677282998338342,-0.06889161467552185,0.9656319290465631,0.002750408549048012,0.01588155165844739,2.600743251833515e-09,0.0015539449361402728,1.0,0.036585365853658534,1.0,0.25942350332594233,0.0,1.0
319,805957211,128.85480610691002,-1213.9278954972974,1.3252227016042057,878,True,False,False,27.692049769245067,0.1288309684454752,-103.13862441648659,0.08860775275598588,0.39513929187760294,0.11674074457342094,0.08613661537551308,0.0,0.0005146980402059853,0.11673708260059357,0.0009246564004570246,0.4214123006833713,0.10136674259681093,0.0,0.551057650565524,0.27079120218753816,-0.069338858127594,0.9681093394077449,0.008299874825323612,0.014555199932854385,1.5604459512735813e-08,0.0015093652637861116,1.0,0.03302961275626424,1.0,0.4328018223234624,0.0,0.0
320,353200484,224.28658049798113,-905.4365871867859,1.1166831676847657,652,True,False,False,67.4263956924231,0.18677959207007788,-121.35034419802882,0.08929509278409549,0.3634292835743915,0.08932274795558645,0.13917288307988437,0.0,0.08928556740283966,0.08931322395801544,0.0013043498620390892,0.5153374233128835,0.07208588957055215,0.0,0.5396145914607693,0.1842745616659522,-0.0694713145494461,0.9294478527607362,0.006734457553379052,0.023870851944517213,2.3406689268236358e-08,0.0017127042449152862,1.0,0.06288343558282208,1.0,0.3834355828220859,0.0,1.0
321,1440612902,203.64757208898658,-623.4903172945341,0.8165578893835204,529,True,False,False,26.354168710078646,0.1761023398218007,-151.7383525485708,0.11601556450122633,0.5956239731429968,0.11604093407606951,0.16582887613472352,0.0,0.08948583900928497,0.11603746563196182,0.0008971905917860568,0.1947069943289225,0.0,0.0,0.5335844003213376,0.17509715657681227,-0.06933491677045822,0.9130434782608695,0.008261208275024048,0.028044909548868634,2.3406689267368996e-08,0.0015435876925964473,1.0,0.0661625708884688,1.0,0.0661625708884688,0.0,0.0
322,1072951446,-0.8851290909806621,-1480.9047925671698,1.4600196634761895,1000,False,False,False,9.20542373183528,0.1280190281468262,-120.81351807249591,0.08400014614753475,0.5463206480934945,0.08400014614753475,0.10574222110851178,0.05794146665954186,0.02629394456744194,0.02629394456744194,0.0797787755727768,0.384,0.012,0.6014803722500801,0.5551945340528619,0.5869412916898727,0.20296074450016022,0.992,0.009613272924102472,0.017313023260713555,0.001575322202619918,0.0014600196634761903,0.0,0.0,0.0,0.279,1.0,0.0
323,1717708834,159.84615929890415,-1165.749647704182,1.3093558070030882,812,True,False,False,38.14572288158826,0.1949334102539148,-158.78711614627164,0.06187971728206228,0.37436053160335153,0.06190718084010953,0.09671848814051365,0.0,8.907318260753527e-05,0.06189126893877983,0.0014035201165825129,0.43103448275862066,0.16133004926108374,0.0,0.554195971978287,0.2712141562998295,-0.06951036304235458,0.9667487684729064,0.005184762099485923,0.020329265385816628,1.3003716260034937e-08,0.0016125071514816354,1.0,0.034482758620689655,1.0,0.4039408866995074,0.0,1.0
324,324576056,11.167050330660988,-1510.9599602182498,1.502127010548912,1000,False,False,False,21.933531086625898,0.1357810863536118,-115.84746892449097,0.16028887124437977,0.5405435364041561,0.18580882988638,0.10939911293285183,0.025316082767167916,0.16027840971946716,0.1858070343732834,-0.0008168483036570251,0.239,0.0,0.5431381799280643,0.5476520952621359,0.5626672439649701,0.08627635985612869,0.979,0.006164946145863599,0.012839759695785423,0.00010899259839190767,0.0015021270105489092,0.0,0.0,0.0,0.316,1.0,0.0
325,1043075022,128.69613609921643,-5134.872079752098,5.243568215851317,1000,False,False,False,55.3232570559556,0.2436346925752336,-190.31134917678332,0.18036212845753416,0.3835920808337194,0.18036212845753416,0.09251643889351921,0.004775924054876542,0.16815881431102753,0.1802448332309723,0.006503650918602943,0.545,0.0,0.0,0.2690533904826734,0.040163259380497036,-0.005220488179475069,0.452,0.030025393591178045,0.028713104131706087,0.013957995278275449,0.005243568215851316,1.0,0.377,1.0,0.54,1.0,0.0
326,1970269961,178.39375290963787,-1263.6995753400663,1.4225333282497015,978,True,False,False,54.36533393108462,0.19773048745575242,-145.36504581608483,0.001119215260261143,0.40789441983859515,0.0011203077278432634,0.14286011852688052,0.0,8.106231689453125e-06,0.0008414268377237022,0.0007396555156446993,0.46319018404907975,0.19529652351738241,0.0,0.5669372543285016,0.30819930881261826,-0.06923405081033707,0.9744376278118609,0.0018268467469283716,0.03080663655971123,0.0,0.001454533055470044,1.0,0.026584867075664622,1.0,0.24846625766871167,0.0,1.0
327,110878897,198.23483770773453,-738.5541341763756,0.9244889718841098,615,True,False,False,28.678214973963087,0.15432512324149672,-127.64277137086594,0.05251480866225744,0.529924432761116,0.05254208806805394,0.14125420936805064,0.0,0.05250883102416992,0.05253610759973526,0.0007927274564281106,0.208130081300813,0.13008130081300814,0.0,0.49521192853444074,0.1650776751153171,-0.06937191635370255,0.8682926829268293,0.0046876618859651295,0.01982231693867981,7.802229756367907e-09,0.0015032341006245686,1.0,0.06991869918699187,1.0,0.11219512195121951,0.0,1.0
328,176865162,181.11598805929526,-1252.0930988240352,1.4158690868833301,867,True,False,False,38.006373887124056,0.17774246239888133,-141.73575985413328,0.08630868199940415,0.4181836834929809,0.08642726846327767,0.1369055367051049,0.0,0.001542758895084262,0.08641986548900604,0.001131186494603753,0.3956170703575548,0.09803921568627451,0.0,0.5456887615308587,0.22913699314929545,-0.0694379210472107,0.9423298731257209,0.006577946775029295,0.029793691886884355,2.600743251833515e-09,0.0016330669975586302,1.0,0.04152249134948097,1.0,0.35294117647058826,0.0,1.0
329,548674510,33.59841565694662,-1377.5744970230305,1.3911729126799786,1000,False,False,False,13.406718362012434,0.18204900251736084,-170.64219781285357,0.03940889223567326,0.6705327541340058,0.03940889223567326,0.15372685990096482,0.022717595150280802,0.029591655358672142,0.029591655358672142,0.026026807725429535,0.247,0.128,0.5788455158472061,0.5688541498314589,0.5616793558001518,0.15769103169441223,1.0,0.005346586521392485,0.03002680740573132,0.003995964634633125,0.001391172912679977,0.0,0.0,0.0,0.146,1.0,0.0
330,1188201133,247.8140177578666,-608.6524435828484,0.8446064613407137,593,True,False,False,58.56021896677951,0.16850645058912717,-111.94107102004253,0.052192173677518855,0.3937651259069965,0.05221392140284145,0.19574073083667526,0.0,0.00040731430635787547,0.05221214145421982,0.0004311299417167902,0.4772344013490725,0.21416526138279932,0.0,0.5444268473513537,0.29033690243959426,-0.06882529705762863,0.927487352445194,0.0010159020852884763,0.04053824127174754,0.0,0.0014242942012490964,1.0,0.04384485666104553,1.0,0.3473861720067454,0.0,1.0
331,1768873092,-1.4986215555574158,-1627.1147492009543,1.605616127645398,1000,False,False,False,13.867636546417407,0.17362574277210854,-161.7580198831963,0.032178350908755225,0.44912605428257146,0.07373649450744522,0.11536745295403188,0.05445107551438369,0.009557056240737438,0.009557056240737438,0.07311452180147171,0.491,0.35,0.5155595103278756,0.5723963120658881,0.512510732980445,0.03111902065575123,0.999,0.0014255055748544345,0.022118502345001075,0.0019528293507999812,0.0016056161276453969,0.0,0.0,0.0,0.282,1.0,0.0
332,1913795861,-102.69859320148826,-236.7622566142529,0.13304366341276458,51,False,False,True,-64.78915270741734,0.12684136008982175,-192.43260078430677,1.5626734497961532,1.5749143483377033,1.5626734497961532,0.5922898955693986,0.5243021585298595,0.7240917086601257,1.0039951801300049,1.197473168373108,0.0,0.0,0.5956687778234482,0.5553135379564529,0.5664198087155818,0.19133755564689636,0.9803921568627451,0.10032288032112816,0.10364672688367815,2.3822808188495026e-06,0.002608699282603227,0.0,0.0,0.0,0.0,1.0,0.0
