episode,reset_seed,task_return,train_return,variation,length,success,crash,out_of_bounds,discounted_task_return,discounted_variation,discounted_train_return,min_distance_to_pad,mean_distance_to_pad,final_distance_to_pad,mean_speed,final_speed,min_abs_x,final_abs_x,final_y,near_pad_fraction_0p2,near_pad_fraction_0p1,final_m_power,mean_m_power,last50_mean_m_power,final_main_cmd,positive_main_fraction,final_theta_abs,mean_theta_abs,final_theta_variation,mean_theta_variation,final_both_legs_contact,both_legs_contact_fraction,ever_both_legs_contact,low_velocity_fraction,final_lander_awake,landing_candidate
0,1511897467,73.54624780515427,-88.63523579157861,1.4218148359673304,1000,False,False,False,32.48781220876869,0.18584615139086974,11.90328341217653,0.030969418247419146,0.433697680375325,0.06734584099980177,0.16783634356264293,3.682278754697281e-06,3.890991138177924e-05,0.06734581291675568,-6.150245462777093e-05,0.473,0.381,0.0,0.5462536769277649,0.39075627729296686,-0.047686561942100525,0.956,0.009415441536964456,0.031703062142826276,1.2945199536987945e-06,0.0014218148359673294,1.0,0.019,1.0,0.196,1.0,1.0
1,1156069968,199.30152459573003,80.02267149949495,1.058788530962351,670,True,False,False,69.38755501707321,0.2033991731796837,47.05001788225293,0.07754344413981053,0.32657270866424526,0.07757033156063844,0.10806833734817048,0.0,0.005130672361701727,0.0775640457868576,0.0009874915704131126,0.5582089552238806,0.1253731343283582,0.0,0.5656943845298531,0.28088351018726826,-0.04766576737165451,0.9611940298507463,0.009976240454585606,0.018506248253534887,0.0,0.001580281389496046,1.0,0.04029850746268657,1.0,0.44776119402985076,0.0,1.0
2,747316575,167.39319334765895,57.09664912622265,0.9705654422143629,662,True,False,False,24.391592738702904,0.14605777463849318,7.788394734982056,0.06677339053092535,0.4084983457664465,0.06680094255497843,0.11630628054458737,0.0,0.0024792670737951994,0.06678428500890732,0.0014917111257091165,0.37915407854984895,0.20090634441087613,0.0,0.5386871100302076,0.23641320064663887,-0.04804377257823944,0.93202416918429,0.009332851684067162,0.018405676075299415,0.0,0.0014661109399008506,1.0,0.04682779456193353,1.0,0.22054380664652568,0.0,1.0
3,329122178,232.98781777488193,112.6465914479416,1.0956122632694012,539,True,False,False,38.23390314561976,0.20537724866297205,15.705058011838801,0.043482144254558645,0.5641373732329941,0.043509700337239644,0.21600919397505286,0.0,0.011553764343261719,0.043501853942871094,0.0008262729388661683,0.24118738404452691,0.15955473098330242,0.0,0.5181176144257577,0.11150788724189624,-0.048441655933856964,0.9109461966604824,0.008006583157119815,0.04578137972486608,2.6007432527008767e-09,0.0020326758131157733,1.0,0.07606679035250463,1.0,0.06307977736549165,0.0,1.0
4,646131025,202.36673429310318,59.4594754730273,1.26627258820076,814,True,False,False,56.98492401642055,0.20928476922905462,34.05700695217194,0.016651404554392027,0.34859512230964734,0.01674104438317737,0.15457164596848305,0.0,0.012295151129364967,0.01673450507223606,-0.0004678750119637698,0.48402948402948404,0.3194103194103194,0.0,0.5542842731502191,0.28293273091316223,-0.049329910427331924,0.9680589680589681,0.004638370974388115,0.030202543408642406,5.20148650366703e-09,0.001555617430222063,1.0,0.033169533169533166,1.0,0.28132678132678135,0.0,1.0
5,386281797,44.24944286350799,-137.97615243061472,1.62225595294123,1000,False,False,False,27.083594616555107,0.16623191149091943,8.460489809957991,0.21728659780928644,0.611922990761094,0.2270470078831101,0.17031116371667576,0.009671546369267425,0.015694808214902878,0.226287841796875,0.018551453948020935,0.0,0.0,0.5515828169882298,0.5432315578459238,0.5356853246316313,0.1031656339764595,0.977,0.02123790476334542,0.028507854392490907,0.0021038985615342252,0.0016222559529412287,0.0,0.0,0.0,0.395,1.0,0.0
6,469159189,220.17064073123043,126.64512788035682,0.8282551285087363,535,True,False,False,49.30150529670107,0.2042204688996239,26.888702389041097,0.0822428656330295,0.44170190856725816,0.08227119456153477,0.16320356176076412,0.0,0.009239768609404564,0.08226652443408966,0.0008765911916270852,0.32897196261682243,0.11401869158878504,0.0,0.5503943863664275,0.22972806811332702,-0.050540272146463394,0.9420560747663551,0.0009837961536618397,0.029128544565916556,5.201486504100711e-09,0.001548140427119132,1.0,0.059813084112149535,1.0,0.10093457943925234,0.0,1.0
7,1241291005,143.37515856341938,-151.33492732827057,2.757500858916902,948,True,False,False,26.534322428095173,0.19152280970045796,5.382187069146542,0.4089022030115304,0.6346331427820713,0.48079229812066876,0.13245617689868922,0.0,0.012916279025375843,0.47917109727859497,-0.03944988548755646,0.0,0.0,0.0,0.46369518319666503,0.03177038758993149,-0.03065808117389679,0.8375527426160337,0.03218272572319686,0.03568971400846593,0.0,0.002908756180292089,1.0,0.1518987341772152,1.0,0.5052742616033755,0.0,0.0
8,825866776,-15.724772428144888,-67.44093402664151,0.43816161598496556,395,False,True,False,23.90240939465324,0.17443555727671614,4.496604962648538,0.7248864614176177,0.9647990159265994,0.7321917241416175,0.2672345536307503,0.0461634655814458,0.014034080319106579,0.7160636782646179,0.15283170342445374,0.0,0.0,0.5051914220675826,0.5085060542447881,0.332954821792664,0.010382844135165215,0.8810126582278481,0.027237636093380528,0.06787601606161957,0.0007971148030310876,0.0011092699138859892,0.0,0.0,0.0,0.15443037974683543,1.0,0.0
9,401355324,26.562195466579727,-214.55179713036182,2.2111399259694133,1000,False,False,False,27.094671148400725,0.1756792775850132,7.526829732394185,0.29062144344161367,0.6014998558136858,0.29874889034915847,0.150539271922748,0.03919209133211392,0.013640117831528187,0.2987246513366699,-0.0038055444601923227,0.0,0.0,0.538092914968729,0.545698786819572,0.5291022587008775,0.07618582993745804,0.978,0.007592031184604282,0.03219367283029131,0.0002193700925655212,0.0022111399259694144,0.0,0.0,0.0,0.34,1.0,0.0
10,847717680,188.73788987026768,102.72972628875073,0.7534816358151704,533,True,False,False,24.806642391860976,0.14624264301906176,8.19180976254175,0.10258608426793542,0.49274782249148,0.10259968948426233,0.1452341882078556,0.0,0.005251693539321423,0.10258998721837997,0.0014109588228166103,0.35647279549718575,0.0,0.0,0.5468508950698907,0.28678640983998777,-0.04710489138960838,0.9362101313320825,0.01143062029375635,0.020033659308182426,2.6007432527008767e-09,0.001413661605656981,1.0,0.04878048780487805,1.0,0.19699812382739212,0.0,0.0
11,1843468895,188.79227332402945,77.54752473646617,0.9848474858756332,638,True,False,False,25.759746340770146,0.15041638465005266,8.721390976050534,0.045511122144002436,0.4591160484021389,0.04553877649381304,0.14348070850248848,0.0,0.006466102786362171,0.04553212970495224,0.0007780289743095636,0.40282131661442006,0.2006269592476489,0.0,0.5330440328262315,0.18081277900375425,-0.048385053873062134,0.9263322884012539,0.008125209558703056,0.023500516063153083,2.6007432527008767e-09,0.0015436480969837517,1.0,0.05329153605015674,1.0,0.13322884012539185,0.0,1.0
12,2089784483,190.65648834472512,120.08644847240501,0.6173003987232019,442,True,False,False,13.796113534418076,0.15361467720835012,-3.5418152948785737,0.03144922890917295,0.48913813947361606,0.03146552862215775,0.15110303380423498,0.0,0.0006971359252929688,0.031460952013731,-0.0005366468685679138,0.33710407239819007,0.21040723981900453,0.0,0.5352362829631372,0.19185623982921243,-0.04839649423956871,0.9004524886877828,0.007363577996231044,0.01716758159294944,5.20148650366703e-09,0.0013966072369303213,1.0,0.08144796380090498,1.0,0.09502262443438914,0.0,1.0
13,2027634781,50.863073591235995,-144.48223410293463,1.753453076941708,1000,False,False,False,27.475694465816243,0.15517525615572822,9.958255192738283,0.11705296214947146,0.5296418620049845,0.12206250881997818,0.15315053925932876,0.02700775014940449,0.011813640594482422,0.1220608726143837,0.0006320095271803439,0.266,0.0,0.5406603030860424,0.5280491344006732,0.18080562703311442,0.08132060617208481,0.943,0.003338071844091012,0.027571199222325964,0.012194275559571349,0.0017534530769417072,0.0,0.034,1.0,0.264,1.0,0.0
14,1649752016,12.6780701763461,-205.07715276309523,1.977552229394413,1000,False,False,False,32.36979386345493,0.14945081290392687,15.42479891555705,0.1591580330768414,0.4274005997211498,0.18461100844079256,0.11511645361856358,0.007138073560838674,0.00799570046365261,0.18227548897266388,0.029272351413965225,0.546,0.0,0.5561861246824265,0.5479655452943407,0.5412962725758552,0.1123722493648529,0.977,0.018721940539844606,0.020517517905049777,0.00011083067368528043,0.0019775522293944115,0.0,0.0,0.0,0.417,1.0,0.0
15,2013698973,221.11926172766826,152.5900997969885,0.6052916193067981,400,True,False,False,42.64887459282898,0.1842153177848046,22.263243920898596,0.050891715948691546,0.46019498910068557,0.050918988993111064,0.1646614073468982,0.0,0.004064083099365234,0.05091123655438423,0.0008885001880116761,0.405,0.24,0.0,0.5636745692463592,0.2814185890555382,-0.0501716248691082,0.9325,0.0026870581819969735,0.01889389447158432,2.600743251833515e-09,0.0015132290482669938,1.0,0.07,1.0,0.17,0.0,1.0
16,123927870,175.58697503753933,69.43851724415637,0.9324845779338307,645,True,False,False,28.541847752083783,0.145716368373237,11.973270978770085,0.06778773439123018,0.4157632523414545,0.07453625057654373,0.10781829224704073,0.0,0.00013132095045875758,0.07453136146068573,0.0008537030080333352,0.4263565891472868,0.2713178294573643,0.0,0.5290118425109879,0.19667552500963212,-0.04771240055561066,0.9193798449612403,0.009803393757684032,0.014591589898771384,5.201486505401753e-09,0.001445712523928419,1.0,0.05426356589147287,1.0,0.31007751937984496,0.0,1.0
17,1821182807,220.83850984824815,135.55729280468074,0.7614121704356756,457,True,False,False,48.93935819834141,0.20294359397559492,26.66524362110852,0.06011659347944678,0.4617234646002251,0.06201473002454515,0.1461354792207645,0.0,0.0053195953369140625,0.06200466305017471,-0.0011173629900440574,0.350109409190372,0.20787746170678337,0.0,0.5467066128169649,0.2315912729687989,-0.04983002692461014,0.9321663019693655,0.0021744507117430413,0.017824607908860892,7.802229755934226e-09,0.001666109782134956,1.0,0.07221006564551423,1.0,0.0787746170678337,0.0,1.0
18,771268235,19.299161146415372,-218.98707738233017,2.1828623852874496,1000,False,False,False,34.2616792908636,0.20087887175706273,12.173878457652147,0.3381227661972287,0.5231659042979736,0.3441722011284111,0.11063739076931667,0.0072090386355505645,0.01292638760060072,0.3338174819946289,0.08378778398036957,0.0,0.0,0.5134962862357497,0.5224964739536808,0.4964382380153984,0.026992572471499443,0.964,0.06605761464035437,0.05943134306116998,0.0028182069997922943,0.0021828623852874524,0.0,0.0,0.0,0.598,1.0,0.0
19,829040292,226.73734850711185,130.764387731481,0.852129607756309,538,True,False,False,36.08462052946225,0.15965243735085372,18.128346221161028,0.041216346012312687,0.5245341097197834,0.04137702716517607,0.17622092349112758,0.0,0.006768608000129461,0.04137697070837021,6.835222302470356e-05,0.3382899628252788,0.17472118959107807,0.0,0.5271876821541972,0.2472134418785572,-0.04984171316027641,0.8996282527881041,0.0032484609596919556,0.030281414634853135,0.0,0.0015838840292868193,1.0,0.055762081784386616,1.0,0.08178438661710037,0.0,1.0
20,500441914,221.1914398280905,143.30241789722527,0.6854902193086515,467,True,False,False,34.89809510662467,0.18703024196920157,14.213379962319621,0.07439439608872231,0.5127117056544009,0.07442185731816257,0.18005919378520624,0.0,0.008350181393325329,0.07441749423742294,0.0008058524108491838,0.29336188436830835,0.1349036402569593,0.0,0.5349263987709355,0.19108239382505418,-0.050440043210983276,0.9036402569593148,0.0014104768548796698,0.03063811914196297,1.0402973008201422e-08,0.0014678591419885463,1.0,0.07494646680942184,1.0,0.0728051391862955,0.0,1.0
21,1954303186,209.71844429206112,111.87368399684246,0.8720476029521863,532,True,False,False,46.87281684786417,0.17664287897981656,27.218055891889428,0.043620682713880324,0.4259671682784421,0.04364786105971039,0.13682954450913734,0.0,0.005025959108024836,0.04364500194787979,0.0004995798808522522,0.32894736842105265,0.212406015037594,0.0,0.5499864076194179,0.2109605396911502,-0.048364948481321335,0.9398496240601504,0.008026000306239475,0.02195365312436281,2.6007432527008767e-09,0.001639187223594335,1.0,0.06203007518796992,1.0,0.14097744360902256,0.0,1.0
22,1166692149,201.4342948764563,108.63872041079482,0.8141557446566146,569,True,False,False,26.86788593504046,0.15011969253804122,9.862485022694196,0.03518747845662839,0.4957247393496137,0.035240842035079115,0.15559831624030832,0.0,0.006487560458481312,0.035236455500125885,0.0005560136050917208,0.3444639718804921,0.23550087873462214,0.0,0.5330602275780508,0.26140910528600214,-0.04856320843100548,0.929701230228471,0.007540911625428184,0.023830733904703232,2.600743251833515e-09,0.0014308536812945767,1.0,0.0492091388400703,1.0,0.140597539543058,0.0,1.0
23,970311284,50.168342501856316,-235.95710610766164,2.6612544860951806,1000,False,False,False,52.20207818853623,0.21666117413960176,28.536047117070893,0.14169046322930864,0.36186889966269914,0.1460274035784007,0.10186969865955017,0.015299268530747114,0.010205077938735485,0.1460101157426834,-0.0022469304967671633,0.468,0.0,0.0,0.5334657989908009,0.2387156917154789,-0.05656903609633446,0.937,0.012528788033041109,0.022657770302208127,0.004042227955971868,0.0026612544860951798,1.0,0.064,1.0,0.513,1.0,0.0
24,994047248,-36.40914678352129,-431.24279236134316,3.748336455778219,1000,False,False,False,38.597272078947334,0.2016702516194903,16.43033325949305,0.34194355864751874,0.6369611493141825,0.6885246799868412,0.13027413953610056,0.021119323409367907,0.010771465487778187,0.6500492095947266,-0.2269410938024521,0.0,0.0,0.544016357511282,0.5401192649131699,0.5268411720218137,0.08803271502256393,0.966,0.031889861227072214,0.03525235965909723,0.0006863985620488983,0.003748336455778217,0.0,0.059,1.0,0.293,1.0,0.0
25,1292724342,200.73282032557756,54.743604984194796,1.2802921534138283,898,True,False,False,26.981973131560366,0.15368843721015515,9.613370087630674,0.0693374513008051,0.6086130338308094,0.06980172195448091,0.19905304686542857,0.0,0.013582134619355202,0.06980066001415253,0.0003850316861644387,0.2650334075723831,0.12138084632516703,0.0,0.5123513461550063,0.24686380662955343,-0.047726284712553024,0.9175946547884187,0.009542370161193992,0.035067418882004,5.20148650366703e-09,0.00142571509288845,1.0,0.05011135857461024,1.0,0.12360801781737193,0.0,1.0
26,1550610129,218.6957120600622,124.43800923698802,0.8411770282307428,507,True,False,False,36.28821623840673,0.17180456824602733,17.120007652929704,0.08667043143330286,0.5599880402356775,0.08669790186490092,0.17431147567534358,0.0,0.007811164949089289,0.0866914764046669,0.0010555124608799815,0.21104536489151873,0.09270216962524655,0.0,0.5138251252015006,0.010026998054236173,-0.04744802787899971,0.893491124260355,0.010507530689083406,0.027159531845977344,2.6007432527008767e-09,0.0016591262884235547,1.0,0.10453648915187377,1.0,0.0650887573964497,0.0,1.0
27,33180180,25.664275566535064,-214.49567189427958,2.2015994746081464,1000,False,False,False,38.382814554505664,0.14360860805736725,22.022040091263666,0.1330419842425626,0.42321719881646125,0.16714086051148433,0.10675835027154637,0.02097407008312939,0.0060860635712742805,0.16714009642601013,-0.0005053901695646346,0.477,0.0,0.5449830703437328,0.520198162662331,0.5344619160890579,0.08996614068746567,0.921,0.0036161728960526058,0.01843276638651183,0.0003748434994506242,0.002201599474608146,0.0,0.051,1.0,0.426,1.0,0.0
28,1549741238,229.13491601102882,104.41256257713324,1.1388235343389534,542,True,False,False,53.58576829614173,0.21780697716456515,29.813686575266022,0.05391753254063071,0.4783322468116324,0.053944903708471374,0.17129989081134592,0.0,0.009327697567641735,0.05393943935632706,0.0007678007823415101,0.23616236162361623,0.14022140221402213,0.0,0.5314460176607462,0.10876349535421469,-0.048189807683229446,0.915129151291513,0.008610866501914916,0.03525943232422576,2.6007432527008767e-09,0.0021011504323596945,1.0,0.07933579335793357,1.0,0.08302583025830258,0.0,1.0
29,2119324410,199.17979301754374,58.455173596994975,1.2388461942054907,842,True,False,False,74.65629766455108,0.24632489659427284,48.02423054125026,0.024219012000606194,0.3037623372119522,0.024246279472535767,0.11628673210705895,0.0,0.012011718936264515,0.024232292547822,0.0008234477136284113,0.6211401425178147,0.32422802850356297,0.0,0.5540485236984003,0.21067889772355555,-0.04885806515812874,0.9619952494061758,0.006901421369044532,0.023264989350162385,5.20148650366703e-09,0.0014713137698402483,1.0,0.039192399049881234,1.0,0.4180522565320665,0.0,1.0
30,47573630,207.91367975086902,133.01427868461442,0.6597940106625463,446,True,False,False,35.22970633468341,0.17801131086360852,15.451186613614137,0.0735252067733887,0.44784138766904796,0.07355276246043187,0.15376499817971512,0.0,0.004216575529426336,0.07354030758142471,0.0013535236939787865,0.3968609865470852,0.23094170403587444,0.0,0.5597591994699893,0.27481549307703973,-0.0505637489259243,0.9394618834080718,0.001431506139722682,0.02393395192019351,1.0402973008201422e-08,0.0014793587683016723,1.0,0.06053811659192825,1.0,0.17937219730941703,0.0,1.0
31,1402766798,229.08992715319908,114.21848873203032,1.0185143842116877,651,True,False,False,31.68810742364019,0.1827507870169931,11.415909711462206,0.06923603255213377,0.5828942652935278,0.06926321229261295,0.21858111793641793,0.0,0.013342952355742455,0.06926317512989044,7.174968777690083e-05,0.2073732718894009,0.11367127496159754,0.0,0.48664345253158264,0.13231666252017021,-0.04767054319381714,0.8617511520737328,0.009520769037928438,0.03807699299953006,5.201486505401753e-09,0.0015645382245955274,1.0,0.06912442396313365,1.0,0.05683563748079877,0.0,1.0
32,1736985230,187.68756772831543,81.21329139748744,0.9395427633082809,626,True,False,False,35.60376841843194,0.15399289648595385,18.208182691677262,0.059263223051015744,0.408183058207057,0.059286516110925454,0.11614812877471152,0.0,0.0003105163632426411,0.059276580810546875,0.0010853386484086514,0.5239616613418531,0.17252396166134185,0.0,0.5400680301375479,0.29032081834971907,-0.04813483729958534,0.9265175718849841,0.008909609978160782,0.013809607966232108,1.040297300733406e-08,0.0015008670340387862,1.0,0.04153354632587859,1.0,0.38817891373801916,0.0,1.0
33,996707623,57.84662994821554,-240.259813106256,2.781064430544716,1000,False,False,False,33.44132314813986,0.19500337069376922,11.94107242125775,0.13402822489551267,0.4326353022802549,0.14893929018933336,0.127026098327731,0.02236921757789504,0.012945270165801048,0.14892855286598206,-0.0017883800901472569,0.429,0.0,0.5475908443331718,0.47326337863737716,0.4120069651678204,0.09518168866634369,0.84,0.0034505120527563923,0.02589219156877305,0.012068990279984189,0.0027810644305447164,0.0,0.156,1.0,0.359,1.0,0.0
34,327017008,181.75003361138502,89.93665093141527,0.8041338267996982,570,True,False,False,32.890781263436395,0.14731023333029364,16.166260588450346,0.0853972294588414,0.44017931796350973,0.08543442656183975,0.11599006937918785,0.0,8.583068620282575e-07,0.08542213588953018,0.0014491176698356867,0.30526315789473685,0.09824561403508772,0.0,0.5488373536445005,0.29875049240887164,-0.04757928475737572,0.956140350877193,0.01041706708599059,0.013444525563392673,6.937482624792823e-07,0.0014107610996485947,1.0,0.0456140350877193,1.0,0.24912280701754386,0.0,1.0
35,481078878,208.94222284089747,95.84129259444097,1.007009302464568,620,True,False,False,34.76817002334402,0.1917874204661232,13.593362124300421,0.02568727016630087,0.4450456112592997,0.02696556370545639,0.1621607948666895,0.0,3.051757857974735e-06,0.02694244310259819,0.0011164164170622826,0.38064516129032255,0.22580645161290322,0.0,0.5369651124932834,0.2757684991508722,-0.04886818304657936,0.9306451612903226,0.007045629331440559,0.030323601324276517,2.600743251833515e-09,0.0016242085523622055,1.0,0.04516129032258064,1.0,0.13548387096774195,0.0,1.0
36,1768913085,183.86655709578193,84.04305323498126,0.8748350386080073,617,True,False,False,26.067269340392187,0.1426446399877777,9.80685991403867,0.033447242955487635,0.4266877997654006,0.035441660671017956,0.1302094290950278,0.0,0.005330276675522327,0.035439204424619675,0.000417253962950781,0.44084278768233387,0.2884927066450567,0.0,0.539136157181292,0.24672575369477273,-0.04852738976478577,0.940032414910859,0.007557418542848821,0.01869646941782102,0.0,0.0014178849896402048,1.0,0.04862236628849271,1.0,0.1912479740680713,0.0,1.0
37,1404684865,229.1896544558927,137.1608917740384,0.8128876268185437,537,True,False,False,60.66164469737309,0.21050191229131415,37.62051349529636,0.09109204190314202,0.44138781478219324,0.09111893063114324,0.163573019570431,0.0,0.010937213897705078,0.09111537784337997,0.0008046364528127015,0.260707635009311,0.08007448789571694,0.0,0.5532375165752137,0.2412544856965542,-0.05060799419879913,0.9441340782122905,0.0005128870095169122,0.03376316479153022,0.0,0.0015137572194013837,1.0,0.05772811918063315,1.0,0.08752327746741155,0.0,1.0
38,132668911,38.894195683338204,-143.5557541679888,1.624499498513273,1000,False,False,False,63.6931174354834,0.21745761735053717,39.94744204292452,0.1180031649080442,0.2806300709526891,0.22069926094957962,0.08491446636650356,0.022901028666471018,0.007348251529037952,0.21928906440734863,-0.024909235537052155,0.594,0.0,0.5149077828973532,0.4748413844653696,0.42675772138522006,0.029815565794706345,0.864,0.021165234795397184,0.024389851761337438,0.0020688678503009983,0.001624499498513272,0.0,0.027,1.0,0.597,1.0,0.0
39,918262559,212.17370699751194,134.56349730610864,0.6889020969140324,436,True,False,False,35.415937657406495,0.18087518381929052,15.353421280621596,0.026123714864221825,0.4593678965359792,0.026326070409508563,0.15111798934460302,0.0,0.003737831022590399,0.026320362463593483,0.0005481815314851701,0.3440366972477064,0.20642201834862386,0.0,0.5568740492667404,0.2907839506864548,-0.049726974219083786,0.9380733944954128,0.004061147712944578,0.016179238846133284,5.20148650366703e-09,0.0015800506809954874,1.0,0.06192660550458716,1.0,0.08256880733944955,0.0,1.0
40,793198720,42.79897927201379,-118.5466336764944,1.413456129485082,1000,False,False,False,52.71874973554342,0.2059071991796222,30.12811616007595,0.211854287558764,0.37557963951754625,0.24198528148104903,0.10244148354125929,0.01192177757712645,0.012011433020234108,0.24040956795215607,-0.027570202946662903,0.0,0.0,0.503278031013906,0.4962000004795991,0.425962116640294,0.006556062027812004,0.908,0.01979352608235036,0.03272911928744643,0.0032776491012094927,0.0014134561294850822,0.0,0.0,0.0,0.587,1.0,0.0
41,855731955,35.10721251530328,-228.8067809312221,2.439139934465254,1000,False,False,False,75.04453732662081,0.2540828223188488,47.63634143723072,0.15509287420658893,0.34490997687534725,0.18026655176321316,0.10255260371985847,0.035275145376708034,0.013279056176543236,0.18025942146778107,0.0016033267602324486,0.336,0.0,0.585225522518158,0.56126739988185,0.4495053992792964,0.17045104503631592,0.981,0.02229943063095232,0.025595313380687417,0.00040496953400342636,0.0024391399344652564,0.0,0.019,1.0,0.495,1.0,0.0
42,1196246040,151.31220338037238,-12.141009453602322,1.4439321283397462,953,True,False,False,33.822896759532554,0.18988969246275542,12.834065987961491,0.009200728768502696,0.308633699323545,0.009231873615885199,0.12086673940635448,0.0,0.00024003982252907008,0.009230708703398705,-0.00014665364869870245,0.5487932843651626,0.44805876180482684,0.0,0.5493459038676817,0.26097809959203006,-0.04893604293465614,0.9632738719832109,0.006084956386032523,0.0279164689729345,0.0,0.001515143891227436,1.0,0.02938090241343127,1.0,0.291710388247639,0.0,1.0
43,987027273,16.734224415640394,-182.75220371237387,1.7948642812801436,1000,False,False,False,34.08615639565429,0.13689747187398027,18.39649555075105,0.14370193004260537,0.41092541082099093,0.20808684836138575,0.10885033823524307,0.007236087684079946,0.0074255941435694695,0.2080814391374588,-0.0015003824373707175,0.39,0.0,0.5202220603823662,0.5519012257230934,0.5580623894929886,0.04044412076473236,0.978,0.007313512388257832,0.021462153139832317,0.0011662356920485277,0.001794864281280144,0.0,0.0,0.0,0.435,1.0,0.0
44,335812333,175.10285304812712,80.52717463159654,0.8279567841653058,589,True,False,False,24.17657984221201,0.12006803286160836,10.175148848098054,0.06426723455853119,0.439823767916008,0.06429393920058696,0.11324278813988924,0.0,0.0015273094177246094,0.06429167091846466,0.0005400633672252297,0.41086587436332767,0.1731748726655348,0.0,0.5395191041626201,0.22450125962495804,-0.047894082963466644,0.9422750424448217,0.0092177382364316,0.009588729733145566,7.802229756367907e-09,0.0014056991242195342,1.0,0.05432937181663837,1.0,0.2614601018675722,0.0,1.0
45,61636833,177.78751267348412,78.4547163808463,0.8767279629263787,583,True,False,False,22.48489038157422,0.1716032820354961,3.3302683971629103,0.0654664807489393,0.4288168066265105,0.06547666769769322,0.11784952240180446,0.0,0.00010709762864280492,0.06547632068395615,-0.0002131724322680384,0.4648370497427101,0.1234991423670669,0.0,0.5310184720362094,0.17539954274892808,-0.047699347138404846,0.9159519725557461,0.00930995799140535,0.014050202877952934,7.802229754633183e-09,0.0015038215487587967,1.0,0.0634648370497427,1.0,0.2607204116638079,0.0,1.0
46,1783168689,7.939951383101212,-195.68724053152013,1.8362719191462131,1000,False,False,False,22.2539053903644,0.1858140326143778,1.6725884714214023,0.3686031204376634,0.6713195083213129,0.3938172055915401,0.17532032504862133,0.03063581306225036,0.015665341168642044,0.3909296989440918,-0.04760212078690529,0.0,0.0,0.5914572179317474,0.5549954908323707,0.5508484121412038,0.18291443586349487,0.989,0.03464158802785609,0.03777079024141307,0.0018562622909340104,0.0018362719191462133,0.0,0.0,0.0,0.321,1.0,0.0
47,330139630,213.63356597132503,100.87551949861292,0.9989804647271222,643,True,False,False,27.261581714171314,0.18928687222290153,6.336016687585614,0.08847492657880704,0.5983660200942574,0.08850181574796091,0.21076624922143306,0.0,0.012605381198227406,0.08850173652172089,0.00011842012463603169,0.2208398133748056,0.07153965785381027,0.0,0.5241109618035755,0.11090343751013279,-0.04719872400164604,0.9253499222395023,0.010639708913567166,0.04537195759571992,2.6007432527008767e-09,0.0015536243619395363,1.0,0.060653188180404355,1.0,0.05132192846034215,0.0,1.0
48,655584412,165.49951324202127,-10.881812973790858,1.613013262158121,754,True,False,False,29.020182276085173,0.14082412738157152,12.938792752513574,0.09099869800112496,0.3942443837094301,0.09102635103186366,0.10716924616685805,0.0,0.003036594484001398,0.091016486287117,0.0013400769094005227,0.553050397877984,0.058355437665782495,0.0,0.5137413878349553,0.13265101095661522,-0.04739713668823242,0.8938992042440318,0.010752867902648826,0.017185857080304526,7.802229756367907e-09,0.0021392748834988353,1.0,0.08090185676392574,1.0,0.3978779840848806,0.0,1.0
49,840914785,154.4509387901519,-2.2336526289293914,1.3814459141908129,927,True,False,False,43.18900290594673,0.13388929559723664,27.80025317342536,0.13166753068260423,0.42258500048065856,0.131677072744363,0.09427296043314196,0.0,0.0014630317455157638,0.1316218376159668,0.0038135743234306574,0.43581445523193096,0.0,0.0,0.5149151083195488,0.0408683071192354,-0.046794306486845016,0.9115426105717368,0.013091639587273924,0.015444491173222559,7.802229754633183e-09,0.0014902329171421918,1.0,0.0593311758360302,1.0,0.39913700107874867,0.0,0.0
50,1692559281,195.24271884891206,90.33963746474741,0.918630813841647,652,True,False,False,27.656023649060987,0.17406742238031958,8.252133590655086,0.10558997814512829,0.5150590991578161,0.1055905518586002,0.16165376953005323,0.0,0.00944595318287611,0.10559053719043732,5.565643368754536e-05,0.3113496932515337,0.0,0.0,0.5303147177524762,0.1478448411822319,-0.0467357411980629,0.9248466257668712,0.011641912477781064,0.0281889854057982,2.6007432509661532e-09,0.0014089429660147951,1.0,0.05828220858895705,1.0,0.17484662576687116,0.0,0.0
51,1056046841,220.09267446231087,147.8046953733185,0.6390797908899254,419,True,False,False,47.101461552561275,0.17665537862882408,27.465584057471546,0.04298541738938023,0.43824687387516353,0.04301532047562133,0.15171420070409833,0.0,0.0021169662941247225,0.042999267578125,0.001175067387521267,0.36515513126491644,0.2577565632458234,0.0,0.5627633186817382,0.2917927169799805,-0.0501299612224102,0.9379474940334129,0.003109439204433384,0.015705470817837183,5.201486504100711e-09,0.00152525009758932,1.0,0.06443914081145585,1.0,0.20047732696897375,0.0,1.0
52,1580024342,41.20792619078119,-119.8750341531917,1.41082960343973,1000,False,False,False,31.26228029533712,0.1854735296468145,10.715013673150512,0.24211347649505008,0.47341709387367403,0.29243783682412905,0.12381277010489808,0.03831868543993,0.011764335446059704,0.2899656295776367,-0.037944987416267395,0.0,0.0,0.5020455888006836,0.4821522699565103,0.41618637698236854,0.004091177601367235,0.885,0.008664119970929305,0.03217517287958489,0.0004175109681505314,0.0014108296034397296,0.0,0.0,0.0,0.559,1.0,0.0
53,1139378284,218.85657021133215,125.7542914379359,0.8206227877339648,552,True,False,False,63.3859447542753,0.2119629706353566,40.19743984270126,0.09359682753192772,0.36156926857838817,0.0970105329863343,0.13735619450831685,0.0,0.007964706048369408,0.09700794517993927,0.0007085776305757463,0.519927536231884,0.11775362318840579,0.0,0.5559511751027616,0.22989695521071554,-0.05063624307513237,0.9438405797101449,0.00020339110570673905,0.02479908904660115,2.6007432520503554e-09,0.001486635485025297,1.0,0.057971014492753624,1.0,0.358695652173913,0.0,1.0
54,1933401080,180.2647255499848,61.143567578453535,1.0560115797153127,676,True,False,False,32.449961949404766,0.1490021879335446,15.551984051236117,0.01147773087262638,0.3624704233467767,0.01150461956862322,0.10471705303170424,0.0,0.0001546859712107107,0.011503505520522594,-0.00016010046238079667,0.5784023668639053,0.46449704142011833,0.0,0.536666415578041,0.21194761738181114,-0.04888884350657463,0.9245562130177515,0.006214199021570553,0.01134555838958351,5.20148650366703e-09,0.0015621473072711712,1.0,0.04585798816568047,1.0,0.48372781065088755,0.0,1.0
55,756121258,63.625814244226916,-274.5781351862378,3.1820394943046453,1000,False,False,False,29.752468211421974,0.18520847067476287,9.231707486440527,0.1588648285611714,0.4344704320449231,0.1945211172224155,0.13391114471101698,0.008524166540229174,0.012811565771698952,0.19287805259227753,-0.025229385122656822,0.497,0.0,0.5094172675162554,0.46945190494233974,0.26434220282302706,0.018834535032510757,0.856,0.022340855269470664,0.03582688703090518,0.0032209099860515712,0.0031820394943046456,1.0,0.073,1.0,0.476,1.0,0.0
56,777896714,227.1918395034969,127.48333499917541,0.8856850450432138,557,True,False,False,35.13619560731848,0.19344353743755016,13.799252122546276,0.08883501059382937,0.5598596998899055,0.08886266176930781,0.19405059226168575,0.0,0.01110143680125475,0.0888509750366211,0.0014411425217986107,0.28545780969479356,0.1059245960502693,0.0,0.5272239026491475,0.20714751847088336,-0.05074315890669823,0.9084380610412927,0.0006023393298508216,0.03640519695641515,2.6007432520503554e-09,0.0015900988241350344,1.0,0.059245960502693,1.0,0.1059245960502693,0.0,1.0
57,1259840859,247.1336107008157,135.30248074823797,1.0055112995257802,564,True,False,False,72.78855556500602,0.22775076543569892,48.02038586705298,0.08568977263738826,0.40678277715582606,0.08706564471524525,0.202264578822633,0.0,0.014840031042695045,0.08706559985876083,8.837938366923481e-05,0.3404255319148936,0.1400709219858156,0.0,0.5609918825777499,0.2394995566830039,-0.050394508987665176,0.9485815602836879,0.0007651478486219835,0.03296592871581872,7.802229756042646e-09,0.0017828214530598932,1.0,0.051418439716312055,1.0,0.10460992907801418,0.0,1.0
58,1967394020,210.37965454556976,125.61298244728202,0.7482667209828774,497,True,False,False,30.298435485972455,0.1744962194929609,10.862356749732115,0.04059154563831956,0.47707520004849097,0.04061927499427316,0.16062946485563614,0.0,0.006837653927505016,0.04058818891644478,0.0015888428315520287,0.3843058350100604,0.20724346076458752,0.0,0.5427762942709089,0.24971161998808383,-0.050193902105093,0.9255533199195171,0.0032240913452346166,0.03037277848088288,0.0,0.001505566843023898,1.0,0.05835010060362173,1.0,0.1227364185110664,0.0,1.0
59,1449267987,211.9817022308242,120.77892636298787,0.8110277586783631,505,True,False,False,41.802031515974214,0.20316403210539327,19.498125233427714,0.15333069090553442,0.4992447045054162,0.15335473017996623,0.17026312757311876,0.0,0.009710120968520641,0.15333843231201172,0.0022357201669365168,0.2633663366336634,0.0,0.0,0.557168492242362,0.22079716524109244,-0.04582759365439415,0.9366336633663367,0.014417164301651192,0.03102225342997862,5.20148650366703e-09,0.0016059955617393333,1.0,0.06336633663366337,1.0,0.17623762376237623,0.0,0.0
60,865829840,217.77315402273072,105.67879059598869,0.9883436342674226,663,True,False,False,35.334534247401166,0.17671457510430522,15.66563040249798,0.029553355126631344,0.4861981012518932,0.029705515568111532,0.174840446570298,0.0,0.009634876623749733,0.02970409393310547,0.00029061792884022,0.38310708898944196,0.23529411764705882,0.0,0.5314811490178333,0.2830615535378456,-0.049719370901584625,0.9230769230769231,0.0038842500333350605,0.03129346835748829,5.201486504100711e-09,0.001490714380493849,1.0,0.04072398190045249,1.0,0.20060331825037708,0.0,1.0
61,1212887003,241.47994652541817,124.27266707161392,1.053272794538043,594,True,False,False,28.765598657582988,0.15399736221032992,11.370971432831771,0.10128240345373427,0.7085866095676548,0.10130920319582264,0.25685028212543,0.0,0.012192344292998314,0.10130920261144638,1.088142380467616e-05,0.1936026936026936,0.0,0.0,0.4728515091550502,0.15297199878841639,-0.04684062302112579,0.8417508417508418,0.011391981051260932,0.04659590338659146,5.201486505401753e-09,0.0017731865227913176,1.0,0.0723905723905724,1.0,0.05555555555555555,0.0,0.0
62,1478030336,246.2176455751179,150.51888748047878,0.8527875809463905,521,True,False,False,35.45120553687452,0.1802829889462942,15.43354724869938,0.06345658773616632,0.6249904591350752,0.06348443063629076,0.24812361635034266,0.0,0.012441826052963734,0.06346940994262695,0.0013809180818498135,0.2072936660268714,0.11900191938579655,0.0,0.4943148055502201,0.01039989534765482,-0.04809986427426338,0.8541266794625719,0.009143551384981618,0.04540951805264488,5.20148650366703e-09,0.001636828370338561,1.0,0.09596928982725528,1.0,0.06333973128598848,0.0,1.0
63,1692503548,194.1794303983275,-14.749216852493419,1.9526864725082083,683,True,False,False,27.135812888251568,0.17834117381925943,7.303784167076616,0.1654201036556629,0.5525794790938312,0.16543806284605908,0.1563060129441862,0.0,0.010079669766128063,0.1653551161289215,0.00523814931511879,0.12298682284040996,0.0,0.0,0.4873123447770235,0.05054926562821493,-0.04606405273079872,0.8638360175695461,0.01508218085305352,0.03518636147580658,5.20148650366703e-09,0.0028589845863956215,1.0,0.10834553440702782,1.0,0.17423133235724744,0.0,0.0
64,430828717,199.89349577964163,98.18655141366293,0.8944694436597879,613,True,False,False,33.90702630375133,0.1315991970267426,18.751327493504398,0.029072503867300644,0.4718023536511831,0.02998342573364836,0.1313404103998743,0.0,0.005034446716308594,0.02998342551290989,-3.638267571659526e-06,0.38825448613376834,0.23164763458401305,0.0,0.5269491044738175,0.2622350623458624,-0.048548851162195206,0.9233278955954323,0.007260054110712344,0.014867694474393584,0.0,0.0014591671185314639,1.0,0.04567699836867863,1.0,0.1859706362153344,0.0,1.0
65,57315423,215.82062655827036,133.03692201009878,0.7278370454817159,500,True,False,False,37.66614198568934,0.14690847380357536,20.988435571416538,0.11177461104935991,0.5736930293457098,0.1118023565869122,0.15819407031762392,0.0,0.003940773196518421,0.11179332435131073,0.0014211153611540794,0.322,0.0,0.0,0.5226183998491615,0.21935152761638166,-0.04685625061392784,0.89,0.011972400626161214,0.016956790224793596,0.0,0.0014556740909634307,1.0,0.064,1.0,0.15,0.0,0.0
66,1085470789,219.45352730061848,118.84225109710242,0.8849127620351624,606,True,False,False,37.533437902835495,0.1862560558469325,16.91236085515604,0.10123367287259191,0.5213400678699701,0.10126123204187655,0.1788432185354641,0.0,0.010127449408173561,0.1012568473815918,0.0009423231822438538,0.25742574257425743,0.0,0.0,0.5318116572940654,0.20498706862330437,-0.05072895064949989,0.9092409240924092,3.435841910257502e-05,0.0302467002622379,2.6007432520300266e-09,0.0014602520825662735,1.0,0.054455445544554455,1.0,0.09735973597359736,0.0,0.0
67,1303337958,12.574216524985898,-162.10186460429898,1.5467608112928506,1000,False,False,False,31.06596343007334,0.1893389110924287,10.132158663325267,0.14031429030129872,0.3133792035367068,0.1807188088914549,0.08124629110612054,0.012023154166473416,0.006267643067985773,0.1801614761352539,-0.014182045124471188,0.67,0.0,0.5075446306727827,0.4926895724394999,0.43754676868498793,0.015089261345565319,0.901,0.03084186832697725,0.027526438660593983,0.0018599657493248989,0.0015467608112928503,0.0,0.004,1.0,0.601,1.0,0.0
68,1124770563,100.97793112458747,-260.1276694106816,3.41105600535269,1000,False,False,False,27.715741238567265,0.20619709477088313,5.096118103973742,0.3322805022986324,0.6018377319625229,0.389171893221935,0.15762887031852382,0.0003035326803170275,0.01548547763377428,0.3873426020145416,-0.03768913820385933,0.0,0.0,0.0,0.34256246214899877,0.0402367708273232,-0.030217817053198814,0.604,0.0054904264786183495,0.033551466993333647,0.009135623019177802,0.003411056005352693,1.0,0.31,1.0,0.418,1.0,0.0
69,1223071738,207.50789569546453,113.44363430615934,0.8466426138930534,470,True,False,False,36.14924565136896,0.18556337662230354,15.610673244582022,0.07540661479745463,0.44653713567968617,0.07543552249955138,0.14683089804708196,0.0,0.005503559019416571,0.0754309669137001,0.0008290266850963235,0.3680851063829787,0.20638297872340425,0.0,0.5492718795562124,0.24275823594070972,-0.05045677721500397,0.9319148936170213,0.0013545850943825484,0.022787162133342503,0.0,0.0018013672636022415,1.0,0.06170212765957447,1.0,0.19361702127659575,0.0,1.0
70,1942128127,54.369864546507785,-176.62205815740336,2.1099192270391085,1000,False,False,False,67.24190671358302,0.22575760299593695,42.66623275648409,0.09174496852187472,0.31533550367086816,0.09175573563591777,0.09429978096783048,0.0006475305579858421,0.009118842892348766,0.09175558388233185,0.00016687870083842427,0.638,0.043,0.0,0.5572422406300902,0.5324802754074335,-0.04495840147137642,0.974,0.008963358238578871,0.019903439218083168,0.0025134376014314683,0.002109919227039109,1.0,0.027,1.0,0.522,1.0,1.0
71,996607899,44.58943406618204,-159.77924951727366,1.8436868358345564,1000,False,False,False,41.827474955299536,0.1313416858702538,26.69339271076899,0.06310374161321272,0.36492159906046756,0.07352902100091163,0.09608089982496612,0.0002360581334209309,0.00013103484525345266,0.07351751625537872,0.0013006663648411632,0.616,0.166,0.0,0.5297873610961251,0.32404753159731625,-0.04785719886422157,0.938,0.009732314144234413,0.017578890553129327,6.765573495832143e-05,0.0018436868358345578,1.0,0.034,1.0,0.342,1.0,1.0
72,1737866112,183.08050159851555,28.99026267437472,1.4043023892414053,683,True,False,False,35.70343947159989,0.18511751063546897,15.193777068804051,0.1061970872091889,0.4174266216499665,0.10622455743499047,0.12717148606835596,0.0,0.007437705993652344,0.10622377693653107,0.00040720461402088404,0.47584187408491946,0.0,0.0,0.5343029612193285,0.1198563602566719,-0.04679331183433533,0.9238653001464129,0.011670109736119578,0.024357353124078898,7.802229754633183e-09,0.002056079632857113,1.0,0.07320644216691069,1.0,0.33382137628111275,0.0,0.0
73,757340419,210.3749409111216,120.25052960987708,0.8006441130124454,503,True,False,False,44.613520274988815,0.18246437436865198,24.379833504374744,0.017058999294154498,0.41713845864501076,0.02246940379192211,0.13453613662920286,0.0,0.00017280578322242945,0.022437572479248047,0.0011955952504649758,0.3101391650099404,0.21868787276341947,0.0,0.547814252025357,0.20840566948056222,-0.048980504274368286,0.9363817097415507,0.006785191552368037,0.017021751170781474,5.201486504534392e-09,0.0015917377992295137,1.0,0.06560636182902585,1.0,0.1312127236580517,0.0,1.0
74,753481078,152.41051876125863,36.17779984435253,1.029527189169061,664,True,False,False,15.144063430323435,0.15573441666043736,-2.4268501068483266,0.03271536060177618,0.32585958707212476,0.03274206463641353,0.10368781064161293,0.0,0.0001468658447265625,0.03274097293615341,0.00026737211737781763,0.6054216867469879,0.45180722891566266,0.0,0.5505109066915059,0.2415501955524087,-0.04855162277817726,0.9457831325301205,0.007408121576094384,0.009723382824800427,2.600743251833515e-09,0.001550492754772681,1.0,0.045180722891566265,1.0,0.44728915662650603,0.0,1.0
75,267036560,186.7457403926644,48.31942578315898,1.2518631460950536,662,True,False,False,33.18453272991053,0.1878403285427468,12.403079335764403,0.1098616760512816,0.45064648596253387,0.11081764475789624,0.14295624076362917,0.0,0.008753394708037376,0.11081428825855255,0.0008625006885267794,0.4471299093655589,0.0,0.0,0.5435518172669458,0.26944709964096547,-0.0467650480568409,0.947129909365559,0.011928541691958972,0.024601941238599725,1.3003716260034937e-08,0.0018910319427417738,1.0,0.04682779456193353,1.0,0.2990936555891239,0.0,0.0
76,545894397,13.433978475164636,-204.7131328103484,1.9814711128551281,1000,False,False,False,29.668255565979447,0.13373668553244325,14.294673355229909,0.16162821392023002,0.43534281804302055,0.1649680193378743,0.11653279875976658,0.013595914289747296,0.007753563113510609,0.16253098845481873,0.028251109644770622,0.434,0.0,0.5582360699772835,0.5508451226120815,0.5444394204393029,0.11647213995456696,0.977,0.008408587843815925,0.021193002726138197,0.0020039435459431234,0.00198147111285513,0.0,0.0,0.0,0.485,1.0,0.0
77,1135396990,34.11296682940161,-121.32797563254665,1.3544094246194858,1000,False,False,False,34.990136838517564,0.19383887753830514,13.606335427181861,0.2600032382760074,0.45866498158009145,0.2978006130271634,0.10769060825392768,0.02404957733962747,0.011655807495117188,0.294450581073761,-0.044542793184518814,0.0,0.0,0.5237301029264927,0.48532636545147395,0.4500332844501827,0.04746020585298538,0.894,0.02060690593367965,0.029831759769879777,0.0012998462758783413,0.0013544094246194832,0.0,0.0,0.0,0.59,1.0,0.0
78,298179044,203.97950495285914,132.5686289213999,0.6295087603145925,423,True,False,False,20.645857859129443,0.14614779806192763,4.059569683893444,0.014295614617763235,0.533188627203721,0.027209521112827765,0.1614998739839549,0.0,3.814697265625e-06,0.027170848101377487,0.0014501905534416437,0.2978723404255319,0.2293144208037825,0.0,0.5139001331866738,0.08962256025522947,-0.04995441809296608,0.8699763593380615,0.003975022474689055,0.012776232918810209,5.20148650366703e-09,0.0014882003789943084,1.0,0.09929078014184398,1.0,0.08747044917257683,0.0,1.0
79,125123540,213.7819409665188,105.6138790846394,0.9540806188187914,638,True,False,False,38.67621142100561,0.14876051778512267,21.803442742778955,0.02312250062705436,0.5011721439472128,0.023149962704674783,0.14819539835071258,0.0,0.005546951200813055,0.023143291473388672,0.0005557274562306702,0.3730407523510972,0.18808777429467086,0.0,0.5167729800726144,0.15743599634617567,-0.04881942272186279,0.9028213166144201,0.00684909896611437,0.018139386601622447,0.0,0.0014954241674275737,1.0,0.05642633228840126,1.0,0.12225705329153605,0.0,1.0
80,591410935,237.61459017395973,148.73581719990818,0.796987729740517,459,True,False,False,69.21856431344567,0.2042745900260842,46.810947259239164,0.047853432380667825,0.4024114724931461,0.053315243690249245,0.14638090733047754,0.0,0.0059867859818041325,0.05331144481897354,0.0006364440778270364,0.420479302832244,0.2657952069716776,0.0,0.5585402617786964,0.23710018791258336,-0.05014306306838989,0.9368191721132898,0.002567022502664038,0.017786213379653082,0.0,0.001736356709674329,1.0,0.06318082788671024,1.0,0.1721132897603486,0.0,1.0
81,1481583176,207.67995602395376,124.90095119828395,0.7257900482566991,510,True,False,False,31.708563034107144,0.1794214014534102,11.778307342941504,0.21618526081437617,0.6411510177500455,0.21618936689072268,0.1754445890744008,0.0,0.00964498519897461,0.2161860466003418,0.0011981702409684658,0.0,0.0,0.0,0.5156704175377301,0.0457759428024292,-0.043670739978551865,0.8921568627450981,0.018177945674560637,0.03304683851281985,5.201486505401753e-09,0.0014231177416798024,1.0,0.09019607843137255,1.0,0.07647058823529412,0.0,0.0
82,1667192397,229.86614314187307,142.67356087609926,0.7697258226577396,511,True,False,False,53.40206873069512,0.2081971409936685,30.59412024096189,0.09418776194941228,0.4647972047308079,0.09421503888861979,0.17055713076917803,0.0,0.011274146847426891,0.09421415627002716,0.0004078125930391252,0.33659491193737767,0.07632093933463796,0.0,0.5504061087944094,0.21567893877625466,-0.050538212060928345,0.9373776908023483,0.0003673730676422332,0.02893758272727598,5.201486504046501e-09,0.001506312764496555,1.0,0.06457925636007827,1.0,0.09197651663405088,0.0,1.0
83,609237933,3.789994956200776,-255.27634674674312,2.3906634170294385,1000,False,False,False,29.995183939151048,0.19423829122136396,8.571441159509515,0.321806067561372,0.5683207640740027,0.4364588912575956,0.1368171652150523,0.023683610147676722,0.013481711968779564,0.4265100359916687,-0.09265825897455215,0.0,0.0,0.5269117169082165,0.5621190206171887,0.568286958374083,0.05382343381643295,0.994,0.006906615053318838,0.03693860738898901,0.0010902907381601717,0.0023906634170294395,0.0,0.0,0.0,0.411,1.0,0.0
84,1201714534,241.49234698107466,155.52197188772988,0.7733037509334488,432,True,False,False,75.18365583425688,0.20433701830666137,52.77598159987856,0.15083160608741658,0.4479247260209974,0.15205137703750993,0.16042907921535152,0.0,0.008185768499970436,0.15205097198486328,-0.0003509664675220847,0.3101851851851852,0.0,0.0,0.5578674267248802,0.2662925381027162,-0.050661828368902206,0.9375,0.0026097972520230904,0.030981411712805683,5.201486504100711e-09,0.0017900549790126129,1.0,0.0625,1.0,0.1712962962962963,0.0,0.0
85,1063402990,113.28584097139532,18.798528709378036,0.7448731226201875,1000,False,False,False,30.174459868392006,0.19252130987653543,8.922415223233335,0.4111620477840148,0.5815762176665428,0.41116478604155476,0.10294084501561039,3.9802249591919056e-08,0.012785911560058594,0.40759649872779846,0.05405160039663315,0.0,0.0,0.0,0.22910612111911177,0.0,-0.04541121423244476,0.392,0.030284391208674755,0.03992030771155413,2.6007432527008767e-09,0.0007448731226201698,1.0,0.599,1.0,0.593,1.0,0.0
86,282464540,220.72960578897042,131.36839241216072,0.788812133768097,524,True,False,False,62.7129760297696,0.15988579335636535,44.73472126393503,0.008160659831259872,0.3547039123737922,0.00834190763883502,0.1229754471523222,0.0,0.00015249251737259328,0.008314418606460094,-0.0006766581791453063,0.5248091603053435,0.38549618320610685,0.0,0.559016880978304,0.24568468161858617,-0.048831187188625336,0.9446564885496184,0.006053636935419946,0.01087941078818872,1.0402973008201422e-08,0.001505366667496368,1.0,0.05916030534351145,1.0,0.3683206106870229,0.0,1.0
87,235932419,214.63893708280517,95.7129544548601,1.0602598262794523,645,True,False,False,45.713977541626214,0.21711001913306605,22.00603569232968,0.08891888756824055,0.4777901521208119,0.08891897697519974,0.16870827483216963,0.0,0.012895012274384499,0.08891896903514862,-3.757715239771642e-05,0.34728682170542635,0.11782945736434108,0.0,0.5379438716161982,0.10226753823459149,-0.047154396772384644,0.9348837209302325,0.010668441274829786,0.03599865549576128,5.201486505401753e-09,0.0016438136841541895,1.0,0.06511627906976744,1.0,0.14728682170542637,0.0,1.0
88,599786137,36.70141444254114,-124.06017400020852,1.4076158844274953,1000,False,False,False,32.04015120534803,0.18811451011207192,11.22878653663568,0.2165403730743591,0.43605404275780435,0.24820371592691062,0.12051657882252938,0.014287020086311884,0.012311267666518688,0.24681273102760315,-0.026240434497594833,0.0,0.0,0.5159790832549334,0.4938584062242444,0.4055302152049262,0.031958166509866714,0.904,0.020633460822654506,0.0324075205046761,0.0012494438716539914,0.0014076158844274966,0.0,0.0,0.0,0.502,1.0,0.0
89,767575573,-9.895395664277043,-205.0978462749245,1.752024506106475,1000,False,False,False,29.360164198912216,0.18588919574749171,8.771330966657857,0.4996270492800163,0.7035054894004199,0.7190035228001347,0.136367547015902,0.06425737217565851,0.01295614242553711,0.7189611196517944,0.00780859962105751,0.0,0.0,0.5093510197475553,0.496530616773176,0.4510772229341092,0.018702039495110512,0.908,0.029606754550641948,0.04393364218672416,0.00025317195261215925,0.0017520245061064738,0.0,0.0,0.0,0.347,1.0,0.0
90,279323583,205.2996001326479,91.34354551433896,1.011560546183088,640,True,False,False,70.03164047876446,0.1670663952673254,51.32821871862187,0.014022624712892505,0.2868379061044643,0.014035791964443833,0.11550746047120444,0.0,0.0006991386180743575,0.014033222571015358,0.00026855230680666864,0.578125,0.3703125,0.0,0.5639875667358865,0.2616536661889404,-0.04893790930509567,0.9578125,0.006341308397456105,0.016641160052667796,7.802229756367907e-09,0.0015805633534110766,1.0,0.04375,1.0,0.3375,0.0,1.0
91,1715869078,31.564670377685715,-152.41722372717328,1.6398189410485937,1000,False,False,False,39.77503182914577,0.2040498982829996,17.370128343340742,0.17948786037526132,0.36605216181357625,0.21107038915956966,0.09790402610230495,0.017044571735609734,0.010917472653090954,0.20956210792064667,-0.025187935680150986,0.352,0.0,0.508196359500289,0.4983302567610663,0.4272374408959877,0.016392719000577927,0.912,0.022462322983056747,0.03258785890952818,0.00038330274197076117,0.0016398189410485923,0.0,0.003,1.0,0.53,1.0,0.0
92,1335238929,18.410446906820297,-141.7682633593093,1.5113871026612957,452,False,True,False,58.825141470878364,0.238936762418609,32.952753380590345,0.5545798361561107,0.7094250925239254,0.6404933209847965,0.2265755729342584,0.0856227414480388,0.015682697296142578,0.6404880285263062,0.002603755099698901,0.0,0.0,0.0,0.4181693593607118,0.1515109255257994,-0.033157557249069214,0.7101769911504425,0.03113238435194532,0.052834004492479186,0.0062980742918201625,0.0033437767757993277,0.0,0.1592920353982301,1.0,0.24336283185840707,1.0,0.0
93,1852856207,37.04265185603872,-178.56845627196992,1.956111081280086,1000,False,False,False,33.6516993383209,0.17519673391690951,14.1321122891248,0.09154015705697531,0.36869936720691976,0.09203055487450978,0.1120053687572043,0.0032877938564568115,0.009989738464355469,0.09203052520751953,7.389545498881489e-05,0.519,0.068,0.0,0.5541896447734908,0.5472662280872465,-0.0544070266187191,0.974,0.005050460043043974,0.023101994740648907,0.008176074570133363,0.001956111081280086,1.0,0.015,1.0,0.394,1.0,1.0
94,1995117280,215.2781651811178,103.55382146439514,0.9970434371672285,601,True,False,False,34.55992892203411,0.1914757876271865,13.417112077712302,0.056529115604722215,0.5022101473210894,0.05655677009320356,0.17985430890692136,0.0,0.00977315939962864,0.05654888227581978,0.0009445404866710305,0.2579034941763727,0.13976705490848584,0.0,0.5095601553504047,0.14908925093710423,-0.04816801846027374,0.8885191347753744,0.008756087453807609,0.03360156984055214,0.0,0.001658974105103541,1.0,0.08652246256239601,1.0,0.056572379367720464,0.0,1.0
95,1132105043,3.0326084067926957,-239.22746963028683,2.222600780370797,1000,False,False,False,23.156226958254763,0.1795134537610096,3.204967924648663,0.3487453874950311,0.6326552285957004,0.3936809060294798,0.15907315003218075,0.06373963520902734,0.014607524499297142,0.3930221498012543,-0.022765006870031357,0.0,0.0,0.5475739873945713,0.5528985201747855,0.5459455800428986,0.09514797478914261,0.987,0.018203828271404845,0.03694413178120499,0.0007929419104832081,0.0022226007803707966,0.0,0.0,0.0,0.362,1.0,0.0
96,1226917952,192.78509640693676,77.7712642823834,1.017338321245531,664,True,False,False,61.440673399360364,0.18199069393664402,41.24413213456789,0.06758273143179,0.32990911746441015,0.06760962129847772,0.10472462427758392,0.0,0.0002993583620991558,0.06760196387767792,0.0010175323113799095,0.5376506024096386,0.25903614457831325,0.0,0.5567939489720816,0.264938889965415,-0.047919172793626785,0.9593373493975904,0.009395120629564714,0.01340695215173051,5.20148650366703e-09,0.0015321360259721874,1.0,0.04216867469879518,1.0,0.40512048192771083,0.0,1.0
97,1188830806,198.5560932612048,77.28899781058306,1.0892709545062165,617,True,False,False,30.46326767679558,0.18972466823251985,9.494855425967822,0.055241410705633646,0.42684242231970804,0.05526972828953593,0.1638724260668282,0.0,0.008857536129653454,0.05525331571698189,0.0013468360994011164,0.41491085899513774,0.20583468395461912,0.0,0.548001448326477,0.28962883576750753,-0.05033990740776062,0.9416531604538088,0.002427879487751341,0.027986452193758442,5.201486504100711e-09,0.0017654310445805773,1.0,0.04700162074554295,1.0,0.17341977309562398,0.0,1.0
98,560171774,222.75086784176534,139.31509195472754,0.7381577588703786,481,True,False,False,40.30430111826887,0.14287685813127704,24.032521217936363,0.02810092400501546,0.5262917084945204,0.030143447104641636,0.152136594226155,0.0,1.564025842526462e-05,0.030142879113554955,0.00018504619947634637,0.33471933471933474,0.2494802494802495,0.0,0.5247609250309437,0.2674961833655834,-0.049701184034347534,0.893970893970894,0.0038644684550672103,0.01460227880403652,7.802229756367907e-09,0.0015346315153230313,1.0,0.058212058212058215,1.0,0.07692307692307693,0.0,1.0
99,1425889133,202.65259639803853,123.02372381853775,0.6992887257950071,485,True,False,False,26.73004588517276,0.1391722818983431,10.828096851704906,0.02597146047232922,0.5044980415385724,0.026307930254866586,0.13723569203921782,0.0,1.964569128176663e-05,0.02630777284502983,-9.100675379158929e-05,0.37731958762886597,0.177319587628866,0.0,0.5334177710630177,0.27874852776527403,-0.04860610514879227,0.911340206185567,0.007053332082767261,0.01632634671958626,7.802229755500545e-09,0.0014418324243196017,1.0,0.0577319587628866,1.0,0.18144329896907216,0.0,1.0
100,2122019934,55.19120220560572,-282.1048124518262,3.172960146574319,1000,False,False,False,60.76552407743514,0.2280701604295302,35.958594376977054,0.12494613492777963,0.29305376259860627,0.13086037295496902,0.08888988554551477,0.0137208816003606,0.007996750064194202,0.13083676993846893,-0.002485325327143073,0.611,0.0,0.0,0.5076227186713368,0.4325754906982183,-0.044820114970207214,0.883,0.012988100097295712,0.019705190034423517,0.003234216688900584,0.003172960146574322,1.0,0.118,1.0,0.592,1.0,0.0
101,2067582123,185.108418757096,78.49684135480332,0.9423157740229259,619,True,False,False,31.848017229386706,0.15675757578780075,14.176233537039646,0.08303495445294098,0.4440373558842572,0.09027621893296275,0.11842935695555508,0.0,0.0002460479736328125,0.09026603400707245,0.0013560270890593529,0.4168012924071082,0.17609046849757673,0.0,0.5323963529567245,0.2424750867486,-0.04742014408111572,0.9208400646203554,0.010708439405674388,0.01929905573735663,2.6007432509661532e-09,0.0015223195056913185,1.0,0.048465266558966075,1.0,0.2924071082390953,0.0,1.0
102,1591649070,194.72223159829173,69.47498748810602,1.0976724411018575,774,True,False,False,36.97303021446837,0.19492884149079812,15.480982959696686,0.009979008855892962,0.3944877628923717,0.009985048380475666,0.16282426386888071,0.0,0.005497169680893421,0.00993051566183567,0.0010421371553093195,0.437984496124031,0.28811369509043927,0.0,0.5473812514788516,0.30346169635653497,-0.04956722632050514,0.9573643410852714,0.004956935690236425,0.030102165416918392,5.20148650366703e-09,0.00141818144845201,1.0,0.03229974160206718,1.0,0.2157622739018088,0.0,1.0
103,604745017,216.06503648944204,130.31400605768437,0.7603103043175764,486,True,False,False,34.28875512366795,0.18424774925656548,13.879106562814103,0.013221867284378528,0.45429550676705815,0.013226362899493332,0.15714005926265104,0.0,0.006297206971794367,0.013204383663833141,0.000762186071369797,0.3991769547325103,0.29218106995884774,0.0,0.5455722488202308,0.29541807278990745,-0.0495588593184948,0.9176954732510288,0.004784701143277798,0.02207880761462653,1.0402973008201422e-08,0.0015644244944806093,1.0,0.053497942386831275,1.0,0.19753086419753085,0.0,1.0
104,532366249,177.63253141744056,67.35199775735362,0.9772053366008696,628,True,False,False,24.559126275585186,0.17187212649138522,5.375543840242808,0.0015733986398920043,0.3691430036697787,0.001600269761699839,0.11077204066894464,0.0,2.2220610844669864e-05,0.0015935897827148438,0.0001460647617932409,0.5207006369426752,0.3232484076433121,0.0,0.5396291340811024,0.2552036072313786,-0.04914870485663414,0.9331210191082803,0.005641982190887174,0.014034522522753598,5.20148650366703e-09,0.0015560594531860987,1.0,0.04777070063694268,1.0,0.37420382165605093,0.0,1.0
105,320993646,200.21470004059387,105.12966262578209,0.8412503741481171,548,True,False,False,32.16539320660109,0.1457168692852858,15.601818066879146,0.048031925899384945,0.4849799978049109,0.048059485893972194,0.13121289019867402,0.0,0.00017986298189498484,0.04805946350097656,4.639387043425813e-05,0.28832116788321166,0.15693430656934307,0.0,0.5241772072172187,0.18776285311207175,-0.04816373810172081,0.9014598540145985,0.008295469166254673,0.01655242942173636,7.802229756367907e-09,0.0015351284199783145,1.0,0.06386861313868614,1.0,0.08759124087591241,0.0,1.0
106,108442288,191.26566440593453,74.44523554495686,1.0298042886097776,692,True,False,False,32.35971684245099,0.18249701594924556,12.111923275146648,0.13221524346842217,0.44947013301130895,0.13408243951770782,0.14872042430003707,0.0,0.009425163269042969,0.13404378294944763,0.00321944709867239,0.40173410404624277,0.0,0.0,0.5265871577174807,0.1640242865681648,-0.051499176770448685,0.9234104046242775,0.0018776379622689014,0.033480421305610936,1.3003716260251777e-08,0.0014881564864303134,1.0,0.05346820809248555,1.0,0.3265895953757225,0.0,0.0
107,1663943033,217.00440934542556,125.14381373754875,0.8110059560787686,538,True,False,False,39.616227929424625,0.1662848147508259,20.996715881126253,0.039870237759398915,0.48889571175361723,0.043895085390349455,0.1441893661202434,0.0,0.00023679733567405492,0.04388589784502983,0.0008980488637462258,0.35315985130111527,0.2174721189591078,0.0,0.526078922989117,0.2270355588197708,-0.048449188470840454,0.8977695167286245,0.00802623697387541,0.019562726665198715,7.802229756367907e-09,0.0015074460150162991,1.0,0.05947955390334572,1.0,0.09293680297397769,0.0,1.0
108,1318116718,93.03374276686218,-562.8729083208627,6.359066510877265,1000,False,False,False,33.417025206517664,0.1804553097452595,13.371580574486462,0.1927566856423211,0.4300580768263978,0.22788554318042434,0.11357743817233741,0.013134052417587725,0.00940084457397461,0.22739000618457794,-0.015020182356238365,0.107,0.0,0.0,0.32345888819533863,0.1229071357101202,-0.054971445351839066,0.568,0.0037293913771361564,0.026007229926977345,0.006647891814235217,0.006359066510877253,0.0,0.274,1.0,0.53,1.0,0.0
109,821091633,222.1141984785441,124.19484246382717,0.8939935601471698,426,True,False,False,39.723769549755126,0.16930125222700668,20.821289728080195,0.07671061496932549,0.5340595595021971,0.07673779488894233,0.17731552059354108,0.0,0.006550312042236328,0.07673768699169159,0.0001286840415559709,0.3028169014084507,0.16901408450704225,0.0,0.5388767560036687,0.1642622761335224,-0.04749894142150879,0.9061032863849765,0.009953487202059404,0.025564660796751675,7.802229756367907e-09,0.0020985764322703523,1.0,0.07981220657276995,1.0,0.12441314553990611,0.0,1.0
110,1164182530,185.53666197708804,73.77821211245643,1.0001844986463162,587,True,False,False,26.003310776106527,0.18762314601050556,5.246477546392469,0.04029285980900886,0.4031935572054342,0.0416765511483487,0.12091097629312159,0.0,0.004687023349106312,0.04166574403643608,0.0009490466327406466,0.42759795570698467,0.3185689948892675,0.0,0.5387976121155821,0.24274442047812045,-0.050056539475917816,0.9318568994889267,0.0031931815116842343,0.018337787404258954,0.0,0.0017038918205218342,1.0,0.05110732538330494,1.0,0.33560477001703576,0.0,1.0
111,628265277,189.42971866494045,115.37318039493816,0.648165382700024,462,True,False,False,21.028489510336268,0.13297631419777528,5.7501107132513445,0.08710349295718955,0.500496611722852,0.0871308677901226,0.14721077997773027,0.0,0.002629184629768133,0.08712339401245117,0.0011412000749260187,0.33116883116883117,0.10822510822510822,0.0,0.5457877446816694,0.2766302016377449,-0.04745540767908096,0.9199134199134199,0.010530367815579486,0.015439418816876107,7.802229756367907e-09,0.0014029553738095734,1.0,0.06060606060606061,1.0,0.13852813852813853,0.0,1.0
112,691927298,221.84773526859956,77.53496006489826,1.3229277520370102,601,True,False,False,34.64124548873,0.18829627743109034,13.816379664017742,0.0006956156342592076,0.5347488428193042,0.005360010012862442,0.1958789144141037,0.0,0.0002556800900492817,0.005338191986083984,0.0004831290279980749,0.23960066555740434,0.1713810316139767,0.0,0.5209713603308681,0.1219310225173831,-0.04935431107878685,0.9267886855241264,0.005237919991185801,0.038950369180360954,0.0,0.0022012109018918658,1.0,0.064891846921797,1.0,0.05490848585690516,0.0,1.0
113,2053975493,12.868670851969949,-232.31225859048504,2.2518092944245525,1000,False,False,False,25.20163110847809,0.18022634094967918,5.179083356005017,0.3183124477189518,0.6096317867084781,0.39516740068980877,0.15569701368914118,0.03384493387725004,0.013823604211211205,0.3893509805202484,-0.06755063682794571,0.0,0.0,0.5090821208432317,0.5516430810061284,0.549625213239342,0.018164241686463356,0.988,0.006799940367350302,0.034512316819618055,0.0013459753338467013,0.002251809294424552,0.0,0.0,0.0,0.254,1.0,0.0
114,1576210418,202.66759997489865,71.4214447948477,1.164061551800511,742,True,False,False,68.11206172840934,0.20908922613508438,45.20429348318743,0.026173727550421605,0.2954539013865571,0.0348026895759657,0.13340645640119975,0.0,0.00015916823758743703,0.03478365018963814,0.0011510348413139582,0.5822102425876011,0.37331536388140163,0.0,0.5547500735825315,0.19875011458992958,-0.04870792105793953,0.954177897574124,0.007493886286316594,0.027373796517928782,0.0,0.0015688161075478578,1.0,0.04582210242587601,1.0,0.238544474393531,0.0,1.0
115,1189256947,211.15992971775123,124.77816284671157,0.7610176687103961,514,True,False,False,32.121371184153084,0.17449613745233425,12.683173598181584,0.08549530647373672,0.48746579529647777,0.08552334466453224,0.16312756952651786,0.0,0.0066925049759447575,0.08550567924976349,0.0017381883226335049,0.3735408560311284,0.15369649805447472,0.0,0.5360950881638836,0.24077673368155955,-0.05078371241688728,0.9105058365758755,0.0007671894320748276,0.029362541508742512,2.6007432520503554e-09,0.001480579122004662,1.0,0.058365758754863814,1.0,0.2178988326848249,0.0,1.0
116,1892270804,201.88494308521038,109.43720162615267,0.811877414590577,563,True,False,False,37.6701382804681,0.15858197218140482,19.81891767406194,0.0662300334656627,0.5042622520169909,0.06755094006738195,0.1368236410602113,0.0,0.0063187601044774055,0.06754770129919052,0.0006614780286327004,0.34458259325044405,0.19182948490230906,0.0,0.5412307777624001,0.28198583513498304,-0.047842107713222504,0.9538188277087034,0.009402971623256783,0.01884623075641978,2.6007432527008767e-09,0.0014420557985623044,1.0,0.047957371225577264,1.0,0.14209591474245115,0.0,1.0
117,1513690440,196.6950057843702,103.33822289974596,0.8263678288462413,536,True,False,False,31.07725491701798,0.14855791874672744,14.230614584824615,0.09346491327544167,0.49432237952491537,0.09348936727407424,0.14835135732494653,0.0,0.005378150846809149,0.09348936378955841,-2.5525092496536672e-05,0.26119402985074625,0.08768656716417911,0.0,0.5437778929255402,0.18227184522897005,-0.047038573771715164,0.9347014925373134,0.010935198209818928,0.02639873970035046,5.201486505401753e-09,0.0015417310239668664,1.0,0.06529850746268656,1.0,0.08955223880597014,0.0,1.0
118,1824683614,194.892633497133,100.29172599102867,0.8174090750610418,643,True,False,False,26.70403160254686,0.15181944331836383,9.525209466414973,0.09476395180944706,0.536029533512206,0.09476518851614203,0.16268736489061314,0.0,0.008061885833740234,0.09475831687450409,0.0011412000749260187,0.27838258164852253,0.08398133748055987,0.0,0.5327208858533019,0.2978167928755283,-0.04725603386759758,0.9346811819595645,0.010977741167935644,0.03113816561094947,1.3003716260034937e-08,0.001271242729488402,1.0,0.04043545878693624,1.0,0.1166407465007776,0.0,1.0
119,2047160467,180.51932306215159,56.08630170534863,1.0985302135680306,729,True,False,False,54.83378021898894,0.19897042053121364,32.93805365376618,0.03440966171289779,0.27838367519825136,0.04198310304961802,0.104031550980941,0.0,0.00012903213792014867,0.041965484619140625,0.0012161588529124856,0.6515775034293553,0.5569272976680384,0.0,0.5598376243182334,0.27354782104492187,-0.04856394603848457,0.9643347050754458,0.007904699690407333,0.01579398352541266,7.802229756367907e-09,0.0015069001557860492,1.0,0.037037037037037035,1.0,0.4787379972565158,0.0,1.0
120,1858857521,192.8083635195158,89.17549384303933,0.9089286967647653,637,True,False,False,39.537983154931744,0.1369292568298442,23.848373734862154,0.0904202012660414,0.4587838726401686,0.10550634568948168,0.1194706135184833,0.0,0.00014410019502975047,0.10549573600292206,0.0014962172135710716,0.45839874411302983,0.11773940345368916,0.0,0.5297897445371307,0.2289923594146967,-0.04704441502690315,0.9136577708006279,0.011599422834901016,0.018849911073666077,0.0,0.001426889633853634,1.0,0.04866562009419152,1.0,0.3202511773940345,0.0,0.0
121,1998266415,200.87969583719968,80.24049527451092,1.0683920056268879,690,True,False,False,68.94247131249175,0.20554307969491098,46.390110111310214,0.017239749205601933,0.282810083547324,0.038365103636412136,0.10958383482624807,0.0,5.035400317865424e-05,0.03834972530603409,0.0010861611226573586,0.5971014492753624,0.463768115942029,0.0,0.5564408189792563,0.2269618421792984,-0.04861496761441231,0.9550724637681159,0.00770110375585119,0.017424798033739346,1.0402973008201422e-08,0.0015483942110534603,1.0,0.0463768115942029,1.0,0.35507246376811596,0.0,1.0
122,855061123,23.82681167982534,-166.99115350423037,1.7081796518405585,1000,False,False,False,40.582440673614954,0.2017274195548214,18.409785060627634,0.1624268088493724,0.4403688799018528,0.1624268088493724,0.12894011380057566,0.026203483660029277,0.012736797332763672,0.14108523726463318,0.08048244565725327,0.447,0.0,0.5743445530533791,0.5595345023982227,0.547944456525147,0.14868910610675812,0.999,0.012644439184344028,0.026882901959779045,0.0013232295584573485,0.0017081796518405585,0.0,0.0,0.0,0.369,1.0,0.0
123,666881269,219.20648781857892,126.6222353074892,0.8178425251108984,540,True,False,False,41.82912740319322,0.14325830751909965,25.512087586474333,0.03769662129204561,0.5049212540813233,0.0377050248545091,0.14938646693089422,0.0,0.0022287368774414062,0.037701986730098724,-0.00047863961663097143,0.3888888888888889,0.17962962962962964,0.0,0.5255453959167493,0.21554685299255652,-0.04827563092112541,0.8944444444444445,0.007718559294373006,0.017009830488915016,0.0,0.0015145231946498106,1.0,0.05925925925925926,1.0,0.14074074074074075,0.0,1.0
124,1841569995,205.71417455836195,126.34552033699181,0.6950865422137014,493,True,False,False,27.134126950721775,0.13626357476509746,11.521868234684508,0.0003573339386053027,0.4944189640426911,0.0021216888792060917,0.14670326614914717,0.0,0.00021867752366233617,0.0019887923263013363,-0.0007390999817289412,0.3103448275862069,0.17849898580121704,0.0,0.5261804459353958,0.21812151852995157,-0.04900875687599182,0.9046653144016227,0.005475405235780434,0.013557351533932107,2.6007432527008767e-09,0.0014099118503320518,1.0,0.06896551724137931,1.0,0.06896551724137931,0.0,1.0
125,790141216,181.59442266878045,-3.3093081618967233,1.6766373083067712,862,True,False,False,28.187353781892543,0.17374614428856122,8.813084948265756,0.0634828168841537,0.48821081311325837,0.0635095200256584,0.14338103133882452,0.0,0.01005849801003933,0.06350946426391602,8.415937190875411e-05,0.18793503480278423,0.1148491879350348,0.0,0.4939133593789423,0.22373533714562654,-0.04781211540102959,0.8955916473317865,0.009186719821850445,0.043846851219394384,5.20148650366703e-09,0.0019450548820264162,1.0,0.03596287703016241,1.0,0.3642691415313225,0.0,1.0
126,1554612623,168.95768802605457,68.9213019624043,0.8819638606365027,592,True,False,False,15.266417783665577,0.15702375527173476,-2.43074501390712,0.015428134469867691,0.37148166474651284,0.015492898938167547,0.11475891801645255,0.0,2.9659271604032256e-05,0.015468883328139782,-0.0008623027824796736,0.4983108108108108,0.38175675675675674,0.0,0.5403911171753764,0.188777223136276,-0.04921592026948929,0.9324324324324325,0.004725428254006584,0.011392164299923575,0.0,0.0014898038186427409,1.0,0.060810810810810814,1.0,0.30743243243243246,0.0,1.0
127,722591304,167.94618142698886,35.50568428218561,1.1752049714480333,746,True,False,False,44.0246201782946,0.18875036360786684,23.150692699078014,0.01633011550240017,0.27474592434857037,0.03415676014814264,0.09876891949417976,0.0,0.0032930374145507812,0.03415660932660103,0.00010150432353839278,0.6206434316353887,0.467828418230563,0.0,0.5553041977324741,0.25015938420780004,-0.04974297434091568,0.9624664879356568,0.003645693282520591,0.016948188597676613,2.600743251833515e-09,0.001575341784782885,1.0,0.0388739946380697,1.0,0.4624664879356568,0.0,1.0
128,522677125,207.80733619290405,102.84992888915478,0.9177740730374926,659,True,False,False,42.18475366050704,0.13673933289531495,26.513478788770954,0.017201652069053407,0.4692772309130677,0.0177221192608627,0.12494049346323749,0.0,0.0032189369667321444,0.01771373674273491,-0.0005450153257697821,0.456752655538695,0.13201820940819423,0.0,0.5188546576000163,0.2527974707446992,-0.04867768660187721,0.9150227617602428,0.006580999397421366,0.01135845730021031,0.0,0.0013926768938353454,1.0,0.04704097116843703,1.0,0.291350531107739,0.0,1.0
129,1278831500,32.392819689074535,-190.00713902168343,2.0239995871075815,1000,False,False,False,62.814250199378954,0.23288907174269155,37.52542936760453,0.14963258395119153,0.38312987701248985,0.14989133759375892,0.11119130763042584,0.024850139093295226,0.012874603271484375,0.14634008705615997,0.03243442624807358,0.249,0.0,0.5314257442951202,0.5665814167712815,0.5586316773295402,0.06285148859024048,1.0,0.0038936647239074113,0.02546435990862904,0.00119811820357517,0.0020239995871075816,0.0,0.0,0.0,0.493,1.0,0.0
130,1144861349,241.5802315367387,158.32011498618976,0.7466011655054878,430,True,False,False,70.55512871445858,0.21175693404661428,47.405991371717306,0.06862656730430947,0.42924313218351073,0.06865145753462353,0.16363151844088955,0.0,0.006021976470947266,0.06865129619836807,-0.00014883518451824784,0.29767441860465116,0.17674418604651163,0.0,0.5701244793095908,0.2798410615697503,-0.04763692617416382,0.9395348837209302,0.009492031475179314,0.024954156635773116,5.201486505401753e-09,0.0017362817802453227,1.0,0.06279069767441861,1.0,0.08837209302325581,0.0,1.0
131,1491593176,183.49602952427242,88.50694285526096,0.8430908666901132,534,True,False,False,19.282357088393926,0.15358953739259168,1.9327407049958107,0.0005661363487174953,0.41088946702900947,0.0006147159789484733,0.12396061370651541,0.0,7.200241088867188e-05,0.0004938125493936241,-0.00036609411472454667,0.44756554307116103,0.17790262172284643,0.0,0.5426597794376606,0.29072586823254826,-0.04906824976205826,0.9288389513108615,0.005544640922264364,0.010010568636128803,7.802229755500545e-09,0.0015788218477342949,1.0,0.05056179775280899,1.0,0.2940074906367041,0.0,1.0
132,557018988,201.23273844942452,96.90633250077775,0.911864059486469,657,True,False,False,36.25645844047067,0.18608032570225197,15.651138264690347,0.03653142186425564,0.43079158333844614,0.03655936612053623,0.16171855881442637,0.0,0.009930610656738281,0.03654975816607475,0.0008381104562431574,0.3378995433789954,0.1628614916286149,0.0,0.543857881456296,0.2450958275794983,-0.04995453730225563,0.9497716894977168,0.003480854599184926,0.03568548432133598,5.201486504100711e-09,0.0013879209429017777,1.0,0.045662100456621,1.0,0.1050228310502283,0.0,1.0
133,640140407,191.4874203862155,92.2350432532762,0.8731237713293946,597,True,False,False,31.77037752621127,0.1492717930536429,14.848155474830095,0.07352994683885765,0.45945032764474414,0.07355501780842172,0.13102352668087078,0.0,0.0031585693359375,0.07355441898107529,0.0002968049084302038,0.4187604690117253,0.16080402010050251,0.0,0.5353568969052628,0.3024217793345451,-0.0476146936416626,0.9246231155778895,0.009763269490791706,0.016981471650346084,5.201486505401753e-09,0.001462518879948735,1.0,0.04355108877721943,1.0,0.2948073701842546,0.0,1.0
134,1968042066,253.9181760624983,170.88091953830724,0.7491725652419108,406,True,False,False,77.10727815260248,0.2479145410342889,50.34962422833201,0.1503582622738153,0.5050772172454098,0.1503758270307773,0.1868160496492819,0.0,0.010916423983871937,0.1503157615661621,0.004249844700098038,0.19458128078817735,0.0,0.0,0.5544464898782007,0.15252064937725662,-0.04632725566625595,0.9088669950738916,0.014198549725000386,0.03460609769528216,1.0402973009068783e-08,0.0018452526237485482,1.0,0.09359605911330049,1.0,0.09359605911330049,0.0,0.0
135,165207007,160.3251720305766,-8.653723695060336,1.505388957256368,922,True,False,False,30.469151635330498,0.13490011199099253,14.979329530956546,0.1031844645327502,0.45906662487273053,0.1032118303455326,0.12810554716608533,0.0,0.007548809051513672,0.10320930182933807,0.000722453580237925,0.3926247288503254,0.0,0.0,0.5259522764659194,0.19245169768109918,-0.046941474080085754,0.9327548806941431,0.01148494851991964,0.023117992641106647,2.6007432509661532e-09,0.0016327429037487728,1.0,0.04338394793926247,1.0,0.2917570498915401,0.0,0.0
136,690747577,-5.97933616535742,-246.71712188618523,2.207377857208275,1000,False,False,False,32.381400139958735,0.1763656680220146,12.744919680252128,0.22698494554690246,0.42633368265426114,0.22698494554690246,0.09989123286586524,0.04623797558117401,0.009588909335434437,0.22697249054908752,-0.002377822296693921,0.0,0.0,0.5327887572348118,0.5587781664496287,0.5238656208850443,0.06557751446962357,0.991,0.0076330858673950225,0.025569507860049297,0.014999695029886309,0.002207377857208277,0.0,0.0,0.0,0.504,1.0,0.0
137,209569456,27.830325728049356,-133.10123667936955,1.4093156240741913,1000,False,False,False,35.478173737444195,0.17929840746645498,15.548419333293465,0.022506103568543066,0.26068658147618234,0.02259379658219256,0.08742324793078565,7.202069258204454e-07,1.8787384760798886e-05,0.022580433636903763,0.0007769560907036066,0.651,0.518,0.0,0.5571130923251622,0.4455791339278221,-0.04888097941875458,0.985,0.006808810852397165,0.015595327547342904,1.894641459104264e-06,0.00140931562407419,1.0,0.014,1.0,0.563,1.0,1.0
138,1589154634,211.27107239589088,114.75739149793385,0.8549368089795715,551,True,False,False,50.4316322295065,0.1907934472645194,29.360158363621778,0.015493588032107273,0.3769564996311646,0.015716370042137013,0.12694412425180043,0.0,5.14984139954322e-06,0.015682315453886986,0.001034054788760841,0.4101633393829401,0.2849364791288566,0.0,0.5555056977050274,0.2638009826093912,-0.049081262201070786,0.9509981851179673,0.0064060350453268265,0.0176714062369419,7.802229755500545e-09,0.001551609453683432,1.0,0.04900181488203267,1.0,0.2813067150635209,0.0,1.0
139,155525746,236.64832501970227,157.77840997361417,0.697099150460882,458,True,False,False,54.657731644473195,0.20261065458611308,32.41670855798521,0.0648244726061281,0.47687737853637097,0.0648534573294877,0.18171173457464898,0.0,0.009486675262451172,0.0648355484008789,0.0015240049688145518,0.3034934497816594,0.16812227074235808,0.0,0.5562841558674407,0.28398684576153754,-0.05050383508205414,0.9432314410480349,0.0018961207943752692,0.032393779578120445,5.201486504100711e-09,0.0015220505468578201,1.0,0.05895196506550218,1.0,0.10043668122270742,0.0,1.0
140,640181559,206.6351741856954,37.807034979156015,1.5196813920653924,843,True,False,False,32.276984939156414,0.14231665706497473,16.045737543424334,0.01271602413024631,0.5400085281330846,0.012743464769621082,0.15803144256638837,0.0,0.008593177422881126,0.012686538510024548,0.0012031770311295986,0.15183867141162516,0.1055753262158956,0.0,0.4681460198155419,0.01001237852848135,-0.04917994514107704,0.8540925266903915,0.006229213762550338,0.04361456644799731,2.600743251833515e-09,0.0018027062776576428,1.0,0.060498220640569395,1.0,0.2514827995255042,0.0,1.0
141,643961845,203.10043532075355,94.75611759661368,0.9674431772413987,580,True,False,False,28.2329464129892,0.1968816628585831,6.550661014505154,0.4192793870071371,0.7902746413252713,0.43357656064816535,0.2577595586264416,0.0,0.015605258755385876,0.4213084280490875,-0.10241016745567322,0.0,0.0,0.0,0.532333954630805,0.18234086528420448,-0.022330498322844505,0.9224137931034483,0.00809833282775076,0.05340113793797323,3.9011148773165916e-09,0.0016680054780024117,1.0,0.05517241379310345,1.0,0.10344827586206896,0.0,0.0
142,292682900,186.0261704960838,92.83939433859055,0.8208677615749335,555,True,False,False,37.26069919514042,0.13571113820249814,21.69714609214673,0.09954418710589538,0.3947876834675941,0.09957394594800174,0.12477059318547651,0.0,0.0020915984641760588,0.09957170486450195,0.0006680584046989679,0.4918918918918919,0.05945945945945946,0.0,0.5502647666008891,0.1511733753979206,-0.04702712595462799,0.9333333333333333,0.011272812394709644,0.014295900157234412,2.6007432527008767e-09,0.0014790410118467265,1.0,0.06846846846846846,1.0,0.23963963963963963,0.0,1.0
143,1182809439,8.990347348852056,-184.00252310403957,1.7299287045289171,1000,False,False,False,21.96634526595155,0.16376285284038988,3.59014632440744,0.1542143662421191,0.46350472243829444,0.16808341681037278,0.133026583644026,0.01190735155754377,0.01051111239939928,0.16796159744262695,0.006398186553269625,0.394,0.0,0.5705906599760056,0.5550803678459488,0.5473717447370291,0.1411813199520111,0.991,0.010172571212867203,0.027429315804675284,0.0008158980209830666,0.0017299287045289173,0.0,0.0,0.0,0.398,1.0,0.0
144,228694801,224.10833106385533,134.61617147066892,0.7981215959318646,484,True,False,False,44.34236496257933,0.19652834061168295,22.704964392690176,0.01352872745542384,0.43003911926770394,0.0135350145836086,0.16473359767622392,0.0,0.008148002438247204,0.013529491610825062,-0.0003866219485644251,0.4152892561983471,0.22107438016528927,0.0,0.5545181259070331,0.2658941391482949,-0.048796989023685455,0.9421487603305785,0.006337645250585619,0.026364778412935577,0.0,0.0016490115618426962,1.0,0.05785123966942149,1.0,0.17768595041322313,0.0,1.0
145,1978272775,230.71943456158053,139.60715134872459,0.8077228321285571,517,True,False,False,64.92029432127408,0.20428952798152974,42.50241861103686,0.07846259549444706,0.38750641707771655,0.07870180092149064,0.16617934016822963,0.0,0.00910940207540989,0.07870177924633026,5.841016900376417e-05,0.425531914893617,0.172147001934236,0.0,0.5621182399601955,0.2876596714556217,-0.050303686410188675,0.9497098646034816,0.0012156241314974935,0.03226222276470068,5.201486504100711e-09,0.0015623265611770937,1.0,0.05222437137330754,1.0,0.172147001934236,0.0,1.0
146,397925997,218.3034162478521,137.02181598171535,0.720416002661367,462,True,False,False,33.17061368044238,0.15421121346384212,15.768744956750727,0.004378009044644297,0.5174599432059964,0.004404894001431601,0.15807665855608583,0.0,0.0023662566673010588,0.004343223758041859,0.0007345056510530412,0.3484848484848485,0.22077922077922077,0.0,0.5201716581601408,0.16517544139176607,-0.049233578145504,0.8809523809523809,0.005774129856637723,0.01345574971227849,2.600743251833515e-09,0.0015593419971025265,1.0,0.08008658008658008,1.0,0.07142857142857142,0.0,1.0
147,1411496010,242.62603790806605,153.5278281187413,0.7973820978932478,468,True,False,False,64.497285050848,0.22545600268545077,39.96981074439184,0.04563510258239511,0.4490618049396966,0.04566228195484389,0.17462619399731724,0.0,0.009039211086928844,0.04565868526697159,0.0005731082055717707,0.30982905982905984,0.17094017094017094,0.0,0.5539347756928645,0.20892566239461302,-0.048336211591959,0.9316239316239316,0.008139443426521419,0.03321328494846189,0.0,0.0017038079014812986,1.0,0.07051282051282051,1.0,0.07051282051282051,0.0,1.0
148,2040253396,163.46571295764295,22.737417621491147,1.2410829533615169,831,True,False,False,31.385193948985048,0.1612580518479395,13.259860693235325,0.007365217875361338,0.3244588550702157,0.009417105000177211,0.10857520145538613,0.0,7.123946852516383e-05,0.009346390143036842,0.0011518931714817882,0.6125150421179302,0.4332129963898917,0.0,0.5388203427334519,0.22652315758168698,-0.04923393577337265,0.9398315282791817,0.0060413861343312555,0.019302818807522704,0.0,0.001493481291650443,1.0,0.03850782190132371,1.0,0.35018050541516244,0.0,1.0
149,1288742939,235.4115224521607,147.48831198121383,0.7814321047094698,489,True,False,False,61.84264752218287,0.21093485487914548,38.76383913091013,0.08794468480861523,0.4429924199398073,0.08797224181555041,0.16619281484438733,0.0,0.00943765603005886,0.08796510845422745,0.0011202788446098566,0.3292433537832311,0.09611451942740286,0.0,0.5477372752178788,0.16112940594553948,-0.05065600946545601,0.9263803680981595,0.0006657842583010392,0.03162014937313555,0.0,0.0015980206640275462,1.0,0.07566462167689161,1.0,0.08384458077709611,0.0,1.0
150,655244913,38.388044356368766,-183.33051539208617,2.017185597484545,1000,False,False,False,61.30433380756855,0.23161770309896879,36.14264984016657,0.15734121934544545,0.3790774285119081,0.1820440415581951,0.11153895142267001,0.004736052292964462,0.012043190188705921,0.1820104569196701,-0.0034966610837727785,0.297,0.0,0.5339327864348888,0.5657357660960406,0.5377836728841067,0.06786557286977768,1.0,0.010959359114630291,0.0251563920142596,0.0009529383349764966,0.002017185597484547,0.0,0.0,0.0,0.374,1.0,0.0
151,882362124,198.49774815756817,116.61402872532943,0.7180371943223872,504,True,False,False,29.06312799398236,0.17056100225350446,10.019650928220592,0.038752128343986045,0.4353049700672945,0.038779678106140754,0.1386691651566387,0.0,0.0037287711165845394,0.0387604720890522,0.0012203431688249111,0.39880952380952384,0.22420634920634921,0.0,0.5470256025067693,0.2400221408903599,-0.05007878318428993,0.9365079365079365,0.003341590324618103,0.023185066356548836,2.600743251833515e-09,0.0014246769728618817,1.0,0.05952380952380952,1.0,0.15674603174603174,0.0,1.0
152,58072078,154.62809567307124,2.5601877449901025,1.339079079280811,908,True,False,False,31.120523955788716,0.17393031540366452,11.727710079464474,0.03818658471395029,0.3600796267492409,0.09397388777623912,0.12531046846912983,0.0,7.390975952148438e-05,0.09396562725305557,0.0012459850404411554,0.5715859030837004,0.42180616740088106,0.0,0.5419430226884528,0.27158166624605656,-0.04729943349957466,0.9515418502202643,0.010928384262498609,0.02874012715649715,7.802229756367907e-09,0.0014747566952431842,1.0,0.02973568281938326,1.0,0.33590308370044053,0.0,1.0
153,1413155358,228.34053561743352,152.78415885456513,0.6703637676286833,426,True,False,False,41.89562376793715,0.19596035213145357,20.327233955817547,0.1289000801141231,0.5359878182023751,0.1289190663287126,0.1948156343813201,0.0,0.009530830197036266,0.1289016753435135,0.0021174883004277945,0.23708920187793428,0.0,0.0,0.5396122814860073,0.17083415627479553,-0.051199816167354584,0.9061032863849765,0.001550487867852732,0.0351779502198915,2.6007432520503554e-09,0.0015736238676729644,1.0,0.08685446009389672,1.0,0.08450704225352113,0.0,0.0
154,1597085888,187.46512286094944,72.54352839605505,1.0158159446489434,667,True,False,False,33.604991240043766,0.1671316567807407,14.894278602885976,0.02837949461917241,0.36660893050025406,0.041291792132642904,0.11947580288663157,0.0,0.0044877054169774055,0.04127969592809677,0.0009994006250053644,0.5172413793103449,0.4047976011994003,0.0,0.5336481154934019,0.18081652050837874,-0.05006297677755356,0.9190404797601199,0.0032122407335138333,0.018449354413861304,1.0402973008201422e-08,0.0015229624357555387,1.0,0.05247376311844078,1.0,0.3523238380809595,0.0,1.0
155,1660791654,166.1976178466807,-28.348856652323605,1.7902647449900417,776,True,False,False,27.577328619347593,0.1702178701943428,8.556361840024753,0.11569503529305887,0.40949744005736416,0.11573470937303919,0.12596959437731026,0.0,0.007843208499252796,0.11573457717895508,0.000174925327883102,0.5837628865979382,0.0,0.0,0.5229462777167203,0.18252224797382952,-0.04648515582084656,0.913659793814433,0.01223494695782532,0.021363003603171848,5.201486505401753e-09,0.0023070421971521176,1.0,0.07603092783505154,1.0,0.41365979381443296,0.0,0.0
156,547013947,15.58806008888646,-240.17315944772275,2.3576121953660905,1000,False,False,False,49.31126566324623,0.21639900907835152,25.671451097905972,0.1555185849952056,0.4076679522009763,0.19772732938062615,0.126055957851113,0.0877873486646478,0.013007926754653454,0.19765958189964294,0.0051755644381046295,0.384,0.0,0.5435758717358112,0.5567685009773122,0.5365681084990501,0.08715174347162247,0.988,0.039552894002828555,0.02826037591504881,0.00045069320111737476,0.0023576121953660903,0.0,0.011,1.0,0.413,1.0,0.0
157,601119905,191.8843573861523,98.09979661926342,0.8262456076688882,558,True,False,False,23.19673953079474,0.12834605773594826,8.369469913592924,0.0011670337029085352,0.4564671987027436,0.0016003032115990763,0.13817892742270024,0.0,8.821487426757812e-05,0.0010985374683514237,0.0011636948911473155,0.33154121863799285,0.22939068100358423,0.0,0.5272146226653802,0.12487191650550812,-0.04943554103374481,0.9193548387096774,0.0054495759541728925,0.022243747097122644,2.6007432527008767e-09,0.001480726895463958,1.0,0.07168458781362007,1.0,0.08422939068100359,0.0,1.0
158,183930468,222.50565710018566,116.66500086289867,0.9422065623728698,581,True,False,False,33.08541927202063,0.17395179637126354,13.696061713394812,0.05224196198771135,0.533881853000759,0.05224339266864734,0.19494713991858523,0.0,0.010430526919662952,0.05224265903234482,-0.0002768659614957869,0.23924268502581755,0.14629948364888123,0.0,0.5072231101251962,0.1582816952234134,-0.047996003180742264,0.8812392426850258,0.008547267276243949,0.03280116706854721,5.20148650366703e-09,0.0016216980419498626,1.0,0.07401032702237521,1.0,0.06368330464716007,0.0,1.0
159,76580041,31.77432668693368,-135.30816397806657,1.4708249066500025,1000,False,False,False,37.950629188910774,0.1986268110813743,16.088034423268038,0.012834890991621668,0.34051802932086067,0.04402097833606862,0.12916212285667353,0.013399219789288168,0.00015926361083984375,0.021408939734101295,0.038464318960905075,0.535,0.413,0.551148321479559,0.5601109095253051,0.5424760949984193,0.10229664295911789,0.99,0.00410967173035515,0.026483074246373407,0.0011375247869177367,0.0014708249066500035,0.0,0.0,0.0,0.325,1.0,0.0
160,1210587287,152.12397535374632,0.9022046189837454,1.3326177073476237,898,True,False,False,64.19723925716308,0.156107992310389,46.58668070320994,0.036833847615882084,0.24030605663925145,0.07410193792892297,0.09129929232558949,0.0,8.344650268554688e-05,0.07409324496984482,0.0011350130662322044,0.7171492204899778,0.43318485523385303,0.0,0.5566253053919694,0.21841248950222508,-0.04778497293591499,0.965478841870824,0.009769433902484831,0.014014460339287332,1.040297300733406e-08,0.0014839840839060401,1.0,0.035634743875278395,1.0,0.4443207126948775,0.0,1.0
161,1017570162,1.7453069537878125,-267.403563512727,2.4914887046651515,1000,False,False,False,30.215415010755486,0.17089009796022905,11.126491557227451,0.3253670649294179,0.5451358830898066,0.3399323651571493,0.1377991181983475,0.06598745887009841,0.012420368380844593,0.33915719389915466,-0.022943641990423203,0.0,0.0,0.5524910800158978,0.5518515174090862,0.5306265961751342,0.1049821600317955,0.978,0.04494202933401007,0.030667287353056395,0.02517760036716343,0.00249148870466515,0.0,0.0,0.0,0.472,1.0,0.0
162,34616325,192.13448134006453,92.25040137902687,0.8718407996103783,635,True,False,False,27.444891300271838,0.16830149100650338,8.61812579610632,0.12405883935597627,0.48887836360089565,0.12406665629588243,0.15026562435112023,0.0,0.008081341162323952,0.12403897941112518,0.002620456274598837,0.28818897637795277,0.0,0.0,0.5272752911743422,0.1521575554460287,-0.05129977688193321,0.9196850393700787,0.0013232154169159163,0.03235766573541591,2.6007432520503554e-09,0.0013729776371816976,1.0,0.05984251968503937,1.0,0.17795275590551182,0.0,0.0
163,680458915,211.3652849885636,126.49489330888693,0.7433039167967661,527,True,False,False,28.714812397694157,0.13188154769063518,13.536675548384963,0.08071484321340937,0.5968717054298586,0.08074163169583756,0.17112271722531391,0.0,0.0060829161666333675,0.0807415023446083,0.00014452695904765278,0.19924098671726756,0.11764705882352941,0.0,0.5154719761567477,0.18713153125718235,-0.04740205779671669,0.9013282732447818,0.010186231616798493,0.02823446847432813,1.5604459512735813e-08,0.001410443864889499,1.0,0.06641366223908918,1.0,0.07590132827324478,0.0,1.0
164,1436385054,195.05978679679095,63.19058717831614,1.1900919961847491,643,True,False,False,39.39841260883124,0.15745363837075585,21.6561709674601,0.11079202542234962,0.44988780889095387,0.11081682847823522,0.12978448409395518,0.0,0.004225349519401789,0.11081095039844513,0.0011413788888603449,0.4976671850699845,0.0,0.0,0.533318403409975,0.25188389606541023,-0.04682411998510361,0.9129082426127527,0.011921439062137678,0.014452189119311516,0.0,0.0018508429178611956,1.0,0.049766718506998445,1.0,0.37947122861586313,0.0,0.0
165,1854016456,194.68329576686952,106.04797668621421,0.7821531908065531,521,True,False,False,25.463264131395874,0.17115855614784434,6.358049123065671,0.029838749391609694,0.42576674350042953,0.03070380586558796,0.1384877823160478,0.0,0.0044235228560864925,0.030674267560243607,0.001346478471532464,0.3934740882917466,0.2514395393474088,0.0,0.5465627491997909,0.2620000725239515,-0.04998543858528137,0.9347408829174664,0.0037845209573139794,0.02428281462228732,5.201486504100711e-09,0.0015012537251565317,1.0,0.053742802303262956,1.0,0.1324376199616123,0.0,1.0
166,1424607714,5.939059522259151,-248.24882469423767,2.341878842164966,1000,False,False,False,21.30606688458892,0.17850578005739814,1.4555752213439932,0.39141698579529943,0.6801201507463825,0.46791326801242733,0.17185174144156548,0.01296188311040471,0.01535024680197239,0.45710793137550354,-0.0999758243560791,0.0,0.0,0.5704177245497704,0.5496628212051,0.5383053580671548,0.1408354490995407,0.982,0.043958360616767576,0.0371313691384877,0.0007920589581491416,0.0023418788421649683,0.0,0.0,0.0,0.361,1.0,0.0
167,1035259758,105.7856116863667,-45.61083351437266,1.3319644520073917,910,True,False,False,14.876513101191055,0.1405369320084015,-1.176966767121302,0.020061891466566097,0.26403920426741756,0.0859834810392256,0.08827315926010247,0.0,9.34600848268019e-06,0.08597707748413086,0.0010493611916899681,0.7043956043956044,0.5417582417582417,0.0,0.5520782713151465,0.26614187851548193,-0.04746510460972786,0.9615384615384616,0.010465894089990024,0.010505362743536095,2.6007432527008767e-09,0.0014636972000081243,1.0,0.031868131868131866,1.0,0.4835164835164835,0.0,1.0
168,1159502999,212.50129649192104,110.5232571478594,0.9075803934406148,561,True,False,False,32.25018367663768,0.14417659942008396,15.839641999841156,0.08875923658697762,0.5835520713758676,0.08877233140042776,0.16556632610190317,0.0,0.0055939676240086555,0.08877191692590714,0.00027127028442919254,0.2014260249554367,0.08912655971479501,0.0,0.5138236941128916,0.17036436041817068,-0.047224804759025574,0.8966131907308378,0.010651212000970897,0.025198313071782278,2.6007432509661532e-09,0.0016177903626392416,1.0,0.062388591800356503,1.0,0.08912655971479501,0.0,1.0
169,895761983,212.0181315633468,115.82483350314615,0.847932980602007,570,True,False,False,36.22570868105631,0.15591111838125488,18.64109950097404,0.01539240403719404,0.48568685174661536,0.016367706934894352,0.13372441755789594,0.0,0.0035909651778638363,0.016345595940947533,0.0008504843572154641,0.3701754385964912,0.2736842105263158,0.0,0.5263841622214961,0.2604708433523774,-0.049633558839559555,0.9122807017543859,0.004605076909461433,0.019676177224098323,0.0,0.001487601720354397,1.0,0.04912280701754386,1.0,0.13333333333333333,0.0,1.0
170,800114759,209.15676969891646,102.82075950455857,0.9547601019435791,543,True,False,False,25.430413048851403,0.16680836291384196,6.758106593092202,0.07198886712307428,0.5558864106658882,0.07201320217476925,0.18471538411606472,0.0,0.008082198910415173,0.07201290130615234,-0.00020816564210690558,0.26335174953959484,0.11970534069981584,0.0,0.5188281821864391,0.12233546111732721,-0.047541916370391846,0.9097605893186004,0.009688946100320991,0.03086326237376959,5.20148650366703e-09,0.0017583058967653388,1.0,0.0718232044198895,1.0,0.06813996316758748,0.0,1.0
171,331813085,179.9616635008248,4.17090948108698,1.5813075401973782,883,True,False,False,33.40198322979723,0.19548580222572703,11.85368284531294,0.008641129907869957,0.3917269812394177,0.038586083936056295,0.16197743518811514,0.0,2.7942656743107364e-05,0.03855161741375923,0.0016305423341691494,0.5130237825594564,0.25028312570781425,0.0,0.5422617048367917,0.23582385674118997,-0.0487336702644825,0.9467723669309174,0.00769371049297148,0.03274718866395286,2.600743251833515e-09,0.0017908352663616983,1.0,0.03397508493771234,1.0,0.20951302378255945,0.0,1.0
172,1765720776,227.86138277105067,130.07616816093665,0.8518521461011389,630,True,False,False,27.30260784458326,0.1910279465164707,6.203371165477808,0.11925628787468555,0.6494992609155417,0.11927422232991845,0.2588431410986101,0.0,0.014591598883271217,0.11927242577075958,0.000654647359624505,0.173015873015873,0.0,0.0,0.5245400418653079,0.10651029258966446,-0.05078330263495445,0.9079365079365079,0.0009695649678599553,0.049374992471849524,2.600743251941935e-09,0.001352146263652602,1.0,0.06666666666666667,1.0,0.06031746031746032,0.0,0.0
173,1119702354,168.13178647619202,63.32793658139627,0.9222384989479583,629,True,False,False,21.082262516288157,0.15003500461906238,4.082355966040077,0.04750480614513244,0.39873950689629495,0.04753217107938475,0.10859382528922423,0.0,0.00011892318434547633,0.04751777648925781,0.0011697029694914818,0.4562798092209857,0.3354531001589825,0.0,0.5355778350180166,0.2201393438875675,-0.04842783138155937,0.9268680445151033,0.008226502656697327,0.012212643563155276,2.6007432509661532e-09,0.0014661979315547821,1.0,0.05087440381558029,1.0,0.31319554848966613,0.0,1.0
174,2085610471,216.77257962911386,135.98955129027252,0.7094302833884129,492,True,False,False,27.61195576178453,0.19102694365798886,6.523502568180068,0.4107482491964304,0.8140365939153335,0.4107647888363926,0.26015642696266794,0.0,0.014263915829360485,0.4083126187324524,-0.044816482812166214,0.0,0.0,0.0,0.5279240927581365,0.21591022064909338,-0.03630882501602173,0.9044715447154471,0.011373472861907857,0.05267578854384344,2.6007432527008767e-09,0.0014419314703016525,1.0,0.06300813008130081,1.0,0.06300813008130081,0.0,0.0
175,1933203818,182.71056300775382,84.23683883293961,0.8703372417481419,572,True,False,False,28.582082725080387,0.15697151176535265,10.891304803693394,0.03135916365994981,0.4020162373628978,0.031394953480726795,0.1188555072810194,0.0,2.57492069977161e-06,0.031378746032714844,0.0010086632100865245,0.479020979020979,0.1660839160839161,0.0,0.5498489893598798,0.310399005562067,-0.0487491600215435,0.9545454545454546,0.0073036386665014975,0.014215683321551698,5.20148650366703e-09,0.0015215686044547936,1.0,0.045454545454545456,1.0,0.23251748251748253,0.0,1.0
176,326661076,-20.85575593407263,-182.75885659281656,1.4190310065874392,1000,False,False,False,22.471671451190165,0.13455055648894262,7.016702144790763,0.0693450204748076,0.30801411870197376,0.08720880700872281,0.08875113725794379,0.05225651207932278,0.004200649447739124,0.0842905044555664,0.0223715640604496,0.622,0.207,0.5946432873606682,0.5620619205930271,0.5989195072650909,0.18928657472133636,0.989,0.016582176428493255,0.014007929546296559,0.0003768854079963732,0.0014190310065874399,0.0,0.0,0.0,0.469,1.0,0.0
177,333569769,-100.54713494415905,-316.39054336211035,2.0116340841795095,734,False,False,True,25.65746195613261,0.1953376159960055,4.12495137243436,0.593321675971688,0.8800879028684977,1.006204936081741,0.20623161015398345,0.09101109321467682,0.014013862237334251,1.0006704330444336,-0.1053900271654129,0.0,0.0,0.5040207686834037,0.513804207037275,0.48950693808321377,0.00804153736680746,0.9373297002724795,0.019477254896957435,0.055666805833459315,0.0014375452281003495,0.002740645891252741,0.0,0.0,0.0,0.020435967302452316,1.0,0.0
178,1104070446,156.0766322912299,36.51270532706639,1.0610392696416355,673,True,False,False,24.717022941485112,0.15819590444540216,6.899741986273308,0.08175629909466765,0.3998971139730515,0.10898713624106053,0.10378722955689858,0.0,0.00010805130295921117,0.10897769778966904,0.0014343118527904153,0.475482912332838,0.13224368499257058,0.0,0.5446037965984794,0.2752450901269913,-0.04693638160824776,0.9569093610698366,0.011806094798538499,0.01318408724940266,7.802229756367907e-09,0.0015765813813397253,1.0,0.04011887072808321,1.0,0.28826151560178304,0.0,0.0
179,1731446520,50.907446003741505,-348.9275302421811,3.798349762459226,1000,False,False,False,53.62908223359362,0.22387971028847345,29.241197547241022,0.11672605337932451,0.28879876771337437,0.20020050364289613,0.08462154888061799,0.005346853317481797,0.007460594177246094,0.1993471086025238,-0.018465425819158554,0.738,0.0,0.5082329018041492,0.426968930241841,0.4267842641868629,0.0164658036082983,0.768,0.025955615311751605,0.021804687267166955,9.088817442870836e-05,0.0037983497624592207,0.0,0.145,1.0,0.665,1.0,0.0
180,30398144,227.11138458335788,86.15715106764321,1.260142335157146,747,True,False,False,29.66904437651547,0.1918840196097706,8.481740208292806,0.05913858700069197,0.6322960323148591,0.05916642717763272,0.22781637358670256,0.0,0.014500236138701439,0.05915031582117081,0.0013806676724925637,0.19009370816599733,0.09504685408299866,0.0,0.5254843225403423,0.1774394193291664,-0.050398439168930054,0.9170013386880856,0.002213080689090623,0.03911919856214725,5.201486504100711e-09,0.001686937530330851,1.0,0.04819277108433735,1.0,0.04417670682730924,0.0,1.0
181,601571461,201.67029431234124,52.73084353938747,1.3537945077295364,678,True,False,False,63.28968018662407,0.21333820413714316,39.95805607428151,0.10806789520532134,0.38175934345448065,0.10807397963092046,0.1242683234192259,0.0,0.008348846808075905,0.10807152092456818,0.0007289981585927308,0.41297935103244837,0.0,0.0,0.557776151369889,0.25220792442560197,-0.04681156948208809,0.9572271386430679,0.011770528334195354,0.026988287891715933,2.6007432509661532e-09,0.0019967470615479886,1.0,0.03982300884955752,1.0,0.28761061946902655,0.0,0.0
182,1761571900,32.54108174550778,-124.8161777044494,1.3735725944995711,1000,False,False,False,32.59853356473589,0.19419458150193064,11.179161757037736,0.21819692008794098,0.4053991471437847,0.27101372528590933,0.11512452943249461,0.011920278275198185,0.01127634011209011,0.2690933346748352,-0.03220584616065025,0.0,0.0,0.5085217729210854,0.4844962967797037,0.4465782039135229,0.017043545842170715,0.887,0.017809520484363118,0.03129863976413977,0.0006734234539645181,0.0013735725944995707,0.0,0.0,0.0,0.588,1.0,0.0
183,2037228746,36.0767186210708,-316.3038006067786,3.323805192278492,1000,False,False,False,31.9739754072424,0.17091099777481508,12.882961972255735,0.10817042647460907,0.32384795795399973,0.1892074929038279,0.08475648296602091,0.018030141724048817,0.004288577940315008,0.18802452087402344,-0.021124746650457382,0.695,0.0,0.0,0.42598037940722133,0.4381398644798901,-0.007032495457679033,0.767,0.02001686490911848,0.02076337290198105,0.000990672518820207,0.0033238051922784926,0.0,0.141,1.0,0.626,1.0,0.0
184,1125891444,175.94958060197234,62.67600140394539,0.9915357919802702,706,True,False,False,30.75886217307915,0.13577242258196026,15.183277505888837,0.05573353221888411,0.425871076388969,0.05576099809621276,0.11407136404993912,0.0,0.004616737365722656,0.05575161054730415,0.0010231471387669444,0.3937677053824363,0.13314447592067988,0.0,0.5307334749093302,0.18843067463487387,-0.04820425808429718,0.9263456090651558,0.008707367080281508,0.016067691827822136,2.6007432527008767e-09,0.0014044416317000998,1.0,0.049575070821529746,1.0,0.26770538243626063,0.0,1.0
185,529454605,204.25371806279878,66.22849414423952,1.2260522391855917,771,True,False,False,25.402251516440042,0.18487458666353615,4.915655361856662,0.16324041509736287,0.690180803639852,0.16325059681883208,0.22148682531553304,0.0,0.014959907159209251,0.16316184401512146,0.005382380448281765,0.11673151750972763,0.0,0.0,0.5103943117184718,0.1479630578495562,-0.046161334961652756,0.9182879377431906,0.014947904478951186,0.04066812334242749,2.6007432509661532e-09,0.001590210426959263,1.0,0.04798962386511025,1.0,0.055771725032425425,0.0,0.0
186,881468436,178.0155812635669,-11.884685862711308,1.7334026712627828,828,True,False,False,27.956180881245324,0.17618453721458077,8.338213534651315,0.10814215943571531,0.5057982398998274,0.10814587735254874,0.1499006003715275,0.0,0.011236953549087048,0.1081458106637001,0.00012010097270831466,0.3538647342995169,0.0,0.0,0.5223860673895747,0.20822005959460513,-0.046680569648742676,0.9371980676328503,0.011790230264701112,0.03004633538644777,2.6007432509661532e-09,0.002093481487032346,1.0,0.04589371980676329,1.0,0.2560386473429952,0.0,0.0
187,519090013,215.42049608998934,120.97474883707059,0.8342574725291874,551,True,False,False,36.73407078714909,0.18114448729588853,16.627492918127558,0.0012360522046542316,0.43242492607382016,0.0012521596361837733,0.16115255887698657,0.0,0.0007172584300860763,0.0007449149852618575,0.0010064817033708096,0.3938294010889292,0.25045372050816694,0.0,0.5357207368777054,0.09013949625194073,-0.04939233511686325,0.9201451905626135,0.005475795347268239,0.030324554559581513,0.0,0.0015140788975121363,1.0,0.0780399274047187,1.0,0.07985480943738657,0.0,1.0
188,1945122004,229.08507085485337,94.26314185239083,1.2136192900246237,673,True,False,False,30.440437932161686,0.2039528867079655,8.047458750693524,0.10563084100478203,0.6189436457524407,0.10565829488777405,0.21790328553053342,0.0,0.014714717864990234,0.1056581512093544,0.00017424584075342864,0.17682020802377416,0.0,0.0,0.4690654434541425,0.09792363204061985,-0.04675912857055664,0.8410104011887073,0.011642833140892282,0.03636851303147719,5.201486505401753e-09,0.0018032976077631858,1.0,0.11738484398216939,1.0,0.06240713224368499,0.0,0.0
189,696915611,193.8275974464604,77.83384549043265,1.021737519560274,691,True,False,False,33.97869136247724,0.190555783327271,12.925040330376707,0.041979830880743446,0.3893182936472012,0.04959362040348154,0.16485827379099263,0.0,0.00013608932204078883,0.049593161791563034,-0.00021327972353901714,0.44862518089725034,0.36034732272069464,0.0,0.5433574975542347,0.22680389788001776,-0.04807073995471001,0.9392185238784371,0.008392486642342606,0.03149296774799782,2.6007432527008767e-09,0.001478636063039474,1.0,0.049204052098408106,1.0,0.07091172214182344,0.0,1.0
190,1488107244,212.51509820614012,117.2457857000872,0.8464931250605292,531,True,False,False,40.17494555939544,0.1944681093458784,18.73775779855197,0.06575723345800921,0.4248922078850645,0.06578450809826761,0.16239953094296988,0.0,0.00842971820384264,0.06578207015991211,0.000566349015571177,0.3653483992467043,0.24293785310734464,0.0,0.5526540770797014,0.23035604387521744,-0.05028293654322624,0.9397363465160076,0.001889951993927906,0.03086712797268965,2.6007432520503554e-09,0.0015941490114134264,1.0,0.0583804143126177,1.0,0.21092278719397364,0.0,1.0
191,1286599432,196.36642663483525,96.58343785127066,0.8810298878356442,584,True,False,False,28.817427908549668,0.1581006568311181,11.013011382384846,0.003983221434953383,0.4251751340827096,0.004009172908103148,0.12860492876443821,0.0,0.003214549971744418,0.0037508010864257812,0.0014159656129777431,0.4965753424657534,0.3578767123287671,0.0,0.5383921966430323,0.28682687781751154,-0.04954333230853081,0.9263698630136986,0.005289735574274724,0.019227712030010058,2.6007432527008767e-09,0.0015086128216363762,1.0,0.04452054794520548,1.0,0.2893835616438356,0.0,1.0
192,395508860,200.8830640093425,125.56889568324033,0.6533416832610199,499,True,False,False,31.211017036141893,0.11860555057774907,17.363735681482947,0.04856217985172194,0.47824346597955236,0.04857712403604162,0.13702958770282608,0.0,0.0032264709006994963,0.048575688153505325,-0.00037349702324718237,0.3466933867735471,0.23446893787575152,0.0,0.5343456706181468,0.14498096864670515,-0.048058006912469864,0.9218436873747495,0.008339269583733743,0.01209614548318298,7.802229756367907e-09,0.0013093019704629662,1.0,0.08016032064128256,1.0,0.16432865731462926,0.0,1.0
193,1782068829,-45.116261657152826,-219.92389439434425,1.5480763273719156,1000,False,False,False,26.041787196165664,0.173408305431222,6.7010429955382715,0.5555924126699727,0.7914417105928659,0.9159779721826645,0.15398311032073453,0.0937769970660886,0.012986850924789906,0.9125156402587891,-0.07956665009260178,0.0,0.0,0.5358233898878098,0.5047630729147932,0.47669728313572707,0.0716467797756195,0.926,0.06503714540609565,0.048542905455056955,0.000376301541136298,0.001548076327371915,0.0,0.0,0.0,0.234,1.0,0.0
194,1405674971,15.533877201663595,-190.16780970203266,1.857016869036963,1000,False,False,False,27.413980683851054,0.15845619882025946,9.568447144319935,0.09375857183501916,0.4279059489918646,0.09375857183501916,0.1338102536193295,0.07144080945335712,0.009417342953383923,0.09060211479663849,0.02412315458059311,0.467,0.024,0.550853218883276,0.5376476579646696,0.5593344009667635,0.10170643776655197,0.965,0.023457055262093376,0.025353094032185976,0.00010866425455633918,0.0018570168690369621,0.0,0.013,1.0,0.209,1.0,0.0
195,1733842020,222.14966132109987,124.31968100347204,0.8768998031762779,507,True,False,False,60.90529587354535,0.201173886594779,38.80015545319322,0.07582675527467839,0.4015220495949244,0.07582705484928241,0.14758462707441058,0.0,0.004883098416030407,0.07582616806030273,0.000366721156751737,0.3629191321499014,0.16962524654832348,0.0,0.5628723802294809,0.20462562268599868,-0.04757362976670265,0.9368836291913215,0.009893367770859654,0.028752363134733856,0.0,0.0017295854106040987,1.0,0.0650887573964497,1.0,0.13806706114398423,0.0,1.0
196,443800521,183.07314970451407,92.84609843549129,0.7944705126902284,539,True,False,False,29.04845533169601,0.1594911341972727,11.108221644484985,0.06223430485214871,0.41485584064337633,0.062251758392708384,0.12261528401648038,0.0,0.00012674331082962453,0.06222953647375107,0.0016631936887279153,0.424860853432282,0.24675324675324675,0.0,0.55523112134538,0.29237276531755924,-0.04819224402308464,0.9517625231910947,0.009062572692528956,0.013746165394107982,5.201486505401753e-09,0.0014739712665866932,1.0,0.04638218923933209,1.0,0.18923933209647495,0.0,1.0
197,405230516,38.03597250231545,-153.021191216748,1.7105716371906323,1000,False,False,False,36.344541357415494,0.1959392400531571,14.7507036945945,0.1388687999868663,0.38015807956640607,0.17810681577130705,0.11712519422008344,0.026768435015328086,0.012075233273208141,0.1774139404296875,-0.015694953501224518,0.514,0.0,0.5105005223304033,0.5042889979598112,0.44697603662265467,0.021001044660806656,0.918,0.02178388009461581,0.03318647759634341,0.0026106104719287107,0.0017105716371906352,0.0,0.006,1.0,0.445,1.0,0.0
198,57367581,206.96871524867598,89.41680644304509,1.04191908805631,668,True,False,False,53.53471729861318,0.21503614489436346,30.03353131968395,0.049596188624380214,0.3598025379528478,0.04960639178800111,0.1430973443502104,0.0,0.010926628485321999,0.04960441589355469,0.00044275284744799137,0.5479041916167665,0.2754491017964072,0.0,0.5571307652458426,0.27137537449598315,-0.050046730786561966,0.9595808383233533,0.0027791110017632336,0.026394108684754194,0.0,0.0015597591138567508,1.0,0.041916167664670656,1.0,0.27994011976047906,0.0,1.0
199,2005015799,167.0439217377396,65.54195939861862,0.8868196233912109,641,True,False,False,29.633467677958595,0.12681504062197912,14.955149204684798,0.07967175051962401,0.3965533082068146,0.07969703678003442,0.1057719971857289,0.0,0.0013071059947833419,0.07969474792480469,0.0006040072184987366,0.44305772230889234,0.15600624024961,0.0,0.5524968070405035,0.28503987319767476,-0.04752849042415619,0.9594383775351014,0.010111788592138184,0.012335196368975121,5.20148650366703e-09,0.001383493952248378,1.0,0.0405616224648986,1.0,0.37285491419656785,0.0,1.0
200,1177321486,156.65848956740226,9.64933020389715,1.296291593635052,869,True,False,False,33.310118158403924,0.1825459839504887,13.055841880692755,0.06956045675348735,0.3532813610682445,0.11559375516089342,0.14073852984125745,0.0,0.0003044128534384072,0.11558790504932404,0.00116294389590621,0.5880322209436134,0.19792865362485615,0.0,0.5465392555854732,0.30086912386119363,-0.0466969795525074,0.950517836593786,0.012202451971262825,0.028913926885432425,2.6007432527008767e-09,0.0014917049408918889,1.0,0.02991944764096663,1.0,0.1622554660529344,0.0,0.0
201,378063510,135.34678056742996,-323.7806305755426,4.3912741114297305,1000,False,False,False,32.34224917156924,0.19912768199489284,10.429567314574664,0.22663334908427513,0.49296845914389703,0.22666574391513647,0.1342661140557751,0.0007900681415442387,0.013886069878935814,0.22666239738464355,-0.001231696573086083,0.0,0.0,0.0,0.27580270837061105,0.0,-0.03937315568327904,0.475,0.0012617775714338399,0.027593320456399072,0.009924261024671805,0.004391274111429727,1.0,0.393,1.0,0.499,1.0,0.0
202,363459266,168.6019412672147,49.89713102194707,1.0598481024526778,636,True,False,False,26.639565808856034,0.18943021954219028,5.699893615157016,0.07934211468548165,0.3733204210701183,0.08761918191208555,0.11825942082037683,0.0,4.96864304295741e-05,0.08761243522167206,0.0010873056016862392,0.4748427672955975,0.3411949685534591,0.0,0.547057056995753,0.2568926350027323,-0.0474310927093029,0.9449685534591195,0.010560506528755642,0.02046863449526129,5.20148650366703e-09,0.0016664278340450891,1.0,0.0440251572327044,1.0,0.2531446540880503,0.0,1.0
203,1915122341,202.97001371216032,116.83960985750274,0.7567040385465752,523,True,False,False,42.67865032892529,0.1621692335142866,24.472155835882468,0.027978469254432165,0.4110548128221095,0.029719873427670535,0.1255186850574729,0.0,1.0490417707842425e-06,0.029717255383729935,0.00039447308517992496,0.3977055449330784,0.27151051625239003,0.0,0.5488966491543483,0.24323019921779632,-0.048645008355379105,0.9426386233269598,0.007230509017183465,0.012586283823228465,5.20148650366703e-09,0.0014468528461693613,1.0,0.05927342256214149,1.0,0.17590822179732313,0.0,1.0
204,525847875,176.868025885895,77.68694364050945,0.8736108224538544,591,True,False,False,27.315524329812483,0.13778559375923596,11.542230337324044,0.09972354494441397,0.4530486482518839,0.10380938794834167,0.1161943809942285,0.0,0.0021354674827307463,0.10380315780639648,0.0011373019078746438,0.3756345177664975,0.011844331641285956,0.0,0.5331262269462325,0.24448907166719436,-0.047013863921165466,0.9238578680203046,0.011509083417298484,0.01028704817912975,0.0,0.0014781909009371483,1.0,0.050761421319796954,1.0,0.233502538071066,0.0,0.0
205,1595926393,36.946800294390506,-140.87662701005132,1.5782342730444165,1000,False,False,False,33.36023969395873,0.19247886121348706,12.112439915104895,0.1245504458955535,0.43271157680322414,0.1261342131329966,0.11901174773439714,0.009998414343223992,0.011220550164580345,0.12613411247730255,-0.00015934943803586066,0.396,0.0,0.0,0.5581014694675105,0.49402981750667097,-0.04715751111507416,0.99,0.01200932727922517,0.02634694282847914,0.0036183354140666684,0.0015782342730444197,1.0,0.008,1.0,0.348,1.0,0.0
206,1118392748,165.39927175175404,64.4765864752199,0.8864268527653408,614,True,False,False,18.76405526658346,0.15766431360459213,1.001802589627201,0.09650984582956516,0.4538715446093793,0.09654287231011105,0.11169320822738289,0.0,6.923675391590223e-05,0.09653625637292862,0.0011302209459245205,0.30456026058631924,0.06026058631921824,0.0,0.533836233362871,0.27039231196045876,-0.04720665514469147,0.9348534201954397,0.011082363867478327,0.01747379280268858,5.20148650366703e-09,0.001443691942614561,1.0,0.04723127035830619,1.0,0.250814332247557,0.0,1.0
207,1471502701,194.39179768348112,83.03342362128109,0.9783837406219998,676,True,False,False,71.44049031720324,0.1774325182095977,51.69947939142941,0.045415524478640105,0.2671036790781034,0.06289004239221449,0.11443474770550738,0.0,4.5108794438419864e-05,0.06288967281579971,-0.00021560430468525738,0.6375739644970414,0.5606508875739645,0.0,0.5646475642966382,0.3013145957887173,-0.04776066541671753,0.9615384615384616,0.009160270913163108,0.012931621910342835,7.802229756367907e-09,0.0014473132257721902,1.0,0.03994082840236687,1.0,0.28846153846153844,0.0,1.0
208,1862173400,191.21594571769248,107.57055696747489,0.7320538875021744,522,True,False,False,37.331204975973826,0.13202982255936455,22.138756920427134,0.10262858130075753,0.46803852594166995,0.10266176368073512,0.12471435518757469,0.0,0.00086297991219908,0.10265789180994034,0.0008916115621104836,0.31417624521072796,0.0,0.0,0.5506963991913302,0.30578532099723815,-0.04699235409498215,0.9521072796934866,0.011448142801416905,0.013016867672246737,7.802229756367907e-09,0.0014024020833375,1.0,0.04980842911877394,1.0,0.09578544061302682,0.0,0.0
209,1731489190,155.33139515891673,47.57176618231857,0.9433962897659819,671,True,False,False,19.697373736653336,0.1461275191121698,3.0869782067528795,0.06192460164886906,0.3537523921806688,0.062420816667387344,0.11237517613863447,0.0,0.002236270811408758,0.062409114092588425,0.0012086486676707864,0.5663189269746647,0.2727272727272727,0.0,0.5542700217950717,0.28965490639209746,-0.04808725044131279,0.9538002980625931,0.009087416292443978,0.014381839748369166,2.6007432527008767e-09,0.0014059557224530284,1.0,0.038748137108792845,1.0,0.3859910581222057,0.0,1.0
210,1210527958,194.52207484766842,95.62534043667499,0.8697673441099348,596,True,False,False,34.13599613615493,0.14117200381280923,18.023803082129707,0.06125473556661599,0.48944214401219516,0.061273142929787985,0.12155103403781715,0.0,0.0019003867637366056,0.0612671859562397,0.000854382524266839,0.313758389261745,0.12248322147651007,0.0,0.5259295536342683,0.31195359960198404,-0.04803615063428879,0.9228187919463087,0.009032385215416825,0.012249835943282448,0.0,0.0014593411813925087,1.0,0.0436241610738255,1.0,0.21644295302013422,0.0,1.0
211,1081300311,-42.3363268338144,-71.11599125551169,0.24879664421697306,195,False,False,True,2.0748442318764937,0.15409639362655228,-15.053026304970192,1.2075143372356014,1.349739211464013,1.2075143372356014,0.5622736802018499,0.20845177410654844,0.015740204602479935,1.0006589889526367,0.675849437713623,0.0,0.0,0.5888377651572227,0.5094162474840115,0.5964688068628311,0.1776755303144455,0.8769230769230769,0.058857030425214577,0.09982052835673853,0.00042706804941593235,0.0012758802267537085,0.0,0.0,0.0,0.0,1.0,0.0
212,718095887,74.7700371335289,-472.02060413040635,5.267906412639345,1000,False,False,False,23.65167584942038,0.2001409053847645,1.6376716534386997,0.7020798187463313,0.8179815648369597,0.7325940964854976,0.1293544119247432,0.01776929240195672,0.014821434393525124,0.7325899004936218,-0.002479495946317911,0.0,0.0,0.0,0.2858228732511925,0.10082524524070323,-0.0401466079056263,0.513,0.02229785197979834,0.037519311984645365,0.014558606373598685,0.005267906412639347,1.0,0.297,1.0,0.666,1.0,0.0
213,861582776,218.6830976342783,136.6100915887856,0.7217300604549265,495,True,False,False,29.863899152022206,0.17290011283520354,10.58770606364091,0.0857771093498918,0.5650435684772241,0.08594593574694225,0.19243562232394262,0.0,0.008855151943862438,0.08593712002038956,0.001230964669957757,0.27474747474747474,0.09696969696969697,0.0,0.5217284206752524,0.07646471969783306,-0.04750552773475647,0.896969696969697,0.010458387044593037,0.03181467333809239,5.201486505401753e-09,0.0014580405261715688,1.0,0.08686868686868687,1.0,0.06666666666666667,0.0,1.0
214,1868788392,202.0578687713481,92.28381949619205,0.9691404927515616,643,True,False,False,61.52720823952647,0.14127870827656866,45.40245960757402,0.007245285735720968,0.3392759727618838,0.007538978949133891,0.1084380898295004,0.0,0.00011987685866188258,0.007533073425292969,0.0002983426966238767,0.39502332814930013,0.29237947122861585,0.0,0.5533460248015462,0.26505423760041597,-0.04935043305158615,0.9580093312597201,0.005122040624662517,0.012623523959965141,2.600743251833515e-09,0.001507216940515648,1.0,0.04354587869362364,1.0,0.3561430793157076,0.0,1.0
215,1767213773,203.75468642101623,48.23978932930433,1.3939489709171193,806,True,False,False,33.20025988263443,0.18619683792334243,12.581182822216896,0.15387446395371185,0.5030969959974217,0.15387589396447673,0.15002289326648346,0.0,0.011973381042480469,0.15382203459739685,0.004070923198014498,0.2543424317617866,0.0,0.0,0.46321633014488256,0.022677998691797256,-0.05177716165781021,0.8089330024813896,0.002946267922615177,0.03062127442660195,2.600743252267196e-09,0.001729465224462928,1.0,0.16501240694789082,1.0,0.24937965260545905,0.0,0.0
216,555081244,177.02008453477185,52.522641219554224,1.0985744331521756,732,True,False,False,32.64925945795064,0.19295780985320213,11.354754889222864,0.024583926844377085,0.35013411697806907,0.027117745541658522,0.12308425284435698,0.0,0.00015020370483398438,0.02709503099322319,0.0011096930829808116,0.5095628415300546,0.37158469945355194,0.0,0.5449723408689794,0.25686547324061393,-0.04886341094970703,0.9494535519125683,0.007054613599004699,0.02203495031703524,2.600743251833515e-09,0.0015007847447434087,1.0,0.03961748633879782,1.0,0.21448087431693988,0.0,1.0
217,1644187044,194.36976070143288,119.21713864713767,0.6599262205429518,458,True,False,False,20.508338812282123,0.1428291142000268,4.24546976440276,0.02016941608152422,0.4636705503503489,0.02019678783466569,0.14575178022802562,0.0,0.002017116639763117,0.02019672468304634,5.0506590923760086e-05,0.35807860262008734,0.19213973799126638,0.0,0.5428637222968465,0.24999851528555156,-0.04876413568854332,0.9148471615720524,0.006699921633549526,0.012481487616131921,2.6007432527008767e-09,0.0014408869444169246,1.0,0.06550218340611354,1.0,0.12663755458515283,0.0,1.0
218,1329619353,18.692471111007052,-36.90161141608698,0.49914082527094045,284,False,True,False,28.22695785075942,0.19404784553120083,6.937366078153234,0.649276569541809,1.0727484105750804,0.649276569541809,0.3796965625346232,0.13228873217593426,0.014958667568862438,0.6147899627685547,0.20879024267196655,0.0,0.0,0.5215731617063284,0.5415878401360881,0.602294792495668,0.043146323412656784,0.9119718309859155,0.010273611388580213,0.08165823466165258,0.024717134223090735,0.0017575381171511984,1.0,0.007042253521126761,1.0,0.0,1.0,0.0
219,498403083,209.4815240103752,87.54174409920796,1.0885977991116704,654,True,False,False,70.60161956505613,0.22735073842330109,45.869341143977465,0.0901632999260181,0.3594614207965329,0.09018698280016225,0.11583916482369018,0.0,0.007921027950942516,0.09018697589635849,-3.5288332583149895e-05,0.44036697247706424,0.2217125382262997,0.0,0.5568768585824183,0.19275206975638867,-0.047122154384851456,0.9495412844036697,0.010742414865333103,0.021484400327239323,0.0,0.0016645226286111181,1.0,0.05198776758409786,1.0,0.3363914373088685,0.0,1.0
220,503935537,194.55997635908432,92.68057888064081,0.9007939747844345,590,True,False,False,30.470429858455322,0.17599834348259435,10.875914079322337,0.08153255562253757,0.4904600237963929,0.08155963948720972,0.14574200081348643,0.0,0.007475090213119984,0.0815582275390625,0.0004799103771802038,0.28135593220338984,0.1,0.0,0.5397985653920194,0.22902142468839884,-0.04745437577366829,0.940677966101695,0.010224091936689926,0.025657546388719536,0.0,0.0015267694487871768,1.0,0.05254237288135593,1.0,0.08135593220338982,0.0,1.0
221,1671847364,262.37812321234946,151.2810175710922,1.0103710564125732,503,True,False,False,53.95425232345485,0.23013648158076622,28.953354831629447,0.00950356209264538,0.5371408233483158,0.009530825712042256,0.2493101086433983,0.0,0.009433460421860218,0.009460926055908203,0.001152179203927517,0.27435387673956263,0.1908548707753479,0.0,0.5167128982852819,0.07589437998831272,-0.04923170432448387,0.8966202783300199,0.006047888642647145,0.045350776137763185,2.600743251833515e-09,0.0020086899729872235,1.0,0.08548707753479125,1.0,0.06759443339960239,0.0,1.0
222,166999091,198.33483479246496,97.9919522240724,0.8772288256839262,631,True,False,False,41.03801769046705,0.18225525228978015,20.81601485430521,0.08151499451386186,0.43697211196285735,0.08154236572136017,0.13507286594177628,0.0,0.008654022589325905,0.08153696358203888,0.000938603887334466,0.3518225039619651,0.14896988906497624,0.0,0.5454964860565311,0.26759839951992037,-0.0505480021238327,0.9572107765451664,0.001020008577610206,0.02942369204490703,0.0,0.001390220009007806,1.0,0.044374009508716325,1.0,0.19809825673534073,0.0,1.0
223,355439929,50.82294297885822,-117.4444900591134,1.4826743303797165,1000,False,False,False,29.44230723538919,0.18930269064357297,8.51212451352677,0.18325073965050762,0.47789299150324765,0.21579488407704495,0.14132454704861103,0.007974959884024326,0.01298990286886692,0.21467728912830353,-0.021933844313025475,0.333,0.0,0.5109908757731318,0.5005246472136204,0.42734121999528724,0.021981751546263695,0.912,0.02482902534983703,0.03737848334640223,0.0020657833688040896,0.001482674330379715,0.0,0.0,0.0,0.426,1.0,0.0
224,1825701294,222.44961126944983,153.18815657870354,0.6106145469074625,410,True,False,False,33.951258553618125,0.18015680772016934,13.968046098838041,0.12335174878936597,0.5646685693832565,0.12343386240822496,0.19622558691817446,0.0,0.0072990418411791325,0.12343206256628036,-0.0006665730616077781,0.23414634146341465,0.0,0.0,0.5410254208132533,0.2926712910830975,-0.05047827214002609,0.9024390243902439,0.0011170830262300037,0.03399283446886144,0.0,0.001489303772945031,1.0,0.06585365853658537,1.0,0.06585365853658537,0.0,0.0
225,1070062479,203.9769452490843,121.49768378104449,0.7251926146803984,498,True,False,False,31.107159935710815,0.17258608516242652,11.86195920039342,0.10448952110754531,0.5101419030067175,0.10451670231894537,0.15832984677823997,0.0,0.0070053101517260075,0.10451193153858185,0.000998613890260458,0.2891566265060241,0.0,0.0,0.5447334180937624,0.23589393235743045,-0.04696522653102875,0.929718875502008,0.011554333749140564,0.021687786128731616,0.0,0.0014562100696393558,1.0,0.06224899598393574,1.0,0.10642570281124498,0.0,0.0
226,1921061091,39.78076912784026,-206.42381402894873,2.262045831567887,1000,False,False,False,54.43509006816792,0.22449731954809057,29.985444455853752,0.16140587057174413,0.4196895924334914,0.16149971583323228,0.1284285151906899,0.02258141640770245,0.014802169986069202,0.16149720549583435,-0.0009004616877064109,0.443,0.0,0.5349758751690388,0.5584949691486545,0.5326197526976466,0.06995175033807755,1.0,0.0006981881375764866,0.02876805138143451,0.012762296172290803,0.002262045831567889,0.0,0.0,0.0,0.383,1.0,0.0
227,665337882,242.95471431482594,146.71837540324896,0.8649633891157681,487,True,False,False,65.65491189074815,0.23202596465949155,40.46729052595379,0.049450940290620214,0.45108970489066164,0.05057888891126672,0.16816814820246287,0.0,0.00994186382740736,0.05057888105511665,2.8190612283651717e-05,0.3921971252566735,0.28952772073921973,0.0,0.5519739132894689,0.22012997772544624,-0.04810222610831261,0.9363449691991786,0.00844127918649395,0.028383282652078755,0.0,0.001776105521798292,1.0,0.06570841889117043,1.0,0.20123203285420946,0.0,1.0
228,425038141,198.9585646844469,84.4802345486052,1.0155833013584175,646,True,False,False,66.1645066043079,0.16737118776934373,47.4304172907433,0.03929993638190162,0.30870661550920797,0.03932709963977505,0.10416854789434651,0.0,0.00041828156099654734,0.039306640625,0.0012683725217357278,0.5820433436532507,0.21517027863777088,0.0,0.5594723983811959,0.2874514530599117,-0.048634953796863556,0.9597523219814241,0.007749822829005664,0.00793586173259777,5.201486504534392e-09,0.0015721103736198413,1.0,0.04179566563467492,1.0,0.4628482972136223,0.0,1.0
229,1206333416,209.38489798083896,94.10706870773943,1.0211782927309963,658,True,False,False,55.935798509388334,0.2010629619279602,33.8321875870927,0.016995746346837228,0.3648672811814031,0.01702311115172307,0.1385758655788278,0.0,0.009039592929184437,0.01696014404296875,0.0014628148637712002,0.439209726443769,0.20364741641337386,0.0,0.5503719300597816,0.17845184981822967,-0.04978829622268677,0.9483282674772037,0.0045450257477720486,0.02879038647462014,5.201486504534392e-09,0.001551942694120055,1.0,0.05319148936170213,1.0,0.1398176291793313,0.0,1.0
230,1493229266,241.37231003791098,161.3322306135397,0.7196007942437114,404,True,False,False,69.96665397781518,0.1842448529107833,49.57665514644337,0.05141825919330014,0.4419627889834754,0.05605719600131066,0.16582371260657136,0.0,2.5653838747530244e-05,0.05605602264404297,-0.0003626966499723494,0.32425742574257427,0.22772277227722773,0.0,0.5579933524500615,0.23169358901679515,-0.04993811249732971,0.9257425742574258,0.0024630789222030414,0.017214845444064035,2.438196798973391e-09,0.0017811900847616638,1.0,0.07673267326732673,1.0,0.0891089108910891,0.0,1.0
231,259402439,241.7338477894546,103.79312136253343,1.257807264269212,608,True,False,False,27.660728093028055,0.19556687191383804,6.108479320771467,0.001241688887796389,0.6442604657880878,0.0012540097485323261,0.27153365686808534,0.0,0.0005406379932537675,0.0005682945484295487,0.001117846928536892,0.26151315789473684,0.19078947368421054,0.0,0.5046478714876254,0.1894808447849937,-0.04939381405711174,0.912828947368421,0.005545542729987005,0.05646236074020003,2.600743251833515e-09,0.0020687619478112055,1.0,0.054276315789473686,1.0,0.054276315789473686,0.0,1.0
232,1260069654,199.5179954656284,105.87811696942588,0.819198784962025,586,True,False,False,39.68808484604408,0.1771466149860014,19.97896008616767,0.08958915254992639,0.44061909983102343,0.08961434469814351,0.13210972767853899,0.0,0.007870769128203392,0.08961353451013565,0.0003810620401054621,0.3771331058020478,0.08361774744027303,0.0,0.5402247131976566,0.14897652506828307,-0.04722675681114197,0.9334470989761092,0.010697366091093057,0.0183857454717569,2.6007432527008767e-09,0.0013979501449863907,1.0,0.06655290102389079,1.0,0.2832764505119454,0.0,1.0
233,1118662154,38.618580298888176,-124.73584465689373,1.4335442495578194,1000,False,False,False,35.36059342116853,0.19100516689862443,14.260163073800818,0.21241751743361026,0.42848961037287236,0.26354217419638304,0.11858929315498244,0.01266138314769162,0.012828350067138672,0.2614051401615143,-0.033493734896183014,0.0,0.0,0.5070032044313848,0.4919952441676869,0.4279964573017787,0.014006408862769604,0.902,0.019878379232062735,0.032357864044351245,0.0010980351013789025,0.0014335442495578196,0.0,0.0,0.0,0.562,1.0,0.0
234,947303217,181.40472791558125,86.63933832584988,0.8404538958973143,536,True,False,False,20.82430002147241,0.17696104612469254,1.1373469514825432,0.03654241662476089,0.40526185431196854,0.037792658470512566,0.1289463601011331,0.0,0.00010166168067371473,0.03777666017413139,0.0010995364282280207,0.43470149253731344,0.3414179104477612,0.0,0.5492290573997367,0.25528472930192947,-0.04863065108656883,0.9347014925373134,0.007667687455991663,0.01827539104177212,0.0,0.0015680109998084224,1.0,0.054104477611940295,1.0,0.28544776119402987,0.0,1.0
235,958743842,192.28214520458147,89.65530400439494,0.9146684120018636,558,True,False,False,27.818691450426385,0.1560429268402598,10.22173492279338,0.009430094206356631,0.42901896279192436,0.009448777752338626,0.12397624173444344,0.0,8.60214204294607e-05,0.0094451904296875,-0.00026034354232251644,0.3673835125448029,0.17383512544802868,0.0,0.5322361950091617,0.2369961629807949,-0.04925350472331047,0.9157706093189965,0.005037505740905611,0.016533842302553895,2.600743251833515e-09,0.0016391907025123007,1.0,0.05555555555555555,1.0,0.3010752688172043,0.0,1.0
236,1043039138,223.09208550658082,119.3623744388561,0.9278971106772459,547,True,False,False,50.85669998045214,0.20950727763005278,27.914165943514174,0.09664755064510487,0.441660319102223,0.09666652780920028,0.17122745361763178,0.0,0.010914611630141735,0.09666423499584198,-0.0006657862686552107,0.3619744058500914,0.07678244972577697,0.0,0.5526851916028497,0.2618149360641837,-0.05029520019888878,0.9488117001828154,0.00029106732158257816,0.03083053853572964,7.802229756096856e-09,0.001696338410744509,1.0,0.05301645338208409,1.0,0.17184643510054845,0.0,1.0
237,899532012,-11.093150653806395,-346.27050601397184,3.1517735536016556,1000,False,False,False,28.98467501289426,0.1933922330094406,7.64553805444502,0.3813834178914519,0.643683959853925,0.6385847626498983,0.16220944417986252,0.09693107721386031,0.013523483648896217,0.6119178533554077,-0.18261171877384186,0.0,0.0,0.5239003077149391,0.5413824066796805,0.4908145424746908,0.047800615429878235,0.965,0.003348181908390374,0.04059400111228555,0.00013164669758162573,0.0031517735536016516,0.0,0.0,0.0,0.188,1.0,0.0
238,526938441,232.34030715674157,159.25260925173524,0.6486769790500644,411,True,False,False,48.88839812724649,0.19198053631510337,27.722488129800684,0.0016906623674980607,0.47023176565865965,0.002077462534457266,0.16575304425782048,0.0,0.00011415481276344508,0.002033805940300226,0.00042365549597889185,0.35766423357664234,0.25790754257907544,0.0,0.5587254559254125,0.2692129337787628,-0.049204979091882706,0.9318734793187348,0.00565581229331566,0.026348915041528528,2.6007432527008767e-09,0.001578289486739816,1.0,0.0705596107055961,1.0,0.12895377128953772,0.0,1.0
239,987523132,189.6150343221147,71.63242468003357,1.0392260964208115,703,True,False,False,38.40909194152201,0.1914482854265073,17.26597172898978,0.006335411630655678,0.3771381453209798,0.0063598884140911565,0.1291874680059045,0.0,6.542205665027723e-05,0.006197643466293812,0.0014273738488554955,0.47083926031294454,0.27311522048364156,0.0,0.5496892109281446,0.28840862058103084,-0.0493588000535965,0.9615931721194879,0.005852034470566483,0.02535264303943693,5.201486504534392e-09,0.0014782732523766873,1.0,0.03698435277382646,1.0,0.17069701280227595,0.0,1.0
240,2135997726,14.570800738729154,-205.91389006289296,2.0048469080162223,1000,False,False,False,27.36359457275004,0.18135945672712972,7.227735242531918,0.24287509324707485,0.5256611062200799,0.2541079835117991,0.14363685250351732,0.031179625803398704,0.013859843835234642,0.2539364695549011,0.009334704838693142,0.0,0.0,0.5461689196527004,0.5544659234510618,0.5351659155450761,0.09233783930540085,0.987,0.024716106279320367,0.03196585414474131,0.0007229884188617135,0.002004846908016223,0.0,0.0,0.0,0.467,1.0,0.0
241,78310008,211.2980681201443,111.523216021889,0.8873485209825527,552,True,False,False,43.21137735510391,0.20169041543833074,21.05012796323248,0.05649240060957981,0.41951403257569153,0.05851414492811108,0.15178665546515113,0.0,0.008908748626708984,0.05851306766271591,0.0003550624824129045,0.48188405797101447,0.20108695652173914,0.0,0.553165593140664,0.27740517392754555,-0.050142548978328705,0.9492753623188406,0.0022956845209828967,0.026911563981055507,5.201486504100711e-09,0.0016075154365625959,1.0,0.04891304347826087,1.0,0.18478260869565216,0.0,1.0
242,1854171446,5.46954328357392,-192.37751934939845,1.7784706263297232,1000,False,False,False,25.83134575306612,0.1638907157624054,7.442360519320429,0.5046213575870943,0.7933338238424333,0.5438543057447333,0.17324741946311778,0.0636202574089392,0.015688609331846237,0.5367836952209473,-0.08741150051355362,0.0,0.0,0.5656761303544044,0.5463294225752615,0.5544349761679769,0.1313522607088089,0.971,0.03145527442891466,0.044668288805451935,0.00199570634187813,0.0017784706263297239,0.0,0.0,0.0,0.336,1.0,0.0
243,1861226083,202.39325032634653,125.23414696328305,0.6743910336306359,486,True,False,False,26.054793888581,0.1315532993989215,10.914590313491631,0.06994715490705192,0.5271153645157305,0.06997451721937191,0.15590890853508946,0.0,0.0048048971220850945,0.06995944678783417,0.0014521932462230325,0.2777777777777778,0.15020576131687244,0.0,0.530274245610131,0.19982836488634348,-0.04795708879828453,0.9074074074074074,0.009518934213564131,0.02014948309174928,2.6007432527008767e-09,0.0013876358716679747,1.0,0.06995884773662552,1.0,0.07407407407407407,0.0,1.0
244,891323740,-25.359569272912665,-145.43699937818104,1.0007743010526835,1000,False,False,False,25.229512147961273,0.16188474794730148,7.041123695725948,0.61014850587865,0.8866009415763358,0.964825342555235,0.17178491647975166,0.09052421759240026,0.014549827203154564,0.962520956993103,-0.06664344668388367,0.0,0.0,0.5293937269598246,0.46871384846341974,0.5332268988341093,0.058787453919649124,0.869,0.06446862293120177,0.04575660485469934,0.0008004723625694571,0.0010007743010526844,0.0,0.005,1.0,0.158,1.0,0.0
245,706394901,210.79164143046364,113.78927352183317,0.8548236790863046,576,True,False,False,38.9581972870906,0.14773255221328013,22.191064189228612,0.06137221460598559,0.501633727485635,0.0751697970599155,0.13100676971959122,0.0,0.0031997680198401213,0.07516851276159286,-0.00043940782779827714,0.3888888888888889,0.265625,0.0,0.5175680462707533,0.21826267298310995,-0.05014492943882942,0.9027777777777778,0.0014300835331638212,0.018144106412726783,5.201486504100711e-09,0.0014840688873026119,1.0,0.05555555555555555,1.0,0.1753472222222222,0.0,1.0
246,1139894538,-9.033878698569552,-62.108594949860155,0.4621471625129054,343,False,True,False,34.424652841931206,0.18936803576858516,13.551514411551123,0.42149303827034673,0.8023403661912494,0.42149303827034673,0.2866910971482913,0.07706114742483067,0.013755416497588158,0.4114188253879547,0.09160202741622925,0.0,0.0,0.6455424576997757,0.5706388075791371,0.5992843836545945,0.2910849153995514,0.9795918367346939,0.007134512332821954,0.06538357711097637,0.0004586677301139132,0.0013473678207373335,0.0,0.0,0.0,0.0,1.0,0.0
247,1835732848,173.9783532469066,22.187398208960104,1.3575095503794659,802,True,False,False,68.15615538324309,0.21432537807197913,44.72424919632089,0.053840357814402585,0.2306993888228797,0.05749667320551654,0.09355587113905757,0.0,1.831054760259576e-05,0.05748605728149414,0.001104829367250204,0.7194513715710723,0.6433915211970075,0.0,0.5631718721404495,0.23053804487921298,-0.04818160831928253,0.9625935162094763,0.008805197938821513,0.012966546535753213,5.20148650366703e-09,0.0016926552997250204,1.0,0.03865336658354115,1.0,0.587281795511222,0.0,1.0
248,1888787672,-1.813178787716589,-253.55999334926076,2.317468145615445,1000,False,False,False,34.02838164287186,0.18916302211834915,13.112165773531796,0.27675710843929174,0.45079046184372795,0.3809251094074872,0.11420525086959192,0.13956842270577943,0.01089468039572239,0.37810397148132324,-0.04627446085214615,0.0,0.0,0.5134994387626648,0.5122867449458718,0.45182866688934153,0.02699887752532959,0.928,0.020950764503118488,0.03511258413898609,0.0008655416583636388,0.002317468145615443,0.0,0.0,0.0,0.473,1.0,0.0
249,2018239246,25.721734208152196,-185.60928153092374,1.9133101573907578,1000,False,False,False,30.347606774280482,0.15700701452027008,12.64699166474827,0.14330970777019167,0.4852174058459074,0.14330970777019167,0.13404465537783086,0.056487545384864744,0.010404681786894798,0.14327840507030487,-0.002995159709826112,0.092,0.0,0.5159458369016647,0.5528898329129297,0.5395184918493032,0.03189167380332947,0.98,0.02469235109045632,0.029895104130148547,0.001529593334019464,0.0019133101573907592,0.0,0.0,0.0,0.297,1.0,0.0
250,2073379549,188.71552391345625,74.62644884198343,1.0012907507147266,698,True,False,False,30.89722273150608,0.14713622186342248,14.18539691529269,0.008276695934021309,0.4028895207941813,0.008382109430149028,0.1325324761143061,0.0,3.318786548334174e-05,0.008308982476592064,0.0011047935113310814,0.4813753581661891,0.3037249283667622,0.0,0.5368341634331544,0.28545278996229173,-0.049243248999118805,0.9326647564469914,0.0059843531351858525,0.02588312281562476,0.0,0.0014345139695053394,1.0,0.03868194842406877,1.0,0.20916905444126074,0.0,1.0
251,567737517,15.649655138439343,-72.58212699414565,0.8003178213258493,410,False,True,False,43.46477452677746,0.21411372851532295,20.08586999248211,0.4175019943451558,0.8001802590954997,0.4175019943451558,0.24923312513000023,0.019706000715975877,0.013803958892822266,0.40726223587989807,0.09189878404140472,0.0,0.0,0.0,0.5369547651147912,0.19850246513145975,-0.00265908264555037,0.9243902439024391,0.05032440793422281,0.05874421647343967,0.02496296102657335,0.0019519946861606074,1.0,0.06829268292682927,1.0,0.01951219512195122,1.0,0.0
252,622946395,202.93288638642986,65.89507795378407,1.223178084326456,736,True,False,False,75.44053636184823,0.2154089572785161,51.90086675468237,0.02313066098528727,0.2510185761635226,0.04099705918420385,0.12306870416229287,0.0,7.82966599217616e-05,0.04099588468670845,0.0003103232302237302,0.6209239130434783,0.49728260869565216,0.0,0.5554920552626161,0.15400095677934586,-0.049894098192453384,0.9510869565217391,0.0032586679016774556,0.025619092828953017,2.600743251833515e-09,0.001661926745008774,1.0,0.04891304347826087,1.0,0.3138586956521739,0.0,1.0
253,10045030,240.19022044129667,167.035335485515,0.6437488495578172,439,True,False,False,46.65944007993242,0.20118427971327013,24.565271529194668,0.2522055161179516,0.678508188198171,0.25223159431879183,0.23905164906743234,0.0,0.014745903201401234,0.252229779958725,0.0009566998342052102,0.0,0.0,0.0,0.5307023303332932,0.161692753136158,-0.05058273673057556,0.9043280182232346,0.007596770388995295,0.04897451717053364,2.600743251833515e-09,0.0014663982905645033,1.0,0.08656036446469248,1.0,0.07517084282460136,0.0,0.0
254,2059325906,23.550743308337452,-241.33739548426792,2.4488813879260536,1000,False,False,False,34.175049321855134,0.18508799882420682,13.666335781929336,0.12798553785630534,0.41757252733614,0.12798553785630534,0.11841713853954611,0.046272177560847075,0.011211586184799671,0.12586288154125214,0.023212775588035583,0.497,0.0,0.5454918518662453,0.531436388602946,0.543536601997912,0.09098370373249054,0.951,0.004446667588537694,0.024993194900122202,0.0012987672925216564,0.0024488813879260532,0.0,0.048,1.0,0.433,1.0,0.0
255,54597384,226.02436076258306,134.6836961525131,0.8148066461007002,493,True,False,False,44.29621763257093,0.14713946989400573,27.596369403642772,0.054882110447112026,0.506515513043499,0.06340317673065553,0.1524180946889597,0.0,0.0007220268016681075,0.0634002685546875,0.0006072616670280695,0.3995943204868154,0.3002028397565923,0.0,0.5254275667515128,0.23833239742554724,-0.05026417225599289,0.8864097363083164,0.002017563963446913,0.016825854254670716,2.600743251833515e-09,0.00165275181764848,1.0,0.060851926977687626,1.0,0.1359026369168357,0.0,1.0
256,123792145,202.45328515600409,112.36153837359562,0.7991174678240863,509,True,False,False,37.49758117782915,0.18250224798845174,17.259360878151096,0.10979668205763593,0.46837835574796227,0.10982395227096732,0.14968518027269576,0.0,0.006717967800796032,0.10982303321361542,0.0004492974258027971,0.3418467583497053,0.0,0.0,0.5536381938478274,0.21678308166563512,-0.046704716980457306,0.9351669941060904,0.011880541074127872,0.02679596643722972,7.802229754633183e-09,0.0015699753788292442,1.0,0.06286836935166994,1.0,0.16306483300589392,0.0,0.0
257,1843121429,193.70795666230845,59.427233812403784,1.1790072284990472,819,True,False,False,54.374423434271044,0.22568226256998203,29.806729597285194,0.11800853440842808,0.42818111499968153,0.11864066803288897,0.14181824063609869,0.0,0.013889407739043236,0.11864051967859268,0.0001876211172202602,0.463980463980464,0.0,0.0,0.5380334983567305,0.03367049880325794,-0.04640765115618706,0.9426129426129426,0.01240569615529413,0.029676693089912408,5.20148650366703e-09,0.001439569265566601,1.0,0.05860805860805861,1.0,0.2686202686202686,0.0,0.0
258,186855761,184.4606463383884,93.04350375157921,0.8045714258680916,548,True,False,False,20.895979240126216,0.13137098009141118,5.766993019791707,0.07325089394337354,0.49776316494353967,0.07327864479606427,0.13063876496042523,0.0,0.003289890242740512,0.07326879352331161,0.0012015318498015404,0.3010948905109489,0.11131386861313869,0.0,0.5242536497526686,0.13974124463275076,-0.0478200763463974,0.9105839416058394,0.009719385199342756,0.014495204977176093,1.3003716260034937e-08,0.0014681960326060062,1.0,0.07116788321167883,1.0,0.11313868613138686,0.0,1.0
259,416940264,226.9200258703437,150.67548875704807,0.6652453711329565,486,True,False,False,42.618706171531,0.13688876884762566,26.94495565157126,0.04496804460188996,0.5502395962730872,0.0449682333597779,0.15246432822564496,0.0,4.539489600574598e-05,0.0449671745300293,-0.000308587565086782,0.2716049382716049,0.1337448559670782,0.0,0.5163849721587964,0.19146735161542894,-0.04815377667546272,0.8744855967078189,0.008129556050863013,0.017424230301791813,0.0,0.0013688176360760406,1.0,0.07407407407407407,1.0,0.09465020576131687,0.0,1.0
260,1682078888,214.9877271641046,110.35746132256561,0.9365026584153906,549,True,False,False,67.03365283055305,0.20476662084382213,44.565021417089234,0.050449485268273725,0.332354322570503,0.05354502148432664,0.12910946967420694,0.0,0.00029888152494095266,0.05354013293981552,0.0007235264638438821,0.5264116575591985,0.40255009107468126,0.0,0.5651341283758373,0.27546407721936705,-0.04818924143910408,0.9526411657559198,0.008589241321774282,0.018432207687226452,1.040297300733406e-08,0.0017058336218859587,1.0,0.04735883424408015,1.0,0.2040072859744991,0.0,1.0
261,224953861,239.6731316003948,143.96481745656683,0.8594831414382811,488,True,False,False,68.67459722056923,0.2139396576330969,45.29545680740274,0.0035791262241936742,0.3635191156778006,0.0036040457555458223,0.1579698366882851,0.0,0.0032182694412767887,0.00324592599645257,0.0015662407968193293,0.4713114754098361,0.3094262295081967,0.0,0.562885047692317,0.2345202600210905,-0.04956919699907303,0.9405737704918032,0.005312190391512755,0.026299661153295007,0.0,0.0017612359455702476,1.0,0.06147540983606557,1.0,0.12704918032786885,0.0,1.0
262,1426919372,51.66577749739655,-282.3275291031468,3.13993306600543,1000,False,False,False,34.994438687562145,0.20014371102926684,12.980153927130296,0.12395770447155437,0.34922316599586983,0.1685729372027346,0.10539507640689237,0.007006110903570003,0.009009838104248047,0.16823597252368927,-0.010653295554220676,0.649,0.0,0.5029897291678935,0.45158841354017204,0.4174263705208432,0.005979458335787058,0.814,0.027881515104001983,0.026224620449746154,0.00014653367704915363,0.0031399330660054356,0.0,0.088,1.0,0.583,1.0,0.0
263,1341884941,170.49908127807993,34.79500928803999,1.2058407199004002,756,True,False,False,42.083365947723664,0.18995993467026961,21.08837533331188,0.026356508132863474,0.34208720898652745,0.026373755871385178,0.09883883435251817,0.0,0.00013761520676780492,0.026369381695985794,-0.0004803204501513392,0.43253968253968256,0.30952380952380953,0.0,0.5465319078845569,0.2622240549325943,-0.04851609840989113,0.9642857142857143,0.007070983977404605,0.015798372918461222,1.0402973008201422e-08,0.0015950274072756621,1.0,0.03571428571428571,1.0,0.3505291005291005,0.0,1.0
264,441544513,44.48883318110319,-127.22638410177841,1.5171521728288166,1000,False,False,False,67.0967998917145,0.20723030347977273,44.37385588623219,0.2634733083924691,0.3828659491088484,0.31073526002509694,0.09066937933882259,0.01914307639547186,0.010409832000732422,0.31026649475097656,-0.01706177182495594,0.0,0.0,0.505002704448998,0.4829375879233412,0.4730925449589267,0.010005408897995949,0.885,0.011088388489221656,0.030512001588232415,0.001515573377333582,0.0015171521728288152,0.0,0.0,0.0,0.668,1.0,0.0
265,1089976364,235.37131449859584,159.0407395147535,0.6787057498384241,423,True,False,False,49.176783319107706,0.2018755954023436,27.017715409830124,0.10372738726183803,0.5187317391258495,0.10375438023328612,0.18864700624386654,0.0,0.009514236822724342,0.10375318676233292,0.0004976487252861261,0.2695035460992908,0.0,0.0,0.5465629668443972,0.18705781638622285,-0.05063876137137413,0.91725768321513,0.00014398233775975955,0.03029393428647195,2.6007432520503554e-09,0.00160450531876696,1.0,0.0851063829787234,1.0,0.08037825059101655,0.0,0.0
266,338926726,198.62760569285598,87.93764879299684,0.9812995689985916,628,True,False,False,60.01560910060566,0.16343304570261324,41.6759347441405,0.011074120012693945,0.30264512092657786,0.015451922654400187,0.10954786140517203,0.0,1.1444091796875e-05,0.015447902493178844,0.0003524518106132746,0.6003184713375797,0.24203821656050956,0.0,0.5541207569319114,0.19443036712706088,-0.04950105771422386,0.947452229299363,0.004676067447454671,0.00923785477282327,5.20148650366703e-09,0.001562578931526419,1.0,0.054140127388535034,1.0,0.40923566878980894,0.0,1.0
267,933695220,246.48053988218302,161.15335372584204,0.7634718615634114,449,True,False,False,64.38583606124486,0.21457934528222763,40.949841318153204,0.014425937608447053,0.41506168140977806,0.014453667208351369,0.1742080950770671,0.0,0.008314991369843483,0.014394283294677734,0.0013088560663163662,0.39643652561247217,0.2383073496659243,0.0,0.5454515643533991,0.09207390762865543,-0.049707964062690735,0.9064587973273942,0.004695296367781465,0.0291806576105747,2.600743251833515e-09,0.0017003827651746353,1.0,0.0957683741648107,1.0,0.0801781737193764,0.0,1.0
268,1493096170,224.45943282658246,106.38645873458722,1.046929740919954,669,True,False,False,48.65550476919262,0.21813790072643827,24.844118921950905,0.02845682589980253,0.47040541867627006,0.03217153107748953,0.19011043212200954,0.0,0.0002597808779682964,0.03216896206140518,0.000406560895498842,0.34977578475336324,0.2914798206278027,0.0,0.5309903818368712,0.2523918411694467,-0.049785204231739044,0.9402092675635276,0.0037424484086329753,0.03993134466352867,0.0,0.0015649174004782583,1.0,0.043348281016442454,1.0,0.1210762331838565,0.0,1.0
269,776974686,247.07256549596795,182.879515765851,0.5711304973011687,354,True,False,False,66.13050096066517,0.16202705162123615,47.98479763964667,0.01544170237995894,0.4343077032983612,0.019544061011893533,0.1867957412367219,0.0,3.814697265625e-06,0.01954021491110325,0.0003877138951793313,0.3474576271186441,0.2457627118644068,0.0,0.5642722605985436,0.18851226300001145,-0.04957835376262665,0.903954802259887,0.0044458730614741985,0.018957176773517402,2.6007432527008767e-09,0.0016133629867264652,1.0,0.09887005649717515,1.0,0.09322033898305085,0.0,1.0
270,375303292,195.25958355685572,108.8365393932394,0.7626304416361638,508,True,False,False,20.16321870164031,0.13266093578396793,4.9092508799779315,0.007028425624576591,0.49887883096999774,0.007619643598865993,0.1440535956230944,0.0,0.0001617431698832661,0.007611083798110485,0.0003610706189647317,0.35039370078740156,0.2440944881889764,0.0,0.5311296268541129,0.2616635087132454,-0.04936651512980461,0.9212598425196851,0.005115095664900876,0.018804052923654547,2.600743251833515e-09,0.0015012410268428421,1.0,0.05511811023622047,1.0,0.10236220472440945,0.0,1.0
271,87231768,216.446203471432,81.58470935948151,1.196214941119504,762,True,False,False,30.41139562984557,0.14796615796681495,13.615723998994074,0.04944696755879047,0.6018995602101377,0.04947405420503584,0.19656569846234428,0.0,0.010944557376205921,0.04947404935956001,2.1896361431572586e-05,0.1837270341207349,0.11023622047244094,0.0,0.4914979056475132,0.12349043743219226,-0.048126064240932465,0.884514435695538,0.008377808697613958,0.03717035993135488,2.6007432527008767e-09,0.00156983588073426,1.0,0.05511811023622047,1.0,0.08005249343832022,0.0,1.0
272,250319891,200.52973052045854,94.22800043943876,0.9324173008101977,653,True,False,False,38.40997087745677,0.1390041421923894,22.512380316047587,0.06514348623763776,0.4755102171728621,0.06981297078032574,0.13553292176945422,0.0,0.0050909994170069695,0.06980381160974503,0.0011308288667351007,0.39203675344563554,0.2434915773353752,0.0,0.5287776170537795,0.2546572108566761,-0.047890257090330124,0.9173047473200613,0.009519698181894415,0.015726635028527912,0.0,0.0014278978572897366,1.0,0.0444104134762634,1.0,0.24808575803981622,0.0,1.0
273,697129427,226.20785297639668,132.43654263735766,0.8305131033903892,536,True,False,False,54.337600630709645,0.2055442758846827,31.7923245847207,0.07962782640043187,0.4402299362022078,0.0796553802734482,0.16305701732041175,0.0,0.01049032248556614,0.07964229583740234,0.0014437175123021007,0.3787313432835821,0.10634328358208955,0.0,0.5493026192355623,0.19583328895270824,-0.050651855766773224,0.9384328358208955,0.0010973592332262842,0.02831942656082496,0.0,0.0015494647451313234,1.0,0.06343283582089553,1.0,0.125,0.0,1.0
274,731000721,194.09971838411866,78.02846075202208,1.028512576320966,661,True,False,False,44.58992953748366,0.16450169601577133,26.14236545118769,0.007701136059043783,0.39653798279367464,0.008108083056882449,0.11764788326692846,0.0,0.005290031433105469,0.008023833855986595,0.0011658049188554287,0.405446293494705,0.23600605143721634,0.0,0.5458461893039069,0.2525317822862416,-0.04926289990544319,0.9576399394856279,0.005965794231339363,0.01918904813228758,1.8205202763701966e-08,0.0015559948204553191,1.0,0.04387291981845688,1.0,0.17700453857791226,0.0,1.0
275,2074768177,21.903669953358108,-212.16728760230097,2.140709575556589,1000,False,False,False,37.8415717258332,0.19992324473542278,15.849333594785822,0.17620821483343832,0.43453394402773676,0.19110096206631297,0.12389577343438515,0.025173272448292323,0.01420516986399889,0.18981876969337463,0.0221000537276268,0.288,0.0,0.5618191361427307,0.5541337184110889,0.5392723073065281,0.12363827228546143,0.993,0.02920031299595787,0.024724733783406734,0.0014528219939627766,0.0021407095755565874,0.0,0.0,0.0,0.495,1.0,0.0
276,95137055,-23.050159354414834,-187.37713134919298,1.4432697199477806,1000,False,False,False,22.482503658943205,0.1585106603338799,4.631523968049987,0.041641118213814186,0.2856547370477636,0.082849964724193,0.08223863600362086,0.04952275344940407,6.66618361719884e-05,0.07049274444580078,0.04353033006191254,0.638,0.415,0.5661315768957138,0.5567770827459172,0.5557939504832029,0.1322631537914276,0.985,0.01816385354724951,0.012926904358589147,0.0013126640389959782,0.001443269719947778,0.0,0.0,0.0,0.511,1.0,0.0
277,91816320,190.8011228891148,45.32542660995116,1.2973569627916361,787,True,False,False,42.49872364254012,0.2002570532935933,20.473752705530277,0.07805794235900765,0.456460675501994,0.07821755325023051,0.13388413671754015,0.0,0.01118688564747572,0.07821378856897354,0.0007674074149690568,0.25412960609911056,0.14358322744599747,0.0,0.51439030708846,0.2800620597600937,-0.04760144650936127,0.9123252858958069,0.010020603932978742,0.029650387491057594,5.20148650366703e-09,0.0016484840696208837,1.0,0.062261753494282084,1.0,0.2630241423125794,0.0,1.0
278,203351094,32.724718433461454,-189.15313872878266,2.01877857162244,1000,False,False,False,21.517078717645557,0.17464479439712505,2.052685620427856,0.16804321954116835,0.5235725503617811,0.19396417866553967,0.1559504713207038,0.03478126964191003,0.013484763912856579,0.19396352767944336,-0.0005025291466154158,0.22,0.0,0.5281397551298141,0.549526270688104,0.5349726214259863,0.056279510259628296,0.989,0.0018003303814629347,0.02977763887100647,0.0003078116177798835,0.002018778571622441,0.0,0.0,0.0,0.377,1.0,0.0
279,708172857,223.17382041460377,147.22012136424624,0.6657369905035745,469,True,False,False,39.19938734298265,0.14026172605066758,23.191159440384016,0.00770100144907845,0.49821607377766863,0.00778258320116845,0.14874174138352217,0.0,0.0014705657958984375,0.007669353391975164,0.001322731957770884,0.3411513859275053,0.232409381663113,0.0,0.5347639535616305,0.29023239567875864,-0.049592673778533936,0.8976545842217484,0.005072660312536214,0.013581932845701214,2.600743251833515e-09,0.0014194818560843802,1.0,0.05543710021321962,1.0,0.13646055437100213,0.0,1.0
280,1205478087,45.81927052179529,-472.0233389117206,4.978426094335161,1000,False,False,False,20.059581583468155,0.18389908987765038,-0.33024106180200297,0.7338317592877311,0.9317564177188632,0.831229755015197,0.14937624481879974,0.004448177264836424,0.013751983642578125,0.8308090567588806,-0.02644270844757557,0.0,0.0,0.0,0.3491571190940158,0.16730804949998856,-0.03629869595170021,0.616,0.02814258291312731,0.05274217874167657,0.00032871314111064184,0.004978426094335158,0.0,0.351,1.0,0.508,1.0,0.0
281,119173112,96.43943081051412,-531.9954206308679,6.084348514413815,1000,False,False,False,37.9326809086471,0.21004104022037137,14.928663229104798,0.1560627551168475,0.4107227662055053,0.21277882768088152,0.1422594336705527,0.028798826023280304,0.014822292141616344,0.21125897765159607,-0.025386489927768707,0.444,0.0,0.0,0.34762344169119025,0.10283740637823939,-0.003577409777790308,0.612,0.009505936348976295,0.029568388354623505,0.01367705681542589,0.006084348514413818,0.0,0.255,1.0,0.508,1.0,0.0
282,1282681837,214.74604531093502,109.99544243344715,0.9237060287748787,619,True,False,False,35.79295108983759,0.1738887293079414,16.408052045476442,0.05187222140344592,0.4909017880606609,0.05208827827459867,0.16346311724458462,0.0,0.009072685614228249,0.052088070660829544,0.0001470661227358505,0.3554119547657512,0.2084006462035541,0.0,0.5308556327760304,0.2671168757416308,-0.05000904202461243,0.9224555735056543,0.002656488233080341,0.030598611533994867,2.600743251833515e-09,0.0014922552968899489,1.0,0.045234248788368334,1.0,0.1680129240710824,0.0,1.0
283,40365026,47.87392818126818,-133.57622100568148,1.6145014918694987,1000,False,False,False,27.374946726530606,0.15091909006929652,10.283124062095812,0.08715187978596275,0.6011671841015676,0.08715187978596275,0.16618724969935603,0.10993624918888571,0.012713050469756126,0.0852656364440918,0.018033895641565323,0.076,0.014,0.5225676223635674,0.4988176723588258,0.4659773320704699,0.045135244727134705,0.92,0.03757523161763301,0.043095229720815524,0.0007971772208691386,0.0016145014918694978,0.0,0.001,1.0,0.211,1.0,0.0
284,930897256,198.28267365507787,52.04216541311393,1.3560050824196386,532,True,False,False,35.218626732377345,0.18950198731791798,14.277954942592542,0.10736095619340469,0.43057674672079005,0.10807798625065694,0.13968820012311362,0.0,0.005962085910141468,0.10807542502880096,0.000744054326787591,0.4830827067669173,0.0,0.0,0.5392668192814055,0.15367406938690692,-0.0507318489253521,0.9229323308270677,0.00038523753240381746,0.02663669012835973,0.0,0.0025488817338715016,1.0,0.05075187969924812,1.0,0.2650375939849624,0.0,0.0
285,916093942,48.59739033902726,-171.6602975461869,2.0025768788521434,1000,False,False,False,24.656403841727798,0.1656819222154681,6.088297962675814,0.2169523567091062,0.5937779372041027,0.22372367672014193,0.17344526444522432,0.01904940204618266,0.014400768093764782,0.2237231284379959,-0.0004953050520271063,0.0,0.0,0.5347293019294739,0.5408001099518588,0.537541792485863,0.06945860385894775,0.975,0.001146390476844229,0.03261869228176539,0.0009599675750741499,0.0020025768788521432,0.0,0.0,0.0,0.413,1.0,0.0
286,1334586113,188.56721528206248,89.32858530119213,0.8693862998087034,615,True,False,False,35.01893152181455,0.16363833997004662,16.659234421477823,0.060821302551019044,0.4304696108116169,0.060849425011702145,0.12221031527618917,0.0,0.0052162171341478825,0.06082353740930557,0.0017747735837474465,0.33658536585365856,0.1772357723577236,0.0,0.5429034332254508,0.18203110906295478,-0.04825089871883392,0.9447154471544715,0.00897731252649764,0.01768929149872552,2.6007432527008767e-09,0.0014136362598515515,1.0,0.056910569105691054,1.0,0.1886178861788618,0.0,1.0
287,1382261388,176.657129984442,33.784791978323,1.2521233800611937,883,True,False,False,34.26443501088959,0.1905237418803611,13.212340660941702,0.017111296815542684,0.3748537205714888,0.02302919331371417,0.14982323437532952,0.0,0.012108040042221546,0.023020362481474876,0.0006376957753673196,0.4654586636466591,0.30804077010192527,0.0,0.5464157504446189,0.2582588283531368,-0.04969476908445358,0.9535673839184597,0.004241143202860171,0.026487234419741577,2.600743251833515e-09,0.0014180332730024832,1.0,0.031710079275198186,1.0,0.21970554926387317,0.0,1.0
288,1034182229,97.98467673514543,-293.6427755829055,3.7162745231805094,1000,False,False,False,23.71966572914518,0.20322103324785787,1.3976487468542744,0.39499996674405113,0.6861173493137346,0.40809788861786234,0.1700233903712367,6.181906720847218e-08,0.015394115820527077,0.4059077799320221,-0.042222753167152405,0.0,0.0,0.0,0.35103581621732155,0.05058145431801677,-0.03699547052383423,0.618,0.011449055662298369,0.037307070993413946,1.3003716260034937e-08,0.0037162745231805075,1.0,0.299,1.0,0.387,1.0,0.0
289,845918869,207.03797691254874,129.08913720084266,0.6964883971170617,415,True,False,False,28.907945204883998,0.18407821908084554,8.53100034342872,0.038072118205049,0.5219974252619484,0.04224519133889478,0.15718977800023456,0.0,9.651183790992945e-05,0.0422394759953022,0.0006948804948478937,0.2819277108433735,0.1855421686746988,0.0,0.5474875141507441,0.25407809533178805,-0.048440370708703995,0.9253012048192771,0.007938408573882713,0.015833359190106356,2.6007432527008767e-09,0.001678285294257979,1.0,0.07228915662650602,1.0,0.0819277108433735,0.0,1.0
290,1616531344,220.6571787469088,102.90073449286528,1.0421644425404348,677,True,False,False,60.81243994603324,0.21597193448760107,37.21746498350716,0.025407388226620937,0.3919457481619893,0.02597238507424105,0.1602071434124839,0.0,7.400512549793348e-05,0.025939082726836205,0.0013148284051567316,0.38404726735598227,0.19054652880354506,0.0,0.5529291280593442,0.2925621923804283,-0.04893460124731064,0.9615952732644018,0.006981000861627601,0.031131773806038144,2.600743251833515e-09,0.0015393861780508649,1.0,0.03988183161004431,1.0,0.050221565731166914,0.0,1.0
291,521090321,28.129067027117575,-135.55544249858286,1.4368450952570075,1000,False,False,False,37.427252231278565,0.19588980945029608,15.838357628743633,0.21687708993307145,0.3746374172692326,0.24956802382232407,0.0961757526480858,0.00436780800093752,0.01014165859669447,0.2483067512512207,-0.02505904622375965,0.0,0.0,0.5034158672206104,0.4889157467300829,0.4265595987648703,0.00683173444122076,0.894,0.02020400008944671,0.029540550427183995,0.0004428376561246179,0.0014368450952570069,0.0,0.0,0.0,0.598,1.0,0.0
292,1192931531,213.7653601444209,114.03913365298415,0.8934622649143681,519,True,False,False,32.06093906589937,0.15077521892790433,14.994273826975137,0.3104047120151274,0.7290329472319244,0.31042778121102665,0.21790311569872825,0.0,0.010514927096664906,0.31041669845581055,0.0026231026276946068,0.0,0.0,0.0,0.5196884446900772,0.168158188033849,-0.040852032601833344,0.8863198458574181,0.023768912986187607,0.04440736498482121,5.2014865019323064e-09,0.0017215072541702675,1.0,0.07321772639691715,1.0,0.13872832369942195,0.0,0.0
293,1308769600,10.740564512541397,-75.06249454465132,0.7634305905719276,473,False,True,False,32.56112801760513,0.19870818727873962,10.707546899322697,0.4553695049256462,0.747771880953971,0.45691776535868484,0.2305771308584239,0.012501009206379705,0.014311885461211205,0.4568173885345459,-0.009576942771673203,0.0,0.0,0.0,0.5277242910917236,0.3854662552010268,-0.03427582234144211,0.9260042283298098,0.004800690187698375,0.051830708302770076,0.016380365579086724,0.0016140181618856824,0.0,0.0021141649048625794,1.0,0.2452431289640592,1.0,0.0
294,1807250352,27.080905677843933,-197.66855587996395,2.047494615578079,1000,False,False,False,25.939290242128962,0.17970113973136304,5.9692626114875615,0.11896927385111736,0.46943408214149646,0.15230602458803197,0.13968196353155363,0.016978356025564335,0.0121307373046875,0.1519242227077484,0.010777554474771023,0.377,0.0,0.5542338490486145,0.532765586369671,0.5422247186675668,0.108467698097229,0.954,0.01571747481020002,0.027070470925307594,0.0031784970650974576,0.002047494615578078,0.0,0.031,1.0,0.361,1.0,0.0
295,1493381989,209.72824990600355,111.43135757245284,0.8651689233355074,589,True,False,False,40.66741330178465,0.15341474660552074,23.33131093327949,0.07258057218944867,0.4753125621574424,0.07260765655745152,0.1413503429687435,0.0,4.37736525782384e-05,0.0726039856672287,0.0007301068399101496,0.4057724957555178,0.20203735144312393,0.0,0.5297027021545303,0.25862800046801565,-0.047733109444379807,0.9083191850594228,0.00969492325849997,0.022687337241264757,5.20148650366703e-09,0.001468877628752982,1.0,0.04923599320882852,1.0,0.1731748726655348,0.0,1.0
296,370827654,11.781060617603215,-198.48159724560233,1.902626578632059,1000,False,False,False,27.26490104730596,0.18276225698959148,6.988761690841609,0.22788139090036835,0.5389878858777517,0.22788139090036835,0.1347067075295157,0.028269748384130277,0.012794876471161842,0.22661390900611877,0.024001345038414,0.0,0.0,0.5584002770483494,0.5583189029116183,0.5397612428665162,0.11680055409669876,0.993,0.007320255465324534,0.030921712329615682,0.0022041770445672968,0.0019026265786320593,0.0,0.0,0.0,0.393,1.0,0.0
297,784475336,207.01370379957373,96.7767520703146,0.9825695172925905,599,True,False,False,35.777935541953774,0.14681815719761748,19.100978426820983,0.08403602910702607,0.5338789836370496,0.08413415415371123,0.1511847456439116,0.0,0.005595302674919367,0.08413314819335938,0.00041142464033327997,0.2921535893155259,0.11519198664440734,0.0,0.5246590507894643,0.24237720425240694,-0.04737409949302673,0.9115191986644408,0.01037632384220428,0.0241318914640319,7.802229756367907e-09,0.0016403497784517375,1.0,0.045075125208681135,1.0,0.09015025041736227,0.0,1.0
298,691761627,229.33883421176574,135.05602232841952,0.8340281188334626,544,True,False,False,37.00322486564592,0.19215417770393836,15.796251632520855,0.09085050926084035,0.546242939939975,0.09087835492016162,0.20491950881781096,0.0,0.01064224261790514,0.09086847305297852,0.0013401485048234463,0.22977941176470587,0.08455882352941177,0.0,0.5352503679404275,0.25399202160537243,-0.05073725804686546,0.9099264705882353,0.0004993293755806905,0.03393761046186244,2.600743251941935e-09,0.0015331399243262182,1.0,0.05330882352941176,1.0,0.06801470588235294,0.0,1.0
299,157069139,202.52385228304203,89.46406329138853,1.0009978899165355,648,True,False,False,66.22835684873255,0.165136326908319,47.71769333494942,0.034800270457311495,0.32779679565373704,0.034827350230936846,0.10798726220894855,0.0,1.0967254638671875e-05,0.03481750562787056,0.0008280253387056291,0.529320987654321,0.2037037037037037,0.0,0.5543154162558853,0.2551590415835381,-0.04863392561674118,0.9567901234567902,0.007507286615922681,0.01164284378023806,5.20148650366703e-09,0.0015447498301181084,1.0,0.044753086419753084,1.0,0.3966049382716049,0.0,1.0
300,567179518,35.8698227736051,-150.68227562384928,1.6655209839745428,1000,False,False,False,25.437676404192946,0.16074533920323797,7.36322882636401,0.18692851189699955,0.5561761042569401,0.19654627606806838,0.14278882428079584,0.018945267656068687,0.011723709292709827,0.19653768837451935,-0.0018373036291450262,0.139,0.0,0.5361879803240299,0.5436259928237414,0.534253594763577,0.07237596064805984,0.979,0.0049140916960882875,0.02591776445269361,0.0015585132738891385,0.001665520983974544,0.0,0.0,0.0,0.308,1.0,0.0
301,855903052,101.57462774013986,-466.18680546481903,5.477614332049589,1000,False,False,False,36.527008036656554,0.20587549809215608,13.939544569935764,0.22386127403384926,0.45873174703106473,0.22388992003932207,0.11975722205259431,0.0032399566521389717,0.013965797610580921,0.22379522025585175,0.006511196959763765,0.0,0.0,0.0,0.35296977724315365,0.09131377173587679,-0.04140984266996384,0.624,0.02096413752492043,0.03489141658196673,0.0023997851213177317,0.005477614332049589,1.0,0.373,1.0,0.451,1.0,0.0
302,784824579,58.09833944035059,-409.09392077576746,4.471922602161177,1000,False,False,False,62.256238452108946,0.22254081975029383,38.00224281957434,0.1452645251320998,0.3086024875525072,0.2383020895847226,0.09733113693566839,0.028039525353054026,0.009348010644316673,0.23581895232200623,-0.034311916679143906,0.408,0.0,0.5096221920102835,0.42928153871852553,0.4462662917957641,0.01924438402056694,0.77,0.018588459993177393,0.02443059401751182,0.0010084342948599515,0.0044719226021611765,0.0,0.145,1.0,0.592,1.0,0.0
303,1462490656,177.19437547959387,78.42496464520401,0.8714941083438981,581,True,False,False,20.66156599280711,0.16457281436275947,2.210106635031709,0.021460333404282356,0.4098540024815065,0.021674101835761586,0.11847011229755135,0.0,4.8160552978515625e-05,0.02164277993142605,0.0011648035142570734,0.4113597246127367,0.26506024096385544,0.0,0.5413188515054688,0.28270947203040125,-0.04898984730243683,0.9380378657487092,0.006740928202590104,0.015758771657095844,2.600743251833515e-09,0.001499989859455935,1.0,0.04647160068846816,1.0,0.21514629948364888,0.0,1.0
304,577808039,175.6648032902741,-1.581871855974498,1.588066751462486,922,True,False,False,31.118459489368387,0.14424943535093837,14.693705048999812,0.0687321818507359,0.4898854285456076,0.06875926470448984,0.14756997526186047,0.0,0.009638500399887562,0.0687592476606369,-4.841327609028667e-05,0.40238611713665945,0.0824295010845987,0.0,0.528737228932445,0.22853075167164205,-0.04765637218952179,0.9392624728850325,0.009495196579717036,0.025360856316465626,5.20148650366703e-09,0.0017224151317380536,1.0,0.03253796095444685,1.0,0.23427331887201736,0.0,1.0
305,1212847275,215.3177994172089,126.68677686318674,0.77191022554022,572,True,False,False,38.325264221243394,0.14787846286157041,21.543791190234572,0.005119907292932276,0.4601358616605209,0.005121461549559441,0.14235364283420018,0.0,6.513595872092992e-05,0.004910754971206188,0.0014539099065586925,0.4143356643356643,0.2692307692307692,0.0,0.5347625312177217,0.3017619160562754,-0.04938972741365433,0.916083916083916,0.005778058279319915,0.02332702350556452,5.201486504534392e-09,0.0013494934012940928,1.0,0.043706293706293704,1.0,0.15034965034965034,0.0,1.0
306,2028284104,213.87767596163332,121.80634266509168,0.8111133329654157,548,True,False,False,33.799641914822516,0.17082375970772912,14.725377732856217,0.03862165089942852,0.48959178228320793,0.03863367633939076,0.1583321695846848,0.0,0.006899738218635321,0.03863220289349556,-0.0003374123480170965,0.3193430656934307,0.15145985401459855,0.0,0.5323440434048327,0.2930351423099637,-0.049704983830451965,0.9178832116788321,0.0034178031550614178,0.026050360600690055,0.0,0.001480133819279955,1.0,0.051094890510948905,1.0,0.10583941605839416,0.0,1.0
307,714405881,240.3304544941056,153.687764876497,0.776226896176086,451,True,False,False,63.7666325565904,0.2038809954542317,41.4000361945743,0.006819048004225005,0.39773601574185163,0.00684625580021687,0.16586985206631547,0.0,0.005166911985725164,0.006805801298469305,0.0007431602571159601,0.3991130820399113,0.2926829268292683,0.0,0.5557817989751747,0.1554375756625086,-0.049188513308763504,0.9201773835920177,0.0059131863968372896,0.02737937638134967,0.0,0.0017211239383061775,1.0,0.07982261640798226,1.0,0.082039911308204,0.0,1.0
308,1761756941,173.1913360315375,81.3507213477042,0.8082061468383325,551,True,False,False,24.272321275648405,0.14585605103369997,7.694587032845662,0.09788646093343703,0.43596762838410213,0.09790716812017691,0.11911539344250381,0.0,0.000620937324129045,0.09790287166833878,0.000917217752430588,0.3666061705989111,0.07622504537205081,0.0,0.5544977114804617,0.30880478397011757,-0.04712479189038277,0.9509981851179673,0.011168246911518505,0.014482621935948885,5.20148650366703e-09,0.0014667988145886262,1.0,0.045372050816696916,1.0,0.2776769509981851,0.0,1.0
309,1081362068,173.83243532197378,32.418823082219376,1.263136122397543,755,True,False,False,36.7008504298196,0.14311408506586612,20.390454905672705,0.10783941891205662,0.4189280984040923,0.12138358725091791,0.10675699459774565,0.0,0.0013420104514807463,0.1213652640581131,0.0021090125665068626,0.5178807947019868,0.0,0.0,0.49945149326882793,0.0,-0.0467338003218174,0.8741721854304636,0.012521303093961765,0.013238957667554806,1.040297300733406e-08,0.0016730279766854887,1.0,0.09668874172185431,1.0,0.3152317880794702,0.0,0.0
310,1210001589,11.803330888075498,-209.93955856358713,2.0174288945166223,1000,False,False,False,29.028439863777958,0.16588713336179906,10.439812870092863,0.16506752439400058,0.49599100119009143,0.2644034561734722,0.14617862419654187,0.03219388513034973,0.011530017480254173,0.2634304165840149,0.0226628165692091,0.188,0.0,0.5480007715523243,0.5499186404886423,0.5498747709393501,0.09600154310464859,0.98,0.02908996866126072,0.031175854291099914,0.0008873970042820763,0.0020174288945166226,0.0,0.0,0.0,0.336,1.0,0.0
311,109654569,241.23647006042606,135.2101249820242,0.9476634507840168,563,True,False,False,35.014316468536656,0.1673567314365651,16.285619936614456,0.07080300426166418,0.6329553166037275,0.07083056861344364,0.22681218703200026,0.0,0.011213111691176891,0.07082338631153107,0.0010086632100865245,0.19005328596802842,0.10124333925399645,0.0,0.4781583566361807,0.010253647156059743,-0.04783822223544121,0.8419182948490231,0.009582792213188675,0.0376907892817003,0.0,0.001683238811339285,1.0,0.0941385435168739,1.0,0.06039076376554174,0.0,1.0
312,713413783,227.63403877024547,92.19081704426043,1.21903221725985,677,True,False,False,30.062531821540574,0.17808333366891865,10.256416940882712,0.0867474084240123,0.6521963832963877,0.08691542207120027,0.21497588058299474,0.0,0.012700462713837624,0.08691491931676865,0.0002956247190013528,0.17725258493353027,0.07385524372230429,0.0,0.48298179387201606,0.1312990128621459,-0.04727783054113388,0.8626292466765141,0.010542050354267607,0.03886913407296167,7.802229756367907e-09,0.0018006384302213442,1.0,0.07828655834564253,1.0,0.051698670605613,0.0,1.0
313,2072021362,67.98789306017567,-265.5746906745872,3.135625837347628,1000,False,False,False,33.80482105243018,0.21231089702778086,10.573817692146987,0.04340003948900685,0.5060444943508298,0.04340003948900685,0.15599387019580815,0.058090256518778534,0.014493560418486595,0.043356992304325104,0.001932523213326931,0.139,0.066,0.574687734246254,0.4548769348352216,0.5762381758540869,0.14937546849250793,0.799,0.011460298675376896,0.037260267749638594,0.00011430396629836734,0.0031356258373476287,0.0,0.188,1.0,0.263,1.0,0.0
314,1827985142,40.044507587536536,-116.53112392873373,1.3657563151627028,1000,False,False,False,55.752270949617234,0.20955348393007006,32.79700889910519,0.23901921004910495,0.39084459227320967,0.2817526958175114,0.098641438015381,0.026124846851162294,0.012412453070282936,0.2798821032047272,-0.032412804663181305,0.0,0.0,0.5078986342996359,0.4941565908174234,0.43618985305074603,0.015797268599271774,0.904,0.01699204446241188,0.03089383881850222,2.4788984306727685e-05,0.0013657563151627024,0.0,0.0,0.0,0.574,1.0,0.0
315,1414100907,205.09635782293037,-84.14850837853992,2.7494486620147027,715,True,False,False,33.134790463337666,0.20997605936939542,10.13869876437104,0.3696014693224338,0.6240156474782558,0.36963993505302256,0.16863818437386016,0.0,0.014785575680434704,0.36893948912620544,0.022744998335838318,0.0,0.0,0.0,0.4236358140152391,0.22946606926620006,-0.04207552969455719,0.737062937062937,0.027440475861836143,0.039006985530565995,0.0,0.003845382744076511,1.0,0.2545454545454545,1.0,0.41818181818181815,0.0,0.0
316,1725152872,226.28150092549612,145.91904934081947,0.7134245158467677,451,True,False,False,52.08478742703196,0.15696779967514246,34.409510642924644,0.009577831421050821,0.43925741739693397,0.01934236426499885,0.15393087288183885,0.0,4.901886131847277e-05,0.01931161805987358,0.001090166624635458,0.37028824833702884,0.25942350332594233,0.0,0.5429052117873322,0.1341243690252304,-0.04974021017551422,0.9157427937915743,0.00442906218218598,0.016468978478180074,0.0,0.0015818725406801938,1.0,0.08425720620842572,1.0,0.07538802660753881,0.0,1.0
317,957739242,76.69578711690842,-463.8943846949346,5.2059017181184295,1000,False,False,False,34.13660050224659,0.22041022686954057,10.095664157787255,0.37958310219323077,0.567667180399796,0.37958310219323077,0.12208550030891258,0.004037078204101981,0.014808177947998047,0.3792576789855957,0.015714464709162712,0.0,0.0,0.0,0.35993110125255773,0.10504788260906935,-0.049815528094768524,0.642,0.027074579894451226,0.032859654981229024,0.0006708539196315158,0.005205901718118432,0.0,0.352,1.0,0.62,1.0,0.0
318,1221443584,218.8414793970063,110.50319512897428,0.9611828426803221,611,True,False,False,44.24654300605664,0.20221187177264716,22.02966242243266,0.08803059281766207,0.46796552792035373,0.08806723459876445,0.18537487780425865,0.0,0.012971306219696999,0.08805599063634872,0.0014072394696995616,0.28805237315875615,0.09819967266775777,0.0,0.5472480562681701,0.25679817870259286,-0.05072728544473648,0.9492635024549918,0.0006466480707258254,0.03422173953447969,2.6007432520503554e-09,0.0015731306754178725,1.0,0.04582651391162029,1.0,0.10147299509001637,0.0,1.0
319,267845655,242.93357504569002,154.4991292535373,0.7961444579215269,441,True,False,False,71.9400689083702,0.22565311374987496,47.398534191502236,0.010231625085709718,0.38546320305539916,0.012743610524196144,0.1543552373449276,0.0,0.00010786056373035535,0.012715148739516735,0.0008512354106642306,0.35147392290249435,0.2108843537414966,0.0,0.5596934901191399,0.21387201931327582,-0.04957126826047897,0.927437641723356,0.00480847258678717,0.016291469947251565,2.600743251833515e-09,0.001805316231114575,1.0,0.07482993197278912,1.0,0.09977324263038549,0.0,1.0
320,1794051217,231.9942093762802,134.23205639093266,0.8728215298534749,524,True,False,False,32.533324725899625,0.16125924066674102,14.417725229027461,0.0633402431515138,0.6030583991640479,0.06336789572618562,0.2058731518153626,0.0,0.008678436279296875,0.06336116790771484,0.0009233689052052796,0.20419847328244276,0.11641221374045801,0.0,0.4916177748969955,0.010052423826418817,-0.048001185059547424,0.8549618320610687,0.009151709916563238,0.03018206380613626,0.0,0.0016656899424684639,1.0,0.10114503816793893,1.0,0.06297709923664122,0.0,1.0
321,1386520342,188.5034019936807,101.22144331044862,0.7776195868323218,476,True,False,False,19.364995994977026,0.16507381096237117,0.8743405340889288,0.05465660801195391,0.4505575385917785,0.05467960264246083,0.1374233940869747,0.0,0.0016656875377520919,0.0546727180480957,-0.0008676672005094588,0.4579831932773109,0.19747899159663865,0.0,0.5408707703600693,0.2657694959267974,-0.04979870840907097,0.9180672268907563,0.002561857751658412,0.014909198405105883,2.600743252267196e-09,0.0016336545941855493,1.0,0.06092436974789916,1.0,0.24369747899159663,0.0,1.0
322,1126324268,22.885061090413103,-154.50684772602756,1.573919088164408,1000,False,False,False,67.37295982309341,0.21392308154241493,43.98073801134657,0.2559849957448447,0.38953634233639,0.39805286363597303,0.10430191903376951,0.1472415043171354,0.010708999820053577,0.3926393389701843,-0.06542500853538513,0.0,0.0,0.5067242840304971,0.4903556893096247,0.508877127924934,0.013448568060994148,0.898,0.02458073499230893,0.029620626952483166,0.000625892270290411,0.0015739190881644105,0.0,0.0,0.0,0.571,1.0,0.0
323,241523200,155.22123801261193,-2.8222531709306793,1.3964349118354247,920,True,False,False,37.42735078367622,0.18820258333452172,16.607285384338205,0.01021161649520445,0.3018061348710108,0.011692947512202553,0.11684970585130268,0.0,1.9168854123563506e-05,0.011682224459946156,0.0005006527644582093,0.5445652173913044,0.40652173913043477,0.0,0.5499908237515584,0.27077980713918803,-0.04903772100806236,0.967391304347826,0.006199021083951703,0.025328285556248074,0.0,0.0015178640346037245,1.0,0.029347826086956522,1.0,0.31956521739130433,0.0,1.0
324,863387912,215.68324303254468,136.00325250540257,0.7051999052714223,458,True,False,False,45.280979769222796,0.15533025065492861,27.767997075853128,0.016020921238603093,0.4398227493540138,0.016436343869140276,0.14166651742694933,0.0,5.035400317865424e-05,0.016376018524169922,0.0014069175813347101,0.4104803493449782,0.25327510917030566,0.0,0.5567638096948638,0.28234637193381784,-0.049153055995702744,0.9432314410480349,0.006431456010243799,0.013645292841964998,2.600743251833515e-09,0.00153973778443542,1.0,0.05895196506550218,1.0,0.14192139737991266,0.0,1.0
325,216581036,18.18029463357536,-234.87141760714766,2.3305171224072265,1000,False,False,False,29.369087266724083,0.17475987792968112,9.893185816250845,0.34594359302440486,0.617406072536247,0.3475476800168483,0.15173125176878619,0.024675567200639507,0.014972972683608532,0.3465074598789215,-0.026869501918554306,0.0,0.0,0.5858266204595566,0.5521586716152961,0.5428263031877577,0.17165324091911316,0.981,0.03588590323381708,0.033476574191360534,3.563798478257996e-05,0.002330517122407227,0.0,0.0,0.0,0.391,1.0,0.0
326,1840851141,241.165359430926,129.84833419384546,0.995970252370806,586,True,False,False,31.200995485357204,0.1826993038669281,10.93660183738816,0.001528024632002394,0.5999575517610082,0.00953610629384676,0.23888165177776177,0.0,7.41958647267893e-05,0.009413528256118298,0.0015240764478221536,0.2440273037542662,0.17406143344709898,0.0,0.4868320993967962,0.010202617030590772,-0.04967104643583298,0.8720136518771331,0.004966265206467271,0.038850172106887695,2.600743251833515e-09,0.001699607939199327,1.0,0.08361774744027303,1.0,0.05802047781569966,0.0,1.0
327,1662776305,37.65620369298845,-298.24000725915937,3.158962109521481,1000,False,False,False,57.29982492318354,0.22701629379682509,32.598281885995846,0.19281790074220181,0.41786894491071164,0.20168745081103975,0.12227045773031003,0.05010207162426548,0.013668537139892578,0.20165681838989258,0.003515026532113552,0.112,0.0,0.5425377041101456,0.5302847116992343,0.5156096506118775,0.08507540822029114,0.939,0.024695222311006564,0.028589444675726716,0.01728439466155844,0.0031589621095214787,0.0,0.061,1.0,0.494,1.0,0.0
328,200706954,215.9423545454629,139.9952031769193,0.6662715136854357,466,True,False,False,32.39225229764947,0.16191522170033615,14.21922412015636,0.09527552974014963,0.5461371548836882,0.09530223147947971,0.1626135248313099,0.0,0.005528259091079235,0.09530048072338104,-0.0005776667385362089,0.27896995708154504,0.07939914163090128,0.0,0.5245813937326134,0.23821694061160087,-0.05030536651611328,0.8948497854077253,0.00035911050633053235,0.027765286618545184,2.6007432520503554e-09,0.001429767196749862,1.0,0.06866952789699571,1.0,0.06866952789699571,0.0,1.0
329,546315261,180.71112359398975,99.43521110074003,0.7133591249324972,497,True,False,False,13.412014682293051,0.14878047360802735,-3.4524894654539104,0.05491197049178589,0.5060925445411399,0.05493322010921353,0.13555802831541272,0.0,0.0005389213329181075,0.054918576031923294,0.001268336782231927,0.2837022132796781,0.14285714285714285,0.0,0.5382572244834043,0.30399287641048434,-0.04827846959233284,0.9275653923541247,0.008651150714517242,0.013342005639462076,2.6007432509661532e-09,0.001435330231252509,1.0,0.052313883299798795,1.0,0.07243460764587525,0.0,1.0
330,759939275,187.677025769488,95.3056979568222,0.8049132781266577,594,True,False,False,24.920709743797953,0.12964583339151642,9.961235400928077,0.07620980774997588,0.49242058907231173,0.07623755499154827,0.13346524947020166,0.0,0.005176067352294922,0.07622060924768448,0.001607332262210548,0.3720538720538721,0.10437710437710437,0.0,0.5236696475910599,0.1237082464620471,-0.04783504083752632,0.9141414141414141,0.009879425836471332,0.0166562407182756,0.0,0.0013550728587990873,1.0,0.06734006734006734,1.0,0.16161616161616163,0.0,1.0
331,1967397134,148.79681705264386,15.297887961574673,1.1669892909106905,840,True,False,False,29.92982048187676,0.1597797902022335,11.952272576974936,0.024759192777742876,0.3014260143278144,0.03999518781897685,0.093616168181202,0.0,3.395080420887098e-05,0.03998289257287979,0.0009916401468217373,0.6357142857142857,0.5380952380952381,0.0,0.5444161504495978,0.26635434679687026,-0.04855750873684883,0.9476190476190476,0.007798336443443228,0.013627261661469495,5.201486504534392e-09,0.0013892729653698704,1.0,0.03333333333333333,1.0,0.5071428571428571,0.0,1.0
332,1558142637,42.332027358564666,-183.29646112586184,2.0562848848442674,1000,False,False,False,45.808584281316314,0.21477141911028083,22.33152871278301,0.016071105871975407,0.4403505066569177,0.018539688797176053,0.13010679503319217,0.056826880451457853,0.00038242340087890625,0.016063213348388672,0.009257064200937748,0.162,0.115,0.5831788703799248,0.5295974543268385,0.5595788818597793,0.16635774075984955,0.968,0.016539351289733693,0.05013632712246968,0.0008784491471234661,0.002056284884844267,0.0,0.0,0.0,0.385,1.0,0.0
